video_name;question_order;principal_dimension;question_text;diagnostic_label;complexity_level;principal_label;auxiliary_labels;entity;event;inference;objective_criterion;evidence_scope;evidence_units;information_explicitness;temporal_dependency;dimension_combination
video001.mp4;1;spaziale;Dove cerca il rimedio al singhiozzo l'uomo con il camice?;S1|T0;1;S1;T0;"uomo con il camice; rimedio al singhiozzo";ricerca del rimedio al singhiozzo da parte dell'uomo con il camice;"riconoscere l'evento o la relazione spaziale pertinente; allineare il referente all'intervallo locale; recuperare origine, destinazione, direzione, supporto o posizione richiesta";una relazione spaziale esplicita o una localizzazione condizionata da un singolo evento osservabile nello stesso intervallo locale;local_interval;1;esplicita;moderata;"[""spaziale"", ""temporale""]"
video001.mp4;2;temporale;L'uomo con gli occhiali urla prima o dopo che l'uomo dietro il bancone esca?;T1;1;T1;;"uomo con gli occhiali; uomo dietro il bancone";"evento A: l'uomo con gli occhiali urla; evento B: l'uomo dietro il bancone esce";"riconoscere i due eventi oppure l'evento e l'ancora temporale; localizzarli nella sequenza; determinare la relazione prima/dopo, primo/secondo, corrente/precedente o il momento richiesto";localizzazione rispetto a un'ancora temporale esplicita oppure ordinamento pairwise tra due eventi/stati direttamente identificabili;two_intervals;2;esplicita;alta;"[""temporale""]"
video001.mp4;3;causale;Perché il signore con gli occhiali balbetta?;C2|T1;2;C2;T1;signore con gli occhiali;"effetto da spiegare: il signore con gli occhiali balbetta; causa/antecedente: da identificare nell'evidenza disponibile";"riconoscere l'effetto o comportamento da spiegare; recuperare il contesto pertinente; inferire la causa/intenzione/motivazione solo se supportata dalle evidenze; evitare di colmare lacune con conoscenza non presente nel video";la risposta richiede almeno un passaggio inferenziale implicito su motivazione, intenzione, stato mentale, valutazione sociale, finalità procedurale o relazione causale non direttamente osservabile;two_intervals;2;implicita;moderata;"[""causale"", ""temporale""]"
video002.mp4;1;spaziale;Dove si trova la moglie dell'uomo con gli occhiali?;S0;0;S0;;"moglie dell'uomo con gli occhiali; uomo con gli occhiali; luogo in cui si trova la moglie";localizzazione della moglie dell'uomo con gli occhiali;"identificare il referente target; recuperare una singola evidenza spaziale direttamente osservabile; restituire la localizzazione senza confronto tra fasi";"recupero spaziale diretto da una singola evidenza stabile; nessun confronto temporale o ricostruzione di stato";single_frame;1;esplicita;nessuna;"[""spaziale""]"
video002.mp4;2;temporale;La donna bionda sbuffa prima o dopo che il telefono squilli?;T1;1;T1;;"donna bionda; telefono";"evento A: la donna bionda sbuffa; evento B: il telefono squilla";"riconoscere i due eventi oppure l'evento e l'ancora temporale; localizzarli nella sequenza; determinare la relazione prima/dopo, primo/secondo, corrente/precedente o il momento richiesto";localizzazione rispetto a un'ancora temporale esplicita oppure ordinamento pairwise tra due eventi/stati direttamente identificabili;two_intervals;2;esplicita;alta;"[""temporale""]"
video002.mp4;3;causale;Perché l'uomo con gli occhiali fa degli strani versi al telefono e lo allontana dall'orecchio?;C2|T1;2;C2;T1;"uomo con gli occhiali; telefono";"effetto da spiegare: l'uomo fa strani versi e allontana il telefono dall'orecchio; causa/antecedente: da identificare nell'evidenza disponibile";"riconoscere l'effetto o comportamento da spiegare; recuperare il contesto pertinente; inferire la causa/intenzione/motivazione solo se supportata dalle evidenze; evitare di colmare lacune con conoscenza non presente nel video";la risposta richiede almeno un passaggio inferenziale implicito su motivazione, intenzione, stato mentale, valutazione sociale, finalità procedurale o relazione causale non direttamente osservabile;two_intervals;2;implicita;moderata;"[""causale"", ""temporale""]"
video003.mp4;1;spaziale;Quando l'uomo con la maglietta gialla dice: 'Ma chi c'ha messo qui?', dov'è il 'qui'?;S1|T0;1;S1;T0;"uomo con la maglietta gialla; referente deittico «qui»";"evento contestuale: l'uomo dice «Ma chi c'ha messo qui?»; localizzazione del referente di «qui»";"riconoscere l'evento o la relazione spaziale pertinente; allineare il referente all'intervallo locale; recuperare origine, destinazione, direzione, supporto o posizione richiesta";una relazione spaziale esplicita o una localizzazione condizionata da un singolo evento osservabile nello stesso intervallo locale;local_interval;2;parzialmente implicita;moderata;"[""spaziale"", ""temporale""]"
video003.mp4;2;temporale;La finestra del balcone viene chiusa prima o dopo che l'uomo urli 'barbone'?;T1;1;T1;;"finestra del balcone; uomo che urla «barbone»";"evento A: la finestra del balcone viene chiusa; evento B: l'uomo urla «barbone»";"riconoscere i due eventi oppure l'evento e l'ancora temporale; localizzarli nella sequenza; determinare la relazione prima/dopo, primo/secondo, corrente/precedente o il momento richiesto";localizzazione rispetto a un'ancora temporale esplicita oppure ordinamento pairwise tra due eventi/stati direttamente identificabili;two_intervals;2;esplicita;alta;"[""temporale""]"
video003.mp4;3;causale;Perché l'uomo con la maglietta gialla si preoccupa di cosa dirà allo zio?;C2|T1;2;C2;T1;"uomo con la maglietta gialla; zio; contenuto di ciò che dovrà dire";"effetto da spiegare: l'uomo si preoccupa di cosa dirà allo zio; causa/antecedente: da identificare nell'evidenza disponibile";"riconoscere l'effetto o comportamento da spiegare; recuperare il contesto pertinente; inferire la causa/intenzione/motivazione solo se supportata dalle evidenze; evitare di colmare lacune con conoscenza non presente nel video";la risposta richiede almeno un passaggio inferenziale implicito su motivazione, intenzione, stato mentale, valutazione sociale, finalità procedurale o relazione causale non direttamente osservabile;two_intervals;2;implicita;moderata;"[""causale"", ""temporale""]"
video004.mp4;1;spaziale;Dove si trova il cane quando viene dato il comando 'dietro'?;S1|T0;1;S1;T0;"cane; persona che impartisce il comando; posizione associata a «dietro»";"evento contestuale: viene dato il comando «dietro»; localizzazione del cane in quel momento";"riconoscere l'evento o la relazione spaziale pertinente; allineare il referente all'intervallo locale; recuperare origine, destinazione, direzione, supporto o posizione richiesta";una relazione spaziale esplicita o una localizzazione condizionata da un singolo evento osservabile nello stesso intervallo locale;local_interval;2;esplicita;moderata;"[""spaziale"", ""temporale""]"
video004.mp4;2;temporale;Cosa viene ordinato prima al cane, 'due' o 'spin'?;T1;1;T1;;"cane; comando «due»; comando «spin»";"evento A: viene impartito il comando «due»; evento B: viene impartito il comando «spin»";"riconoscere i due eventi oppure l'evento e l'ancora temporale; localizzarli nella sequenza; determinare la relazione prima/dopo, primo/secondo, corrente/precedente o il momento richiesto";localizzazione rispetto a un'ancora temporale esplicita oppure ordinamento pairwise tra due eventi/stati direttamente identificabili;two_intervals;2;esplicita;alta;"[""temporale""]"
video004.mp4;3;causale;Perché il padrone dice al cane 'incrocia bene'?;C1|T0;1;C1;T0;"padrone; cane; posizione delle zampe o postura da incrociare";"effetto da spiegare: il padrone dice al cane «incrocia bene»; causa/antecedente: da identificare nell'evidenza disponibile";"riconoscere l'effetto; individuare un antecedente o stato direttamente osservabile/esplicitamente disponibile; verificare il nesso causale senza attribuire intenzioni o motivazioni non supportate";nesso causa-effetto fisico, sistemico o comportamentale direttamente osservabile nello stesso intervallo locale;local_interval;1;esplicita;moderata;"[""causale"", ""temporale""]"
video005.mp4;1;spaziale;Dove viene inserito il beccuccio della lozione?;S1|T0;1;S1;T0;"beccuccio della lozione; orecchio o condotto auricolare del cane; lozione";"evento: inserimento del beccuccio della lozione; posizione anatomica di inserimento";"riconoscere l'evento o la relazione spaziale pertinente; allineare il referente all'intervallo locale; recuperare origine, destinazione, direzione, supporto o posizione richiesta";una relazione spaziale esplicita o una localizzazione condizionata da un singolo evento osservabile nello stesso intervallo locale;local_interval;1;esplicita;moderata;"[""spaziale"", ""temporale""]"
video005.mp4;2;temporale;Il massaggio viene fatto prima o dopo l'applicazione del detergente auricolare?;T1;1;T1;;"massaggio; detergente auricolare; orecchio del cane";"evento A: viene effettuato il massaggio; evento B: viene fatto uscire il detergente auricolare";"riconoscere i due eventi oppure l'evento e l'ancora temporale; localizzarli nella sequenza; determinare la relazione prima/dopo, primo/secondo, corrente/precedente o il momento richiesto";localizzazione rispetto a un'ancora temporale esplicita oppure ordinamento pairwise tra due eventi/stati direttamente identificabili;two_intervals;2;esplicita;alta;"[""temporale""]"
video005.mp4;3;causale;Perché il massaggio all'orecchio del cane produce un suono?;C1|T0;1;C1;T0;"massaggio; orecchio del cane; detergente o liquido auricolare; suono prodotto";"effetto da spiegare: il massaggio all'orecchio produce un suono; causa/antecedente: da identificare nell'evidenza disponibile";"riconoscere l'effetto; individuare un antecedente o stato direttamente osservabile/esplicitamente disponibile; verificare il nesso causale senza attribuire intenzioni o motivazioni non supportate";nesso causa-effetto fisico, sistemico o comportamentale direttamente osservabile nello stesso intervallo locale;local_interval;1;esplicita;moderata;"[""causale"", ""temporale""]"
video006.mp4;1;spaziale;Dove parla il ragazzo che dice 'pizza'?;S1|T0;1;S1;T0;"ragazzo che dice «pizza»; luogo in cui parla";"evento: il ragazzo pronuncia «pizza»; localizzazione del ragazzo durante l'enunciato";"riconoscere l'evento o la relazione spaziale pertinente; allineare il referente all'intervallo locale; recuperare origine, destinazione, direzione, supporto o posizione richiesta";una relazione spaziale esplicita o una localizzazione condizionata da un singolo evento osservabile nello stesso intervallo locale;local_interval;1;esplicita;moderata;"[""spaziale"", ""temporale""]"
video006.mp4;2;temporale;Chi saluta per primo, l'uomo con la maglia bianca o quello con la maglia verde?;T1;1;T1;;"uomo con la maglia bianca; uomo con la maglia verde";"evento A: l'uomo con la maglia bianca saluta; evento B: l'uomo con la maglia verde saluta";"riconoscere i due eventi oppure l'evento e l'ancora temporale; localizzarli nella sequenza; determinare la relazione prima/dopo, primo/secondo, corrente/precedente o il momento richiesto";localizzazione rispetto a un'ancora temporale esplicita oppure ordinamento pairwise tra due eventi/stati direttamente identificabili;two_intervals;2;esplicita;alta;"[""temporale""]"
video006.mp4;3;causale;Perché l'uomo decide di non pagare il ragazzo?;C2|T1;2;C2;T1;"uomo che dovrebbe pagare; ragazzo; pagamento";"effetto da spiegare: l'uomo decide di non pagare il ragazzo; causa/antecedente: da identificare nell'evidenza disponibile";"riconoscere l'effetto o comportamento da spiegare; recuperare il contesto pertinente; inferire la causa/intenzione/motivazione solo se supportata dalle evidenze; evitare di colmare lacune con conoscenza non presente nel video";la risposta richiede almeno un passaggio inferenziale implicito su motivazione, intenzione, stato mentale, valutazione sociale, finalità procedurale o relazione causale non direttamente osservabile;two_intervals;2;implicita;moderata;"[""causale"", ""temporale""]"
video007.mp4;1;spaziale;Dove si trova Anastasia quando inizia a piangere?;S1|T0;1;S1;T0;"Anastasia; luogo in cui si trova";"evento contestuale: Anastasia inizia a piangere; localizzazione di Anastasia in quel momento";"riconoscere l'evento o la relazione spaziale pertinente; allineare il referente all'intervallo locale; recuperare origine, destinazione, direzione, supporto o posizione richiesta";una relazione spaziale esplicita o una localizzazione condizionata da un singolo evento osservabile nello stesso intervallo locale;local_interval;2;esplicita;moderata;"[""spaziale"", ""temporale""]"
video007.mp4;2;temporale;La bambina ride prima o dopo essere caduta?;T1;1;T1;;"bambina; caduta";"evento A: la bambina ride; evento B: la bambina cade";"riconoscere i due eventi oppure l'evento e l'ancora temporale; localizzarli nella sequenza; determinare la relazione prima/dopo, primo/secondo, corrente/precedente o il momento richiesto";localizzazione rispetto a un'ancora temporale esplicita oppure ordinamento pairwise tra due eventi/stati direttamente identificabili;two_intervals;2;esplicita;alta;"[""temporale""]"
video007.mp4;3;causale;Perché Anastasia piange?;C1|T1;1;C1;T1;Anastasia;"effetto da spiegare: Anastasia piange; causa/antecedente: da identificare nell'evidenza disponibile";"riconoscere l'effetto; individuare un antecedente o stato direttamente osservabile/esplicitamente disponibile; verificare il nesso causale senza attribuire intenzioni o motivazioni non supportate";collegamento causale diretto tra un antecedente esplicito e una conseguenza esplicita, con al massimo due unità di evidenza;two_intervals;2;parzialmente implicita;moderata;"[""causale"", ""temporale""]"
video008.mp4;1;spaziale;Dove mette 'spesa proletaria' l'uomo con la fascia rossa?;S1|T0;1;S1;T0;"uomo con la fascia rossa; oggetto o denaro chiamato «spesa proletaria»";"evento: l'uomo mette la «spesa proletaria» in un luogo; localizzazione della destinazione";"riconoscere l'evento o la relazione spaziale pertinente; allineare il referente all'intervallo locale; recuperare origine, destinazione, direzione, supporto o posizione richiesta";una relazione spaziale esplicita o una localizzazione condizionata da un singolo evento osservabile nello stesso intervallo locale;local_interval;1;esplicita;moderata;"[""spaziale"", ""temporale""]"
video008.mp4;2;temporale;La donna con il grembiule rosso arriva prima o dopo che l'uomo con il gilet nero spieghi il piano di fuga all'uomo col completo?;T1;1;T1;;"donna con il grembiule rosso; uomo con il gilet nero; uomo con il completo; piano di fuga";"evento A: la donna con il grembiule rosso arriva; evento B: l'uomo con il gilet nero spiega il piano di fuga all'uomo col completo";"riconoscere i due eventi oppure l'evento e l'ancora temporale; localizzarli nella sequenza; determinare la relazione prima/dopo, primo/secondo, corrente/precedente o il momento richiesto";localizzazione rispetto a un'ancora temporale esplicita oppure ordinamento pairwise tra due eventi/stati direttamente identificabili;two_intervals;2;esplicita;alta;"[""temporale""]"
video008.mp4;3;causale;Perché l'uomo con il completo grigio è preoccupato di finire 'elemosinaro'?;C2|T1;2;C2;T1;"uomo con completo grigio; condizione di «elemosinaro»";"effetto da spiegare: l'uomo teme di finire «elemosinaro»; causa/antecedente: da identificare nell'evidenza disponibile";"riconoscere l'effetto o comportamento da spiegare; recuperare il contesto pertinente; inferire la causa/intenzione/motivazione solo se supportata dalle evidenze; evitare di colmare lacune con conoscenza non presente nel video";la risposta richiede almeno un passaggio inferenziale implicito su motivazione, intenzione, stato mentale, valutazione sociale, finalità procedurale o relazione causale non direttamente osservabile;two_intervals;2;implicita;moderata;"[""causale"", ""temporale""]"
video009.mp4;1;spaziale;Dove mette i 100 dollari l'uomo col cappello peloso?;S1|T0;1;S1;T0;"uomo col cappello peloso; 100 dollari";"evento: l'uomo mette i 100 dollari in un luogo; localizzazione della destinazione";"riconoscere l'evento o la relazione spaziale pertinente; allineare il referente all'intervallo locale; recuperare origine, destinazione, direzione, supporto o posizione richiesta";una relazione spaziale esplicita o una localizzazione condizionata da un singolo evento osservabile nello stesso intervallo locale;local_interval;1;esplicita;moderata;"[""spaziale"", ""temporale""]"
video009.mp4;2;temporale;L'uomo con il cappello peloso viene scambiato per omosessuale prima o dopo aver chiesto il cambio di camera?;T1;1;T1;;"uomo col cappello peloso; camera o richiesta di cambio";"evento A: l'uomo viene scambiato per omosessuale; evento B: l'uomo chiede il cambio di camera";"riconoscere i due eventi oppure l'evento e l'ancora temporale; localizzarli nella sequenza; determinare la relazione prima/dopo, primo/secondo, corrente/precedente o il momento richiesto";localizzazione rispetto a un'ancora temporale esplicita oppure ordinamento pairwise tra due eventi/stati direttamente identificabili;two_intervals;2;esplicita;alta;"[""temporale""]"
video009.mp4;3;causale;Perché l'uomo con il cappello peloso urla 'a me non piacciono gli uomini'?;C1|T1;1;C1;T1;"uomo col cappello peloso; uomini a cui fa riferimento";"effetto da spiegare: l'uomo urla «a me non piacciono gli uomini»; causa/antecedente: da identificare nell'evidenza disponibile";"riconoscere l'effetto; individuare un antecedente o stato direttamente osservabile/esplicitamente disponibile; verificare il nesso causale senza attribuire intenzioni o motivazioni non supportate";collegamento causale diretto tra un antecedente esplicito e una conseguenza esplicita, con al massimo due unità di evidenza;two_intervals;2;parzialmente implicita;moderata;"[""causale"", ""temporale""]"
video010.mp4;1;spaziale;Da dove scende l'acqua?;S1|T0;1;S1;T0;"acqua; punto o struttura da cui scende";"evento: l'acqua scende; localizzazione del punto di origine";"riconoscere l'evento o la relazione spaziale pertinente; allineare il referente all'intervallo locale; recuperare origine, destinazione, direzione, supporto o posizione richiesta";una relazione spaziale esplicita o una localizzazione condizionata da un singolo evento osservabile nello stesso intervallo locale;local_interval;1;esplicita;moderata;"[""spaziale"", ""temporale""]"
video010.mp4;2;temporale;I familiari dei pazienti denunciano i danni all'ospedale prima o dopo che piova?;T1;1;T1;;"familiari dei pazienti; danni all'ospedale";"evento A: i familiari denunciano i danni all'ospedale; evento B: piove";"riconoscere i due eventi oppure l'evento e l'ancora temporale; localizzarli nella sequenza; determinare la relazione prima/dopo, primo/secondo, corrente/precedente o il momento richiesto";localizzazione rispetto a un'ancora temporale esplicita oppure ordinamento pairwise tra due eventi/stati direttamente identificabili;two_intervals;2;esplicita;alta;"[""temporale""]"
video010.mp4;3;causale;Perché i pazienti e i familiari sono arrabbiati?;C2|T1;2;C2;T1;"pazienti; familiari; ospedale; danni o condizioni problematiche";"effetto da spiegare: pazienti e familiari sono arrabbiati; causa/antecedente: da identificare nell'evidenza disponibile";"riconoscere l'effetto o comportamento da spiegare; recuperare il contesto pertinente; inferire la causa/intenzione/motivazione solo se supportata dalle evidenze; evitare di colmare lacune con conoscenza non presente nel video";la risposta richiede almeno un passaggio inferenziale implicito su motivazione, intenzione, stato mentale, valutazione sociale, finalità procedurale o relazione causale non direttamente osservabile;two_intervals;2;implicita;moderata;"[""causale"", ""temporale""]"
video011.mp4;1;spaziale;Dove si trova il cellulare?;S0;0;S0;;"cellulare; luogo o superficie in cui si trova";localizzazione del cellulare;"identificare il referente target; recuperare una singola evidenza spaziale direttamente osservabile; restituire la localizzazione senza confronto tra fasi";"recupero spaziale diretto da una singola evidenza stabile; nessun confronto temporale o ricostruzione di stato";single_frame;1;esplicita;nessuna;"[""spaziale""]"
video011.mp4;2;temporale;La figlia si arrabbia prima o dopo aver chiamato il padre?;T1;1;T1;;"figlia; padre";"evento A: la figlia si arrabbia; evento B: la figlia chiama il padre";"riconoscere i due eventi oppure l'evento e l'ancora temporale; localizzarli nella sequenza; determinare la relazione prima/dopo, primo/secondo, corrente/precedente o il momento richiesto";localizzazione rispetto a un'ancora temporale esplicita oppure ordinamento pairwise tra due eventi/stati direttamente identificabili;two_intervals;2;esplicita;alta;"[""temporale""]"
video011.mp4;3;causale;Perché la figlia dice al padre 'scandaloso'?;C2|T1;2;C2;T1;"figlia; padre; comportamento giudicato «scandaloso»";"effetto da spiegare: la figlia dice al padre «scandaloso»; causa/antecedente: da identificare nell'evidenza disponibile";"riconoscere l'effetto o comportamento da spiegare; recuperare il contesto pertinente; inferire la causa/intenzione/motivazione solo se supportata dalle evidenze; evitare di colmare lacune con conoscenza non presente nel video";la risposta richiede almeno un passaggio inferenziale implicito su motivazione, intenzione, stato mentale, valutazione sociale, finalità procedurale o relazione causale non direttamente osservabile;two_intervals;2;implicita;moderata;"[""causale"", ""temporale""]"
video012.mp4;1;spaziale;Dove viene applicato l'ombretto dorato?;S1|T0;1;S1;T0;"ombretto dorato; parte del volto o della palpebra; applicatrice";"evento: applicazione dell'ombretto dorato; localizzazione della zona di applicazione";"riconoscere l'evento o la relazione spaziale pertinente; allineare il referente all'intervallo locale; recuperare origine, destinazione, direzione, supporto o posizione richiesta";una relazione spaziale esplicita o una localizzazione condizionata da un singolo evento osservabile nello stesso intervallo locale;local_interval;1;esplicita;moderata;"[""spaziale"", ""temporale""]"
video012.mp4;2;temporale;La base viene stesa prima o dopo l'ombretto sulla palpebra?;T1;1;T1;;"base per il trucco; ombretto; palpebra";"evento A: viene stesa la base; evento B: viene applicato l'ombretto sulla palpebra";"riconoscere i due eventi oppure l'evento e l'ancora temporale; localizzarli nella sequenza; determinare la relazione prima/dopo, primo/secondo, corrente/precedente o il momento richiesto";localizzazione rispetto a un'ancora temporale esplicita oppure ordinamento pairwise tra due eventi/stati direttamente identificabili;two_intervals;2;esplicita;alta;"[""temporale""]"
video012.mp4;3;causale;Perché la donna decide di non partire dal fondotinta?;C2|T1;2;C2;T1;"donna che si trucca; fondotinta";"effetto da spiegare: la donna decide di non iniziare dal fondotinta; causa/antecedente: da identificare nell'evidenza disponibile";"riconoscere l'effetto o comportamento da spiegare; recuperare il contesto pertinente; inferire la causa/intenzione/motivazione solo se supportata dalle evidenze; evitare di colmare lacune con conoscenza non presente nel video";la risposta richiede almeno un passaggio inferenziale implicito su motivazione, intenzione, stato mentale, valutazione sociale, finalità procedurale o relazione causale non direttamente osservabile;two_intervals;2;implicita;moderata;"[""causale"", ""temporale""]"
video013.mp4;1;spaziale;Dove vengono aggiunti i due cucchiai in più di farina?;S1|T0;1;S1;T0;"due cucchiai aggiuntivi di farina; donna che cucina";"evento: aggiunta di due cucchiai di farina; localizzazione del recipiente di destinazione";"riconoscere l'evento o la relazione spaziale pertinente; allineare il referente all'intervallo locale; recuperare origine, destinazione, direzione, supporto o posizione richiesta";una relazione spaziale esplicita o una localizzazione condizionata da un singolo evento osservabile nello stesso intervallo locale;local_interval;1;esplicita;moderata;"[""spaziale"", ""temporale""]"
video013.mp4;2;temporale;La donna parla dello zucchero di canna prima o dopo aver rotto le uova?;T1;1;T1;;"donna; zucchero di canna; uova";"evento A: la donna parla dello zucchero di canna; evento B: la donna rompe le uova";"riconoscere i due eventi oppure l'evento e l'ancora temporale; localizzarli nella sequenza; determinare la relazione prima/dopo, primo/secondo, corrente/precedente o il momento richiesto";localizzazione rispetto a un'ancora temporale esplicita oppure ordinamento pairwise tra due eventi/stati direttamente identificabili;two_intervals;2;esplicita;alta;"[""temporale""]"
video013.mp4;3;causale;Perché la farina viene messa dopo lo zucchero?;C2|T1;2;C2;T1;"farina; zucchero";"effetto da spiegare: la farina viene aggiunta dopo lo zucchero; causa/antecedente: da identificare nell'evidenza disponibile";"riconoscere l'effetto o comportamento da spiegare; recuperare il contesto pertinente; inferire la causa/intenzione/motivazione solo se supportata dalle evidenze; evitare di colmare lacune con conoscenza non presente nel video";la risposta richiede almeno un passaggio inferenziale implicito su motivazione, intenzione, stato mentale, valutazione sociale, finalità procedurale o relazione causale non direttamente osservabile;two_intervals;2;implicita;moderata;"[""causale"", ""temporale""]"
video014.mp4;1;spaziale;Dove va messa la piantina?;S1|T0;1;S1;T0;"piantina; terreno o buca di trapianto; uomo che esegue il trapianto";"evento: collocazione della piantina; localizzazione del punto di trapianto";"riconoscere l'evento o la relazione spaziale pertinente; allineare il referente all'intervallo locale; recuperare origine, destinazione, direzione, supporto o posizione richiesta";una relazione spaziale esplicita o una localizzazione condizionata da un singolo evento osservabile nello stesso intervallo locale;local_interval;1;esplicita;moderata;"[""spaziale"", ""temporale""]"
video014.mp4;2;temporale;L'uomo trova l'animale trasparente prima o dopo aver piantato la lattuga?;T1;1;T1;;"uomo; animale trasparente; lattuga";"evento A: l'uomo trova l'animale trasparente; evento B: l'uomo pianta la lattuga";"riconoscere i due eventi oppure l'evento e l'ancora temporale; localizzarli nella sequenza; determinare la relazione prima/dopo, primo/secondo, corrente/precedente o il momento richiesto";localizzazione rispetto a un'ancora temporale esplicita oppure ordinamento pairwise tra due eventi/stati direttamente identificabili;two_intervals;2;esplicita;alta;"[""temporale""]"
video014.mp4;3;causale;Perché la tecnica di trapiantare solo due dita va bene sulla piantina mostrata?;C2|T1;2;C2;T1;"tecnica di trapianto a due dita; piantina; apparato radicale o dimensioni della pianta";"effetto da spiegare: la tecnica a due dita è adatta alla piantina; causa/antecedente: da identificare nell'evidenza disponibile";"riconoscere l'effetto o comportamento da spiegare; recuperare il contesto pertinente; inferire la causa/intenzione/motivazione solo se supportata dalle evidenze; evitare di colmare lacune con conoscenza non presente nel video";la risposta richiede almeno un passaggio inferenziale implicito su motivazione, intenzione, stato mentale, valutazione sociale, finalità procedurale o relazione causale non direttamente osservabile;two_intervals;2;implicita;moderata;"[""causale"", ""temporale""]"
video015.mp4;1;spaziale;Dove fanno esercizi le ginnaste dell'Eterea?;S0;0;S0;;ginnaste dell'Eterea;"evento: le ginnaste fanno esercizi; localizzazione del luogo";"identificare il referente target; recuperare una singola evidenza spaziale direttamente osservabile; restituire la localizzazione senza confronto tra fasi";"recupero spaziale diretto da una singola evidenza stabile; nessun confronto temporale o ricostruzione di stato";single_frame;1;esplicita;nessuna;"[""spaziale""]"
video015.mp4;2;temporale;Quando si è qualificata alla fase nazionale la squadra di ginnaste?;T1;1;T1;;"squadra di ginnaste; fase nazionale";"evento target: la squadra si qualifica alla fase nazionale; riferimento temporale: data o periodo indicato nel video";"riconoscere i due eventi oppure l'evento e l'ancora temporale; localizzarli nella sequenza; determinare la relazione prima/dopo, primo/secondo, corrente/precedente o il momento richiesto";localizzazione rispetto a un'ancora temporale esplicita oppure ordinamento pairwise tra due eventi/stati direttamente identificabili;two_intervals;2;parzialmente implicita;alta;"[""temporale""]"
video015.mp4;3;causale;Perché Alice Caldora è stata premiata nel 2016?;C1|T1;1;C1;T1;"Alice Caldora; premio; anno 2016";"effetto da spiegare: Alice Caldora viene premiata nel 2016; causa/antecedente: da identificare nell'evidenza disponibile";"riconoscere l'effetto; individuare un antecedente o stato direttamente osservabile/esplicitamente disponibile; verificare il nesso causale senza attribuire intenzioni o motivazioni non supportate";collegamento causale diretto tra un antecedente esplicito e una conseguenza esplicita, con al massimo due unità di evidenza;two_intervals;2;parzialmente implicita;moderata;"[""causale"", ""temporale""]"
video016.mp4;1;spaziale;Dove viene messo il pepe macinato al momento?;S1|T0;1;S1;T0;pepe macinato al momento;"evento: aggiunta del pepe macinato; localizzazione della pietanza o del recipiente";"riconoscere l'evento o la relazione spaziale pertinente; allineare il referente all'intervallo locale; recuperare origine, destinazione, direzione, supporto o posizione richiesta";una relazione spaziale esplicita o una localizzazione condizionata da un singolo evento osservabile nello stesso intervallo locale;local_interval;1;esplicita;moderata;"[""spaziale"", ""temporale""]"
video016.mp4;2;temporale;Il pepe viene macinato prima o dopo che si mette a fare il brodo vegetale?;T1;1;T1;;"pepe; brodo vegetale; uomo che cucina";"evento A: il pepe viene macinato; evento B: viene messo a fare il brodo vegetale";"riconoscere i due eventi oppure l'evento e l'ancora temporale; localizzarli nella sequenza; determinare la relazione prima/dopo, primo/secondo, corrente/precedente o il momento richiesto";localizzazione rispetto a un'ancora temporale esplicita oppure ordinamento pairwise tra due eventi/stati direttamente identificabili;two_intervals;2;esplicita;alta;"[""temporale""]"
video016.mp4;3;causale;Perché l'uomo taglia una quantità superiore di sedano?;C2|T1;2;C2;T1;"uomo che cucina; sedano; quantità necessaria; brodo o preparazione";"effetto da spiegare: l'uomo taglia più sedano; causa/antecedente: da identificare nell'evidenza disponibile";"riconoscere l'effetto o comportamento da spiegare; recuperare il contesto pertinente; inferire la causa/intenzione/motivazione solo se supportata dalle evidenze; evitare di colmare lacune con conoscenza non presente nel video";la risposta richiede almeno un passaggio inferenziale implicito su motivazione, intenzione, stato mentale, valutazione sociale, finalità procedurale o relazione causale non direttamente osservabile;two_intervals;2;implicita;moderata;"[""causale"", ""temporale""]"
video017.mp4;1;spaziale;Dove si trovano le biglie?;S0;0;S0;;"biglie; contenitore o superficie in cui si trovano";localizzazione delle biglie;"identificare il referente target; recuperare una singola evidenza spaziale direttamente osservabile; restituire la localizzazione senza confronto tra fasi";"recupero spaziale diretto da una singola evidenza stabile; nessun confronto temporale o ricostruzione di stato";single_frame;1;esplicita;nessuna;"[""spaziale""]"
video017.mp4;2;temporale;La donna guarda la foto prima o dopo aver chiuso il manuale?;T1;1;T1;;"donna; foto; manuale";"evento A: la donna guarda la foto; evento B: la donna chiude il manuale";"riconoscere i due eventi oppure l'evento e l'ancora temporale; localizzarli nella sequenza; determinare la relazione prima/dopo, primo/secondo, corrente/precedente o il momento richiesto";localizzazione rispetto a un'ancora temporale esplicita oppure ordinamento pairwise tra due eventi/stati direttamente identificabili;two_intervals;2;esplicita;alta;"[""temporale""]"
video017.mp4;3;causale;Perché il padre ironizza sul futuro da architetto del figlio?;C2|T1;2;C2;T1;"padre; futuro da architetto";"effetto da spiegare: il padre ironizza sul futuro da architetto del figlio; causa/antecedente: da identificare nell'evidenza disponibile";"riconoscere l'effetto o comportamento da spiegare; recuperare il contesto pertinente; inferire la causa/intenzione/motivazione solo se supportata dalle evidenze; evitare di colmare lacune con conoscenza non presente nel video";la risposta richiede almeno un passaggio inferenziale implicito su motivazione, intenzione, stato mentale, valutazione sociale, finalità procedurale o relazione causale non direttamente osservabile;two_intervals;2;implicita;moderata;"[""causale"", ""temporale""]"
video018.mp4;1;spaziale;Dove si siede l'uomo per lavorare?;S1|T0;1;S1;T0;"uomo; seduta o postazione; luogo di lavoro";"evento: l'uomo si siede per lavorare; localizzazione della seduta";"riconoscere l'evento o la relazione spaziale pertinente; allineare il referente all'intervallo locale; recuperare origine, destinazione, direzione, supporto o posizione richiesta";una relazione spaziale esplicita o una localizzazione condizionata da un singolo evento osservabile nello stesso intervallo locale;local_interval;1;esplicita;moderata;"[""spaziale"", ""temporale""]"
video018.mp4;2;temporale;L'uomo dà i suoi omaggi alla donna prima o dopo essersi seduto?;T1;1;T1;;"uomo; donna; omaggi; seduta";"evento A: l'uomo porge i suoi omaggi alla donna; evento B: l'uomo si siede";"riconoscere i due eventi oppure l'evento e l'ancora temporale; localizzarli nella sequenza; determinare la relazione prima/dopo, primo/secondo, corrente/precedente o il momento richiesto";localizzazione rispetto a un'ancora temporale esplicita oppure ordinamento pairwise tra due eventi/stati direttamente identificabili;two_intervals;2;esplicita;alta;"[""temporale""]"
video018.mp4;3;causale;Perché la donna crede che l'uomo voglia stare solo?;C2|T1;2;C2;T1;"donna; uomo";"effetto da spiegare: la donna crede che l'uomo voglia stare solo; causa/antecedente: da identificare nell'evidenza disponibile";"riconoscere l'effetto o comportamento da spiegare; recuperare il contesto pertinente; inferire la causa/intenzione/motivazione solo se supportata dalle evidenze; evitare di colmare lacune con conoscenza non presente nel video";la risposta richiede almeno un passaggio inferenziale implicito su motivazione, intenzione, stato mentale, valutazione sociale, finalità procedurale o relazione causale non direttamente osservabile;two_intervals;2;implicita;moderata;"[""causale"", ""temporale""]"
video019.mp4;1;spaziale;Dove appoggia il libro il padre?;S1|T0;1;S1;T0;"padre; libro; superficie o luogo di appoggio";"evento: il padre appoggia il libro; localizzazione della superficie";"riconoscere l'evento o la relazione spaziale pertinente; allineare il referente all'intervallo locale; recuperare origine, destinazione, direzione, supporto o posizione richiesta";una relazione spaziale esplicita o una localizzazione condizionata da un singolo evento osservabile nello stesso intervallo locale;local_interval;1;esplicita;moderata;"[""spaziale"", ""temporale""]"
video019.mp4;2;temporale;Si mangerà prima o dopo che il papà avrà lavorato?;T1;1;T1;;"famiglia o persone che mangeranno; papà; lavoro";"evento A: si mangia; evento B: il papà lavora";"riconoscere i due eventi oppure l'evento e l'ancora temporale; localizzarli nella sequenza; determinare la relazione prima/dopo, primo/secondo, corrente/precedente o il momento richiesto";localizzazione rispetto a un'ancora temporale esplicita oppure ordinamento pairwise tra due eventi/stati direttamente identificabili;two_intervals;2;esplicita;alta;"[""temporale""]"
video019.mp4;3;causale;Perché l'uomo dice alla bambina di guardare le figure?;C2|T1;2;C2;T1;"uomo o padre; bambina; libro; figure";"effetto da spiegare: l'uomo dice alla bambina di guardare le figure; causa/antecedente: da identificare nell'evidenza disponibile";"riconoscere l'effetto o comportamento da spiegare; recuperare il contesto pertinente; inferire la causa/intenzione/motivazione solo se supportata dalle evidenze; evitare di colmare lacune con conoscenza non presente nel video";la risposta richiede almeno un passaggio inferenziale implicito su motivazione, intenzione, stato mentale, valutazione sociale, finalità procedurale o relazione causale non direttamente osservabile;two_intervals;2;implicita;moderata;"[""causale"", ""temporale""]"
video020.mp4;1;spaziale;Da dove è caduto 'Caruso' secondo il professore?;S1|T0;1;S1;T0;"Caruso; professore; luogo o struttura da cui sarebbe caduto";"evento riportato: Caruso cade; localizzazione del punto di origine secondo il professore";"riconoscere l'evento o la relazione spaziale pertinente; allineare il referente all'intervallo locale; recuperare origine, destinazione, direzione, supporto o posizione richiesta";una relazione spaziale esplicita o una localizzazione condizionata da un singolo evento osservabile nello stesso intervallo locale;local_interval;1;parzialmente implicita;moderata;"[""spaziale"", ""temporale""]"
video020.mp4;2;temporale;La classe fa casino prima o dopo il botto?;T1;1;T1;;"classe; botto";"evento A: la classe fa confusione; evento B: si sente il botto";"riconoscere i due eventi oppure l'evento e l'ancora temporale; localizzarli nella sequenza; determinare la relazione prima/dopo, primo/secondo, corrente/precedente o il momento richiesto";localizzazione rispetto a un'ancora temporale esplicita oppure ordinamento pairwise tra due eventi/stati direttamente identificabili;two_intervals;2;esplicita;alta;"[""temporale""]"
video020.mp4;3;causale;Perché accorre il collaboratore scolastico preoccupato?;C1|T1;1;C1;T1;"collaboratore scolastico; classe o luogo del rumore; botto";"effetto da spiegare: il collaboratore accorre preoccupato; causa/antecedente: da identificare nell'evidenza disponibile";"riconoscere l'effetto; individuare un antecedente o stato direttamente osservabile/esplicitamente disponibile; verificare il nesso causale senza attribuire intenzioni o motivazioni non supportate";collegamento causale diretto tra un antecedente esplicito e una conseguenza esplicita, con al massimo due unità di evidenza;two_intervals;2;parzialmente implicita;moderata;"[""causale"", ""temporale""]"
video021.mp4;1;spaziale;Dove è rivolto lo sguardo di Italo quando la donna lo rimprovera di guardarla?;S1|T0;1;S1;T0;"Italo; donna che lo rimprovera; direzione dello sguardo";"evento contestuale: la donna rimprovera Italo perché la guarda; localizzazione della direzione dello sguardo";"riconoscere l'evento o la relazione spaziale pertinente; allineare il referente all'intervallo locale; recuperare origine, destinazione, direzione, supporto o posizione richiesta";una relazione spaziale esplicita o una localizzazione condizionata da un singolo evento osservabile nello stesso intervallo locale;local_interval;2;esplicita;moderata;"[""spaziale"", ""temporale""]"
video021.mp4;2;temporale;Cosa deve fare Italo prima di 'rimettere piede' in casa?;T1;1;T1;;"Italo; casa";"evento target: Italo rimette piede in casa; prerequisito: azione che deve compiere prima";"riconoscere i due eventi oppure l'evento e l'ancora temporale; localizzarli nella sequenza; determinare la relazione prima/dopo, primo/secondo, corrente/precedente o il momento richiesto";localizzazione rispetto a un'ancora temporale esplicita oppure ordinamento pairwise tra due eventi/stati direttamente identificabili;two_intervals;2;esplicita;alta;"[""temporale""]"
video021.mp4;3;causale;Perché la donna si arrabbia con Italo?;C2|T1;2;C2;T1;"donna; Italo; comportamento o sguardo di Italo";"effetto da spiegare: la donna si arrabbia con Italo; causa/antecedente: da identificare nell'evidenza disponibile";"riconoscere l'effetto o comportamento da spiegare; recuperare il contesto pertinente; inferire la causa/intenzione/motivazione solo se supportata dalle evidenze; evitare di colmare lacune con conoscenza non presente nel video";la risposta richiede almeno un passaggio inferenziale implicito su motivazione, intenzione, stato mentale, valutazione sociale, finalità procedurale o relazione causale non direttamente osservabile;two_intervals;2;implicita;moderata;"[""causale"", ""temporale""]"
video022.mp4;1;spaziale;Dove si sono incontrati Scott e Luis per la prima volta?;S2|T1;2;S2;T1;"Scott; Luis; luogo del primo incontro";"evento: primo incontro tra Scott e Luis; localizzazione del luogo";"identificare l'ancora temporale; recuperare lo stato spaziale nella fase richiesta; confrontare le fasi pertinenti senza introdurre cambiamenti non osservati";"recupero spaziale condizionato da una fase precedente/successiva/iniziale o dal primo occorrere di un evento; richiede confronto tra almeno due stati temporali";two_intervals;2;esplicita;alta;"[""spaziale"", ""temporale""]"
video022.mp4;2;temporale;La moglie di Scott lo ha lasciato prima o dopo che Scott incontrasse Luis per la prima volta?;T1;1;T1;;"Scott; moglie di Scott; Luis";"evento A: la moglie lascia Scott; evento B: Scott incontra Luis per la prima volta";"riconoscere i due eventi oppure l'evento e l'ancora temporale; localizzarli nella sequenza; determinare la relazione prima/dopo, primo/secondo, corrente/precedente o il momento richiesto";localizzazione rispetto a un'ancora temporale esplicita oppure ordinamento pairwise tra due eventi/stati direttamente identificabili;two_intervals;2;esplicita;alta;"[""temporale""]"
video022.mp4;3;causale;Perché Scott è triste mentre guarda i fogli in prigione?;C2|T1;2;C2;T1;"Scott; fogli; prigione; contenuto dei fogli";"effetto da spiegare: Scott è triste mentre guarda i fogli in prigione; causa/antecedente: da identificare nell'evidenza disponibile";"riconoscere l'effetto o comportamento da spiegare; recuperare il contesto pertinente; inferire la causa/intenzione/motivazione solo se supportata dalle evidenze; evitare di colmare lacune con conoscenza non presente nel video";la risposta richiede almeno un passaggio inferenziale implicito su motivazione, intenzione, stato mentale, valutazione sociale, finalità procedurale o relazione causale non direttamente osservabile;two_intervals;2;implicita;moderata;"[""causale"", ""temporale""]"
video023.mp4;1;spaziale;Da dove cade la bambina?;S1|T0;1;S1;T0;"bambina; punto o struttura da cui cade";"evento: la bambina cade; localizzazione del punto di origine";"riconoscere l'evento o la relazione spaziale pertinente; allineare il referente all'intervallo locale; recuperare origine, destinazione, direzione, supporto o posizione richiesta";una relazione spaziale esplicita o una localizzazione condizionata da un singolo evento osservabile nello stesso intervallo locale;local_interval;1;esplicita;moderata;"[""spaziale"", ""temporale""]"
video023.mp4;2;temporale;La donna dice ad 'Ani' di salire prima o dopo essere scesa nell'acqua?;T1;1;T1;;"donna; Ani; acqua";"evento A: la donna dice ad Ani di salire; evento B: la donna scende nell'acqua";"riconoscere i due eventi oppure l'evento e l'ancora temporale; localizzarli nella sequenza; determinare la relazione prima/dopo, primo/secondo, corrente/precedente o il momento richiesto";localizzazione rispetto a un'ancora temporale esplicita oppure ordinamento pairwise tra due eventi/stati direttamente identificabili;two_intervals;2;esplicita;alta;"[""temporale""]"
video023.mp4;3;causale;Perché la donna ringrazia Anastasia?;C1|T1;1;C1;T1;"donna; Anastasia; azione compiuta da Anastasia";"effetto da spiegare: la donna ringrazia Anastasia; causa/antecedente: da identificare nell'evidenza disponibile";"riconoscere l'effetto; individuare un antecedente o stato direttamente osservabile/esplicitamente disponibile; verificare il nesso causale senza attribuire intenzioni o motivazioni non supportate";collegamento causale diretto tra un antecedente esplicito e una conseguenza esplicita, con al massimo due unità di evidenza;two_intervals;2;parzialmente implicita;moderata;"[""causale"", ""temporale""]"
video024.mp4;1;spaziale;Le bambine e la nonna stanno giocando dentro casa o fuori in giardino?;S0;0;S0;;"bambine; nonna; casa; giardino";"evento: bambine e nonna giocano; scelta tra localizzazione interna alla casa ed esterna in giardino";"identificare il referente target; recuperare una singola evidenza spaziale direttamente osservabile; restituire la localizzazione senza confronto tra fasi";"recupero spaziale diretto da una singola evidenza stabile; nessun confronto temporale o ricostruzione di stato";single_frame;1;esplicita;nessuna;"[""spaziale""]"
video024.mp4;2;temporale;Alla nonna gira la testa prima o dopo essersi coperta gli occhi?;T1;1;T1;;"nonna; testa; occhi o mascherina";"evento A: alla nonna gira la testa; evento B: la nonna si copre gli occhi";"riconoscere i due eventi oppure l'evento e l'ancora temporale; localizzarli nella sequenza; determinare la relazione prima/dopo, primo/secondo, corrente/precedente o il momento richiesto";localizzazione rispetto a un'ancora temporale esplicita oppure ordinamento pairwise tra due eventi/stati direttamente identificabili;two_intervals;2;esplicita;alta;"[""temporale""]"
video024.mp4;3;causale;Perché la nonna porta la mascherina sugli occhi?;C2|T1;2;C2;T1;"nonna; mascherina sugli occhi; bambine o gioco";"effetto da spiegare: la nonna porta la mascherina sugli occhi; causa/antecedente: da identificare nell'evidenza disponibile";"riconoscere l'effetto o comportamento da spiegare; recuperare il contesto pertinente; inferire la causa/intenzione/motivazione solo se supportata dalle evidenze; evitare di colmare lacune con conoscenza non presente nel video";la risposta richiede almeno un passaggio inferenziale implicito su motivazione, intenzione, stato mentale, valutazione sociale, finalità procedurale o relazione causale non direttamente osservabile;two_intervals;2;implicita;moderata;"[""causale"", ""temporale""]"
video025.mp4;1;spaziale;Dove si trova lo scivolo?;S0;0;S0;;scivolo;localizzazione dello scivolo;"identificare il referente target; recuperare una singola evidenza spaziale direttamente osservabile; restituire la localizzazione senza confronto tra fasi";"recupero spaziale diretto da una singola evidenza stabile; nessun confronto temporale o ricostruzione di stato";single_frame;1;esplicita;nessuna;"[""spaziale""]"
video025.mp4;2;temporale;La bambina con il costume azzurro va sullo scivolo prima o dopo che Aria saluti la donna?;T1;1;T1;;"bambina con il costume azzurro; scivolo; Aria; donna";"evento A: la bambina va sullo scivolo; evento B: Aria saluta la donna";"riconoscere i due eventi oppure l'evento e l'ancora temporale; localizzarli nella sequenza; determinare la relazione prima/dopo, primo/secondo, corrente/precedente o il momento richiesto";localizzazione rispetto a un'ancora temporale esplicita oppure ordinamento pairwise tra due eventi/stati direttamente identificabili;two_intervals;2;esplicita;alta;"[""temporale""]"
video025.mp4;3;causale;Perché la mamma fa i complimenti alla bambina?;C1|T1;1;C1;T1;"mamma; bambina; azione o risultato della bambina";"effetto da spiegare: la mamma fa i complimenti alla bambina; causa/antecedente: da identificare nell'evidenza disponibile";"riconoscere l'effetto; individuare un antecedente o stato direttamente osservabile/esplicitamente disponibile; verificare il nesso causale senza attribuire intenzioni o motivazioni non supportate";collegamento causale diretto tra un antecedente esplicito e una conseguenza esplicita, con al massimo due unità di evidenza;two_intervals;2;parzialmente implicita;moderata;"[""causale"", ""temporale""]"
video026.mp4;1;spaziale;Dove deve rilasciare liberi i pesi l'uomo sull'attrezzo?;S1|T0;1;S1;T0;"uomo sull'attrezzo; pesi; punto o posizione di rilascio";"evento: rilascio libero dei pesi; localizzazione del punto in cui devono essere lasciati";"riconoscere l'evento o la relazione spaziale pertinente; allineare il referente all'intervallo locale; recuperare origine, destinazione, direzione, supporto o posizione richiesta";una relazione spaziale esplicita o una localizzazione condizionata da un singolo evento osservabile nello stesso intervallo locale;local_interval;1;esplicita;moderata;"[""spaziale"", ""temporale""]"
video026.mp4;2;temporale;Dopo quale ripetizione il pelato dà assistenza?;T2;2;T2;;"uomo pelato che assiste; ripetizioni";"evento target: il pelato presta assistenza; riferimento temporale: numero della ripetizione dopo cui interviene";"riconoscere gli eventi o stati pertinenti; ricostruire l'evoluzione temporale necessaria; calcolare conteggio/durata oppure distinguere onset, continuazione e stato già completato";durata, conteggio/iterazione, selezione del primo onset tra più candidati o ricostruzione di uno stato già in corso/completato;multi_event_sequence;>=3;esplicita;alta;"[""temporale""]"
video026.mp4;3;causale;Perché l'uomo in piedi dice che 'ora è bello per lo spotter'?;C2|T1;2;C2;T1;"uomo in piedi; spotter";"effetto da spiegare: l'uomo dice «ora è bello per lo spotter»; causa/antecedente: da identificare nell'evidenza disponibile";"riconoscere l'effetto o comportamento da spiegare; recuperare il contesto pertinente; inferire la causa/intenzione/motivazione solo se supportata dalle evidenze; evitare di colmare lacune con conoscenza non presente nel video";la risposta richiede almeno un passaggio inferenziale implicito su motivazione, intenzione, stato mentale, valutazione sociale, finalità procedurale o relazione causale non direttamente osservabile;two_intervals;2;implicita;moderata;"[""causale"", ""temporale""]"
video027.mp4;1;spaziale;Dove indica di dormire l'uomo?;S1|T0;1;S1;T0;"uomo; luogo o superficie indicata per dormire";"evento: l'uomo indica dove dormire; localizzazione del luogo indicato";"riconoscere l'evento o la relazione spaziale pertinente; allineare il referente all'intervallo locale; recuperare origine, destinazione, direzione, supporto o posizione richiesta";una relazione spaziale esplicita o una localizzazione condizionata da un singolo evento osservabile nello stesso intervallo locale;local_interval;1;parzialmente implicita;moderata;"[""spaziale"", ""temporale""]"
video027.mp4;2;temporale;La ragazza ride prima o dopo aver aperto la porta?;T1;1;T1;;"ragazza; porta";"evento A: la ragazza ride; evento B: la ragazza apre la porta";"riconoscere i due eventi oppure l'evento e l'ancora temporale; localizzarli nella sequenza; determinare la relazione prima/dopo, primo/secondo, corrente/precedente o il momento richiesto";localizzazione rispetto a un'ancora temporale esplicita oppure ordinamento pairwise tra due eventi/stati direttamente identificabili;two_intervals;2;esplicita;alta;"[""temporale""]"
video027.mp4;3;causale;Perché la ragazza trova la situazione divertente?;C2|T1;2;C2;T1;"ragazza; situazione osservata";"effetto da spiegare: la ragazza trova la situazione divertente; causa/antecedente: da identificare nell'evidenza disponibile";"riconoscere l'effetto o comportamento da spiegare; recuperare il contesto pertinente; inferire la causa/intenzione/motivazione solo se supportata dalle evidenze; evitare di colmare lacune con conoscenza non presente nel video";la risposta richiede almeno un passaggio inferenziale implicito su motivazione, intenzione, stato mentale, valutazione sociale, finalità procedurale o relazione causale non direttamente osservabile;two_intervals;2;implicita;moderata;"[""causale"", ""temporale""]"
video028.mp4;1;spaziale;Dove vengono messe le banane?;S1|T0;1;S1;T0;banane;"evento: le banane vengono messe in un luogo; localizzazione della destinazione";"riconoscere l'evento o la relazione spaziale pertinente; allineare il referente all'intervallo locale; recuperare origine, destinazione, direzione, supporto o posizione richiesta";una relazione spaziale esplicita o una localizzazione condizionata da un singolo evento osservabile nello stesso intervallo locale;local_interval;1;esplicita;moderata;"[""spaziale"", ""temporale""]"
video028.mp4;2;temporale;I due uomini con gli occhiali si accordano su cosa prendere prima o dopo aver salutato l'uomo con il grembiule giallo?;T1;1;T1;;"due uomini con gli occhiali; uomo con il grembiule giallo; oggetti da prendere";"evento A: i due uomini si accordano su cosa prendere; evento B: salutano l'uomo con il grembiule giallo";"riconoscere i due eventi oppure l'evento e l'ancora temporale; localizzarli nella sequenza; determinare la relazione prima/dopo, primo/secondo, corrente/precedente o il momento richiesto";localizzazione rispetto a un'ancora temporale esplicita oppure ordinamento pairwise tra due eventi/stati direttamente identificabili;two_intervals;2;esplicita;alta;"[""temporale""]"
video028.mp4;3;causale;Perché l'uomo con gli occhiali chiede le banane all'uomo con il grembiule giallo?;C2|T1;2;C2;T1;"uomo con gli occhiali; uomo con il grembiule giallo; banane";"effetto da spiegare: l'uomo con gli occhiali chiede le banane; causa/antecedente: da identificare nell'evidenza disponibile";"riconoscere l'effetto o comportamento da spiegare; recuperare il contesto pertinente; inferire la causa/intenzione/motivazione solo se supportata dalle evidenze; evitare di colmare lacune con conoscenza non presente nel video";la risposta richiede almeno un passaggio inferenziale implicito su motivazione, intenzione, stato mentale, valutazione sociale, finalità procedurale o relazione causale non direttamente osservabile;two_intervals;2;implicita;moderata;"[""causale"", ""temporale""]"
video029.mp4;1;spaziale;Dove si trova il tabaccaio?;S0;0;S0;;"tabaccaio; luogo in cui si trova";localizzazione del tabaccaio;"identificare il referente target; recuperare una singola evidenza spaziale direttamente osservabile; restituire la localizzazione senza confronto tra fasi";"recupero spaziale diretto da una singola evidenza stabile; nessun confronto temporale o ricostruzione di stato";single_frame;1;esplicita;nessuna;"[""spaziale""]"
video029.mp4;2;temporale;Il tabaccaio si arrabbia prima o dopo che il signore con la maglia a righe dia indicazioni?;T1;1;T1;;"tabaccaio; signore con la maglia a righe; indicazioni";"evento A: il tabaccaio si arrabbia; evento B: il signore con la maglia a righe dà indicazioni";"riconoscere i due eventi oppure l'evento e l'ancora temporale; localizzarli nella sequenza; determinare la relazione prima/dopo, primo/secondo, corrente/precedente o il momento richiesto";localizzazione rispetto a un'ancora temporale esplicita oppure ordinamento pairwise tra due eventi/stati direttamente identificabili;two_intervals;2;esplicita;alta;"[""temporale""]"
video029.mp4;3;causale;Perché il signore con la camicia bianca urla al tabaccaio?;C2|T1;2;C2;T1;"signore con la camicia bianca; situazione o indicazioni";"effetto da spiegare: il signore con la camicia bianca urla al tabaccaio; causa/antecedente: da identificare nell'evidenza disponibile";"riconoscere l'effetto o comportamento da spiegare; recuperare il contesto pertinente; inferire la causa/intenzione/motivazione solo se supportata dalle evidenze; evitare di colmare lacune con conoscenza non presente nel video";la risposta richiede almeno un passaggio inferenziale implicito su motivazione, intenzione, stato mentale, valutazione sociale, finalità procedurale o relazione causale non direttamente osservabile;two_intervals;2;implicita;moderata;"[""causale"", ""temporale""]"
video030.mp4;1;spaziale;Dove vuole mettere i gonfiabili la donna fuori campo?;S1|T0;1;S1;T0;"donna fuori campo; gonfiabili";"evento: la donna propone di mettere i gonfiabili in un luogo; localizzazione della destinazione";"riconoscere l'evento o la relazione spaziale pertinente; allineare il referente all'intervallo locale; recuperare origine, destinazione, direzione, supporto o posizione richiesta";una relazione spaziale esplicita o una localizzazione condizionata da un singolo evento osservabile nello stesso intervallo locale;local_interval;1;esplicita;moderata;"[""spaziale"", ""temporale""]"
video030.mp4;2;temporale;La bambina con la maglia rosa ha cenato prima di mettere il piede in piscina o ha messo il piede in piscina prima di cenare?;T1;1;T1;;"bambina con la maglia rosa; piscina; cena";"evento A: la bambina cena; evento B: la bambina mette il piede in piscina";"riconoscere i due eventi oppure l'evento e l'ancora temporale; localizzarli nella sequenza; determinare la relazione prima/dopo, primo/secondo, corrente/precedente o il momento richiesto";localizzazione rispetto a un'ancora temporale esplicita oppure ordinamento pairwise tra due eventi/stati direttamente identificabili;two_intervals;2;esplicita;alta;"[""temporale""]"
video030.mp4;3;causale;Perché la bambina con la maglietta bianca urla?;C2|T1;2;C2;T1;bambina con la maglietta bianca;"effetto da spiegare: la bambina urla; causa/antecedente: da identificare nell'evidenza disponibile";"riconoscere l'effetto o comportamento da spiegare; recuperare il contesto pertinente; inferire la causa/intenzione/motivazione solo se supportata dalle evidenze; evitare di colmare lacune con conoscenza non presente nel video";la risposta richiede almeno un passaggio inferenziale implicito su motivazione, intenzione, stato mentale, valutazione sociale, finalità procedurale o relazione causale non direttamente osservabile;two_intervals;2;implicita;moderata;"[""causale"", ""temporale""]"
video031.mp4;1;spaziale;Dove mette la donna fuori campo l'avocado per farlo assaggiare alla bambina?;S1|T0;1;S1;T0;"donna fuori campo; avocado; bambina";"evento: la donna mette l'avocado per farlo assaggiare alla bambina; localizzazione della destinazione";"riconoscere l'evento o la relazione spaziale pertinente; allineare il referente all'intervallo locale; recuperare origine, destinazione, direzione, supporto o posizione richiesta";una relazione spaziale esplicita o una localizzazione condizionata da un singolo evento osservabile nello stesso intervallo locale;local_interval;1;esplicita;moderata;"[""spaziale"", ""temporale""]"
video031.mp4;2;temporale;La bambina acconsente a mangiare il frutto prima o dopo che la donna dica 'dai prova amore'?;T1;1;T1;;"bambina; donna; frutto; invito «dai prova amore»";"evento A: la bambina acconsente a mangiare il frutto; evento B: la donna dice «dai prova amore»";"riconoscere i due eventi oppure l'evento e l'ancora temporale; localizzarli nella sequenza; determinare la relazione prima/dopo, primo/secondo, corrente/precedente o il momento richiesto";localizzazione rispetto a un'ancora temporale esplicita oppure ordinamento pairwise tra due eventi/stati direttamente identificabili;two_intervals;2;esplicita;alta;"[""temporale""]"
video031.mp4;3;causale;Perché la bambina urla?;C2|T1;2;C2;T1;"bambina; avocado o altro stimolo; donna fuori campo";"effetto da spiegare: la bambina urla; causa/antecedente: da identificare nell'evidenza disponibile";"riconoscere l'effetto o comportamento da spiegare; recuperare il contesto pertinente; inferire la causa/intenzione/motivazione solo se supportata dalle evidenze; evitare di colmare lacune con conoscenza non presente nel video";la risposta richiede almeno un passaggio inferenziale implicito su motivazione, intenzione, stato mentale, valutazione sociale, finalità procedurale o relazione causale non direttamente osservabile;two_intervals;2;implicita;moderata;"[""causale"", ""temporale""]"
video032.mp4;1;spaziale;Dove si trova l'oggetto che vuole la bambina con la maglietta rossa e bianca?;S1|T0;1;S1;T0;"bambina con la maglietta rossa e bianca; oggetto desiderato; luogo in cui si trova";"evento: la bambina vuole un oggetto; localizzazione dell'oggetto";"riconoscere l'evento o la relazione spaziale pertinente; allineare il referente all'intervallo locale; recuperare origine, destinazione, direzione, supporto o posizione richiesta";una relazione spaziale esplicita o una localizzazione condizionata da un singolo evento osservabile nello stesso intervallo locale;local_interval;2;esplicita;moderata;"[""spaziale"", ""temporale""]"
video032.mp4;2;temporale;La bambina con la maglietta rossa e bianca prende la forchetta in mano prima o dopo che la bambina con la maglia rosa dica 'no'?;T1;1;T1;;"bambina con la maglietta rossa e bianca; bambina con la maglia rosa; forchetta";"evento A: la prima bambina prende la forchetta; evento B: la seconda bambina dice «no»";"riconoscere i due eventi oppure l'evento e l'ancora temporale; localizzarli nella sequenza; determinare la relazione prima/dopo, primo/secondo, corrente/precedente o il momento richiesto";localizzazione rispetto a un'ancora temporale esplicita oppure ordinamento pairwise tra due eventi/stati direttamente identificabili;two_intervals;2;esplicita;alta;"[""temporale""]"
video032.mp4;3;causale;Perché la bambina con la maglietta rosa dice di 'no'?;C2|T1;2;C2;T1;"bambina con la maglietta rosa; altra bambina; oggetto o azione rifiutata";"effetto da spiegare: la bambina dice «no»; causa/antecedente: da identificare nell'evidenza disponibile";"riconoscere l'effetto o comportamento da spiegare; recuperare il contesto pertinente; inferire la causa/intenzione/motivazione solo se supportata dalle evidenze; evitare di colmare lacune con conoscenza non presente nel video";la risposta richiede almeno un passaggio inferenziale implicito su motivazione, intenzione, stato mentale, valutazione sociale, finalità procedurale o relazione causale non direttamente osservabile;two_intervals;2;implicita;moderata;"[""causale"", ""temporale""]"
video033.mp4;1;spaziale;Dove si tuffano i due uomini in costume?;S1|T0;1;S1;T0;"due uomini in costume; acqua o punto di tuffo";"evento: i due uomini si tuffano; localizzazione del luogo del tuffo";"riconoscere l'evento o la relazione spaziale pertinente; allineare il referente all'intervallo locale; recuperare origine, destinazione, direzione, supporto o posizione richiesta";una relazione spaziale esplicita o una localizzazione condizionata da un singolo evento osservabile nello stesso intervallo locale;local_interval;1;esplicita;moderata;"[""spaziale"", ""temporale""]"
video033.mp4;2;temporale;Chi si trova in vantaggio per primo tra 'Bobo' e 'Massi'?;T1;1;T1;;"Bobo; Massi";"evento A: Bobo passa in vantaggio; evento B: Massi passa in vantaggio";"riconoscere i due eventi oppure l'evento e l'ancora temporale; localizzarli nella sequenza; determinare la relazione prima/dopo, primo/secondo, corrente/precedente o il momento richiesto";localizzazione rispetto a un'ancora temporale esplicita oppure ordinamento pairwise tra due eventi/stati direttamente identificabili;two_intervals;2;esplicita;alta;"[""temporale""]"
video033.mp4;3;causale;Perché la donna in sottofondo è preoccupata?;C2|T1;2;C2;T1;"donna in sottofondo; due uomini; situazione della gara o del tuffo";"effetto da spiegare: la donna è preoccupata; causa/antecedente: da identificare nell'evidenza disponibile";"riconoscere l'effetto o comportamento da spiegare; recuperare il contesto pertinente; inferire la causa/intenzione/motivazione solo se supportata dalle evidenze; evitare di colmare lacune con conoscenza non presente nel video";la risposta richiede almeno un passaggio inferenziale implicito su motivazione, intenzione, stato mentale, valutazione sociale, finalità procedurale o relazione causale non direttamente osservabile;two_intervals;2;implicita;moderata;"[""causale"", ""temporale""]"
video034.mp4;1;spaziale;Dove si trova la palla all'inizio, nelle mani di Anastasia o nelle mani di Vanessa?;S2|T1;2;S2;T1;"palla; Vanessa; mani delle due bambine";"evento o stato iniziale: la palla è nelle mani di una delle due bambine; localizzazione all'inizio del video";"identificare l'ancora temporale; recuperare lo stato spaziale nella fase richiesta; confrontare le fasi pertinenti senza introdurre cambiamenti non osservati";"recupero spaziale condizionato da una fase precedente/successiva/iniziale o dal primo occorrere di un evento; richiede confronto tra almeno due stati temporali";two_intervals;2;esplicita;alta;"[""spaziale"", ""temporale""]"
video034.mp4;2;temporale;Anastasia fa le flessioni prima o dopo che Vanessa venga rimproverata?;T1;1;T1;;"Anastasia; Vanessa; flessioni; rimprovero";"evento A: Anastasia fa le flessioni; evento B: Vanessa viene rimproverata";"riconoscere i due eventi oppure l'evento e l'ancora temporale; localizzarli nella sequenza; determinare la relazione prima/dopo, primo/secondo, corrente/precedente o il momento richiesto";localizzazione rispetto a un'ancora temporale esplicita oppure ordinamento pairwise tra due eventi/stati direttamente identificabili;two_intervals;2;esplicita;alta;"[""temporale""]"
video034.mp4;3;causale;Perché la donna rimprovera Vanessa?;C1|T1;1;C1;T1;"donna; Vanessa; comportamento di Vanessa";"effetto da spiegare: la donna rimprovera Vanessa; causa/antecedente: da identificare nell'evidenza disponibile";"riconoscere l'effetto; individuare un antecedente o stato direttamente osservabile/esplicitamente disponibile; verificare il nesso causale senza attribuire intenzioni o motivazioni non supportate";collegamento causale diretto tra un antecedente esplicito e una conseguenza esplicita, con al massimo due unità di evidenza;two_intervals;2;parzialmente implicita;moderata;"[""causale"", ""temporale""]"
video035.mp4;1;spaziale;Dove si trova il cliente che non saluta?;S1|T0;1;S1;T0;"cliente che non saluta; luogo in cui si trova";localizzazione del cliente che non saluta;"riconoscere l'evento o la relazione spaziale pertinente; allineare il referente all'intervallo locale; recuperare origine, destinazione, direzione, supporto o posizione richiesta";una relazione spaziale esplicita o una localizzazione condizionata da un singolo evento osservabile nello stesso intervallo locale;local_interval;2;esplicita;moderata;"[""spaziale"", ""temporale""]"
video035.mp4;2;temporale;Il cliente che risponde al saluto si presenta prima o dopo il cliente che non saluta?;T1;1;T1;;"cliente che risponde al saluto; cliente che non saluta; momento della presentazione";"evento A: si presenta il cliente che risponde al saluto; evento B: si presenta il cliente che non saluta";"riconoscere i due eventi oppure l'evento e l'ancora temporale; localizzarli nella sequenza; determinare la relazione prima/dopo, primo/secondo, corrente/precedente o il momento richiesto";localizzazione rispetto a un'ancora temporale esplicita oppure ordinamento pairwise tra due eventi/stati direttamente identificabili;two_intervals;2;esplicita;alta;"[""temporale""]"
video035.mp4;3;causale;Perché il contatore in rosso apparso a video aumenta?;C1|T0;1;C1;T0;contatore rosso sullo schermo;"effetto da spiegare: il contatore rosso aumenta; causa/antecedente: da identificare nell'evidenza disponibile";"riconoscere l'effetto; individuare un antecedente o stato direttamente osservabile/esplicitamente disponibile; verificare il nesso causale senza attribuire intenzioni o motivazioni non supportate";nesso causa-effetto fisico, sistemico o comportamentale direttamente osservabile nello stesso intervallo locale;local_interval;1;esplicita;moderata;"[""causale"", ""temporale""]"
video036.mp4;1;spaziale;Dove si trova il finto cieco?;S0;0;S0;;"ragazzo che finge di essere cieco; luogo in cui si trova";localizzazione del finto cieco;"identificare il referente target; recuperare una singola evidenza spaziale direttamente osservabile; restituire la localizzazione senza confronto tra fasi";"recupero spaziale diretto da una singola evidenza stabile; nessun confronto temporale o ricostruzione di stato";single_frame;1;esplicita;nessuna;"[""spaziale""]"
video036.mp4;2;temporale;Il ragazzo si abbassa gli occhiali da sole prima o dopo aver detto che si fingerà cieco?;T1;1;T1;;"ragazzo; occhiali da sole; dichiarazione di fingersi cieco";"evento A: il ragazzo abbassa gli occhiali da sole; evento B: dice che si fingerà cieco";"riconoscere i due eventi oppure l'evento e l'ancora temporale; localizzarli nella sequenza; determinare la relazione prima/dopo, primo/secondo, corrente/precedente o il momento richiesto";localizzazione rispetto a un'ancora temporale esplicita oppure ordinamento pairwise tra due eventi/stati direttamente identificabili;two_intervals;2;esplicita;alta;"[""temporale""]"
video036.mp4;3;causale;Perché il ragazzo che finge di essere cieco non attraversa la strada?;C2|T1;2;C2;T1;"ragazzo che finge di essere cieco; strada";"effetto da spiegare: il ragazzo non attraversa la strada; causa/antecedente: da identificare nell'evidenza disponibile";"riconoscere l'effetto o comportamento da spiegare; recuperare il contesto pertinente; inferire la causa/intenzione/motivazione solo se supportata dalle evidenze; evitare di colmare lacune con conoscenza non presente nel video";la risposta richiede almeno un passaggio inferenziale implicito su motivazione, intenzione, stato mentale, valutazione sociale, finalità procedurale o relazione causale non direttamente osservabile;two_intervals;2;implicita;moderata;"[""causale"", ""temporale""]"
video037.mp4;1;spaziale;Dove si trovano i rifiuti?;S0;0;S0;;"rifiuti; luogo in cui si trovano";localizzazione dei rifiuti;"identificare il referente target; recuperare una singola evidenza spaziale direttamente osservabile; restituire la localizzazione senza confronto tra fasi";"recupero spaziale diretto da una singola evidenza stabile; nessun confronto temporale o ricostruzione di stato";single_frame;1;esplicita;nessuna;"[""spaziale""]"
video037.mp4;2;temporale;Le trombette vengono suonate prima o dopo che la donna vestita di nero si pieghi?;T1;1;T1;;"trombette; donna vestita di nero";"evento A: vengono suonate le trombette; evento B: la donna vestita di nero si piega";"riconoscere i due eventi oppure l'evento e l'ancora temporale; localizzarli nella sequenza; determinare la relazione prima/dopo, primo/secondo, corrente/precedente o il momento richiesto";localizzazione rispetto a un'ancora temporale esplicita oppure ordinamento pairwise tra due eventi/stati direttamente identificabili;two_intervals;2;esplicita;alta;"[""temporale""]"
video037.mp4;3;causale;Perché il ragazzo con il cappellino a punta suona la trombetta?;C2|T1;2;C2;T1;"ragazzo con il cappellino a punta; trombetta; donna o situazione circostante";"effetto da spiegare: il ragazzo suona la trombetta; causa/antecedente: da identificare nell'evidenza disponibile";"riconoscere l'effetto o comportamento da spiegare; recuperare il contesto pertinente; inferire la causa/intenzione/motivazione solo se supportata dalle evidenze; evitare di colmare lacune con conoscenza non presente nel video";la risposta richiede almeno un passaggio inferenziale implicito su motivazione, intenzione, stato mentale, valutazione sociale, finalità procedurale o relazione causale non direttamente osservabile;two_intervals;2;implicita;moderata;"[""causale"", ""temporale""]"
video038.mp4;1;spaziale;Dove si trovano le 'ragazze'?;S0;0;S0;;"«ragazze» menzionate; luogo in cui si trovano";localizzazione delle persone chiamate «ragazze»;"identificare il referente target; recuperare una singola evidenza spaziale direttamente osservabile; restituire la localizzazione senza confronto tra fasi";"recupero spaziale diretto da una singola evidenza stabile; nessun confronto temporale o ricostruzione di stato";single_frame;1;esplicita;nessuna;"[""spaziale""]"
video038.mp4;2;temporale;L'osso viene fatto annusare prima a 'Nandina' o a 'Giulietta'?;T1;1;T1;;"osso; Nandina; Giulietta; uomo che lo fa annusare";"evento A: l'osso viene fatto annusare a Nandina; evento B: l'osso viene fatto annusare a Giulietta";"riconoscere i due eventi oppure l'evento e l'ancora temporale; localizzarli nella sequenza; determinare la relazione prima/dopo, primo/secondo, corrente/precedente o il momento richiesto";localizzazione rispetto a un'ancora temporale esplicita oppure ordinamento pairwise tra due eventi/stati direttamente identificabili;two_intervals;2;esplicita;alta;"[""temporale""]"
video038.mp4;3;causale;Perché l'uomo con la tuta blu definisce la situazione inquietante?;C2|T1;2;C2;T1;"uomo con la tuta blu; Nandina e Giulietta o altre «ragazze»; situazione osservata";"effetto da spiegare: l'uomo definisce la situazione inquietante; causa/antecedente: da identificare nell'evidenza disponibile";"riconoscere l'effetto o comportamento da spiegare; recuperare il contesto pertinente; inferire la causa/intenzione/motivazione solo se supportata dalle evidenze; evitare di colmare lacune con conoscenza non presente nel video";la risposta richiede almeno un passaggio inferenziale implicito su motivazione, intenzione, stato mentale, valutazione sociale, finalità procedurale o relazione causale non direttamente osservabile;two_intervals;2;implicita;moderata;"[""causale"", ""temporale""]"
video039.mp4;1;spaziale;Dove guarda l'uomo con la camicia azzurra quando fa un verso di sorpresa?;S1|T0;1;S1;T0;"uomo con la camicia azzurra; oggetto o persona guardata";"evento contestuale: l'uomo fa un verso di sorpresa; localizzazione della direzione del suo sguardo";"riconoscere l'evento o la relazione spaziale pertinente; allineare il referente all'intervallo locale; recuperare origine, destinazione, direzione, supporto o posizione richiesta";una relazione spaziale esplicita o una localizzazione condizionata da un singolo evento osservabile nello stesso intervallo locale;local_interval;2;esplicita;moderata;"[""spaziale"", ""temporale""]"
video039.mp4;2;temporale;L'uomo con la maglia grigia intima all'uomo in camicia che pagherà lui prima o dopo che si sono seduti?;T1;1;T1;;"uomo con la maglia grigia; uomo in camicia; conto; seduta";"evento A: l'uomo con la maglia grigia dice che pagherà lui; evento B: i due uomini si siedono";"riconoscere i due eventi oppure l'evento e l'ancora temporale; localizzarli nella sequenza; determinare la relazione prima/dopo, primo/secondo, corrente/precedente o il momento richiesto";localizzazione rispetto a un'ancora temporale esplicita oppure ordinamento pairwise tra due eventi/stati direttamente identificabili;two_intervals;2;esplicita;alta;"[""temporale""]"
video039.mp4;3;causale;Perché l'uomo con la maglietta grigia vuole pagare il conto?;C2|T1;2;C2;T1;"uomo con la maglietta grigia; altro uomo; conto";"effetto da spiegare: l'uomo vuole pagare il conto; causa/antecedente: da identificare nell'evidenza disponibile";"riconoscere l'effetto o comportamento da spiegare; recuperare il contesto pertinente; inferire la causa/intenzione/motivazione solo se supportata dalle evidenze; evitare di colmare lacune con conoscenza non presente nel video";la risposta richiede almeno un passaggio inferenziale implicito su motivazione, intenzione, stato mentale, valutazione sociale, finalità procedurale o relazione causale non direttamente osservabile;two_intervals;2;implicita;moderata;"[""causale"", ""temporale""]"
video040.mp4;1;spaziale;Dove sente bruciore Vanessa, secondo la voce fuori campo?;S1|T0;1;S1;T0;"Vanessa; parte del corpo che brucia; voce fuori campo";"stato riferito: Vanessa sente bruciore; localizzazione della parte del corpo";"riconoscere l'evento o la relazione spaziale pertinente; allineare il referente all'intervallo locale; recuperare origine, destinazione, direzione, supporto o posizione richiesta";una relazione spaziale esplicita o una localizzazione condizionata da un singolo evento osservabile nello stesso intervallo locale;local_interval;1;parzialmente implicita;moderata;"[""spaziale"", ""temporale""]"
video040.mp4;2;temporale;Quando dice la voce fuori campo che disinfetterà il piedino di Vanessa?;T1;1;T1;;"voce fuori campo; piede di Vanessa";"evento target: la voce dice che disinfetterà il piede di Vanessa; riferimento temporale: momento o evento rispetto a cui avviene";"riconoscere i due eventi oppure l'evento e l'ancora temporale; localizzarli nella sequenza; determinare la relazione prima/dopo, primo/secondo, corrente/precedente o il momento richiesto";localizzazione rispetto a un'ancora temporale esplicita oppure ordinamento pairwise tra due eventi/stati direttamente identificabili;two_intervals;2;esplicita;alta;"[""temporale""]"
video040.mp4;3;causale;Perché la voce fuori campo chiede ad Anastasia 'come va?'?;C2|T1;2;C2;T1;"voce fuori campo; Anastasia; stato fisico o emotivo di Anastasia";"effetto da spiegare: la voce chiede ad Anastasia «come va?»; causa/antecedente: da identificare nell'evidenza disponibile";"riconoscere l'effetto o comportamento da spiegare; recuperare il contesto pertinente; inferire la causa/intenzione/motivazione solo se supportata dalle evidenze; evitare di colmare lacune con conoscenza non presente nel video";la risposta richiede almeno un passaggio inferenziale implicito su motivazione, intenzione, stato mentale, valutazione sociale, finalità procedurale o relazione causale non direttamente osservabile;two_intervals;2;implicita;moderata;"[""causale"", ""temporale""]"
video041.mp4;1;spaziale;Dove sono andate le circa 60 persone secondo la tradizione?;S1|T0;1;S1;T0;"circa 60 persone; luogo della tradizione; mare o spiaggia";"evento riportato: le persone si recano in un luogo secondo la tradizione; localizzazione della destinazione";"riconoscere l'evento o la relazione spaziale pertinente; allineare il referente all'intervallo locale; recuperare origine, destinazione, direzione, supporto o posizione richiesta";una relazione spaziale esplicita o una localizzazione condizionata da un singolo evento osservabile nello stesso intervallo locale;local_interval;1;parzialmente implicita;moderata;"[""spaziale"", ""temporale""]"
video041.mp4;2;temporale;Quando si è aperto il 'Capodanno pesarese' secondo la voce narrante?;T1;1;T1;;"Capodanno pesarese; voce narrante";"evento target: apertura del Capodanno pesarese; riferimento temporale: data o momento indicato dalla voce narrante";"riconoscere i due eventi oppure l'evento e l'ancora temporale; localizzarli nella sequenza; determinare la relazione prima/dopo, primo/secondo, corrente/precedente o il momento richiesto";localizzazione rispetto a un'ancora temporale esplicita oppure ordinamento pairwise tra due eventi/stati direttamente identificabili;two_intervals;2;parzialmente implicita;alta;"[""temporale""]"
video041.mp4;3;causale;Perché le persone portano il cappello di babbo natale al mare?;C2|T1;2;C2;T1;"persone; cappelli di Babbo Natale; mare; tradizione";"effetto da spiegare: le persone portano cappelli di Babbo Natale al mare; causa/antecedente: da identificare nell'evidenza disponibile";"riconoscere l'effetto o comportamento da spiegare; recuperare il contesto pertinente; inferire la causa/intenzione/motivazione solo se supportata dalle evidenze; evitare di colmare lacune con conoscenza non presente nel video";la risposta richiede almeno un passaggio inferenziale implicito su motivazione, intenzione, stato mentale, valutazione sociale, finalità procedurale o relazione causale non direttamente osservabile;two_intervals;2;implicita;moderata;"[""causale"", ""temporale""]"
video042.mp4;1;spaziale;Dove hanno lavato le mani il bambino con la maglietta blu e la bambina con il vestito rosa?;S1|T0;1;S1;T0;"bambino con la maglietta blu; bambina con il vestito rosa; luogo per lavarsi le mani";"evento: i due bambini lavano le mani; localizzazione del luogo";"riconoscere l'evento o la relazione spaziale pertinente; allineare il referente all'intervallo locale; recuperare origine, destinazione, direzione, supporto o posizione richiesta";una relazione spaziale esplicita o una localizzazione condizionata da un singolo evento osservabile nello stesso intervallo locale;local_interval;1;esplicita;moderata;"[""spaziale"", ""temporale""]"
video042.mp4;2;temporale;Sami si mette la crema solare prima o dopo essere andata a riva?;T1;1;T1;;"Sami; crema solare; riva";"evento A: Sami mette la crema solare; evento B: Sami va a riva";"riconoscere i due eventi oppure l'evento e l'ancora temporale; localizzarli nella sequenza; determinare la relazione prima/dopo, primo/secondo, corrente/precedente o il momento richiesto";localizzazione rispetto a un'ancora temporale esplicita oppure ordinamento pairwise tra due eventi/stati direttamente identificabili;two_intervals;2;esplicita;alta;"[""temporale""]"
video042.mp4;3;causale;Perché la bambina con la maglietta gialla torna correndo sull'asciugamano?;C2|T1;2;C2;T1;"bambina con la maglietta gialla; asciugamano; luogo da cui torna";"effetto da spiegare: la bambina torna correndo sull'asciugamano; causa/antecedente: da identificare nell'evidenza disponibile";"riconoscere l'effetto o comportamento da spiegare; recuperare il contesto pertinente; inferire la causa/intenzione/motivazione solo se supportata dalle evidenze; evitare di colmare lacune con conoscenza non presente nel video";la risposta richiede almeno un passaggio inferenziale implicito su motivazione, intenzione, stato mentale, valutazione sociale, finalità procedurale o relazione causale non direttamente osservabile;two_intervals;2;implicita;moderata;"[""causale"", ""temporale""]"
video043.mp4;1;spaziale;Dove si allena la ragazza?;S0;0;S0;;"ragazza; luogo di allenamento";"evento: la ragazza si allena; localizzazione del luogo";"identificare il referente target; recuperare una singola evidenza spaziale direttamente osservabile; restituire la localizzazione senza confronto tra fasi";"recupero spaziale diretto da una singola evidenza stabile; nessun confronto temporale o ricostruzione di stato";single_frame;1;esplicita;nessuna;"[""spaziale""]"
video043.mp4;2;temporale;La ragazza con gli occhiali tira un calcio posteriore prima o dopo che l'uomo con la felpa rossa e blu le parli?;T1;1;T1;;"ragazza con gli occhiali; uomo con la felpa rossa e blu; calcio posteriore";"evento A: la ragazza esegue un calcio posteriore; evento B: l'uomo le parla";"riconoscere i due eventi oppure l'evento e l'ancora temporale; localizzarli nella sequenza; determinare la relazione prima/dopo, primo/secondo, corrente/precedente o il momento richiesto";localizzazione rispetto a un'ancora temporale esplicita oppure ordinamento pairwise tra due eventi/stati direttamente identificabili;two_intervals;2;esplicita;alta;"[""temporale""]"
video043.mp4;3;causale;Perché Sara Luconi porta gli occhiali?;C2|T1;2;C2;T1;"Sara Luconi; occhiali";"effetto da spiegare: Sara Luconi porta gli occhiali; causa/antecedente: da identificare nell'evidenza disponibile";"riconoscere l'effetto o comportamento da spiegare; recuperare il contesto pertinente; inferire la causa/intenzione/motivazione solo se supportata dalle evidenze; evitare di colmare lacune con conoscenza non presente nel video";la risposta richiede almeno un passaggio inferenziale implicito su motivazione, intenzione, stato mentale, valutazione sociale, finalità procedurale o relazione causale non direttamente osservabile;two_intervals;2;implicita;moderata;"[""causale"", ""temporale""]"
video044.mp4;1;spaziale;In questa scena tratta da un film, da dove viene afferrata la ragazza?;S1|T0;1;S1;T0;"ragazza; malvivente o persona che la afferra";"evento: la ragazza viene afferrata; localizzazione del punto di presa";"riconoscere l'evento o la relazione spaziale pertinente; allineare il referente all'intervallo locale; recuperare origine, destinazione, direzione, supporto o posizione richiesta";una relazione spaziale esplicita o una localizzazione condizionata da un singolo evento osservabile nello stesso intervallo locale;local_interval;1;esplicita;moderata;"[""spaziale"", ""temporale""]"
video044.mp4;2;temporale;In questa scena tratta da un film, la donna colpisce il malvivente prima o dopo aver detto: 'Io i soldi me li fatico'?;T1;1;T1;;"donna; malvivente; frase «Io i soldi me li fatico»";"evento A: la donna colpisce il malvivente; evento B: la donna pronuncia la frase";"riconoscere i due eventi oppure l'evento e l'ancora temporale; localizzarli nella sequenza; determinare la relazione prima/dopo, primo/secondo, corrente/precedente o il momento richiesto";localizzazione rispetto a un'ancora temporale esplicita oppure ordinamento pairwise tra due eventi/stati direttamente identificabili;two_intervals;2;esplicita;alta;"[""temporale""]"
video044.mp4;3;causale;Perché in questo spezzone di film la donna alla fine scappa?;C1|T1;1;C1;T1;"donna; malvivente; luogo della scena";"effetto da spiegare: la donna scappa alla fine; causa/antecedente: da identificare nell'evidenza disponibile";"riconoscere l'effetto; individuare un antecedente o stato direttamente osservabile/esplicitamente disponibile; verificare il nesso causale senza attribuire intenzioni o motivazioni non supportate";collegamento causale diretto tra un antecedente esplicito e una conseguenza esplicita, con al massimo due unità di evidenza;two_intervals;2;parzialmente implicita;moderata;"[""causale"", ""temporale""]"
video045.mp4;1;spaziale;Dove sono stati postati i video dei fatti raccontati al telegiornale?;S1|T0;1;S1;T0;"video dei fatti; fatti raccontati al telegiornale";"evento riportato: i video vengono pubblicati; localizzazione della piattaforma";"riconoscere l'evento o la relazione spaziale pertinente; allineare il referente all'intervallo locale; recuperare origine, destinazione, direzione, supporto o posizione richiesta";una relazione spaziale esplicita o una localizzazione condizionata da un singolo evento osservabile nello stesso intervallo locale;local_interval;1;parzialmente implicita;moderata;"[""spaziale"", ""temporale""]"
video045.mp4;2;temporale;I fatti si sono svolti prima o dopo mezzogiorno?;T1;1;T1;;"fatti narrati; mezzogiorno";"evento target: svolgimento dei fatti; riferimento temporale: mezzogiorno";"riconoscere i due eventi oppure l'evento e l'ancora temporale; localizzarli nella sequenza; determinare la relazione prima/dopo, primo/secondo, corrente/precedente o il momento richiesto";localizzazione rispetto a un'ancora temporale esplicita oppure ordinamento pairwise tra due eventi/stati direttamente identificabili;two_intervals;2;parzialmente implicita;alta;"[""temporale""]"
video045.mp4;3;causale;Perché le forze dell'ordine reclamano i rinforzi per aiutarli a sedare la folla?;C0;0;C0;;"forze dell'ordine; rinforzi; folla";"relazione causale/finalistica esplicitata nella domanda; nessun antecedente aggiuntivo deve essere ipotizzato";"recuperare la causa o finalità già espressa esplicitamente; non introdurre antecedenti ulteriori non supportati";"la finalità o relazione causale necessaria è già esplicitata nella formulazione disponibile; non è richiesta una ricostruzione causale aggiuntiva";local_interval;1;esplicita;nessuna;"[""causale""]"
video046.mp4;1;spaziale;Dove possiamo vedere che la prima risposta al comando vocale è giusta?;S1|T0;1;S1;T0;prima risposta del comando vocale;"evento: il sistema dà la prima risposta; localizzazione dell'evidenza visiva che la conferma";"riconoscere l'evento o la relazione spaziale pertinente; allineare il referente all'intervallo locale; recuperare origine, destinazione, direzione, supporto o posizione richiesta";una relazione spaziale esplicita o una localizzazione condizionata da un singolo evento osservabile nello stesso intervallo locale;local_interval;1;parzialmente implicita;moderata;"[""spaziale"", ""temporale""]"
video046.mp4;2;temporale;Il ragazzo chiede prima 'Chi ti ha programmato?' o l'orario?;T1;1;T1;;"ragazzo; domanda «Chi ti ha programmato?»; richiesta dell'orario";"evento A: il ragazzo chiede chi ha programmato il sistema; evento B: il ragazzo chiede l'orario";"riconoscere i due eventi oppure l'evento e l'ancora temporale; localizzarli nella sequenza; determinare la relazione prima/dopo, primo/secondo, corrente/precedente o il momento richiesto";localizzazione rispetto a un'ancora temporale esplicita oppure ordinamento pairwise tra due eventi/stati direttamente identificabili;two_intervals;2;esplicita;alta;"[""temporale""]"
video046.mp4;3;causale;Perché l'uomo dice che le 23:47 sono l'orario giusto?;C1|T1;1;C1;T1;"uomo; orario 23:47; dispositivo o comando vocale";"effetto da spiegare: l'uomo afferma che 23:47 è corretto; causa/antecedente: da identificare nell'evidenza disponibile";"riconoscere l'effetto; individuare un antecedente o stato direttamente osservabile/esplicitamente disponibile; verificare il nesso causale senza attribuire intenzioni o motivazioni non supportate";collegamento causale diretto tra un antecedente esplicito e una conseguenza esplicita, con al massimo due unità di evidenza;two_intervals;2;parzialmente implicita;moderata;"[""causale"", ""temporale""]"
video047.mp4;1;spaziale;Dove si trovava il telefono prima che la donna rispondesse?;S2|T1;2;S2;T1;"telefono; donna anziana";"evento contestuale: la donna risponde al telefono; localizzazione precedente del telefono";"identificare l'ancora temporale; recuperare lo stato spaziale nella fase richiesta; confrontare le fasi pertinenti senza introdurre cambiamenti non osservati";"recupero spaziale condizionato da una fase precedente/successiva/iniziale o dal primo occorrere di un evento; richiede confronto tra almeno due stati temporali";two_intervals;2;esplicita;alta;"[""spaziale"", ""temporale""]"
video047.mp4;2;temporale;La signora anziana grida 'Oddio! Cosa posso fare?' prima o dopo aver detto di essere sola?;T1;1;T1;;"donna anziana; frase «Oddio! Cosa posso fare?»; dichiarazione di essere sola";"evento A: la donna grida «Oddio! Cosa posso fare?»; evento B: dice di essere sola";"riconoscere i due eventi oppure l'evento e l'ancora temporale; localizzarli nella sequenza; determinare la relazione prima/dopo, primo/secondo, corrente/precedente o il momento richiesto";localizzazione rispetto a un'ancora temporale esplicita oppure ordinamento pairwise tra due eventi/stati direttamente identificabili;two_intervals;2;esplicita;alta;"[""temporale""]"
video047.mp4;3;causale;Perché la donna anziana è preoccupata?;C2|T1;2;C2;T1;donna anziana;"effetto da spiegare: la donna è preoccupata; causa/antecedente: da identificare nell'evidenza disponibile";"riconoscere l'effetto o comportamento da spiegare; recuperare il contesto pertinente; inferire la causa/intenzione/motivazione solo se supportata dalle evidenze; evitare di colmare lacune con conoscenza non presente nel video";la risposta richiede almeno un passaggio inferenziale implicito su motivazione, intenzione, stato mentale, valutazione sociale, finalità procedurale o relazione causale non direttamente osservabile;two_intervals;2;implicita;moderata;"[""causale"", ""temporale""]"
video048.mp4;1;spaziale;Dove sbatte la mano la professoressa?;S1|T0;1;S1;T0;"professoressa; mano";"evento: la professoressa sbatte la mano; localizzazione della superficie";"riconoscere l'evento o la relazione spaziale pertinente; allineare il referente all'intervallo locale; recuperare origine, destinazione, direzione, supporto o posizione richiesta";una relazione spaziale esplicita o una localizzazione condizionata da un singolo evento osservabile nello stesso intervallo locale;local_interval;1;esplicita;moderata;"[""spaziale"", ""temporale""]"
video048.mp4;2;temporale;Quale bambino inizia a ridere per primo?;T2;2;T2;;"bambini presenti; primo bambino che ride";"insieme di eventi: inizio della risata per ciascun bambino presente; target: identificare il primo onset";"riconoscere gli eventi o stati pertinenti; ricostruire l'evoluzione temporale necessaria; calcolare conteggio/durata oppure distinguere onset, continuazione e stato già completato";durata, conteggio/iterazione, selezione del primo onset tra più candidati o ricostruzione di uno stato già in corso/completato;multi_event_sequence;>=3;esplicita;alta;"[""temporale""]"
video048.mp4;3;causale;Perché i professori iniziano a comportarsi come dei bambini maleducati?;C2|T1;2;C2;T1;"professori; bambini; comportamento maleducato";"effetto da spiegare: i professori si comportano come bambini maleducati; causa/antecedente: da identificare nell'evidenza disponibile";"riconoscere l'effetto o comportamento da spiegare; recuperare il contesto pertinente; inferire la causa/intenzione/motivazione solo se supportata dalle evidenze; evitare di colmare lacune con conoscenza non presente nel video";la risposta richiede almeno un passaggio inferenziale implicito su motivazione, intenzione, stato mentale, valutazione sociale, finalità procedurale o relazione causale non direttamente osservabile;two_intervals;2;implicita;moderata;"[""causale"", ""temporale""]"
video049.mp4;1;spaziale;Dove si trovano gli operai?;S0;0;S0;;"operai; cantiere o luogo di lavoro";localizzazione degli operai;"identificare il referente target; recuperare una singola evidenza spaziale direttamente osservabile; restituire la localizzazione senza confronto tra fasi";"recupero spaziale diretto da una singola evidenza stabile; nessun confronto temporale o ricostruzione di stato";single_frame;1;esplicita;nessuna;"[""spaziale""]"
video049.mp4;2;temporale;Quanto tempo ci vuole ai ragazzi nel video per ottenere la qualifica di operatore edile?;T2;2;T2;;"ragazzi; qualifica di operatore edile";"evento target: conseguimento della qualifica; misura temporale: durata necessaria";"riconoscere gli eventi o stati pertinenti; ricostruire l'evoluzione temporale necessaria; calcolare conteggio/durata oppure distinguere onset, continuazione e stato già completato";durata, conteggio/iterazione, selezione del primo onset tra più candidati o ricostruzione di uno stato già in corso/completato;multi_event_sequence;2;esplicita;alta;"[""temporale""]"
video049.mp4;3;causale;Perché gli studenti stanno lavorando come manovali?;C2|T1;2;C2;T1;"studenti; lavoro da manovali";"effetto da spiegare: gli studenti lavorano come manovali; causa/antecedente: da identificare nell'evidenza disponibile";"riconoscere l'effetto o comportamento da spiegare; recuperare il contesto pertinente; inferire la causa/intenzione/motivazione solo se supportata dalle evidenze; evitare di colmare lacune con conoscenza non presente nel video";la risposta richiede almeno un passaggio inferenziale implicito su motivazione, intenzione, stato mentale, valutazione sociale, finalità procedurale o relazione causale non direttamente osservabile;two_intervals;2;implicita;moderata;"[""causale"", ""temporale""]"
video050.mp4;1;spaziale;I bambini si trovano dentro un autobus o per strada?;S0;0;S0;;"bambini; autobus; strada";stato/localizzazione: i bambini sono dentro un autobus oppure per strada;"identificare il referente target; recuperare una singola evidenza spaziale direttamente osservabile; restituire la localizzazione senza confronto tra fasi";"recupero spaziale diretto da una singola evidenza stabile; nessun confronto temporale o ricostruzione di stato";single_frame;1;esplicita;nessuna;"[""spaziale""]"
video050.mp4;2;temporale;L'app del 'Piedibus' è stata sviluppata alla nascita del progetto o dopo?;T1;1;T1;;"app Piedibus; nascita del progetto; sviluppo dell'app";"evento A: nasce il progetto Piedibus; evento B: viene sviluppata l'app";"riconoscere i due eventi oppure l'evento e l'ancora temporale; localizzarli nella sequenza; determinare la relazione prima/dopo, primo/secondo, corrente/precedente o il momento richiesto";localizzazione rispetto a un'ancora temporale esplicita oppure ordinamento pairwise tra due eventi/stati direttamente identificabili;two_intervals;2;parzialmente implicita;alta;"[""temporale""]"
video050.mp4;3;causale;Perché il 'Piedibus' è ecologico?;C2|T1;2;C2;T1;"Piedibus; bambini o partecipanti";"effetto da spiegare: il Piedibus è definito ecologico; causa/antecedente: da identificare nell'evidenza disponibile";"riconoscere l'effetto o comportamento da spiegare; recuperare il contesto pertinente; inferire la causa/intenzione/motivazione solo se supportata dalle evidenze; evitare di colmare lacune con conoscenza non presente nel video";la risposta richiede almeno un passaggio inferenziale implicito su motivazione, intenzione, stato mentale, valutazione sociale, finalità procedurale o relazione causale non direttamente osservabile;two_intervals;2;implicita;moderata;"[""causale"", ""temporale""]"
video051.mp4;1;spaziale;Dove si trova la freccia per tornare indietro?;S0;0;S0;;"freccia per tornare indietro; posizione della freccia";localizzazione della freccia di navigazione all'indietro;"identificare il referente target; recuperare una singola evidenza spaziale direttamente osservabile; restituire la localizzazione senza confronto tra fasi";"recupero spaziale diretto da una singola evidenza stabile; nessun confronto temporale o ricostruzione di stato";single_frame;1;esplicita;nessuna;"[""spaziale""]"
video051.mp4;2;temporale;La bambina si muove prima o dopo che le voci fuori campo elogino il bambino?;T1;1;T1;;"bambina; bambino; voci fuori campo";"evento A: la bambina si muove; evento B: le voci fuori campo elogiano il bambino";"riconoscere i due eventi oppure l'evento e l'ancora temporale; localizzarli nella sequenza; determinare la relazione prima/dopo, primo/secondo, corrente/precedente o il momento richiesto";localizzazione rispetto a un'ancora temporale esplicita oppure ordinamento pairwise tra due eventi/stati direttamente identificabili;two_intervals;2;esplicita;alta;"[""temporale""]"
video051.mp4;3;causale;Perché la donna fuori campo è contenta della bambina che si muove indietro?;C2|T1;2;C2;T1;"donna fuori campo; bambina; movimento all'indietro";"effetto da spiegare: la donna è contenta del movimento all'indietro della bambina; causa/antecedente: da identificare nell'evidenza disponibile";"riconoscere l'effetto o comportamento da spiegare; recuperare il contesto pertinente; inferire la causa/intenzione/motivazione solo se supportata dalle evidenze; evitare di colmare lacune con conoscenza non presente nel video";la risposta richiede almeno un passaggio inferenziale implicito su motivazione, intenzione, stato mentale, valutazione sociale, finalità procedurale o relazione causale non direttamente osservabile;two_intervals;2;implicita;moderata;"[""causale"", ""temporale""]"
video052.mp4;1;spaziale;Dove si trovava l'oggetto che pesa un quintale prima che l'uomo lo prendesse in mano?;S2|T1;2;S2;T1;"oggetto che pesa un quintale; uomo; luogo iniziale dell'oggetto";"evento contestuale: l'uomo prende l'oggetto in mano; localizzazione precedente dell'oggetto";"identificare l'ancora temporale; recuperare lo stato spaziale nella fase richiesta; confrontare le fasi pertinenti senza introdurre cambiamenti non osservati";"recupero spaziale condizionato da una fase precedente/successiva/iniziale o dal primo occorrere di un evento; richiede confronto tra almeno due stati temporali";two_intervals;2;esplicita;alta;"[""spaziale"", ""temporale""]"
video052.mp4;2;temporale;L'uomo con la pelliccia tossisce prima o dopo aver preso la bambola in mano?;T1;1;T1;;"uomo con la pelliccia; bambola";"evento A: l'uomo tossisce; evento B: l'uomo prende la bambola in mano";"riconoscere i due eventi oppure l'evento e l'ancora temporale; localizzarli nella sequenza; determinare la relazione prima/dopo, primo/secondo, corrente/precedente o il momento richiesto";localizzazione rispetto a un'ancora temporale esplicita oppure ordinamento pairwise tra due eventi/stati direttamente identificabili;two_intervals;2;esplicita;alta;"[""temporale""]"
video052.mp4;3;causale;Perché l'uomo con il cappello dà la bambola all'uomo con il sigaro?;C2|T1;2;C2;T1;"uomo con il cappello; uomo con il sigaro; bambola";"effetto da spiegare: l'uomo con il cappello dà la bambola all'uomo con il sigaro; causa/antecedente: da identificare nell'evidenza disponibile";"riconoscere l'effetto o comportamento da spiegare; recuperare il contesto pertinente; inferire la causa/intenzione/motivazione solo se supportata dalle evidenze; evitare di colmare lacune con conoscenza non presente nel video";la risposta richiede almeno un passaggio inferenziale implicito su motivazione, intenzione, stato mentale, valutazione sociale, finalità procedurale o relazione causale non direttamente osservabile;two_intervals;2;implicita;moderata;"[""causale"", ""temporale""]"
video053.mp4;1;spaziale;Dove si mette la mano il facchino quando il receptionist gli dice: 'Hai visto che sventola?';S1|T0;1;S1;T0;"facchino; receptionist; mano del facchino; persona definita «sventola»";"evento contestuale: il receptionist dice «Hai visto che sventola?»; localizzazione della mano del facchino";"riconoscere l'evento o la relazione spaziale pertinente; allineare il referente all'intervallo locale; recuperare origine, destinazione, direzione, supporto o posizione richiesta";una relazione spaziale esplicita o una localizzazione condizionata da un singolo evento osservabile nello stesso intervallo locale;local_interval;2;esplicita;moderata;"[""spaziale"", ""temporale""]"
video053.mp4;2;temporale;La donna con la pelliccia bianca si tappa le orecchie prima o dopo che il receptionist prema il campanello?;T1;1;T1;;"donna con la pelliccia bianca; receptionist; campanello; orecchie";"evento A: la donna si tappa le orecchie; evento B: il receptionist preme il campanello";"riconoscere i due eventi oppure l'evento e l'ancora temporale; localizzarli nella sequenza; determinare la relazione prima/dopo, primo/secondo, corrente/precedente o il momento richiesto";localizzazione rispetto a un'ancora temporale esplicita oppure ordinamento pairwise tra due eventi/stati direttamente identificabili;two_intervals;2;esplicita;alta;"[""temporale""]"
video053.mp4;3;causale;Perché il receptionist non dà la chiave all'uomo con la pelliccia?;C2|T1;2;C2;T1;"receptionist; uomo con la pelliccia; chiave";"effetto da spiegare: il receptionist non dà la chiave all'uomo; causa/antecedente: da identificare nell'evidenza disponibile";"riconoscere l'effetto o comportamento da spiegare; recuperare il contesto pertinente; inferire la causa/intenzione/motivazione solo se supportata dalle evidenze; evitare di colmare lacune con conoscenza non presente nel video";la risposta richiede almeno un passaggio inferenziale implicito su motivazione, intenzione, stato mentale, valutazione sociale, finalità procedurale o relazione causale non direttamente osservabile;two_intervals;2;implicita;moderata;"[""causale"", ""temporale""]"
video054.mp4;1;spaziale;Dove stanno passando per andare al mare?;S1|T0;1;S1;T0;"persone in viaggio; mare";"evento: le persone passano da un luogo per andare al mare; localizzazione del percorso";"riconoscere l'evento o la relazione spaziale pertinente; allineare il referente all'intervallo locale; recuperare origine, destinazione, direzione, supporto o posizione richiesta";una relazione spaziale esplicita o una localizzazione condizionata da un singolo evento osservabile nello stesso intervallo locale;local_interval;1;esplicita;moderata;"[""spaziale"", ""temporale""]"
video054.mp4;2;temporale;Hanno appena visto quindici Cinquecento grigie o è successo prima?;T1;1;T1;;"persone nel veicolo; quindici Fiat Cinquecento grigie";"evento A: vengono viste quindici Cinquecento grigie nel momento corrente; evento B: l'avvistamento è avvenuto in precedenza";"riconoscere i due eventi oppure l'evento e l'ancora temporale; localizzarli nella sequenza; determinare la relazione prima/dopo, primo/secondo, corrente/precedente o il momento richiesto";localizzazione rispetto a un'ancora temporale esplicita oppure ordinamento pairwise tra due eventi/stati direttamente identificabili;two_intervals;2;esplicita;alta;"[""temporale""]"
video054.mp4;3;causale;Perché la bambina con la maglia azzurra crede che non troveranno più la macchina?;C2|T1;2;C2;T1;"bambina con la maglia azzurra; macchina della famiglia; altre Cinquecento";"effetto da spiegare: la bambina teme di non ritrovare la macchina; causa/antecedente: da identificare nell'evidenza disponibile";"riconoscere l'effetto o comportamento da spiegare; recuperare il contesto pertinente; inferire la causa/intenzione/motivazione solo se supportata dalle evidenze; evitare di colmare lacune con conoscenza non presente nel video";la risposta richiede almeno un passaggio inferenziale implicito su motivazione, intenzione, stato mentale, valutazione sociale, finalità procedurale o relazione causale non direttamente osservabile;two_intervals;2;implicita;moderata;"[""causale"", ""temporale""]"
video055.mp4;1;spaziale;Dove si svolge la scena?;S0;0;S0;;persone della scena;localizzazione complessiva della scena;"identificare il referente target; recuperare una singola evidenza spaziale direttamente osservabile; restituire la localizzazione senza confronto tra fasi";"recupero spaziale diretto da una singola evidenza stabile; nessun confronto temporale o ricostruzione di stato";single_frame;1;esplicita;nessuna;"[""spaziale""]"
video055.mp4;2;temporale;Il padre è andato a farsi il bagno prima o dopo le bambine?;T1;1;T1;;"padre; bambine; bagno in acqua";"evento A: il padre va a fare il bagno; evento B: le bambine vanno a fare il bagno";"riconoscere i due eventi oppure l'evento e l'ancora temporale; localizzarli nella sequenza; determinare la relazione prima/dopo, primo/secondo, corrente/precedente o il momento richiesto";localizzazione rispetto a un'ancora temporale esplicita oppure ordinamento pairwise tra due eventi/stati direttamente identificabili;two_intervals;2;esplicita;alta;"[""temporale""]"
video055.mp4;3;causale;Perché Vane corre subito indietro quando tocca l'acqua?;C2|T1;2;C2;T1;"Vane; acqua";"effetto da spiegare: Vane corre subito indietro quando tocca l'acqua; causa/antecedente: da identificare nell'evidenza disponibile";"riconoscere l'effetto o comportamento da spiegare; recuperare il contesto pertinente; inferire la causa/intenzione/motivazione solo se supportata dalle evidenze; evitare di colmare lacune con conoscenza non presente nel video";la risposta richiede almeno un passaggio inferenziale implicito su motivazione, intenzione, stato mentale, valutazione sociale, finalità procedurale o relazione causale non direttamente osservabile;two_intervals;2;implicita;moderata;"[""causale"", ""temporale""]"
video056.mp4;1;spaziale;Dove si trova il pecorino in crema?;S0;0;S0;;pecorino in crema;localizzazione del pecorino in crema;"identificare il referente target; recuperare una singola evidenza spaziale direttamente osservabile; restituire la localizzazione senza confronto tra fasi";"recupero spaziale diretto da una singola evidenza stabile; nessun confronto temporale o ricostruzione di stato";single_frame;1;esplicita;nessuna;"[""spaziale""]"
video056.mp4;2;temporale;La bambina mangia prima o dopo che venga buttato via l'insetto?;T1;1;T1;;"bambina; insetto";"evento A: la bambina mangia; evento B: l'insetto viene buttato via";"riconoscere i due eventi oppure l'evento e l'ancora temporale; localizzarli nella sequenza; determinare la relazione prima/dopo, primo/secondo, corrente/precedente o il momento richiesto";localizzazione rispetto a un'ancora temporale esplicita oppure ordinamento pairwise tra due eventi/stati direttamente identificabili;two_intervals;2;esplicita;alta;"[""temporale""]"
video056.mp4;3;causale;Perché la bambina butta via l'insetto?;C2|T1;2;C2;T1;"bambina; insetto";"effetto da spiegare: la bambina butta via l'insetto; causa/antecedente: da identificare nell'evidenza disponibile";"riconoscere l'effetto o comportamento da spiegare; recuperare il contesto pertinente; inferire la causa/intenzione/motivazione solo se supportata dalle evidenze; evitare di colmare lacune con conoscenza non presente nel video";la risposta richiede almeno un passaggio inferenziale implicito su motivazione, intenzione, stato mentale, valutazione sociale, finalità procedurale o relazione causale non direttamente osservabile;two_intervals;2;implicita;moderata;"[""causale"", ""temporale""]"
video057.mp4;1;spaziale;I 'malloreddus alla campidanese' sono nel piatto di Anastasia o in quello di un'altra bambina?;S0;0;S0;;"malloreddus alla campidanese; piatto di Anastasia; piatto di un'altra bambina";localizzazione della pietanza rispetto ai due piatti;"identificare il referente target; recuperare una singola evidenza spaziale direttamente osservabile; restituire la localizzazione senza confronto tra fasi";"recupero spaziale diretto da una singola evidenza stabile; nessun confronto temporale o ricostruzione di stato";single_frame;1;esplicita;nessuna;"[""spaziale""]"
video057.mp4;2;temporale;Anastasia inizia a masticare dopo che la voce le chiede se è buona o stava già masticando?;T2;2;T2;;"Anastasia; voce fuori campo";"evento A: la voce chiede ad Anastasia se il cibo è buono; stato target: stabilire se Anastasia stava già masticando oppure se inizia dopo la domanda";"riconoscere gli eventi o stati pertinenti; ricostruire l'evoluzione temporale necessaria; calcolare conteggio/durata oppure distinguere onset, continuazione e stato già completato";durata, conteggio/iterazione, selezione del primo onset tra più candidati o ricostruzione di uno stato già in corso/completato;two_intervals;2;esplicita;alta;"[""temporale""]"
video057.mp4;3;causale;Perché la donna fuori campo dice che c'è un profumo buonissimo?;C1|T0;1;C1;T0;"donna fuori campo; cibo o piatto; profumo";"effetto da spiegare: la donna dice che c'è un profumo buonissimo; causa/antecedente: da identificare nell'evidenza disponibile";"riconoscere l'effetto; individuare un antecedente o stato direttamente osservabile/esplicitamente disponibile; verificare il nesso causale senza attribuire intenzioni o motivazioni non supportate";nesso causa-effetto fisico, sistemico o comportamentale direttamente osservabile nello stesso intervallo locale;local_interval;1;esplicita;moderata;"[""causale"", ""temporale""]"
video058.mp4;1;spaziale;Dove si trova la macchia che sembra un livido?;S0;0;S0;;"macchia simile a un livido; parte del corpo della bambina";localizzazione della macchia;"identificare il referente target; recuperare una singola evidenza spaziale direttamente osservabile; restituire la localizzazione senza confronto tra fasi";"recupero spaziale diretto da una singola evidenza stabile; nessun confronto temporale o ricostruzione di stato";single_frame;1;esplicita;nessuna;"[""spaziale""]"
video058.mp4;2;temporale;Anastasia fa un balletto mentre è sul treno o dopo che è scesa?;T1;1;T1;;"Anastasia; treno; balletto";"evento A: Anastasia fa un balletto sul treno; evento B: Anastasia scende dal treno";"riconoscere i due eventi oppure l'evento e l'ancora temporale; localizzarli nella sequenza; determinare la relazione prima/dopo, primo/secondo, corrente/precedente o il momento richiesto";localizzazione rispetto a un'ancora temporale esplicita oppure ordinamento pairwise tra due eventi/stati direttamente identificabili;two_intervals;2;esplicita;alta;"[""temporale""]"
video058.mp4;3;causale;Perché la donna crede che la bambina abbia preso un pugno?;C2|T1;2;C2;T1;"donna; bambina; macchia o livido; pugno ipotizzato";"effetto da spiegare: la donna pensa che la bambina abbia ricevuto un pugno; causa/antecedente: da identificare nell'evidenza disponibile";"riconoscere l'effetto o comportamento da spiegare; recuperare il contesto pertinente; inferire la causa/intenzione/motivazione solo se supportata dalle evidenze; evitare di colmare lacune con conoscenza non presente nel video";la risposta richiede almeno un passaggio inferenziale implicito su motivazione, intenzione, stato mentale, valutazione sociale, finalità procedurale o relazione causale non direttamente osservabile;two_intervals;2;implicita;moderata;"[""causale"", ""temporale""]"
video059.mp4;1;spaziale;Dove sono seduti?;S0;0;S0;;"persone sedute; seduta o luogo";localizzazione delle persone sedute;"identificare il referente target; recuperare una singola evidenza spaziale direttamente osservabile; restituire la localizzazione senza confronto tra fasi";"recupero spaziale diretto da una singola evidenza stabile; nessun confronto temporale o ricostruzione di stato";single_frame;1;esplicita;nessuna;"[""spaziale""]"
video059.mp4;2;temporale;La bambina dice prima che, quando sono saliti, la gondola dondolava oppure che è rilassante?;T1;1;T1;;"bambina; gondola; dichiarazione sul dondolio; dichiarazione «è rilassante»";"evento A: la bambina spiega che, quando sono saliti, la gondola dondolava; evento B: la bambina dice che è rilassante";"riconoscere i due eventi oppure l'evento e l'ancora temporale; localizzarli nella sequenza; determinare la relazione prima/dopo, primo/secondo, corrente/precedente o il momento richiesto";localizzazione rispetto a un'ancora temporale esplicita oppure ordinamento pairwise tra due eventi/stati direttamente identificabili;two_intervals;2;esplicita;alta;"[""temporale""]"
video059.mp4;3;causale;Perché la bambina con la canottiera verde/azzurra sorride?;C2|T1;2;C2;T1;persona con la canottiera verde/azzurra;"effetto da spiegare: la persona sorride; causa/antecedente: da identificare nell'evidenza disponibile";"riconoscere l'effetto o comportamento da spiegare; recuperare il contesto pertinente; inferire la causa/intenzione/motivazione solo se supportata dalle evidenze; evitare di colmare lacune con conoscenza non presente nel video";la risposta richiede almeno un passaggio inferenziale implicito su motivazione, intenzione, stato mentale, valutazione sociale, finalità procedurale o relazione causale non direttamente osservabile;two_intervals;2;implicita;moderata;"[""causale"", ""temporale""]"
video060.mp4;1;spaziale;Dove si attacca la sabbia alla bambina dopo essersi asciugata?;S2|T1;2;S2;T1;"sabbia; bambina; asciugamano";"evento contestuale: la bambina si asciuga; localizzazione della sabbia che si attacca";"identificare l'ancora temporale; recuperare lo stato spaziale nella fase richiesta; confrontare le fasi pertinenti senza introdurre cambiamenti non osservati";"recupero spaziale condizionato da una fase precedente/successiva/iniziale o dal primo occorrere di un evento; richiede confronto tra almeno due stati temporali";two_intervals;2;esplicita;alta;"[""spaziale"", ""temporale""]"
video060.mp4;2;temporale;La bambina indica col dito la sabbia prima o dopo che le si è attaccata alla mano?;T1;1;T1;;"bambina; sabbia; mano; dito";"evento A: la bambina indica la sabbia con il dito; evento B: la sabbia si attacca alla mano";"riconoscere i due eventi oppure l'evento e l'ancora temporale; localizzarli nella sequenza; determinare la relazione prima/dopo, primo/secondo, corrente/precedente o il momento richiesto";localizzazione rispetto a un'ancora temporale esplicita oppure ordinamento pairwise tra due eventi/stati direttamente identificabili;two_intervals;2;esplicita;alta;"[""temporale""]"
video060.mp4;3;causale;Perché, dopo che la bambina tocca l'asciugamano, la sabbia le si attacca alla mano?;C1|T0;1;C1;T0;"bambina; asciugamano; sabbia; mano";"effetto da spiegare: la sabbia si attacca alla mano dopo il contatto con l'asciugamano; causa/antecedente: da identificare nell'evidenza disponibile";"riconoscere l'effetto; individuare un antecedente o stato direttamente osservabile/esplicitamente disponibile; verificare il nesso causale senza attribuire intenzioni o motivazioni non supportate";nesso causa-effetto fisico, sistemico o comportamentale direttamente osservabile nello stesso intervallo locale;local_interval;1;esplicita;moderata;"[""causale"", ""temporale""]"
video061.mp4;1;spaziale;Dove è caduto il telefono?;S1|T0;1;S1;T0;"telefono; punto o superficie di caduta";localizzazione del luogo in cui cade il telefono;"riconoscere l'evento o la relazione spaziale pertinente; allineare il referente all'intervallo locale; recuperare origine, destinazione, direzione, supporto o posizione richiesta";una relazione spaziale esplicita o una localizzazione condizionata da un singolo evento osservabile nello stesso intervallo locale;local_interval;1;esplicita;moderata;"[""spaziale"", ""temporale""]"
video061.mp4;2;temporale;Il telefono cade a terra prima che la donna entri nella stanza o dopo?;T1;1;T1;;"telefono; donna; stanza";"evento A: il telefono cade a terra; evento B: la donna entra nella stanza";"riconoscere i due eventi oppure l'evento e l'ancora temporale; localizzarli nella sequenza; determinare la relazione prima/dopo, primo/secondo, corrente/precedente o il momento richiesto";localizzazione rispetto a un'ancora temporale esplicita oppure ordinamento pairwise tra due eventi/stati direttamente identificabili;two_intervals;2;esplicita;alta;"[""temporale""]"
video061.mp4;3;causale;Perché la mamma rimprovera le bambine?;C1|T1;1;C1;T1;"mamma; bambine; telefono caduto o altro comportamento";"effetto da spiegare: la mamma rimprovera le bambine; causa/antecedente: da identificare nell'evidenza disponibile";"riconoscere l'effetto; individuare un antecedente o stato direttamente osservabile/esplicitamente disponibile; verificare il nesso causale senza attribuire intenzioni o motivazioni non supportate";collegamento causale diretto tra un antecedente esplicito e una conseguenza esplicita, con al massimo due unità di evidenza;two_intervals;2;parzialmente implicita;moderata;"[""causale"", ""temporale""]"
video062.mp4;1;spaziale;Dove appoggia la gonna la signora per controllare che le stia bene?;S1|T0;1;S1;T0;"signora; gonna";"evento: la signora appoggia la gonna per verificarne la vestibilità; localizzazione del punto di appoggio";"riconoscere l'evento o la relazione spaziale pertinente; allineare il referente all'intervallo locale; recuperare origine, destinazione, direzione, supporto o posizione richiesta";una relazione spaziale esplicita o una localizzazione condizionata da un singolo evento osservabile nello stesso intervallo locale;local_interval;1;esplicita;moderata;"[""spaziale"", ""temporale""]"
video062.mp4;2;temporale;Dopo la gonna, la signora vuole vedere un'altra gonna o un pantalone?;T1;1;T1;;"signora; prima gonna; altra gonna; pantalone";"evento A: la signora esamina la gonna; evento B: sceglie di vedere un altro capo, una gonna o un pantalone";"riconoscere i due eventi oppure l'evento e l'ancora temporale; localizzarli nella sequenza; determinare la relazione prima/dopo, primo/secondo, corrente/precedente o il momento richiesto";localizzazione rispetto a un'ancora temporale esplicita oppure ordinamento pairwise tra due eventi/stati direttamente identificabili;two_intervals;2;esplicita;alta;"[""temporale""]"
video062.mp4;3;causale;Perché la donna scarta la prima gonna?;C2|T1;2;C2;T1;"donna; prima gonna";"effetto da spiegare: la donna scarta la prima gonna; causa/antecedente: da identificare nell'evidenza disponibile";"riconoscere l'effetto o comportamento da spiegare; recuperare il contesto pertinente; inferire la causa/intenzione/motivazione solo se supportata dalle evidenze; evitare di colmare lacune con conoscenza non presente nel video";la risposta richiede almeno un passaggio inferenziale implicito su motivazione, intenzione, stato mentale, valutazione sociale, finalità procedurale o relazione causale non direttamente osservabile;two_intervals;2;implicita;moderata;"[""causale"", ""temporale""]"
video063.mp4;1;spaziale;Dove si trova Gigi?;S0;0;S0;;"Gigi; luogo in cui si trova";localizzazione di Gigi;"identificare il referente target; recuperare una singola evidenza spaziale direttamente osservabile; restituire la localizzazione senza confronto tra fasi";"recupero spaziale diretto da una singola evidenza stabile; nessun confronto temporale o ricostruzione di stato";single_frame;1;esplicita;nessuna;"[""spaziale""]"
video063.mp4;2;temporale;Gigi inizia a cantare prima o dopo che la bambina parli?;T1;1;T1;;"Gigi; bambina; canto o parlato";"evento A: Gigi inizia a cantare; evento B: la bambina parla";"riconoscere i due eventi oppure l'evento e l'ancora temporale; localizzarli nella sequenza; determinare la relazione prima/dopo, primo/secondo, corrente/precedente o il momento richiesto";localizzazione rispetto a un'ancora temporale esplicita oppure ordinamento pairwise tra due eventi/stati direttamente identificabili;two_intervals;2;esplicita;alta;"[""temporale""]"
video063.mp4;3;causale;Perché Gigi canta?;C2|T1;2;C2;T1;"Gigi; bambina o altri interlocutori";"effetto da spiegare: Gigi canta; causa/antecedente: da identificare nell'evidenza disponibile";"riconoscere l'effetto o comportamento da spiegare; recuperare il contesto pertinente; inferire la causa/intenzione/motivazione solo se supportata dalle evidenze; evitare di colmare lacune con conoscenza non presente nel video";la risposta richiede almeno un passaggio inferenziale implicito su motivazione, intenzione, stato mentale, valutazione sociale, finalità procedurale o relazione causale non direttamente osservabile;two_intervals;2;implicita;moderata;"[""causale"", ""temporale""]"
video064.mp4;1;spaziale;Da dove viene il cuscino?;S1|T0;1;S1;T0;"cuscino; divano; bambine";"evento: il cuscino arriva o viene preso da un luogo; localizzazione dell'origine";"riconoscere l'evento o la relazione spaziale pertinente; allineare il referente all'intervallo locale; recuperare origine, destinazione, direzione, supporto o posizione richiesta";una relazione spaziale esplicita o una localizzazione condizionata da un singolo evento osservabile nello stesso intervallo locale;local_interval;1;esplicita;moderata;"[""spaziale"", ""temporale""]"
video064.mp4;2;temporale;Le due bambine sistemano il cuscino sul divano prima o dopo che la bambina con il pigiama rosa scenda le scale?;T1;1;T1;;"due bambine; cuscino; divano; bambina con il pigiama rosa; scale";"evento A: le due bambine sistemano il cuscino sul divano; evento B: la bambina con il pigiama rosa scende le scale";"riconoscere i due eventi oppure l'evento e l'ancora temporale; localizzarli nella sequenza; determinare la relazione prima/dopo, primo/secondo, corrente/precedente o il momento richiesto";localizzazione rispetto a un'ancora temporale esplicita oppure ordinamento pairwise tra due eventi/stati direttamente identificabili;two_intervals;2;esplicita;alta;"[""temporale""]"
video064.mp4;3;causale;Perché la ragazza sdraiata sul divano si agita?;C2|T1;2;C2;T1;"ragazza sdraiata sul divano; cuscino o bambine";"effetto da spiegare: la ragazza sul divano si agita; causa/antecedente: da identificare nell'evidenza disponibile";"riconoscere l'effetto o comportamento da spiegare; recuperare il contesto pertinente; inferire la causa/intenzione/motivazione solo se supportata dalle evidenze; evitare di colmare lacune con conoscenza non presente nel video";la risposta richiede almeno un passaggio inferenziale implicito su motivazione, intenzione, stato mentale, valutazione sociale, finalità procedurale o relazione causale non direttamente osservabile;two_intervals;2;implicita;moderata;"[""causale"", ""temporale""]"
video065.mp4;1;spaziale;Dove si svolge la premiazione?;S0;0;S0;;"premiazione; ragazzi premiati";localizzazione della cerimonia di premiazione;"identificare il referente target; recuperare una singola evidenza spaziale direttamente osservabile; restituire la localizzazione senza confronto tra fasi";"recupero spaziale diretto da una singola evidenza stabile; nessun confronto temporale o ricostruzione di stato";single_frame;1;esplicita;nessuna;"[""spaziale""]"
video065.mp4;2;temporale;I ragazzi che ricevono la premiazione hanno già conseguito il diploma di maturità o lo stanno ricevendo ora?;T2;2;T2;;"ragazzi premiati; diploma di maturità";"evento/stato A: conseguimento del diploma di maturità; evento/stato B: premiazione attuale; target: distinguere stato già completato da evento in corso";"riconoscere gli eventi o stati pertinenti; ricostruire l'evoluzione temporale necessaria; calcolare conteggio/durata oppure distinguere onset, continuazione e stato già completato";durata, conteggio/iterazione, selezione del primo onset tra più candidati o ricostruzione di uno stato già in corso/completato;two_intervals;2;esplicita;alta;"[""temporale""]"
video065.mp4;3;causale;Perché il ragazzo con la giacca grigia riceve un premio?;C1|T1;1;C1;T1;"ragazzo con la giacca grigia; premio";"effetto da spiegare: il ragazzo riceve un premio; causa/antecedente: da identificare nell'evidenza disponibile";"riconoscere l'effetto; individuare un antecedente o stato direttamente osservabile/esplicitamente disponibile; verificare il nesso causale senza attribuire intenzioni o motivazioni non supportate";collegamento causale diretto tra un antecedente esplicito e una conseguenza esplicita, con al massimo due unità di evidenza;two_intervals;2;parzialmente implicita;moderata;"[""causale"", ""temporale""]"
video066.mp4;1;spaziale;Dove si trova il quadro di Antonio?;S0;0;S0;;"quadro di Antonio; parete o luogo in cui si trova";localizzazione del quadro di Antonio;"identificare il referente target; recuperare una singola evidenza spaziale direttamente osservabile; restituire la localizzazione senza confronto tra fasi";"recupero spaziale diretto da una singola evidenza stabile; nessun confronto temporale o ricostruzione di stato";single_frame;1;esplicita;nessuna;"[""spaziale""]"
video066.mp4;2;temporale;La donna dice che l'uomo ha una fissazione prima o dopo aver ricevuto il suo regalo?;T1;1;T1;;"donna; uomo; regalo; fissazione";"evento A: la donna dice che l'uomo ha una fissazione; evento B: l'uomo riceve il regalo";"riconoscere i due eventi oppure l'evento e l'ancora temporale; localizzarli nella sequenza; determinare la relazione prima/dopo, primo/secondo, corrente/precedente o il momento richiesto";localizzazione rispetto a un'ancora temporale esplicita oppure ordinamento pairwise tra due eventi/stati direttamente identificabili;two_intervals;2;esplicita;alta;"[""temporale""]"
video066.mp4;3;causale;Perché Peppino chiede a Lietta di togliere il quadro?;C2|T1;2;C2;T1;"Peppino; Lietta; quadro";"effetto da spiegare: Peppino chiede a Lietta di togliere il quadro; causa/antecedente: da identificare nell'evidenza disponibile";"riconoscere l'effetto o comportamento da spiegare; recuperare il contesto pertinente; inferire la causa/intenzione/motivazione solo se supportata dalle evidenze; evitare di colmare lacune con conoscenza non presente nel video";la risposta richiede almeno un passaggio inferenziale implicito su motivazione, intenzione, stato mentale, valutazione sociale, finalità procedurale o relazione causale non direttamente osservabile;two_intervals;2;implicita;moderata;"[""causale"", ""temporale""]"
video067.mp4;1;spaziale;Dove mette le mani l'uomo col cappello?;S1|T0;1;S1;T0;"uomo col cappello; mani; altra persona o superficie su cui le mette";"evento: l'uomo mette le mani in una posizione; localizzazione del punto di contatto";"riconoscere l'evento o la relazione spaziale pertinente; allineare il referente all'intervallo locale; recuperare origine, destinazione, direzione, supporto o posizione richiesta";una relazione spaziale esplicita o una localizzazione condizionata da un singolo evento osservabile nello stesso intervallo locale;local_interval;1;esplicita;moderata;"[""spaziale"", ""temporale""]"
video067.mp4;2;temporale;L'uomo con il cappello ride prima o dopo che l'uomo in grigio scansi le sue mani?;T1;1;T1;;"uomo col cappello; uomo in grigio; mani";"evento A: l'uomo col cappello ride; evento B: l'uomo in grigio scansa le sue mani";"riconoscere i due eventi oppure l'evento e l'ancora temporale; localizzarli nella sequenza; determinare la relazione prima/dopo, primo/secondo, corrente/precedente o il momento richiesto";localizzazione rispetto a un'ancora temporale esplicita oppure ordinamento pairwise tra due eventi/stati direttamente identificabili;two_intervals;2;esplicita;alta;"[""temporale""]"
video067.mp4;3;causale;Perché l'uomo senza cappello continua a spostare le mani dell'uomo col cappello?;C2|T1;2;C2;T1;"uomo senza cappello; uomo col cappello; mani";"effetto da spiegare: l'uomo senza cappello continua a spostare le mani dell'altro; causa/antecedente: da identificare nell'evidenza disponibile";"riconoscere l'effetto o comportamento da spiegare; recuperare il contesto pertinente; inferire la causa/intenzione/motivazione solo se supportata dalle evidenze; evitare di colmare lacune con conoscenza non presente nel video";la risposta richiede almeno un passaggio inferenziale implicito su motivazione, intenzione, stato mentale, valutazione sociale, finalità procedurale o relazione causale non direttamente osservabile;two_intervals;2;implicita;moderata;"[""causale"", ""temporale""]"
video068.mp4;1;spaziale;Dove si trova la reception?;S0;0;S0;;reception;localizzazione della reception;"identificare il referente target; recuperare una singola evidenza spaziale direttamente osservabile; restituire la localizzazione senza confronto tra fasi";"recupero spaziale diretto da una singola evidenza stabile; nessun confronto temporale o ricostruzione di stato";single_frame;1;esplicita;nessuna;"[""spaziale""]"
video068.mp4;2;temporale;Il ragazzo trova un volantino prima o dopo essere andato a parlare con la donna?;T1;1;T1;;"ragazzo; volantino; donna";"evento A: il ragazzo trova un volantino; evento B: il ragazzo va a parlare con la donna";"riconoscere i due eventi oppure l'evento e l'ancora temporale; localizzarli nella sequenza; determinare la relazione prima/dopo, primo/secondo, corrente/precedente o il momento richiesto";localizzazione rispetto a un'ancora temporale esplicita oppure ordinamento pairwise tra due eventi/stati direttamente identificabili;two_intervals;2;esplicita;alta;"[""temporale""]"
video068.mp4;3;causale;Perché la ragazza tira fuori un foglio da mostrare al ragazzo?;C0;0;C0;;"ragazza; ragazzo; foglio; informazione mostrata";"relazione causale/finalistica esplicitata nella domanda; nessun antecedente aggiuntivo deve essere ipotizzato";"recuperare la causa o finalità già espressa esplicitamente; non introdurre antecedenti ulteriori non supportati";"la finalità o relazione causale necessaria è già esplicitata nella formulazione disponibile; non è richiesta una ricostruzione causale aggiuntiva";local_interval;1;esplicita;nessuna;"[""causale""]"
video069.mp4;1;spaziale;Dove si trova il ragazzo quando fa l'esercizio?;S1|T0;1;S1;T0;"ragazzo; esercizio";"evento contestuale: il ragazzo esegue l'esercizio; localizzazione della sua posizione";"riconoscere l'evento o la relazione spaziale pertinente; allineare il referente all'intervallo locale; recuperare origine, destinazione, direzione, supporto o posizione richiesta";una relazione spaziale esplicita o una localizzazione condizionata da un singolo evento osservabile nello stesso intervallo locale;local_interval;2;esplicita;moderata;"[""spaziale"", ""temporale""]"
video069.mp4;2;temporale;L'allenatore rimprovera il ragazzo prima o dopo avergli detto che deve fare le flessioni?;T1;1;T1;;"allenatore; ragazzo; rimprovero; flessioni";"evento A: l'allenatore rimprovera il ragazzo; evento B: gli dice che deve fare le flessioni";"riconoscere i due eventi oppure l'evento e l'ancora temporale; localizzarli nella sequenza; determinare la relazione prima/dopo, primo/secondo, corrente/precedente o il momento richiesto";localizzazione rispetto a un'ancora temporale esplicita oppure ordinamento pairwise tra due eventi/stati direttamente identificabili;two_intervals;2;esplicita;alta;"[""temporale""]"
video069.mp4;3;causale;Perché il ragazzo si trova in terra a fare flessioni?;C1|T1;1;C1;T1;"ragazzo; allenatore; terra; flessioni";"effetto da spiegare: il ragazzo è a terra a fare flessioni; causa/antecedente: da identificare nell'evidenza disponibile";"riconoscere l'effetto; individuare un antecedente o stato direttamente osservabile/esplicitamente disponibile; verificare il nesso causale senza attribuire intenzioni o motivazioni non supportate";collegamento causale diretto tra un antecedente esplicito e una conseguenza esplicita, con al massimo due unità di evidenza;two_intervals;2;parzialmente implicita;moderata;"[""causale"", ""temporale""]"
video070.mp4;1;spaziale;Dove si trova la donna quando inizia a scalciare?;S1|T0;1;S1;T0;"donna; luogo in cui si trova";"evento contestuale: la donna inizia a scalciare; localizzazione della donna";"riconoscere l'evento o la relazione spaziale pertinente; allineare il referente all'intervallo locale; recuperare origine, destinazione, direzione, supporto o posizione richiesta";una relazione spaziale esplicita o una localizzazione condizionata da un singolo evento osservabile nello stesso intervallo locale;local_interval;2;esplicita;moderata;"[""spaziale"", ""temporale""]"
video070.mp4;2;temporale;La donna viene presa in braccio prima o dopo essere arrivata alla carrozza?;T1;1;T1;;"donna; uomo che la prende; carrozza";"evento A: la donna viene presa in braccio; evento B: la donna arriva alla carrozza";"riconoscere i due eventi oppure l'evento e l'ancora temporale; localizzarli nella sequenza; determinare la relazione prima/dopo, primo/secondo, corrente/precedente o il momento richiesto";localizzazione rispetto a un'ancora temporale esplicita oppure ordinamento pairwise tra due eventi/stati direttamente identificabili;two_intervals;2;esplicita;alta;"[""temporale""]"
video070.mp4;3;causale;Perché la donna oppone resistenza all'uomo?;C2|T1;2;C2;T1;"donna; uomo; carrozza o destinazione";"effetto da spiegare: la donna oppone resistenza all'uomo; causa/antecedente: da identificare nell'evidenza disponibile";"riconoscere l'effetto o comportamento da spiegare; recuperare il contesto pertinente; inferire la causa/intenzione/motivazione solo se supportata dalle evidenze; evitare di colmare lacune con conoscenza non presente nel video";la risposta richiede almeno un passaggio inferenziale implicito su motivazione, intenzione, stato mentale, valutazione sociale, finalità procedurale o relazione causale non direttamente osservabile;two_intervals;2;implicita;moderata;"[""causale"", ""temporale""]"
video071.mp4;1;spaziale;Dove si trovano gli ostacoli che la bambina bendata deve superare?;S0;0;S0;;"ostacoli; bambina bendata";localizzazione degli ostacoli da superare;"identificare il referente target; recuperare una singola evidenza spaziale direttamente osservabile; restituire la localizzazione senza confronto tra fasi";"recupero spaziale diretto da una singola evidenza stabile; nessun confronto temporale o ricostruzione di stato";single_frame;1;esplicita;nessuna;"[""spaziale""]"
video071.mp4;2;temporale;La ragazzina con la benda sugli occhi scavalca lo step prima o dopo aver ruotato?;T1;1;T1;;"ragazzina bendata; step";"evento A: la ragazzina scavalca lo step; evento B: la ragazzina ruota";"riconoscere i due eventi oppure l'evento e l'ancora temporale; localizzarli nella sequenza; determinare la relazione prima/dopo, primo/secondo, corrente/precedente o il momento richiesto";localizzazione rispetto a un'ancora temporale esplicita oppure ordinamento pairwise tra due eventi/stati direttamente identificabili;two_intervals;2;esplicita;alta;"[""temporale""]"
video071.mp4;3;causale;Perché la ragazza con la benda riesce a superare gli ostacoli?;C2|T1;2;C2;T1;"ragazza con la benda; ostacoli";"effetto da spiegare: la ragazza riesce a superare gli ostacoli; causa/antecedente: da identificare nell'evidenza disponibile";"riconoscere l'effetto o comportamento da spiegare; recuperare il contesto pertinente; inferire la causa/intenzione/motivazione solo se supportata dalle evidenze; evitare di colmare lacune con conoscenza non presente nel video";la risposta richiede almeno un passaggio inferenziale implicito su motivazione, intenzione, stato mentale, valutazione sociale, finalità procedurale o relazione causale non direttamente osservabile;two_intervals;2;implicita;moderata;"[""causale"", ""temporale""]"
video072.mp4;1;spaziale;Dove vengono messe le cose lasciate in giro?;S1|T0;1;S1;T0;"cose lasciate in giro; ragazzo con la maglia nera";"evento: gli oggetti vengono messi via; localizzazione della destinazione";"riconoscere l'evento o la relazione spaziale pertinente; allineare il referente all'intervallo locale; recuperare origine, destinazione, direzione, supporto o posizione richiesta";una relazione spaziale esplicita o una localizzazione condizionata da un singolo evento osservabile nello stesso intervallo locale;local_interval;1;esplicita;moderata;"[""spaziale"", ""temporale""]"
video072.mp4;2;temporale;Cosa succede prima: Albi viene rimproverato o il ragazzo con la maglia nera sistema il disordine?;T1;1;T1;;"Albi; ragazzo con la maglia nera; rimprovero";"evento A: Albi viene rimproverato; evento B: il ragazzo con la maglia nera sistema il disordine";"riconoscere i due eventi oppure l'evento e l'ancora temporale; localizzarli nella sequenza; determinare la relazione prima/dopo, primo/secondo, corrente/precedente o il momento richiesto";localizzazione rispetto a un'ancora temporale esplicita oppure ordinamento pairwise tra due eventi/stati direttamente identificabili;two_intervals;2;esplicita;alta;"[""temporale""]"
video072.mp4;3;causale;Perché Albi viene rimproverato dal ragazzo con la maglia nera?;C1|T1;1;C1;T1;"Albi; ragazzo con la maglia nera; oggetti lasciati in giro";"effetto da spiegare: Albi viene rimproverato; causa/antecedente: da identificare nell'evidenza disponibile";"riconoscere l'effetto; individuare un antecedente o stato direttamente osservabile/esplicitamente disponibile; verificare il nesso causale senza attribuire intenzioni o motivazioni non supportate";collegamento causale diretto tra un antecedente esplicito e una conseguenza esplicita, con al massimo due unità di evidenza;two_intervals;2;parzialmente implicita;moderata;"[""causale"", ""temporale""]"
video073.mp4;1;spaziale;Dov'è seduta la coppia?;S0;0;S0;;"coppia; seduta o luogo in cui è seduta";localizzazione della coppia;"identificare il referente target; recuperare una singola evidenza spaziale direttamente osservabile; restituire la localizzazione senza confronto tra fasi";"recupero spaziale diretto da una singola evidenza stabile; nessun confronto temporale o ricostruzione di stato";single_frame;1;esplicita;nessuna;"[""spaziale""]"
video073.mp4;2;temporale;Chi si sveglia prima tra il ragazzo e la ragazza?;T1;1;T1;;"ragazzo; ragazza";"evento A: il ragazzo si sveglia; evento B: la ragazza si sveglia";"riconoscere i due eventi oppure l'evento e l'ancora temporale; localizzarli nella sequenza; determinare la relazione prima/dopo, primo/secondo, corrente/precedente o il momento richiesto";localizzazione rispetto a un'ancora temporale esplicita oppure ordinamento pairwise tra due eventi/stati direttamente identificabili;two_intervals;2;esplicita;alta;"[""temporale""]"
video073.mp4;3;causale;Perché il ragazzo abbraccia la ragazza?;C2|T1;2;C2;T1;"ragazzo; ragazza; abbraccio";"effetto da spiegare: il ragazzo abbraccia la ragazza; causa/antecedente: da identificare nell'evidenza disponibile";"riconoscere l'effetto o comportamento da spiegare; recuperare il contesto pertinente; inferire la causa/intenzione/motivazione solo se supportata dalle evidenze; evitare di colmare lacune con conoscenza non presente nel video";la risposta richiede almeno un passaggio inferenziale implicito su motivazione, intenzione, stato mentale, valutazione sociale, finalità procedurale o relazione causale non direttamente osservabile;two_intervals;2;implicita;moderata;"[""causale"", ""temporale""]"
video074.mp4;1;spaziale;Dove si trovano le bambine?;S0;0;S0;;"bambine; luogo in cui si trovano";localizzazione delle bambine;"identificare il referente target; recuperare una singola evidenza spaziale direttamente osservabile; restituire la localizzazione senza confronto tra fasi";"recupero spaziale diretto da una singola evidenza stabile; nessun confronto temporale o ricostruzione di stato";single_frame;1;esplicita;nessuna;"[""spaziale""]"
video074.mp4;2;temporale;La bambina con lo spazzolino viola ride prima o dopo aver detto di sì?;T1;1;T1;;bambina con lo spazzolino viola;"evento A: la bambina ride; evento B: la bambina dice di sì";"riconoscere i due eventi oppure l'evento e l'ancora temporale; localizzarli nella sequenza; determinare la relazione prima/dopo, primo/secondo, corrente/precedente o il momento richiesto";localizzazione rispetto a un'ancora temporale esplicita oppure ordinamento pairwise tra due eventi/stati direttamente identificabili;two_intervals;2;esplicita;alta;"[""temporale""]"
video074.mp4;3;causale;Perché la bambina con lo spazzolino arancione rallenta i movimenti quando spazzola i denti?;C2|T1;2;C2;T1;"bambina con lo spazzolino arancione; spazzolino; denti; movimento";"effetto da spiegare: la bambina rallenta i movimenti mentre si lava i denti; causa/antecedente: da identificare nell'evidenza disponibile";"riconoscere l'effetto o comportamento da spiegare; recuperare il contesto pertinente; inferire la causa/intenzione/motivazione solo se supportata dalle evidenze; evitare di colmare lacune con conoscenza non presente nel video";la risposta richiede almeno un passaggio inferenziale implicito su motivazione, intenzione, stato mentale, valutazione sociale, finalità procedurale o relazione causale non direttamente osservabile;two_intervals;2;implicita;moderata;"[""causale"", ""temporale""]"
video075.mp4;1;spaziale;Dove si trova il bambino che tira la palla di neve alla giornalista?;S1|T0;1;S1;T0;"bambino; palla di neve; giornalista; luogo in cui si trova il bambino";localizzazione del bambino che lancia la palla di neve;"riconoscere l'evento o la relazione spaziale pertinente; allineare il referente all'intervallo locale; recuperare origine, destinazione, direzione, supporto o posizione richiesta";una relazione spaziale esplicita o una localizzazione condizionata da un singolo evento osservabile nello stesso intervallo locale;local_interval;2;esplicita;moderata;"[""spaziale"", ""temporale""]"
video075.mp4;2;temporale;La giornalista intervista il bambino prima o dopo che venga tirata la palla di neve?;T1;1;T1;;"giornalista; bambino; intervista; palla di neve";"evento A: la giornalista intervista il bambino; evento B: viene lanciata la palla di neve";"riconoscere i due eventi oppure l'evento e l'ancora temporale; localizzarli nella sequenza; determinare la relazione prima/dopo, primo/secondo, corrente/precedente o il momento richiesto";localizzazione rispetto a un'ancora temporale esplicita oppure ordinamento pairwise tra due eventi/stati direttamente identificabili;two_intervals;2;esplicita;alta;"[""temporale""]"
video075.mp4;3;causale;Perché i bambini non sono a scuola?;C1|T1;1;C1;T1;"bambini; scuola; neve o condizioni ambientali";"effetto da spiegare: i bambini non sono a scuola; causa/antecedente: da identificare nell'evidenza disponibile";"riconoscere l'effetto; individuare un antecedente o stato direttamente osservabile/esplicitamente disponibile; verificare il nesso causale senza attribuire intenzioni o motivazioni non supportate";collegamento causale diretto tra un antecedente esplicito e una conseguenza esplicita, con al massimo due unità di evidenza;two_intervals;2;parzialmente implicita;moderata;"[""causale"", ""temporale""]"
video076.mp4;1;spaziale;Dove vengono messi gli UFO?;S1|T0;1;S1;T0;"UFO giocattolo o oggetti chiamati «ufo»; ciotole o recipiente";"evento: gli ufo vengono messi in un luogo; localizzazione della destinazione";"riconoscere l'evento o la relazione spaziale pertinente; allineare il referente all'intervallo locale; recuperare origine, destinazione, direzione, supporto o posizione richiesta";una relazione spaziale esplicita o una localizzazione condizionata da un singolo evento osservabile nello stesso intervallo locale;local_interval;1;esplicita;moderata;"[""spaziale"", ""temporale""]"
video076.mp4;2;temporale;Il babbo passa gli UFO ai bambini prima o dopo che l'acqua si colori?;T1;1;T1;;"babbo; bambini; ufo; acqua nelle ciotole";"evento A: il babbo passa gli ufo ai bambini; evento B: l'acqua si colora";"riconoscere i due eventi oppure l'evento e l'ancora temporale; localizzarli nella sequenza; determinare la relazione prima/dopo, primo/secondo, corrente/precedente o il momento richiesto";localizzazione rispetto a un'ancora temporale esplicita oppure ordinamento pairwise tra due eventi/stati direttamente identificabili;two_intervals;2;esplicita;alta;"[""temporale""]"
video076.mp4;3;causale;Perché le due ciotole d'acqua si colorano in maniera diversa?;C1|T0;1;C1;T0;"due ciotole d'acqua; sostanze o ufo inseriti; colori risultanti";"effetto da spiegare: le due ciotole si colorano diversamente; causa/antecedente: da identificare nell'evidenza disponibile";"riconoscere l'effetto; individuare un antecedente o stato direttamente osservabile/esplicitamente disponibile; verificare il nesso causale senza attribuire intenzioni o motivazioni non supportate";nesso causa-effetto fisico, sistemico o comportamentale direttamente osservabile nello stesso intervallo locale;local_interval;1;esplicita;moderata;"[""causale"", ""temporale""]"
video077.mp4;1;spaziale;Dove si è addormentato Cristian?;S1|T0;1;S1;T0;"Cristian; luogo o superficie in cui si è addormentato";localizzazione di Cristian addormentato;"riconoscere l'evento o la relazione spaziale pertinente; allineare il referente all'intervallo locale; recuperare origine, destinazione, direzione, supporto o posizione richiesta";una relazione spaziale esplicita o una localizzazione condizionata da un singolo evento osservabile nello stesso intervallo locale;local_interval;1;esplicita;moderata;"[""spaziale"", ""temporale""]"
video077.mp4;2;temporale;La donna chiama Cristian a mangiare prima o dopo averlo trovato addormentato?;T1;1;T1;;"donna; Cristian";"evento A: la donna chiama Cristian a mangiare; evento B: la donna trova Cristian addormentato";"riconoscere i due eventi oppure l'evento e l'ancora temporale; localizzarli nella sequenza; determinare la relazione prima/dopo, primo/secondo, corrente/precedente o il momento richiesto";localizzazione rispetto a un'ancora temporale esplicita oppure ordinamento pairwise tra due eventi/stati direttamente identificabili;two_intervals;2;esplicita;alta;"[""temporale""]"
video077.mp4;3;causale;Perché il bambino non risponde alla donna?;C1|T0;1;C1;T0;"bambino o Cristian; donna";"effetto da spiegare: il bambino non risponde alla donna; causa/antecedente: da identificare nell'evidenza disponibile";"riconoscere l'effetto; individuare un antecedente o stato direttamente osservabile/esplicitamente disponibile; verificare il nesso causale senza attribuire intenzioni o motivazioni non supportate";nesso causa-effetto fisico, sistemico o comportamentale direttamente osservabile nello stesso intervallo locale;local_interval;1;esplicita;moderata;"[""causale"", ""temporale""]"
video078.mp4;1;spaziale;Dove legge 'l'imperfetto del verbo mangiare' la bambina?;S1|T0;1;S1;T0;"bambina; forma verbale «l'imperfetto del verbo mangiare»; quaderno o libro";"evento: la bambina legge la forma verbale; localizzazione della fonte scritta";"riconoscere l'evento o la relazione spaziale pertinente; allineare il referente all'intervallo locale; recuperare origine, destinazione, direzione, supporto o posizione richiesta";una relazione spaziale esplicita o una localizzazione condizionata da un singolo evento osservabile nello stesso intervallo locale;local_interval;1;esplicita;moderata;"[""spaziale"", ""temporale""]"
video078.mp4;2;temporale;La donna si arrabbia prima o dopo aver abbassato il quaderno della bambina?;T1;1;T1;;"donna; quaderno della bambina";"evento A: la donna si arrabbia; evento B: la donna abbassa il quaderno della bambina";"riconoscere i due eventi oppure l'evento e l'ancora temporale; localizzarli nella sequenza; determinare la relazione prima/dopo, primo/secondo, corrente/precedente o il momento richiesto";localizzazione rispetto a un'ancora temporale esplicita oppure ordinamento pairwise tra due eventi/stati direttamente identificabili;two_intervals;2;esplicita;alta;"[""temporale""]"
video078.mp4;3;causale;Perché la donna si arrabbia?;C2|T1;2;C2;T1;"donna; bambina; quaderno; risposta o comportamento della bambina";"effetto da spiegare: la donna si arrabbia; causa/antecedente: da identificare nell'evidenza disponibile";"riconoscere l'effetto o comportamento da spiegare; recuperare il contesto pertinente; inferire la causa/intenzione/motivazione solo se supportata dalle evidenze; evitare di colmare lacune con conoscenza non presente nel video";la risposta richiede almeno un passaggio inferenziale implicito su motivazione, intenzione, stato mentale, valutazione sociale, finalità procedurale o relazione causale non direttamente osservabile;two_intervals;2;implicita;moderata;"[""causale"", ""temporale""]"
video079.mp4;1;spaziale;Dove si trovano i ragazzi?;S0;0;S0;;"due ragazzi; luogo in cui si trovano";localizzazione dei ragazzi;"identificare il referente target; recuperare una singola evidenza spaziale direttamente osservabile; restituire la localizzazione senza confronto tra fasi";"recupero spaziale diretto da una singola evidenza stabile; nessun confronto temporale o ricostruzione di stato";single_frame;1;esplicita;nessuna;"[""spaziale""]"
video079.mp4;2;temporale;I due ragazzi parlano prima o dopo le 11:30 di mattina?;T1;1;T1;;due ragazzi;"evento target: i due ragazzi parlano; riferimento temporale: le 11:30 del mattino";"riconoscere i due eventi oppure l'evento e l'ancora temporale; localizzarli nella sequenza; determinare la relazione prima/dopo, primo/secondo, corrente/precedente o il momento richiesto";localizzazione rispetto a un'ancora temporale esplicita oppure ordinamento pairwise tra due eventi/stati direttamente identificabili;two_intervals;2;parzialmente implicita;alta;"[""temporale""]"
video079.mp4;3;causale;Perché la ragazza crede che l'amico si sia 'impressionato'?;C2|T1;2;C2;T1;"ragazza; amico; reazione di impressione";"effetto da spiegare: la ragazza pensa che l'amico si sia impressionato; causa/antecedente: da identificare nell'evidenza disponibile";"riconoscere l'effetto o comportamento da spiegare; recuperare il contesto pertinente; inferire la causa/intenzione/motivazione solo se supportata dalle evidenze; evitare di colmare lacune con conoscenza non presente nel video";la risposta richiede almeno un passaggio inferenziale implicito su motivazione, intenzione, stato mentale, valutazione sociale, finalità procedurale o relazione causale non direttamente osservabile;two_intervals;2;implicita;moderata;"[""causale"", ""temporale""]"
video080.mp4;1;spaziale;Dov'è il libro preferito di 'Ele'?;S0;0;S0;;libro preferito di Ele;localizzazione del libro preferito di Ele;"identificare il referente target; recuperare una singola evidenza spaziale direttamente osservabile; restituire la localizzazione senza confronto tra fasi";"recupero spaziale diretto da una singola evidenza stabile; nessun confronto temporale o ricostruzione di stato";single_frame;1;esplicita;nessuna;"[""spaziale""]"
video080.mp4;2;temporale;La ragazza con la felpa rosa dice a un'altra di sorridere prima o dopo aver finito di girare il video?;T1;1;T1;;"ragazza con la felpa rosa; altra ragazza; video";"evento A: la ragazza chiede all'altra di sorridere; evento B: termina la registrazione del video";"riconoscere i due eventi oppure l'evento e l'ancora temporale; localizzarli nella sequenza; determinare la relazione prima/dopo, primo/secondo, corrente/precedente o il momento richiesto";localizzazione rispetto a un'ancora temporale esplicita oppure ordinamento pairwise tra due eventi/stati direttamente identificabili;two_intervals;2;esplicita;alta;"[""temporale""]"
video080.mp4;3;causale;Perché le ragazze mandano un video a 'Ele'?;C2|T1;2;C2;T1;"ragazze; Ele; video";"effetto da spiegare: le ragazze mandano un video a Ele; causa/antecedente: da identificare nell'evidenza disponibile";"riconoscere l'effetto o comportamento da spiegare; recuperare il contesto pertinente; inferire la causa/intenzione/motivazione solo se supportata dalle evidenze; evitare di colmare lacune con conoscenza non presente nel video";la risposta richiede almeno un passaggio inferenziale implicito su motivazione, intenzione, stato mentale, valutazione sociale, finalità procedurale o relazione causale non direttamente osservabile;two_intervals;2;implicita;moderata;"[""causale"", ""temporale""]"
video081.mp4;1;spaziale;Dov'è il biscotto quando la ragazza con la felpa nera corregge l'esercizio?;S1|T0;1;S1;T0;"biscotto; ragazza con la felpa nera; esercizio o quaderno; luogo in cui si trova il biscotto";"evento contestuale: la ragazza corregge l'esercizio; localizzazione del biscotto in quel momento";"riconoscere l'evento o la relazione spaziale pertinente; allineare il referente all'intervallo locale; recuperare origine, destinazione, direzione, supporto o posizione richiesta";una relazione spaziale esplicita o una localizzazione condizionata da un singolo evento osservabile nello stesso intervallo locale;local_interval;2;esplicita;moderata;"[""spaziale"", ""temporale""]"
video081.mp4;2;temporale;La ragazza con la felpa nera prende il quaderno dell'altra prima o dopo aver confrontato con lei il risultato?;T1;1;T1;;"ragazza con la felpa nera; altra ragazza; quaderno; risultato";"evento A: la ragazza prende il quaderno dell'altra; evento B: le due confrontano il risultato";"riconoscere i due eventi oppure l'evento e l'ancora temporale; localizzarli nella sequenza; determinare la relazione prima/dopo, primo/secondo, corrente/precedente o il momento richiesto";localizzazione rispetto a un'ancora temporale esplicita oppure ordinamento pairwise tra due eventi/stati direttamente identificabili;two_intervals;2;esplicita;alta;"[""temporale""]"
video081.mp4;3;causale;Perché la ragazza con la canottiera verde è sorpresa di sentire che il risultato è '-4'?;C2|T1;2;C2;T1;"ragazza con la canottiera verde; risultato «-4»; esercizio; altra ragazza";"effetto da spiegare: la ragazza è sorpresa dal risultato -4; causa/antecedente: da identificare nell'evidenza disponibile";"riconoscere l'effetto o comportamento da spiegare; recuperare il contesto pertinente; inferire la causa/intenzione/motivazione solo se supportata dalle evidenze; evitare di colmare lacune con conoscenza non presente nel video";la risposta richiede almeno un passaggio inferenziale implicito su motivazione, intenzione, stato mentale, valutazione sociale, finalità procedurale o relazione causale non direttamente osservabile;two_intervals;2;implicita;moderata;"[""causale"", ""temporale""]"
video082.mp4;1;spaziale;Dove indica l'uomo senza un braccio quando chiede aiuto?;S1|T0;1;S1;T0;"uomo senza un braccio; luogo o oggetto indicato; persona a cui chiede aiuto";"evento contestuale: l'uomo chiede aiuto; localizzazione della direzione indicata";"riconoscere l'evento o la relazione spaziale pertinente; allineare il referente all'intervallo locale; recuperare origine, destinazione, direzione, supporto o posizione richiesta";una relazione spaziale esplicita o una localizzazione condizionata da un singolo evento osservabile nello stesso intervallo locale;local_interval;2;parzialmente implicita;moderata;"[""spaziale"", ""temporale""]"
video082.mp4;2;temporale;Il signore con la maglietta nera chiede all'uomo con la camicia a quadri informazioni sul suo braccio prima o dopo avergli allacciato la scarpa?;T1;1;T1;;"signore con la maglietta nera; uomo con la camicia a quadri; braccio; scarpa";"evento A: il signore chiede informazioni sul braccio; evento B: gli allaccia la scarpa";"riconoscere i due eventi oppure l'evento e l'ancora temporale; localizzarli nella sequenza; determinare la relazione prima/dopo, primo/secondo, corrente/precedente o il momento richiesto";localizzazione rispetto a un'ancora temporale esplicita oppure ordinamento pairwise tra due eventi/stati direttamente identificabili;two_intervals;2;esplicita;alta;"[""temporale""]"
video082.mp4;3;causale;Perché l'uomo con la camicia a quadri si fa allacciare la scarpa dal signore sulla panchina?;C1|T0;1;C1;T0;"uomo con la camicia a quadri; signore sulla panchina; scarpa; braccio mancante";"effetto da spiegare: l'uomo si fa allacciare la scarpa; causa/antecedente: da identificare nell'evidenza disponibile";"riconoscere l'effetto; individuare un antecedente o stato direttamente osservabile/esplicitamente disponibile; verificare il nesso causale senza attribuire intenzioni o motivazioni non supportate";nesso causa-effetto fisico, sistemico o comportamentale direttamente osservabile nello stesso intervallo locale;local_interval;1;esplicita;moderata;"[""causale"", ""temporale""]"
video083.mp4;1;spaziale;Dove porta la mamma il piatto?;S1|T0;1;S1;T0;"mamma; piatto; luogo o persona verso cui lo porta";"evento: la mamma porta il piatto; localizzazione della destinazione";"riconoscere l'evento o la relazione spaziale pertinente; allineare il referente all'intervallo locale; recuperare origine, destinazione, direzione, supporto o posizione richiesta";una relazione spaziale esplicita o una localizzazione condizionata da un singolo evento osservabile nello stesso intervallo locale;local_interval;1;esplicita;moderata;"[""spaziale"", ""temporale""]"
video083.mp4;2;temporale;Vanessa piange prima o dopo che la mamma le dia la panna?;T1;1;T1;;"Vanessa; mamma; panna";"evento A: Vanessa piange; evento B: la mamma le dà la panna";"riconoscere i due eventi oppure l'evento e l'ancora temporale; localizzarli nella sequenza; determinare la relazione prima/dopo, primo/secondo, corrente/precedente o il momento richiesto";localizzazione rispetto a un'ancora temporale esplicita oppure ordinamento pairwise tra due eventi/stati direttamente identificabili;two_intervals;2;esplicita;alta;"[""temporale""]"
video083.mp4;3;causale;Perché Vanessa è sorpresa?;C2|T1;2;C2;T1;"Vanessa; panna o piatto; mamma";"effetto da spiegare: Vanessa è sorpresa; causa/antecedente: da identificare nell'evidenza disponibile";"riconoscere l'effetto o comportamento da spiegare; recuperare il contesto pertinente; inferire la causa/intenzione/motivazione solo se supportata dalle evidenze; evitare di colmare lacune con conoscenza non presente nel video";la risposta richiede almeno un passaggio inferenziale implicito su motivazione, intenzione, stato mentale, valutazione sociale, finalità procedurale o relazione causale non direttamente osservabile;two_intervals;2;implicita;moderata;"[""causale"", ""temporale""]"
video084.mp4;1;spaziale;Dove mette la bambina con la maglia grigia ciò che le dà la bambina con la maglia rosa?;S1|T0;1;S1;T0;"bambina con la maglia grigia; bambina con la maglia rosa";"evento: la bambina grigia riceve e mette l'oggetto; localizzazione della destinazione";"riconoscere l'evento o la relazione spaziale pertinente; allineare il referente all'intervallo locale; recuperare origine, destinazione, direzione, supporto o posizione richiesta";una relazione spaziale esplicita o una localizzazione condizionata da un singolo evento osservabile nello stesso intervallo locale;local_interval;1;parzialmente implicita;moderata;"[""spaziale"", ""temporale""]"
video084.mp4;2;temporale;La bambina con la maglia grigia urla prima o dopo che quella con la maglia rosa inizi a correre?;T1;1;T1;;"bambina con la maglia grigia; bambina con la maglia rosa";"evento A: la bambina con la maglia grigia urla; evento B: la bambina con la maglia rosa inizia a correre";"riconoscere i due eventi oppure l'evento e l'ancora temporale; localizzarli nella sequenza; determinare la relazione prima/dopo, primo/secondo, corrente/precedente o il momento richiesto";localizzazione rispetto a un'ancora temporale esplicita oppure ordinamento pairwise tra due eventi/stati direttamente identificabili;two_intervals;2;esplicita;alta;"[""temporale""]"
video084.mp4;3;causale;Cosa ha causato il dolore della bambina con la maglia grigia?;C1|T1;1;C1;T1;"bambina con la maglia grigia; parte del corpo dolorante; oggetto o azione che provoca il dolore";"effetto da spiegare: la bambina prova dolore; causa/antecedente: da identificare nell'evidenza disponibile";"riconoscere l'effetto; individuare un antecedente o stato direttamente osservabile/esplicitamente disponibile; verificare il nesso causale senza attribuire intenzioni o motivazioni non supportate";collegamento causale diretto tra un antecedente esplicito e una conseguenza esplicita, con al massimo due unità di evidenza;two_intervals;2;parzialmente implicita;moderata;"[""causale"", ""temporale""]"
video085.mp4;1;spaziale;Dove stanno giocando le bambine?;S0;0;S0;;"bambine; luogo o area di gioco; piscina o gonfiabile";"evento: le bambine giocano; localizzazione del luogo";"identificare il referente target; recuperare una singola evidenza spaziale direttamente osservabile; restituire la localizzazione senza confronto tra fasi";"recupero spaziale diretto da una singola evidenza stabile; nessun confronto temporale o ricostruzione di stato";single_frame;1;esplicita;nessuna;"[""spaziale""]"
video085.mp4;2;temporale;La bambina con i braccioli cade in acqua prima o dopo che la donna l'aiuti?;T1;1;T1;;"bambina con i braccioli; donna; acqua; aiuto";"evento A: la bambina cade in acqua; evento B: la donna la aiuta";"riconoscere i due eventi oppure l'evento e l'ancora temporale; localizzarli nella sequenza; determinare la relazione prima/dopo, primo/secondo, corrente/precedente o il momento richiesto";localizzazione rispetto a un'ancora temporale esplicita oppure ordinamento pairwise tra due eventi/stati direttamente identificabili;two_intervals;2;esplicita;alta;"[""temporale""]"
video085.mp4;3;causale;Perché la bambina con i braccioli non riesce a salire sul gonfiabile?;C1|T0;1;C1;T0;"bambina con i braccioli; gonfiabile; acqua";"effetto da spiegare: la bambina non riesce a salire sul gonfiabile; causa/antecedente: da identificare nell'evidenza disponibile";"riconoscere l'effetto; individuare un antecedente o stato direttamente osservabile/esplicitamente disponibile; verificare il nesso causale senza attribuire intenzioni o motivazioni non supportate";nesso causa-effetto fisico, sistemico o comportamentale direttamente osservabile nello stesso intervallo locale;local_interval;1;esplicita;moderata;"[""causale"", ""temporale""]"
video086.mp4;1;spaziale;Dove è inciampata la bambina?;S1|T0;1;S1;T0;"bambina; punto o oggetto su cui inciampa";"evento: la bambina inciampa; localizzazione del punto";"riconoscere l'evento o la relazione spaziale pertinente; allineare il referente all'intervallo locale; recuperare origine, destinazione, direzione, supporto o posizione richiesta";una relazione spaziale esplicita o una localizzazione condizionata da un singolo evento osservabile nello stesso intervallo locale;local_interval;1;esplicita;moderata;"[""spaziale"", ""temporale""]"
video086.mp4;2;temporale;La bambina con i braccioli cade prima o dopo che la sorella esca dalla piscina?;T1;1;T1;;"bambina con i braccioli; sorella; piscina";"evento A: la bambina cade; evento B: la sorella esce dalla piscina";"riconoscere i due eventi oppure l'evento e l'ancora temporale; localizzarli nella sequenza; determinare la relazione prima/dopo, primo/secondo, corrente/precedente o il momento richiesto";localizzazione rispetto a un'ancora temporale esplicita oppure ordinamento pairwise tra due eventi/stati direttamente identificabili;two_intervals;2;esplicita;alta;"[""temporale""]"
video086.mp4;3;causale;Perché la bambina in piscina deve aiutare la sorella?;C1|T1;1;C1;T1;"bambina in piscina; sorella";"effetto da spiegare: la bambina deve aiutare la sorella; causa/antecedente: da identificare nell'evidenza disponibile";"riconoscere l'effetto; individuare un antecedente o stato direttamente osservabile/esplicitamente disponibile; verificare il nesso causale senza attribuire intenzioni o motivazioni non supportate";collegamento causale diretto tra un antecedente esplicito e una conseguenza esplicita, con al massimo due unità di evidenza;two_intervals;2;parzialmente implicita;moderata;"[""causale"", ""temporale""]"
video087.mp4;1;spaziale;Dove mette il dito la bambina davanti allo specchio?;S1|T0;1;S1;T0;"bambina davanti allo specchio; dito; bocca o dente; specchio";"evento: la bambina mette il dito in una posizione; localizzazione della parte del corpo";"riconoscere l'evento o la relazione spaziale pertinente; allineare il referente all'intervallo locale; recuperare origine, destinazione, direzione, supporto o posizione richiesta";una relazione spaziale esplicita o una localizzazione condizionata da un singolo evento osservabile nello stesso intervallo locale;local_interval;1;esplicita;moderata;"[""spaziale"", ""temporale""]"
video087.mp4;2;temporale;La donna prova a togliere il dente alla bambina prima o dopo aver detto che ne sono già caduti altri?;T1;1;T1;;"donna; bambina; dente; denti già caduti";"evento A: la donna prova a togliere il dente; evento B: dice che altri denti sono già caduti";"riconoscere i due eventi oppure l'evento e l'ancora temporale; localizzarli nella sequenza; determinare la relazione prima/dopo, primo/secondo, corrente/precedente o il momento richiesto";localizzazione rispetto a un'ancora temporale esplicita oppure ordinamento pairwise tra due eventi/stati direttamente identificabili;two_intervals;2;esplicita;alta;"[""temporale""]"
video087.mp4;3;causale;Perché la bambina sta soffrendo?;C1|T0;1;C1;T0;"bambina; dente; donna";"effetto da spiegare: la bambina soffre; causa/antecedente: da identificare nell'evidenza disponibile";"riconoscere l'effetto; individuare un antecedente o stato direttamente osservabile/esplicitamente disponibile; verificare il nesso causale senza attribuire intenzioni o motivazioni non supportate";nesso causa-effetto fisico, sistemico o comportamentale direttamente osservabile nello stesso intervallo locale;local_interval;1;esplicita;moderata;"[""causale"", ""temporale""]"
video088.mp4;1;spaziale;Dove va tenuto il foglio per fargli produrre il rumore?;S1|T0;1;S1;T0;"foglio; punto o posizione in cui va tenuto";"evento: il foglio viene tenuto per produrre un rumore; localizzazione della posizione corretta";"riconoscere l'evento o la relazione spaziale pertinente; allineare il referente all'intervallo locale; recuperare origine, destinazione, direzione, supporto o posizione richiesta";una relazione spaziale esplicita o una localizzazione condizionata da un singolo evento osservabile nello stesso intervallo locale;local_interval;1;esplicita;moderata;"[""spaziale"", ""temporale""]"
video088.mp4;2;temporale;Il foglio di carta fa rumore prima o dopo essere stato piegato?;T1;1;T1;;"foglio di carta; rumore";"evento A: il foglio produce rumore; evento B: il foglio viene piegato";"riconoscere i due eventi oppure l'evento e l'ancora temporale; localizzarli nella sequenza; determinare la relazione prima/dopo, primo/secondo, corrente/precedente o il momento richiesto";localizzazione rispetto a un'ancora temporale esplicita oppure ordinamento pairwise tra due eventi/stati direttamente identificabili;two_intervals;2;esplicita;alta;"[""temporale""]"
video088.mp4;3;causale;Perché si sente un botto?;C1|T0;1;C1;T0;"foglio; botto; configurazione del foglio";"effetto da spiegare: si sente un botto; causa/antecedente: da identificare nell'evidenza disponibile";"riconoscere l'effetto; individuare un antecedente o stato direttamente osservabile/esplicitamente disponibile; verificare il nesso causale senza attribuire intenzioni o motivazioni non supportate";nesso causa-effetto fisico, sistemico o comportamentale direttamente osservabile nello stesso intervallo locale;local_interval;1;esplicita;moderata;"[""causale"", ""temporale""]"
video089.mp4;1;spaziale;Dove si trova la spigola?;S0;0;S0;;"spigola; luogo o contenitore in cui si trova";localizzazione della spigola;"identificare il referente target; recuperare una singola evidenza spaziale direttamente osservabile; restituire la localizzazione senza confronto tra fasi";"recupero spaziale diretto da una singola evidenza stabile; nessun confronto temporale o ricostruzione di stato";single_frame;1;esplicita;nessuna;"[""spaziale""]"
video089.mp4;2;temporale;Il 'Collega Bonanno' mostra una spigola prima o dopo aver iniziato a urlare?;T1;1;T1;;"Collega Bonanno; spigola";"evento A: Bonanno mostra una spigola; evento B: Bonanno inizia a urlare";"riconoscere i due eventi oppure l'evento e l'ancora temporale; localizzarli nella sequenza; determinare la relazione prima/dopo, primo/secondo, corrente/precedente o il momento richiesto";localizzazione rispetto a un'ancora temporale esplicita oppure ordinamento pairwise tra due eventi/stati direttamente identificabili;two_intervals;2;esplicita;alta;"[""temporale""]"
video089.mp4;3;causale;Perché il 'Collega Bonanno' viene espulso dall'aula?;C1|T1;1;C1;T1;"Collega Bonanno; aula";"effetto da spiegare: Bonanno viene espulso dall'aula; causa/antecedente: da identificare nell'evidenza disponibile";"riconoscere l'effetto; individuare un antecedente o stato direttamente osservabile/esplicitamente disponibile; verificare il nesso causale senza attribuire intenzioni o motivazioni non supportate";collegamento causale diretto tra un antecedente esplicito e una conseguenza esplicita, con al massimo due unità di evidenza;two_intervals;2;parzialmente implicita;moderata;"[""causale"", ""temporale""]"
video090.mp4;1;spaziale;Dove guarda l'uomo quando i musicisti gli chiedono il giorno?;S1|T0;1;S1;T0;"uomo; musicisti; oggetto o direzione guardata; giorno richiesto";"evento contestuale: i musicisti chiedono il giorno; localizzazione della direzione dello sguardo dell'uomo";"riconoscere l'evento o la relazione spaziale pertinente; allineare il referente all'intervallo locale; recuperare origine, destinazione, direzione, supporto o posizione richiesta";una relazione spaziale esplicita o una localizzazione condizionata da un singolo evento osservabile nello stesso intervallo locale;local_interval;2;esplicita;moderata;"[""spaziale"", ""temporale""]"
video090.mp4;2;temporale;Il perito industriale Gudo Colsi arriva prima o dopo l'appuntamento stabilito?;T1;1;T1;;"perito industriale Guido Colsi; appuntamento; orario stabilito";"evento target: arrivo del perito; riferimento temporale: orario dell'appuntamento";"riconoscere i due eventi oppure l'evento e l'ancora temporale; localizzarli nella sequenza; determinare la relazione prima/dopo, primo/secondo, corrente/precedente o il momento richiesto";localizzazione rispetto a un'ancora temporale esplicita oppure ordinamento pairwise tra due eventi/stati direttamente identificabili;two_intervals;2;parzialmente implicita;alta;"[""temporale""]"
video090.mp4;3;causale;Perché l'uomo in costume si è congelato?;C1|T0;1;C1;T0;uomo in costume;"effetto da spiegare: l'uomo in costume si è congelato; causa/antecedente: da identificare nell'evidenza disponibile";"riconoscere l'effetto; individuare un antecedente o stato direttamente osservabile/esplicitamente disponibile; verificare il nesso causale senza attribuire intenzioni o motivazioni non supportate";nesso causa-effetto fisico, sistemico o comportamentale direttamente osservabile nello stesso intervallo locale;local_interval;1;esplicita;moderata;"[""causale"", ""temporale""]"
video091.mp4;1;spaziale;Dove salgono i passeggeri?;S1|T0;1;S1;T0;passeggeri;"evento: i passeggeri salgono su un mezzo; localizzazione del punto o mezzo";"riconoscere l'evento o la relazione spaziale pertinente; allineare il referente all'intervallo locale; recuperare origine, destinazione, direzione, supporto o posizione richiesta";una relazione spaziale esplicita o una localizzazione condizionata da un singolo evento osservabile nello stesso intervallo locale;local_interval;1;esplicita;moderata;"[""spaziale"", ""temporale""]"
video091.mp4;2;temporale;La donna urla agli uomini prima o dopo che inizino a correre?;T1;1;T1;;"donna; uomini";"evento A: la donna urla agli uomini; evento B: gli uomini iniziano a correre";"riconoscere i due eventi oppure l'evento e l'ancora temporale; localizzarli nella sequenza; determinare la relazione prima/dopo, primo/secondo, corrente/precedente o il momento richiesto";localizzazione rispetto a un'ancora temporale esplicita oppure ordinamento pairwise tra due eventi/stati direttamente identificabili;two_intervals;2;esplicita;alta;"[""temporale""]"
video091.mp4;3;causale;Cosa causa l'ira della donna?;C2|T1;2;C2;T1;"donna; uomini; comportamento che provoca l'ira";"effetto da spiegare: la donna si infuria; causa/antecedente: da identificare nell'evidenza disponibile";"riconoscere l'effetto o comportamento da spiegare; recuperare il contesto pertinente; inferire la causa/intenzione/motivazione solo se supportata dalle evidenze; evitare di colmare lacune con conoscenza non presente nel video";la risposta richiede almeno un passaggio inferenziale implicito su motivazione, intenzione, stato mentale, valutazione sociale, finalità procedurale o relazione causale non direttamente osservabile;two_intervals;2;implicita;moderata;"[""causale"", ""temporale""]"
video092.mp4;1;spaziale;Dove va l'uomo con i pantaloncini blu dopo che si è alzato?;S2|T1;2;S2;T1;uomo con i pantaloncini blu;"evento contestuale: l'uomo si alza; localizzazione della destinazione successiva";"identificare l'ancora temporale; recuperare lo stato spaziale nella fase richiesta; confrontare le fasi pertinenti senza introdurre cambiamenti non osservati";"recupero spaziale condizionato da una fase precedente/successiva/iniziale o dal primo occorrere di un evento; richiede confronto tra almeno due stati temporali";two_intervals;2;esplicita;alta;"[""spaziale"", ""temporale""]"
video092.mp4;2;temporale;La donna con la scopa si arrabbia prima o dopo essere caduta nel buco?;T1;1;T1;;"donna con la scopa; buco; caduta";"evento A: la donna si arrabbia; evento B: la donna cade nel buco";"riconoscere i due eventi oppure l'evento e l'ancora temporale; localizzarli nella sequenza; determinare la relazione prima/dopo, primo/secondo, corrente/precedente o il momento richiesto";localizzazione rispetto a un'ancora temporale esplicita oppure ordinamento pairwise tra due eventi/stati direttamente identificabili;two_intervals;2;esplicita;alta;"[""temporale""]"
video092.mp4;3;causale;Perché l'hostess si arrabbia?;C2|T1;2;C2;T1;"hostess; buco o situazione problematica";"effetto da spiegare: l'hostess si arrabbia; causa/antecedente: da identificare nell'evidenza disponibile";"riconoscere l'effetto o comportamento da spiegare; recuperare il contesto pertinente; inferire la causa/intenzione/motivazione solo se supportata dalle evidenze; evitare di colmare lacune con conoscenza non presente nel video";la risposta richiede almeno un passaggio inferenziale implicito su motivazione, intenzione, stato mentale, valutazione sociale, finalità procedurale o relazione causale non direttamente osservabile;two_intervals;2;implicita;moderata;"[""causale"", ""temporale""]"
video093.mp4;1;spaziale;Dove indica la bambina con la maglietta gialla?;S1|T0;1;S1;T0;"bambina con la maglietta gialla; oggetto o direzione indicata";"evento: la bambina indica qualcosa; localizzazione del referente";"riconoscere l'evento o la relazione spaziale pertinente; allineare il referente all'intervallo locale; recuperare origine, destinazione, direzione, supporto o posizione richiesta";una relazione spaziale esplicita o una localizzazione condizionata da un singolo evento osservabile nello stesso intervallo locale;local_interval;1;parzialmente implicita;moderata;"[""spaziale"", ""temporale""]"
video093.mp4;2;temporale;La bambina con la maglia gialla chiede alla mamma di comprare le patatine prima o dopo che la bambina con la coroncina salga sulla Ferrari?;T1;1;T1;;"bambina con la maglia gialla; mamma; patatine; bambina con la coroncina; Ferrari";"evento A: la bambina chiede di comprare le patatine; evento B: l'altra bambina sale sulla Ferrari";"riconoscere i due eventi oppure l'evento e l'ancora temporale; localizzarli nella sequenza; determinare la relazione prima/dopo, primo/secondo, corrente/precedente o il momento richiesto";localizzazione rispetto a un'ancora temporale esplicita oppure ordinamento pairwise tra due eventi/stati direttamente identificabili;two_intervals;2;esplicita;alta;"[""temporale""]"
video093.mp4;3;causale;Perché la donna dice alla bambina di andare piano?;C2|T1;2;C2;T1;"donna; bambina; Ferrari o movimento";"effetto da spiegare: la donna dice alla bambina di andare piano; causa/antecedente: da identificare nell'evidenza disponibile";"riconoscere l'effetto o comportamento da spiegare; recuperare il contesto pertinente; inferire la causa/intenzione/motivazione solo se supportata dalle evidenze; evitare di colmare lacune con conoscenza non presente nel video";la risposta richiede almeno un passaggio inferenziale implicito su motivazione, intenzione, stato mentale, valutazione sociale, finalità procedurale o relazione causale non direttamente osservabile;two_intervals;2;implicita;moderata;"[""causale"", ""temporale""]"
video094.mp4;1;spaziale;Dove inciampa la donna col vestito verde?;S1|T0;1;S1;T0;"donna col vestito verde; ostacolo o punto d'inciampo";"evento: la donna inciampa; localizzazione del punto";"riconoscere l'evento o la relazione spaziale pertinente; allineare il referente all'intervallo locale; recuperare origine, destinazione, direzione, supporto o posizione richiesta";una relazione spaziale esplicita o una localizzazione condizionata da un singolo evento osservabile nello stesso intervallo locale;local_interval;1;esplicita;moderata;"[""spaziale"", ""temporale""]"
video094.mp4;2;temporale;La folla ride prima o dopo che la donna urti l'uomo?;T1;1;T1;;"folla; donna col vestito verde; uomo urtato";"evento A: la folla ride; evento B: la donna urta l'uomo";"riconoscere i due eventi oppure l'evento e l'ancora temporale; localizzarli nella sequenza; determinare la relazione prima/dopo, primo/secondo, corrente/precedente o il momento richiesto";localizzazione rispetto a un'ancora temporale esplicita oppure ordinamento pairwise tra due eventi/stati direttamente identificabili;two_intervals;2;esplicita;alta;"[""temporale""]"
video094.mp4;3;causale;Perché la folla ride?;C1|T1;1;C1;T1;"folla; donna; uomo";"effetto da spiegare: la folla ride; causa/antecedente: da identificare nell'evidenza disponibile";"riconoscere l'effetto; individuare un antecedente o stato direttamente osservabile/esplicitamente disponibile; verificare il nesso causale senza attribuire intenzioni o motivazioni non supportate";collegamento causale diretto tra un antecedente esplicito e una conseguenza esplicita, con al massimo due unità di evidenza;two_intervals;2;parzialmente implicita;moderata;"[""causale"", ""temporale""]"
video095.mp4;1;spaziale;Dov'era il professore prima di andare dal preside?;S2|T1;2;S2;T1;"professore; preside o ufficio del preside";"evento contestuale: il professore va dal preside; localizzazione precedente del professore";"identificare l'ancora temporale; recuperare lo stato spaziale nella fase richiesta; confrontare le fasi pertinenti senza introdurre cambiamenti non osservati";"recupero spaziale condizionato da una fase precedente/successiva/iniziale o dal primo occorrere di un evento; richiede confronto tra almeno due stati temporali";two_intervals;2;esplicita;alta;"[""spaziale"", ""temporale""]"
video095.mp4;2;temporale;Il professore va nell'ufficio del preside prima o dopo aver parlato con il bidello?;T1;1;T1;;"professore; ufficio del preside; bidello";"evento A: il professore va nell'ufficio del preside; evento B: il professore parla con il bidello";"riconoscere i due eventi oppure l'evento e l'ancora temporale; localizzarli nella sequenza; determinare la relazione prima/dopo, primo/secondo, corrente/precedente o il momento richiesto";localizzazione rispetto a un'ancora temporale esplicita oppure ordinamento pairwise tra due eventi/stati direttamente identificabili;two_intervals;2;esplicita;alta;"[""temporale""]"
video095.mp4;3;causale;Perché il professore esce dalla classe?;C2|T1;2;C2;T1;"professore; classe; preside o bidello";"effetto da spiegare: il professore esce dalla classe; causa/antecedente: da identificare nell'evidenza disponibile";"riconoscere l'effetto o comportamento da spiegare; recuperare il contesto pertinente; inferire la causa/intenzione/motivazione solo se supportata dalle evidenze; evitare di colmare lacune con conoscenza non presente nel video";la risposta richiede almeno un passaggio inferenziale implicito su motivazione, intenzione, stato mentale, valutazione sociale, finalità procedurale o relazione causale non direttamente osservabile;two_intervals;2;implicita;moderata;"[""causale"", ""temporale""]"
video096.mp4;1;spaziale;Dove si trova la cagnolina?;S0;0;S0;;"cagnolina; luogo in cui si trova";localizzazione della cagnolina;"identificare il referente target; recuperare una singola evidenza spaziale direttamente osservabile; restituire la localizzazione senza confronto tra fasi";"recupero spaziale diretto da una singola evidenza stabile; nessun confronto temporale o ricostruzione di stato";single_frame;1;esplicita;nessuna;"[""spaziale""]"
video096.mp4;2;temporale;L'animale mangia il biscotto prima o dopo il comando?;T1;1;T1;;"cagnolina; biscotto; comando dell'uomo";"evento A: la cagnolina mangia il biscotto; evento B: l'uomo impartisce il comando";"riconoscere i due eventi oppure l'evento e l'ancora temporale; localizzarli nella sequenza; determinare la relazione prima/dopo, primo/secondo, corrente/precedente o il momento richiesto";localizzazione rispetto a un'ancora temporale esplicita oppure ordinamento pairwise tra due eventi/stati direttamente identificabili;two_intervals;2;esplicita;alta;"[""temporale""]"
video096.mp4;3;causale;Perché l'uomo dà un biscotto alla cagnolina?;C2|T1;2;C2;T1;"uomo; cagnolina; biscotto";"effetto da spiegare: l'uomo dà un biscotto alla cagnolina; causa/antecedente: da identificare nell'evidenza disponibile";"riconoscere l'effetto o comportamento da spiegare; recuperare il contesto pertinente; inferire la causa/intenzione/motivazione solo se supportata dalle evidenze; evitare di colmare lacune con conoscenza non presente nel video";la risposta richiede almeno un passaggio inferenziale implicito su motivazione, intenzione, stato mentale, valutazione sociale, finalità procedurale o relazione causale non direttamente osservabile;two_intervals;2;implicita;moderata;"[""causale"", ""temporale""]"
video097.mp4;1;spaziale;Dove si sono appese le ragazze?;S1|T0;1;S1;T0;"ragazze; sbarre";"evento: le ragazze si appendono alle sbarre; localizzazione della struttura";"riconoscere l'evento o la relazione spaziale pertinente; allineare il referente all'intervallo locale; recuperare origine, destinazione, direzione, supporto o posizione richiesta";una relazione spaziale esplicita o una localizzazione condizionata da un singolo evento osservabile nello stesso intervallo locale;local_interval;1;esplicita;moderata;"[""spaziale"", ""temporale""]"
video097.mp4;2;temporale;Le ragazze si sono appese prima o dopo aver alzato le ginocchia?;T1;1;T1;;"ragazze; sbarre; ginocchia";"evento A: le ragazze si appendono; evento B: alzano le ginocchia";"riconoscere i due eventi oppure l'evento e l'ancora temporale; localizzarli nella sequenza; determinare la relazione prima/dopo, primo/secondo, corrente/precedente o il momento richiesto";localizzazione rispetto a un'ancora temporale esplicita oppure ordinamento pairwise tra due eventi/stati direttamente identificabili;two_intervals;2;esplicita;alta;"[""temporale""]"
video097.mp4;3;causale;Perché le ragazze si sono appese alle sbarre?;C2|T1;2;C2;T1;"ragazze; sbarre";"effetto da spiegare: le ragazze si appendono alle sbarre; causa/antecedente: da identificare nell'evidenza disponibile";"riconoscere l'effetto o comportamento da spiegare; recuperare il contesto pertinente; inferire la causa/intenzione/motivazione solo se supportata dalle evidenze; evitare di colmare lacune con conoscenza non presente nel video";la risposta richiede almeno un passaggio inferenziale implicito su motivazione, intenzione, stato mentale, valutazione sociale, finalità procedurale o relazione causale non direttamente osservabile;two_intervals;2;implicita;moderata;"[""causale"", ""temporale""]"
video098.mp4;1;spaziale;Dove si trova il jack di picche?;S0;0;S0;;"jack di picche; mazzo o sequenza di carte; posizione della carta";localizzazione del jack di picche;"identificare il referente target; recuperare una singola evidenza spaziale direttamente osservabile; restituire la localizzazione senza confronto tra fasi";"recupero spaziale diretto da una singola evidenza stabile; nessun confronto temporale o ricostruzione di stato";single_frame;1;esplicita;nessuna;"[""spaziale""]"
video098.mp4;2;temporale;Dopo quante carte viene estratta la carta corretta?;T2;2;T2;;"carte estratte; carta corretta";"evento target: estrazione della carta corretta; misura temporale/ordinale: numero di carte precedenti";"riconoscere gli eventi o stati pertinenti; ricostruire l'evoluzione temporale necessaria; calcolare conteggio/durata oppure distinguere onset, continuazione e stato già completato";durata, conteggio/iterazione, selezione del primo onset tra più candidati o ricostruzione di uno stato già in corso/completato;multi_event_sequence;>=3;esplicita;alta;"[""temporale""]"
video098.mp4;3;causale;Perché la donna è sorpresa di trovare il jack di picche?;C2|T1;2;C2;T1;"donna; jack di picche; mazzo di carte";"effetto da spiegare: la donna è sorpresa di trovare il jack di picche; causa/antecedente: da identificare nell'evidenza disponibile";"riconoscere l'effetto o comportamento da spiegare; recuperare il contesto pertinente; inferire la causa/intenzione/motivazione solo se supportata dalle evidenze; evitare di colmare lacune con conoscenza non presente nel video";la risposta richiede almeno un passaggio inferenziale implicito su motivazione, intenzione, stato mentale, valutazione sociale, finalità procedurale o relazione causale non direttamente osservabile;two_intervals;2;implicita;moderata;"[""causale"", ""temporale""]"
video099.mp4;1;spaziale;Dove si trova la leccia?;S0;0;S0;;leccia;localizzazione della leccia;"identificare il referente target; recuperare una singola evidenza spaziale direttamente osservabile; restituire la localizzazione senza confronto tra fasi";"recupero spaziale diretto da una singola evidenza stabile; nessun confronto temporale o ricostruzione di stato";single_frame;1;esplicita;nessuna;"[""spaziale""]"
video099.mp4;2;temporale;Il pescatore capisce che la leccia è grossa prima o dopo averla pescata?;T1;1;T1;;"pescatore; leccia; dimensione del pesce";"evento A: il pescatore capisce che la leccia è grossa; evento B: il pescatore pesca la leccia";"riconoscere i due eventi oppure l'evento e l'ancora temporale; localizzarli nella sequenza; determinare la relazione prima/dopo, primo/secondo, corrente/precedente o il momento richiesto";localizzazione rispetto a un'ancora temporale esplicita oppure ordinamento pairwise tra due eventi/stati direttamente identificabili;two_intervals;2;esplicita;alta;"[""temporale""]"
video099.mp4;3;causale;Perché la leccia non entra nel guadino?;C1|T0;1;C1;T0;"leccia; guadino; pescatore; dimensioni del pesce";"effetto da spiegare: la leccia non entra nel guadino; causa/antecedente: da identificare nell'evidenza disponibile";"riconoscere l'effetto; individuare un antecedente o stato direttamente osservabile/esplicitamente disponibile; verificare il nesso causale senza attribuire intenzioni o motivazioni non supportate";nesso causa-effetto fisico, sistemico o comportamentale direttamente osservabile nello stesso intervallo locale;local_interval;1;esplicita;moderata;"[""causale"", ""temporale""]"
video100.mp4;1;spaziale;Dove si trova il cartello con le istruzioni per entrare?;S0;0;S0;;cartello con le istruzioni;localizzazione del cartello per entrare;"identificare il referente target; recuperare una singola evidenza spaziale direttamente osservabile; restituire la localizzazione senza confronto tra fasi";"recupero spaziale diretto da una singola evidenza stabile; nessun confronto temporale o ricostruzione di stato";single_frame;1;esplicita;nessuna;"[""spaziale""]"
video100.mp4;2;temporale;Cosa mostra prima la bambina: il disegno che ritrae lei o quello che ritrae Vanessa?;T1;1;T1;;"bambina; disegno di sé; disegno di Vanessa";"evento A: la bambina mostra il proprio disegno; evento B: mostra il disegno di Vanessa";"riconoscere i due eventi oppure l'evento e l'ancora temporale; localizzarli nella sequenza; determinare la relazione prima/dopo, primo/secondo, corrente/precedente o il momento richiesto";localizzazione rispetto a un'ancora temporale esplicita oppure ordinamento pairwise tra due eventi/stati direttamente identificabili;two_intervals;2;esplicita;alta;"[""temporale""]"
video100.mp4;3;causale;Perché la mamma dice alla bambina che da grande farà l'artistico?;C2|T1;2;C2;T1;"mamma; bambina; disegni; percorso scolastico artistico";"effetto da spiegare: la mamma dice che la bambina farà l'artistico; causa/antecedente: da identificare nell'evidenza disponibile";"riconoscere l'effetto o comportamento da spiegare; recuperare il contesto pertinente; inferire la causa/intenzione/motivazione solo se supportata dalle evidenze; evitare di colmare lacune con conoscenza non presente nel video";la risposta richiede almeno un passaggio inferenziale implicito su motivazione, intenzione, stato mentale, valutazione sociale, finalità procedurale o relazione causale non direttamente osservabile;two_intervals;2;implicita;moderata;"[""causale"", ""temporale""]"
