id,video_id,video_name,pool_id,pool_item,question_category,question,annotator,human_answer,caption,foil
video001_causale_01,video001,video001.mp4,video001_causale,1,causale,Perché il signore con gli occhiali balbetta?,Memmo,perchè si è spaventato,Il signore con gli occhiali balbetta perché si è spaventato.,Il signore con gli occhiali balbetta perché è emozionato.
video001_causale_02,video001,video001.mp4,video001_causale,2,causale,Perché il signore con gli occhiali balbetta?,barbara,per paura,Il signore con gli occhiali balbetta per paura.,Il signore con gli occhiali balbetta per il freddo.
video001_causale_03,video001,video001.mp4,video001_causale,3,causale,Perché il signore con gli occhiali balbetta?,eli,"perché il farmacista lo coglie di sorpresa e lo spaventa, provocandogli paura","Il signore con gli occhiali balbetta perché il farmacista lo coglie di sorpresa e lo spaventa, provocandogli paura.",Il signore con gli occhiali balbetta perché è emozionato dall'incontro con il farmacista.
video001_causale_04,video001,video001.mp4,video001_causale,4,causale,Perché il signore con gli occhiali balbetta?,michela,perché il farmacista lo ha spaventato,Il signore con gli occhiali balbetta perché il farmacista lo ha spaventato.,Il signore con gli occhiali balbetta perché è emozionato.
video001_spaziale_01,video001,video001.mp4,video001_spaziale,1,spaziale,Dove cerca il rimedio al singhiozzo l'uomo con il camice?,Memmo,sotto al bancone della farmacia,L'uomo con il camice cerca il rimedio al singhiozzo sotto al bancone della farmacia.,L'uomo con il camice cerca il rimedio al singhiozzo sopra al bancone della farmacia.
video001_spaziale_02,video001,video001.mp4,video001_spaziale,2,spaziale,Dove cerca il rimedio al singhiozzo l'uomo con il camice?,barbara,sotto il bancone,L'uomo con il camice cerca il rimedio al singhiozzo sotto il bancone.,L'uomo con il camice cerca il rimedio al singhiozzo sopra il bancone.
video001_spaziale_03,video001,video001.mp4,video001_spaziale,3,spaziale,Dove cerca il rimedio al singhiozzo l'uomo con il camice?,eli,"sul pavimento della farmacia, nella zona sotto il bancone","L'uomo con il camice cerca il rimedio al singhiozzo sul pavimento della farmacia, nella zona sotto il bancone.","L'uomo con il camice cerca il rimedio al singhiozzo sul tetto della farmacia, nella zona sopra il bancone."
video001_spaziale_04,video001,video001.mp4,video001_spaziale,4,spaziale,Dove cerca il rimedio al singhiozzo l'uomo con il camice?,michela,sul pavimento della farmacia,L'uomo con il camice cerca il rimedio al singhiozzo sul pavimento della farmacia.,L'uomo con il camice cerca il rimedio al singhiozzo sul bancone della farmacia.
video001_temporale_01,video001,video001.mp4,video001_temporale,1,temporale,L'uomo con gli occhiali urla prima o dopo che l'uomo dietro il bancone esca?,Memmo,dopo,L'uomo con gli occhiali urla dopo che l'uomo dietro il bancone esce.,L'uomo con gli occhiali urla mentre l'uomo dietro il bancone esce.
video001_temporale_02,video001,video001.mp4,video001_temporale,2,temporale,L'uomo con gli occhiali urla prima o dopo che l'uomo dietro il bancone esca?,barbara,dopo,L'uomo con gli occhiali urla dopo che l'uomo dietro il bancone esce.,L'uomo con gli occhiali urla prima che l'uomo dietro il bancone esca.
video001_temporale_03,video001,video001.mp4,video001_temporale,3,temporale,L'uomo con gli occhiali urla prima o dopo che l'uomo dietro il bancone esca?,eli,"successivamente all'uscita improvvisa dell'uomo con la maschera, quando scoppia a urlare",L'uomo con gli occhiali urla successivamente all'uscita improvvisa dell'uomo con la maschera.,L'uomo con gli occhiali urla prima dell'uscita improvvisa dell'uomo con la maschera.
video001_temporale_04,video001,video001.mp4,video001_temporale,4,temporale,L'uomo con gli occhiali urla prima o dopo che l'uomo dietro il bancone esca?,michela,urla dopo che l'uomo con la maschera salti fuori,L'uomo con gli occhiali urla dopo che l'uomo con la maschera salti fuori.,L'uomo con gli occhiali urla mentre l'uomo con la maschera salti fuori.
video002_causale_01,video002,video002.mp4,video002_causale,1,causale,Perché l'uomo con gli occhiali fa degli strani versi al telefono e lo allontana dall'orecchio?,Memmo,Perchè vuol far credere alla moglie che si trova in una strada trafficata e non con l'amante,L'uomo con gli occhiali fa strani versi al telefono e lo allontana dall'orecchio per far credere alla moglie che si trova in una strada trafficata e non con l'amante.,L'uomo con gli occhiali fa strani versi al telefono e lo allontana dall'orecchio per far credere alla moglie che l'audio del telefono non funziona e non che si trova in una strada trafficata.
video002_causale_02,video002,video002.mp4,video002_causale,2,causale,Perché l'uomo con gli occhiali fa degli strani versi al telefono e lo allontana dall'orecchio?,barbara,per depistare la moglie,Nel video l'uomo con gli occhiali fa degli strani versi al telefono per depistare la moglie.,Nel video l'uomo con gli occhiali fa degli strani versi al telefono per divertire la moglie.
video002_causale_03,video002,video002.mp4,video002_causale,3,causale,Perché l'uomo con gli occhiali fa degli strani versi al telefono e lo allontana dall'orecchio?,eli,"per depistare la moglie, fingendo di essere alla guida della propria auto e di non poter parlare con lei","L'uomo con gli occhiali fa degli strani versi al telefono per depistare la moglie, fingendo di essere alla guida della propria auto e di non poter parlare con lei.","L'uomo con gli occhiali fa degli strani versi al telefono per depistare la moglie, fingendo di essere impegnato in una riunione importante e quindi di non poter parlare con lei."
video002_causale_04,video002,video002.mp4,video002_causale,4,causale,Perché l'uomo con gli occhiali fa degli strani versi al telefono e lo allontana dall'orecchio?,michela,perché fa finta di essere alla guida della sua auto e di non poter parlare,L'uomo con gli occhiali finge di essere alla guida della sua auto e di non poter parlare.,L'uomo con gli occhiali finge di essere in bicicletta e di non poter parlare.
video002_spaziale_01,video002,video002.mp4,video002_spaziale,1,spaziale,Dove si trova la moglie dell'uomo con gli occhiali?,Memmo,In agguato dietro un muretto,La moglie dell'uomo con gli occhiali si trova in agguato dietro un muretto.,La moglie dell'uomo con gli occhiali si trova su una barca a vela.
video002_spaziale_02,video002,video002.mp4,video002_spaziale,2,spaziale,Dove si trova la moglie dell'uomo con gli occhiali?,barbara,dietro l'uomo con gli occhiali,La moglie dell'uomo con gli occhiali si trova dietro di lui.,La moglie dell'uomo con gli occhiali si trova davanti a lui.
video002_spaziale_03,video002,video002.mp4,video002_spaziale,3,spaziale,Dove si trova la moglie dell'uomo con gli occhiali?,eli,"alle spalle della coppia, dietro l'uomo con gli occhiali","La moglie dell'uomo con gli occhiali si trova alle spalle della coppia, dietro l'uomo con gli occhiali.","La moglie dell'uomo con gli occhiali si trova davanti alla coppia, di fronte all'uomo con gli occhiali."
video002_spaziale_04,video002,video002.mp4,video002_spaziale,4,spaziale,Dove si trova la moglie dell'uomo con gli occhiali?,michela,dietro la coppia,La moglie dell'uomo con gli occhiali si trova dietro la coppia.,La moglie dell'uomo con gli occhiali si trova davanti alla coppia.
video002_temporale_01,video002,video002.mp4,video002_temporale,1,temporale,La donna bionda sbuffa prima o dopo che il telefono squilli?,Memmo,dopo,La donna bionda sbuffa dopo che il telefono squilla.,La donna bionda sbuffa prima che il telefono squilli.
video002_temporale_02,video002,video002.mp4,video002_temporale,2,temporale,La donna bionda sbuffa prima o dopo che il telefono squilli?,barbara,dopo,La donna bionda sbuffa dopo che il telefono squilla.,La donna bionda sbuffa prima che il telefono squilli.
video002_temporale_03,video002,video002.mp4,video002_temporale,3,temporale,La donna bionda sbuffa prima o dopo che il telefono squilli?,eli,in seguito alla scoperta che la donna al telefono è la moglie dell'uomo,La donna bionda sbuffa in seguito alla scoperta che la donna al telefono è la moglie dell'uomo.,La donna bionda sbuffa prima della scoperta che la donna al telefono è la moglie dell'uomo.
video002_temporale_04,video002,video002.mp4,video002_temporale,4,temporale,La donna bionda sbuffa prima o dopo che il telefono squilli?,michela,sbuffa dopo aver capito che fosse la moglie di lui,La donna bionda sbuffa dopo aver capito che fosse la moglie di lui.,La donna bionda sbuffa mentre capiva che fosse la moglie di lui.
video003_causale_01,video003,video003.mp4,video003_causale,1,causale,Perché l'uomo con la maglietta gialla si preoccupa di cosa dirà allo zio?,Memmo,Perchè probabilmente la macchina è dello zio,L'uomo con la maglietta gialla si preoccupa perché probabilmente la macchina è dello zio.,L'uomo con la maglietta gialla si preoccupa perché probabilmente la macchina non funziona.
video003_causale_02,video003,video003.mp4,video003_causale,2,causale,Perché l'uomo con la maglietta gialla si preoccupa di cosa dirà allo zio?,barbara,perchè è la macchina dello zio,L'uomo con la maglietta gialla si preoccupa di cosa dirà allo zio perché è la macchina dello zio.,L'uomo con la maglietta gialla si preoccupa di cosa dirà allo zio perché ha perso la macchina dello zio.
video003_causale_03,video003,video003.mp4,video003_causale,3,causale,Perché l'uomo con la maglietta gialla si preoccupa di cosa dirà allo zio?,eli,"perché l'auto rossa, ricevuta in prestito dallo zio, ha riportato dei danni","L'uomo con la maglietta gialla si preoccupa perché l'auto rossa, ricevuta in prestito dallo zio, ha riportato dei danni.","L'uomo con la maglietta gialla si preoccupa perché l'auto rossa, ricevuta in prestito dallo zio, è rimasta senza benzina."
video003_causale_04,video003,video003.mp4,video003_causale,4,causale,Perché l'uomo con la maglietta gialla si preoccupa di cosa dirà allo zio?,michela,perché l'auto che gli ha prestato ha subito danni,L'uomo con la maglietta gialla si preoccupa perché l'auto che lo zio gli ha prestato ha subito danni.,L'uomo con la maglietta gialla si preoccupa perché si è perso in una nuova città.
video003_spaziale_01,video003,video003.mp4,video003_spaziale,1,spaziale,"Quando l'uomo con la maglietta gialla dice: 'Ma chi c'ha messo qui?', dov'è il 'qui'?",Memmo,sul tettuccio della automobile Lancia,"Nel video, il 'qui' si riferisce al tettuccio dell'automobile Lancia.","Nel video, il 'qui' si riferisce al cofano dell'automobile Lancia."
video003_spaziale_02,video003,video003.mp4,video003_spaziale,2,spaziale,"Quando l'uomo con la maglietta gialla dice: 'Ma chi c'ha messo qui?', dov'è il 'qui'?",barbara,sulla macchina rossa,"Nel video, il ""qui"" si riferisce alla macchina rossa.","Nel video, il ""qui"" si riferisce alla casa blu."
video003_spaziale_03,video003,video003.mp4,video003_spaziale,3,spaziale,"Quando l'uomo con la maglietta gialla dice: 'Ma chi c'ha messo qui?', dov'è il 'qui'?",eli,sopra il tettuccio sfondato dell'auto sportiva,Il 'qui' si riferisce al tettuccio sfondato dell'auto sportiva.,Il 'qui' si riferisce agli interni lussuosi dell'auto sportiva.
video003_spaziale_04,video003,video003.mp4,video003_spaziale,4,spaziale,"Quando l'uomo con la maglietta gialla dice: 'Ma chi c'ha messo qui?', dov'è il 'qui'?",michela,sul tettuccio della macchina rossa,"L'uomo con la maglietta gialla si riferisce al tettuccio della macchina rossa quando dice ""qui"".","L'uomo con la maglietta gialla si riferisce alla ruota della macchina rossa quando dice ""qui""."
video003_temporale_01,video003,video003.mp4,video003_temporale,1,temporale,La finestra del balcone viene chiusa prima o dopo che l'uomo urli 'barbone'?,Memmo,dopo,La finestra del balcone viene chiusa dopo che l'uomo urli 'barbone'.,La finestra del balcone viene chiusa prima che l'uomo urli 'barbone'.
video003_temporale_02,video003,video003.mp4,video003_temporale,2,temporale,La finestra del balcone viene chiusa prima o dopo che l'uomo urli 'barbone'?,barbara,dopo,La finestra del balcone viene chiusa dopo che l'uomo urli 'barbone'.,La finestra del balcone viene chiusa prima che l'uomo urli 'barbone'.
video003_temporale_03,video003,video003.mp4,video003_temporale,3,temporale,La finestra del balcone viene chiusa prima o dopo che l'uomo urli 'barbone'?,eli,successivamente al momento in cui spinge la televisione verso il basso,La finestra del balcone viene chiusa successivamente al momento in cui l'uomo spinge la televisione verso il basso.,La finestra del balcone viene chiusa prima che l'uomo spinga la televisione verso il basso.
video003_temporale_04,video003,video003.mp4,video003_temporale,4,temporale,La finestra del balcone viene chiusa prima o dopo che l'uomo urli 'barbone'?,michela,dopo che spinge la tv di sotto,La finestra del balcone viene chiusa dopo che l'uomo spinge la TV di sotto.,La finestra del balcone viene chiusa prima che l'uomo spinge la TV di sotto.
video004_causale_01,video004,video004.mp4,video004_causale,1,causale,Perché il padrone dice al cane 'incrocia bene'?,Memmo,Perchè non aveva incociato bene le zampe al primo comando,"Il padrone dice al cane ""incrocia bene"" perché non aveva incrociato bene le zampe al primo comando.","Il padrone dice al cane ""incrocia bene"" perché aveva incrociato bene le zampe al primo comando."
video004_causale_02,video004,video004.mp4,video004_causale,2,causale,Perché il padrone dice al cane 'incrocia bene'?,barbara,per fargli eseguire meglio il comando,Il padrone dice al cane 'incrocia bene' per fargli eseguire meglio il comando.,Il padrone dice al cane 'incrocia bene' per fargli interrompere il comando.
video004_causale_03,video004,video004.mp4,video004_causale,3,causale,Perché il padrone dice al cane 'incrocia bene'?,eli,"per correggere l'esecuzione del comando, che inizialmente non era stata svolta correttamente","Il padrone dice al cane 'incrocia bene' per correggere l'esecuzione del comando, che inizialmente non era stata svolta correttamente.","Il padrone dice al cane 'incrocia bene' per rinforzare l'esecuzione del comando, che inizialmente era stata svolta alla perfezione."
video004_causale_04,video004,video004.mp4,video004_causale,4,causale,Perché il padrone dice al cane 'incrocia bene'?,michela,perché non era stato eseguito bene il comando,Il padrone dice al cane 'incrocia bene' perché il comando non era stato eseguito correttamente.,Il padrone dice al cane 'incrocia bene' perché aveva paura che il cane scappasse.
video004_spaziale_01,video004,video004.mp4,video004_spaziale,1,spaziale,Dove si trova il cane quando viene dato il comando 'dietro'?,Memmo,Quando il cane è più avanti rispetto all'inquadratura.,Il cane si trova più avanti rispetto all'inquadratura quando viene dato il comando 'dietro'.,Il cane si trova indietro rispetto all'inquadratura quando viene dato il comando 'dietro'.
video004_spaziale_02,video004,video004.mp4,video004_spaziale,2,spaziale,Dove si trova il cane quando viene dato il comando 'dietro'?,barbara,davanti l'uomo,Il cane è davanti all'uomo quando viene dato il comando 'dietro'.,Il cane è dietro all'uomo quando viene dato il comando 'dietro'.
video004_spaziale_03,video004,video004.mp4,video004_spaziale,3,spaziale,Dove si trova il cane quando viene dato il comando 'dietro'?,eli,"sul prato, di fronte all'uomo","Quando viene dato il comando 'dietro', il cane si trova sul prato, di fronte all'uomo.","Quando viene dato il comando 'dietro', il cane si trova sul pavimento, accanto all'uomo."
video004_spaziale_04,video004,video004.mp4,video004_spaziale,4,spaziale,Dove si trova il cane quando viene dato il comando 'dietro'?,michela,sul prato,"Quando viene dato il comando 'dietro', il cane si trova sul prato.","Quando viene dato il comando 'dietro', il cane si trova sul divano."
video004_temporale_01,video004,video004.mp4,video004_temporale,1,temporale,"Cosa viene ordinato prima al cane, 'due' o 'spin'?",Memmo,Indietro poi spin e poi due,"Prima al cane viene ordinato ""indietro"", poi ""spin"" e infine ""due"".","Prima al cane viene ordinato ""spin"", poi ""due"" e infine ""indietro""."
video004_temporale_02,video004,video004.mp4,video004_temporale,2,temporale,"Cosa viene ordinato prima al cane, 'due' o 'spin'?",barbara,spin,"Al cane viene ordinato prima ""spin"".","Al cane viene ordinato dopo ""spin""."
video004_temporale_03,video004,video004.mp4,video004_temporale,3,temporale,"Cosa viene ordinato prima al cane, 'due' o 'spin'?",eli,il cane esegue prima una rotazione completa su se stesso e successivamente abbaia due volte,Nel video il cane esegue prima una rotazione completa su se stesso e successivamente abbaia due volte.,Nel video il cane abbaia due volte e successivamente esegue una rotazione completa su se stesso.
video004_temporale_04,video004,video004.mp4,video004_temporale,4,temporale,"Cosa viene ordinato prima al cane, 'due' o 'spin'?",michela,il cane prima gira su se stesso e poi abbaia 2 volte,Il cane prima esegue un giro su se stesso e poi abbaia due volte.,Il cane esegue un giro su se stesso mentre abbaia due volte.
video005_causale_01,video005,video005.mp4,video005_causale,1,causale,Perché il massaggio all'orecchio del cane produce un suono?,Memmo,"Perchè è il suono dell'orecchio che si chiaccia con il liquido dentro produce quel suono. Un po' come il ""ciaf ciaf"" nell'acqua","Il suono prodotto dal massaggio all'orecchio del cane è dovuto al liquido dentro che si muove, simile a un ""ciaf ciaf"" nell'acqua.","Il suono prodotto dal massaggio all'orecchio del cane è dovuto all'aria che si sposta, simile a un ""ciaf ciaf"" nell'acqua."
video005_causale_02,video005,video005.mp4,video005_causale,2,causale,Perché il massaggio all'orecchio del cane produce un suono?,barbara,perchè nell'orecchio vi è un liquido,Il massaggio all'orecchio del cane produce un suono perché nell'orecchio vi è un liquido.,Il massaggio all'orecchio del cane produce un suono perché l'orecchio è asciutto.
video005_causale_03,video005,video005.mp4,video005_causale,3,causale,Perché il massaggio all'orecchio del cane produce un suono?,eli,perché nell'orecchio è stato applicato un liquido detergente che deve avere il tempo di agire,Il suono è prodotto perché nell'orecchio è stato applicato un liquido detergente che deve avere il tempo di agire.,Il suono è prodotto perché nell'orecchio è entrata dell'acqua durante la doccia.
video005_causale_04,video005,video005.mp4,video005_causale,4,causale,Perché il massaggio all'orecchio del cane produce un suono?,michela,perché è stato inserito un liquido per pulire le orecchie eserve per fargli fare effetto,Il suono è prodotto perché è stato inserito un liquido per pulire le orecchie e serve per fargli fare effetto.,Il suono è prodotto perché c'è una musica che sta suonando nelle vicinanze e serve per rilassare l'ambiente.
video005_spaziale_01,video005,video005.mp4,video005_spaziale,1,spaziale,Dove viene inserito il beccuccio della lozione?,Memmo,Nell'orecchio del cane,Il beccuccio della lozione viene inserito nell'orecchio del cane.,Il beccuccio della lozione viene inserito nella zampa del cane.
video005_spaziale_02,video005,video005.mp4,video005_spaziale,2,spaziale,Dove viene inserito il beccuccio della lozione?,barbara,nell'orecchio,Il beccuccio della lozione viene inserito nell'orecchio.,Il beccuccio della lozione viene inserito nel naso.
video005_spaziale_03,video005,video005.mp4,video005_spaziale,3,spaziale,Dove viene inserito il beccuccio della lozione?,eli,all'interno dell'orecchio del gatto e del cane,Il beccuccio della lozione viene inserito all'interno dell'orecchio del gatto e del cane.,Il beccuccio della lozione viene inserito all'esterno dell'orecchio del gatto e del cane.
video005_spaziale_04,video005,video005.mp4,video005_spaziale,4,spaziale,Dove viene inserito il beccuccio della lozione?,michela,nell'orecchio del gatto,Nel video il beccuccio della lozione viene inserito nell'orecchio del gatto.,Nel video il beccuccio della lozione viene inserito nella zampa del gatto.
video005_temporale_01,video005,video005.mp4,video005_temporale,1,temporale,Il massaggio viene fatto prima o dopo l'applicazione del detergente auricolare?,Memmo,dopo,Il massaggio viene fatto dopo l'applicazione del detergente auricolare.,Il massaggio viene fatto prima dell'applicazione del detergente auricolare.
video005_temporale_02,video005,video005.mp4,video005_temporale,2,temporale,Il massaggio viene fatto prima o dopo l'applicazione del detergente auricolare?,barbara,dopo,Il massaggio viene fatto dopo l'applicazione del detergente auricolare.,Il massaggio viene fatto prima dell'applicazione del detergente auricolare.
video005_temporale_03,video005,video005.mp4,video005_temporale,3,temporale,Il massaggio viene fatto prima o dopo l'applicazione del detergente auricolare?,eli,in seguito alla spremitura della confezione e all'applicazione del prodotto,Il massaggio viene fatto in seguito alla spremitura della confezione e all'applicazione del prodotto.,Il massaggio viene fatto prima della spremitura della confezione e dell'applicazione del prodotto.
video005_temporale_04,video005,video005.mp4,video005_temporale,4,temporale,Il massaggio viene fatto prima o dopo l'applicazione del detergente auricolare?,michela,dopo aver spremuto la confezione,Il massaggio viene fatto dopo aver spremuto la confezione del detergente auricolare.,Il massaggio viene fatto prima di spremere la confezione del detergente auricolare.
video006_causale_01,video006,video006.mp4,video006_causale,1,causale,Perché l'uomo decide di non pagare il ragazzo?,Memmo,Perchè è arrivato in ritardo in facoltà di speedy pizza,L'uomo decide di non pagare il ragazzo perché è arrivato in ritardo in facoltà di speedy pizza.,L'uomo decide di non pagare il ragazzo perché ha sbagliato a consegnare l'ordine.
video006_causale_02,video006,video006.mp4,video006_causale,2,causale,Perché l'uomo decide di non pagare il ragazzo?,barbara,perchè le pizze sono consegnate in ritardo,L'uomo decide di non pagare il ragazzo perché le pizze sono consegnate in ritardo.,L'uomo decide di non pagare il ragazzo perché le pizze sono fredde.
video006_causale_03,video006,video006.mp4,video006_causale,3,causale,Perché l'uomo decide di non pagare il ragazzo?,eli,perché si rende conto che il rider sta effettuando la consegna delle pizze in ritardo,L'uomo decide di non pagare il ragazzo perché si rende conto che il rider sta effettuando la consegna delle pizze in ritardo.,L'uomo decide di non pagare il ragazzo perché si accorge che le pizze sono fredde.
video006_causale_04,video006,video006.mp4,video006_causale,4,causale,Perché l'uomo decide di non pagare il ragazzo?,michela,perché si è accorto che il rider è in ritardo con la consegna,L'uomo decide di non pagare il ragazzo perché si è accorto che il rider è in ritardo con la consegna.,L'uomo decide di non pagare il ragazzo perché si è accorto che il rider ha portato l'ordine sbagliato.
video006_spaziale_01,video006,video006.mp4,video006_spaziale,1,spaziale,Dove parla il ragazzo che dice 'pizza'?,Memmo,Al citofono,Il ragazzo che dice 'pizza' parla al citofono.,Il ragazzo che dice 'pizza' parla al telefono.
video006_spaziale_02,video006,video006.mp4,video006_spaziale,2,spaziale,Dove parla il ragazzo che dice 'pizza'?,barbara,citofono,Il ragazzo dice 'pizza' al citofono.,Il ragazzo dice 'pizza' al telefono.
video006_spaziale_03,video006,video006.mp4,video006_spaziale,3,spaziale,Dove parla il ragazzo che dice 'pizza'?,eli,nel citofono del palazzo presso cui deve effettuare la consegna,Il ragazzo dice 'pizza' nel citofono del palazzo presso cui deve effettuare la consegna.,Il ragazzo dice 'pizza' nel citofono della casa presso cui deve effettuare la consegna.
video006_spaziale_04,video006,video006.mp4,video006_spaziale,4,spaziale,Dove parla il ragazzo che dice 'pizza'?,michela,nel citofono del palazzo dove deve consegnare,Il ragazzo parla nel citofono del palazzo dove deve consegnare.,Il ragazzo parla nel citofono del negozio dove deve consegnare.
video006_temporale_01,video006,video006.mp4,video006_temporale,1,temporale,"Chi saluta per primo, l'uomo con la maglia bianca o quello con la maglia verde?",Memmo,Quello con la maglia verde,"Nel video, l'uomo con la maglia verde saluta per primo.","Alla fine del video, l'uomo con la maglia verde saluta per primo."
video006_temporale_02,video006,video006.mp4,video006_temporale,2,temporale,"Chi saluta per primo, l'uomo con la maglia bianca o quello con la maglia verde?",barbara,bianca,L'uomo con la maglia bianca saluta per primo nel video.,L'uomo con la maglia bianca saluta per ultimo nel video.
video006_temporale_03,video006,video006.mp4,video006_temporale,3,temporale,"Chi saluta per primo, l'uomo con la maglia bianca o quello con la maglia verde?",eli,l'uomo in bianco che deve consegnare l'ordine delle pizze,È l'uomo in bianco che deve consegnare l'ordine delle pizze a salutare per primo.,"Dopo che l'uomo in bianco ha consegnato l'ordine delle pizze, ha salutato per primo."
video006_temporale_04,video006,video006.mp4,video006_temporale,4,temporale,"Chi saluta per primo, l'uomo con la maglia bianca o quello con la maglia verde?",michela,quello che sta consegnando le pizze le pizze,Saluta per primo l'uomo che sta consegnando le pizze.,Saluta l'uomo che arriva dopo a consegnare le pizze.
video007_causale_01,video007,video007.mp4,video007_causale,1,causale,Perché Anastasia piange?,Memmo,Perchè è inciampata sul tappeto facendosi male,Anastasia piange perché è inciampata sul tappeto facendosi male.,Anastasia piange perché ha litigato con un amico.
video007_causale_02,video007,video007.mp4,video007_causale,2,causale,Perché Anastasia piange?,barbara,perchè è caduta,Anastasia piange perché è caduta.,Anastasia piange perché è felice.
video007_causale_03,video007,video007.mp4,video007_causale,3,causale,Perché Anastasia piange?,eli,perché inciampa sul tappeto e finisce a terra,Anastasia piange perché inciampa sul tappeto e finisce a terra.,Anastasia piange perché ha ricevuto una brutta notizia.
video007_causale_04,video007,video007.mp4,video007_causale,4,causale,Perché Anastasia piange?,michela,perché è inciamapta sul tappeto,Anastasia piange perché è inciampata sul tappeto.,Anastasia piange perché ha ricevuto una bella notizia.
video007_spaziale_01,video007,video007.mp4,video007_spaziale,1,spaziale,Dove si trova Anastasia quando inizia a piangere?,Memmo,Caduta in terra a causa dell'inciampo sul tappeto,Anastasia si trova caduta in terra a causa dell'inciampo sul tappeto quando inizia a piangere.,Anastasia si trova caduta sulla sedia a causa dell'inciampo sul tappeto quando inizia a piangere.
video007_spaziale_02,video007,video007.mp4,video007_spaziale,2,spaziale,Dove si trova Anastasia quando inizia a piangere?,barbara,per terra,Anastasia si trova per terra quando inizia a piangere.,Anastasia si trova su una sedia quando inizia a piangere.
video007_spaziale_03,video007,video007.mp4,video007_spaziale,3,spaziale,Dove si trova Anastasia quando inizia a piangere?,eli,"a terra, sdraiata ai piedi del letto","Anastasia si trova a terra, sdraiata ai piedi del letto quando inizia a piangere.","Anastasia si trova sul divano, seduta comodamente quando inizia a piangere."
video007_spaziale_04,video007,video007.mp4,video007_spaziale,4,spaziale,Dove si trova Anastasia quando inizia a piangere?,michela,sdraiata ai piedi del letto in terra,Anastasia si trova sdraiata ai piedi del letto in terra quando inizia a piangere.,Anastasia si trova sdraiata sopra il letto quando inizia a piangere.
video007_temporale_01,video007,video007.mp4,video007_temporale,1,temporale,La bambina ride prima o dopo essere caduta?,Memmo,prima,La bambina ride prima di cadere.,La bambina ride dopo essere caduta.
video007_temporale_02,video007,video007.mp4,video007_temporale,2,temporale,La bambina ride prima o dopo essere caduta?,barbara,prima,La bambina ride prima di cadere nel video.,La bambina ride dopo essere caduta nel video.
video007_temporale_03,video007,video007.mp4,video007_temporale,3,temporale,La bambina ride prima o dopo essere caduta?,eli,in un momento precedente rispetto all'azione successiva,La bambina ride in un momento precedente rispetto all'azione successiva.,La bambina ride in un momento successivo all'azione precedente.
video007_temporale_04,video007,video007.mp4,video007_temporale,4,temporale,La bambina ride prima o dopo essere caduta?,michela,prima,La bambina ride prima di cadere.,La bambina ride dopo essere caduta.
video008_causale_01,video008,video008.mp4,video008_causale,1,causale,Perché l'uomo con il completo grigio è preoccupato di finire 'elemosinaro'?,Memmo,Perchè ha paura di essere arrestato per furto,L'uomo con il completo grigio è preoccupato di finire 'elemosinaro' perché ha paura di essere arrestato per furto.,L'uomo con il completo grigio è preoccupato di finire 'elemosinaro' perché non riesce a trovare un lavoro stabile.
video008_causale_02,video008,video008.mp4,video008_causale,2,causale,Perché l'uomo con il completo grigio è preoccupato di finire 'elemosinaro'?,barbara,perchè sta rubando,L'uomo con il completo grigio è preoccupato di finire 'elemosinaro' perché sta rubando.,L'uomo con il completo grigio è preoccupato di finire 'elemosinaro' perché ha perso il lavoro.
video008_causale_03,video008,video008.mp4,video008_causale,3,causale,Perché l'uomo con il completo grigio è preoccupato di finire 'elemosinaro'?,eli,perché partecipa al furto dopo essere stato convinto dall'amico e la situazione lo spaventa,L'uomo con il completo grigio è preoccupato di finire 'elemosinaro' perché partecipa al furto dopo essere stato convinto dall'amico e la situazione lo spaventa.,L'uomo con il completo grigio è preoccupato di finire 'elemosinaro' perché ha perso il lavoro e la situazione lo spaventa.
video008_causale_04,video008,video008.mp4,video008_causale,4,causale,Perché l'uomo con il completo grigio è preoccupato di finire 'elemosinaro'?,michela,perché l'amico lo ha convinto a rubare e lui è spaventato,L'uomo con il completo grigio è preoccupato di finire 'elemosinaro' perché l'amico lo ha convinto a rubare e lui è spaventato.,L'uomo con il completo grigio è preoccupato di finire 'elemosinaro' perché ha perso il lavoro e lui è spaventato.
video008_spaziale_01,video008,video008.mp4,video008_spaziale,1,spaziale,Dove mette 'spesa proletaria' l'uomo con la fascia rossa?,Memmo,Dentro la canottiera,L'uomo con la fascia rossa mette 'spesa proletaria' dentro la canottiera.,L'uomo con la fascia rossa mette 'spesa proletaria' sopra la canottiera.
video008_spaziale_02,video008,video008.mp4,video008_spaziale,2,spaziale,Dove mette 'spesa proletaria' l'uomo con la fascia rossa?,barbara,nel gilet,L'uomo con la fascia rossa mette la 'spesa proletaria' nel gilet.,L'uomo con la fascia rossa mette la 'spesa proletaria' nel carrello.
video008_spaziale_03,video008,video008.mp4,video008_spaziale,3,spaziale,Dove mette 'spesa proletaria' l'uomo con la fascia rossa?,eli,"nascosto sul petto, all'interno del gilet","L'uomo con la fascia rossa mette 'spesa proletaria' nascosto sul petto, all'interno del gilet.","L'uomo con la fascia rossa mette 'spesa proletaria' nascosto nella tasca dei pantaloni, invece del gilet."
video008_spaziale_04,video008,video008.mp4,video008_spaziale,4,spaziale,Dove mette 'spesa proletaria' l'uomo con la fascia rossa?,michela,se lo nasconde nel petto,L'uomo con la fascia rossa nasconde 'spesa proletaria' nel petto.,L'uomo con la fascia rossa nasconde 'spesa proletaria' nella tasca.
video008_temporale_01,video008,video008.mp4,video008_temporale,1,temporale,La donna con il grembiule rosso arriva prima o dopo che l'uomo con il gilet nero spieghi il piano di fuga all'uomo col completo?,Memmo,dopo,La donna con il grembiule rosso arriva dopo che l'uomo con il gilet nero spieghi il piano di fuga all'uomo col completo.,La donna con il grembiule rosso arriva prima che l'uomo con il gilet nero spieghi il piano di fuga all'uomo col completo.
video008_temporale_02,video008,video008.mp4,video008_temporale,2,temporale,La donna con il grembiule rosso arriva prima o dopo che l'uomo con il gilet nero spieghi il piano di fuga all'uomo col completo?,barbara,dopo,La donna con il grembiule rosso arriva dopo che l'uomo con il gilet nero spieghi il piano di fuga all'uomo col completo.,La donna con il grembiule rosso arriva prima che l'uomo con il gilet nero spieghi il piano di fuga all'uomo col completo.
video008_temporale_03,video008,video008.mp4,video008_temporale,3,temporale,La donna con il grembiule rosso arriva prima o dopo che l'uomo con il gilet nero spieghi il piano di fuga all'uomo col completo?,eli,"in seguito, quando arriva e si accorge che è in corso un furto",La donna con il grembiule rosso arriva in seguito e si accorge che è in corso un furto.,La donna con il grembiule rosso arriva prima e si accorge che è in corso un furto.
video008_temporale_04,video008,video008.mp4,video008_temporale,4,temporale,La donna con il grembiule rosso arriva prima o dopo che l'uomo con il gilet nero spieghi il piano di fuga all'uomo col completo?,michela,arriva dopo quando si accorge che stanno rubando,"La donna con il grembiule rosso arriva dopo, quando si accorge che stanno rubando.","La donna con il grembiule rosso arriva prima, quando si accorge che stanno rubando."
video009_causale_01,video009,video009.mp4,video009_causale,1,causale,Perché l'uomo con il cappello peloso urla 'a me non piacciono gli uomini'?,Memmo,Perchè è stato scambiato per omosessuale,L'uomo con il cappello peloso urla perché è stato scambiato per omosessuale.,L'uomo con il cappello peloso urla perché ha visto un animale pericoloso.
video009_causale_02,video009,video009.mp4,video009_causale,2,causale,Perché l'uomo con il cappello peloso urla 'a me non piacciono gli uomini'?,barbara,perchè non è omosessuale,L'uomo con il cappello peloso urla 'a me non piacciono gli uomini' perché non è omosessuale.,L'uomo con il cappello peloso urla 'a me non piacciono gli uomini' perché è arrabbiato.
video009_causale_03,video009,video009.mp4,video009_causale,3,causale,Perché l'uomo con il cappello peloso urla 'a me non piacciono gli uomini'?,eli,"perché si arrabbia quando il receptionist presume che lui e suo genero siano una coppia, cosa che lui nega",L'uomo con il cappello peloso urla perché si arrabbia quando il receptionist presume erroneamente che lui e suo genero siano una coppia.,L'uomo con il cappello peloso urla perché si arrabbia quando il receptionist ignora la loro presenza.
video009_causale_04,video009,video009.mp4,video009_causale,4,causale,Perché l'uomo con il cappello peloso urla 'a me non piacciono gli uomini'?,michela,perché è arrabbiato che il receptionist abbia assunto che lui e suo genero siano una coppia,L'uomo con il cappello peloso urla perché è arrabbiato che il receptionist abbia assunto che lui e suo genero siano una coppia.,L'uomo con il cappello peloso urla perché è felice che il receptionist abbia riconosciuto il suo legame con il genero.
video009_spaziale_01,video009,video009.mp4,video009_spaziale,1,spaziale,Dove mette i 100 dollari l'uomo col cappello peloso?,Memmo,In bocca al receptionist,L'uomo col cappello peloso mette i 100 dollari in bocca al receptionist.,L'uomo col cappello peloso mette i 100 dollari in tasca al receptionist.
video009_spaziale_02,video009,video009.mp4,video009_spaziale,2,spaziale,Dove mette i 100 dollari l'uomo col cappello peloso?,barbara,in bocca al portiere,L'uomo col cappello peloso mette i 100 dollari in bocca al portiere.,L'uomo col cappello peloso mette i 100 dollari in tasca al portiere.
video009_spaziale_03,video009,video009.mp4,video009_spaziale,3,spaziale,Dove mette i 100 dollari l'uomo col cappello peloso?,eli,"vicino al receptionist, con i cento dollari prima tenuti in mano e poi consegnati a lui","L'uomo col cappello peloso mette i cento dollari vicino al receptionist, dopo averli tenuti in mano e poi consegnati a lui.","L'uomo col cappello peloso mette i cento dollari sopra un tavolo, dopo averli tenuti in mano e poi consegnati a lui."
video009_spaziale_04,video009,video009.mp4,video009_spaziale,4,spaziale,Dove mette i 100 dollari l'uomo col cappello peloso?,michela,il cliente mette i 100 dollari  nella mano prima di darli al receptionist,L'uomo col cappello peloso mette i 100 dollari nella mano prima di darli al receptionist.,L'uomo col cappello peloso mette i 100 dollari sul bancone prima di darli al receptionist.
video009_temporale_01,video009,video009.mp4,video009_temporale,1,temporale,L'uomo con il cappello peloso viene scambiato per omosessuale prima o dopo aver chiesto il cambio di camera?,Memmo,Fin da subito,L'uomo con il cappello peloso viene scambiato per omosessuale fin da subito.,L'uomo con il cappello peloso viene scambiato per omosessuale solo più tardi.
video009_temporale_02,video009,video009.mp4,video009_temporale,2,temporale,L'uomo con il cappello peloso viene scambiato per omosessuale prima o dopo aver chiesto il cambio di camera?,barbara,dopo,L'uomo con il cappello peloso viene scambiato per omosessuale dopo aver chiesto il cambio di camera.,L'uomo con il cappello peloso viene scambiato per omosessuale prima di chiedere il cambio di camera.
video009_temporale_03,video009,video009.mp4,video009_temporale,3,temporale,L'uomo con il cappello peloso viene scambiato per omosessuale prima o dopo aver chiesto il cambio di camera?,eli,"prima di chiedere il cambio di stanza, dopo essere stato scambiato per omosessuale",L'uomo con il cappello peloso viene scambiato per omosessuale prima di chiedere il cambio di stanza.,L'uomo con il cappello peloso viene scambiato per omosessuale dopo aver richiesto il cambio di stanza.
video009_temporale_04,video009,video009.mp4,video009_temporale,4,temporale,L'uomo con il cappello peloso viene scambiato per omosessuale prima o dopo aver chiesto il cambio di camera?,michela,viene scambiato per omosessuale prima di chiedere il cambio di stanza,L'uomo con il cappello peloso viene scambiato per omosessuale prima di chiedere il cambio di stanza.,L'uomo con il cappello peloso viene scambiato per omosessuale dopo aver chiesto il cambio di stanza.
video010_causale_01,video010,video010.mp4,video010_causale,1,causale,Perché i pazienti e i familiari sono arrabbiati?,Memmo,Perchè le infrastrutture sono fallaci e ci piove dentro,I pazienti e i familiari sono arrabbiati perché le infrastrutture sono fallaci e ci piove dentro.,I pazienti e i familiari sono arrabbiati perché il personale medico è scortese.
video010_causale_02,video010,video010.mp4,video010_causale,2,causale,Perché i pazienti e i familiari sono arrabbiati?,barbara,perchè il controsoffitto è caduto e piove nel reparto,I pazienti e i familiari sono arrabbiati perché il controsoffitto è caduto e piove nel reparto.,I pazienti e i familiari sono arrabbiati perché il riscaldamento non funziona e fa freddo nel reparto.
video010_causale_03,video010,video010.mp4,video010_causale,3,causale,Perché i pazienti e i familiari sono arrabbiati?,eli,"perché il controsoffitto ha ceduto, l'acqua entra nel reparto e l'area di malattie infettive risulta danneggiata","I pazienti e i familiari sono arrabbiati perché il controsoffitto ha ceduto, l'acqua entra nel reparto e l'area di malattie infettive risulta danneggiata.",I pazienti e i familiari sono arrabbiati perché il sistema di ventilazione è guasto e l'area di malattie infettive risulta danneggiata.
video010_causale_04,video010,video010.mp4,video010_causale,4,causale,Perché i pazienti e i familiari sono arrabbiati?,michela,perché il reparto di malattie infettive è danneggiato,I pazienti e i familiari sono arrabbiati perché il reparto di malattie infettive è danneggiato.,I pazienti e i familiari sono arrabbiati perché il personale medico è scortese.
video010_spaziale_01,video010,video010.mp4,video010_spaziale,1,spaziale,Da dove scende l'acqua?,Memmo,Dai diroccamenti dell'ospedale,L'acqua scende dai diroccamenti dell'ospedale.,L'acqua scende dai diroccamenti del castello.
video010_spaziale_02,video010,video010.mp4,video010_spaziale,2,spaziale,Da dove scende l'acqua?,barbara,dal controsoffitto,L'acqua scende dal controsoffitto.,L'acqua scende dai muri laterali.
video010_spaziale_03,video010,video010.mp4,video010_spaziale,3,spaziale,Da dove scende l'acqua?,eli,"dalla parte interna del tetto dell'ospedale, attraverso il controsoffitto","L'acqua scende dalla parte interna del tetto dell'ospedale, attraverso il controsoffitto.","L'acqua scende dalla parte esterna del tetto dell'ospedale, attraverso il controsoffitto."
video010_spaziale_04,video010,video010.mp4,video010_spaziale,4,spaziale,Da dove scende l'acqua?,michela,dall'interodel tetto dell'ospedale,L'acqua scende dall'intero tetto dell'ospedale.,L'acqua scende dal balcone del teatro.
video010_temporale_01,video010,video010.mp4,video010_temporale,1,temporale,I familiari dei pazienti denunciano i danni all'ospedale prima o dopo che piova?,Memmo,dopo,I familiari dei pazienti denunciano i danni all'ospedale dopo che piova.,I familiari dei pazienti denunciano i danni all'ospedale prima che piova.
video010_temporale_02,video010,video010.mp4,video010_temporale,2,temporale,I familiari dei pazienti denunciano i danni all'ospedale prima o dopo che piova?,barbara,dopo,I familiari dei pazienti denunciano i danni all'ospedale dopo che piova.,I familiari dei pazienti denunciano i danni all'ospedale prima che piova.
video010_temporale_03,video010,video010.mp4,video010_temporale,3,temporale,I familiari dei pazienti denunciano i danni all'ospedale prima o dopo che piova?,eli,successivamente alla pioggia torrenziale,I familiari dei pazienti denunciano i danni all'ospedale successivamente alla pioggia torrenziale.,I familiari dei pazienti denunciano i danni all'ospedale prima della pioggia torrenziale.
video010_temporale_04,video010,video010.mp4,video010_temporale,4,temporale,I familiari dei pazienti denunciano i danni all'ospedale prima o dopo che piova?,michela,dopo la pioggia torrenziale,I familiari dei pazienti denunciano i danni all'ospedale dopo la pioggia torrenziale.,I familiari dei pazienti denunciano i danni all'ospedale prima della pioggia torrenziale.
video011_causale_01,video011,video011.mp4,video011_causale,1,causale,Perché la figlia dice al padre 'scandaloso'?,Memmo,perchè il padre sta giocando piuttosto che lavorare come diceva,La figlia dice 'scandaloso' al padre perché sta giocando piuttosto che lavorare come aveva detto.,La figlia dice 'scandaloso' al padre perché sta mangiando piuttosto che giocare come aveva detto.
video011_causale_02,video011,video011.mp4,video011_causale,2,causale,Perché la figlia dice al padre 'scandaloso'?,barbara,perchè il padre dice una bugia,La figlia dice 'scandaloso' al padre perchè dice una bugia.,La figlia dice 'scandaloso' al padre perchè ha scoperto la verità.
video011_causale_03,video011,video011.mp4,video011_causale,3,causale,Perché la figlia dice al padre 'scandaloso'?,eli,perché è sconcertata dal comportamento del padre: le dice una bugia e preferisce giocare al telefono invece di raggiungerla,La figlia dice 'scandaloso' al padre perché è sconcertata dal suo comportamento: le dice una bugia e preferisce giocare al telefono invece di raggiungerla.,La figlia dice 'scandaloso' al padre perché è scontenta del suo regalo: le ha promesso un viaggio ma l'ha portata a una cena noiosa.
video011_causale_04,video011,video011.mp4,video011_causale,4,causale,Perché la figlia dice al padre 'scandaloso'?,michela,perché è sconcertata dal fatto che il padre preferisca stare a giocare con il telefono anziché andare da lei che lo chiama,La figlia dice 'scandaloso' al padre perché è sconcertata dal fatto che preferisca giocare con il telefono anziché andare da lei che lo chiama.,La figlia dice 'scandaloso' al padre perché è arrabbiata che abbia dimenticato il suo compleanno.
video011_spaziale_01,video011,video011.mp4,video011_spaziale,1,spaziale,Dove si trova il cellulare?,Memmo,in mano al padre,Il cellulare si trova in mano al padre.,Il cellulare si trova sul tavolo.
video011_spaziale_02,video011,video011.mp4,video011_spaziale,2,spaziale,Dove si trova il cellulare?,barbara,nelle mani di papà,Il cellulare si trova nelle mani di papà.,Il cellulare si trova sul tavolo.
video011_spaziale_03,video011,video011.mp4,video011_spaziale,3,spaziale,Dove si trova il cellulare?,eli,"davanti al padre con il maglione verde, tra le sue mani","Il cellulare si trova davanti al padre con il maglione verde, tra le sue mani.","Il cellulare si trova dietro al padre con il maglione verde, tra le sue mani."
video011_spaziale_04,video011,video011.mp4,video011_spaziale,4,spaziale,Dove si trova il cellulare?,michela,davanti all'uomo con il maglione verde,Il cellulare si trova davanti all'uomo con il maglione verde.,Il cellulare si trova dietro all'uomo con il maglione verde.
video011_temporale_01,video011,video011.mp4,video011_temporale,1,temporale,La figlia si arrabbia prima o dopo aver chiamato il padre?,Memmo,subito dopo averlo chiamato,La figlia si arrabbia subito dopo aver chiamato il padre.,La figlia si arrabbia prima di chiamare il padre.
video011_temporale_02,video011,video011.mp4,video011_temporale,2,temporale,La figlia si arrabbia prima o dopo aver chiamato il padre?,barbara,dopo,La figlia si arrabbia dopo aver chiamato il padre.,La figlia si arrabbia prima di chiamare il padre.
video011_temporale_03,video011,video011.mp4,video011_temporale,3,temporale,La figlia si arrabbia prima o dopo aver chiamato il padre?,eli,dopo averlo chiamato e aver visto che continua a giocare con il cellulare,La figlia si arrabbia dopo aver chiamato il padre e aver visto che continua a giocare con il cellulare.,La figlia si arrabbia mentre chiama il padre e vede che continua a giocare con il cellulare.
video011_temporale_04,video011,video011.mp4,video011_temporale,4,temporale,La figlia si arrabbia prima o dopo aver chiamato il padre?,michela,dopo averlo chiamato ed essersi accorta che sta al cellulare a giocare,La figlia si arrabbia dopo aver chiamato il padre ed essersi accorta che sta al cellulare a giocare.,La figlia si arrabbia prima di chiamare il padre ed accorgersi che sta al cellulare a giocare.
video012_causale_01,video012,video012.mp4,video012_causale,1,causale,Perché la donna decide di non partire dal fondotinta?,Memmo,Per neutralizzare la base,La decisione della donna di non partire dal fondotinta è per neutralizzare la base.,La decisione della donna di non partire dal fondotinta è per evitare irritazioni.
video012_causale_02,video012,video012.mp4,video012_causale,2,causale,Perché la donna decide di non partire dal fondotinta?,barbara,per evitare di rovinare il fondotinta,La donna decide di non partire dal fondotinta per evitare di rovinarlo.,La donna decide di non partire dal fondotinta perchè non ne aveva a disposizione.
video012_causale_03,video012,video012.mp4,video012_causale,3,causale,Perché la donna decide di non partire dal fondotinta?,eli,per proteggere il fondotinta ed evitare che i glitter dell'ombretto lo rovinino durante la sfumatura,La donna decide di non partire dal fondotinta per proteggere il fondotinta e evitare che i glitter dell'ombretto lo rovinino durante la sfumatura.,La donna decide di partire dal fondotinta per evitare che l'ombretto risalti troppo sul viso.
video012_causale_04,video012,video012.mp4,video012_causale,4,causale,Perché la donna decide di non partire dal fondotinta?,michela,perché ha paura che sfumando l'ombretto il fondotinta possa rovinarsi con i glitter che le cadono su,La donna decide di non partire dal fondotinta perché teme che sfumando l'ombretto il fondotinta possa rovinarsi con i glitter che le cadono.,La donna decide di non partire dal fondotinta perché teme che sfumando l'ombretto possa macchiarsi le mani.
video012_spaziale_01,video012,video012.mp4,video012_spaziale,1,spaziale,Dove viene applicato l'ombretto dorato?,Memmo,Sopra la base,L'ombretto dorato viene applicato sopra la base.,L'ombretto dorato viene applicato sotto la base.
video012_spaziale_02,video012,video012.mp4,video012_spaziale,2,spaziale,Dove viene applicato l'ombretto dorato?,barbara,su tutta la palpebra mobile,L'ombretto dorato viene applicato su tutta la palpebra mobile.,L'ombretto dorato viene applicato solo sull'angolo esterno dell'occhio.
video012_spaziale_03,video012,video012.mp4,video012_spaziale,3,spaziale,Dove viene applicato l'ombretto dorato?,eli,sull'intera superficie della palpebra mobile,L'ombretto dorato viene applicato sull'intera superficie della palpebra mobile.,L'ombretto dorato viene applicato solo sull'angolo esterno della palpebra mobile.
video012_spaziale_04,video012,video012.mp4,video012_spaziale,4,spaziale,Dove viene applicato l'ombretto dorato?,michela,sulla palpebra mobile,L'ombretto dorato viene applicato sulla palpebra mobile.,L'ombretto dorato viene applicato sopra l'arcata sopraccigliare.
video012_temporale_01,video012,video012.mp4,video012_temporale,1,temporale,La base viene stesa prima o dopo l'ombretto sulla palpebra?,Memmo,Prima,La base viene stesa prima dell'ombretto sulla palpebra.,La base viene stesa dopo l'ombretto sulla palpebra.
video012_temporale_02,video012,video012.mp4,video012_temporale,2,temporale,La base viene stesa prima o dopo l'ombretto sulla palpebra?,barbara,prima,La base viene stesa prima dell'ombretto sulla palpebra.,La base viene stesa dopo l'ombretto sulla palpebra.
video012_temporale_03,video012,video012.mp4,video012_temporale,3,temporale,La base viene stesa prima o dopo l'ombretto sulla palpebra?,eli,"in precedenza, stendendo la base color crema per facilitare la successiva sfumatura",La base color crema viene stesa in precedenza per facilitare la successiva sfumatura.,La base color crema viene stesa successivamente per facilitare la successiva sfumatura.
video012_temporale_04,video012,video012.mp4,video012_temporale,4,temporale,La base viene stesa prima o dopo l'ombretto sulla palpebra?,michela,la base color crema viene stesa prima per rendere più facile la sfumatura,La base color crema viene stesa prima dell'ombretto per rendere più facile la sfumatura.,L'ombretto viene applicato prima della base color crema per rendere più facile la sfumatura.
video013_causale_01,video013,video013.mp4,video013_causale,1,causale,Perché la farina viene messa dopo lo zucchero?,Memmo,Perchè prima vanno montate le uova,La farina viene messa dopo lo zucchero perché prima vanno montate le uova.,La farina viene messa dopo lo zucchero perché prima va sciolto il burro.
video013_causale_02,video013,video013.mp4,video013_causale,2,causale,Perché la farina viene messa dopo lo zucchero?,barbara,per aspettare che il composto sia spumoso,La farina viene messa dopo lo zucchero per aspettare che il composto sia spumoso.,La farina viene messa prima dello zucchero per aspettare che il composto sia spumoso.
video013_causale_03,video013,video013.mp4,video013_causale,3,causale,Perché la farina viene messa dopo lo zucchero?,eli,perché bisogna attendere e mescolare finché il composto diventa spumoso prima di incorporare la farina,La farina viene messa dopo lo zucchero perché bisogna attendere e mescolare finché il composto diventa spumoso.,La farina viene messa prima dello zucchero perché bisogna attendere e mescolare finché il composto diventa spumoso.
video013_causale_04,video013,video013.mp4,video013_causale,4,causale,Perché la farina viene messa dopo lo zucchero?,michela,perché prima di inserire la farina il composto deve essere mescolato fino ad essere spumoso,La farina viene messa dopo lo zucchero perché il composto deve essere mescolato fino ad essere spumoso.,La farina viene messa dopo lo zucchero perché il composto deve cambiare colore.
video013_spaziale_01,video013,video013.mp4,video013_spaziale,1,spaziale,Dove vengono aggiunti i due cucchiai in più di farina?,Memmo,Dopo il bicchiere sano di farina,I due cucchiai in più di farina vengono aggiunti dopo il bicchiere sano di farina.,I due cucchiai in più di farina vengono aggiunti prima del bicchiere sano di farina.
video013_spaziale_02,video013,video013.mp4,video013_spaziale,2,spaziale,Dove vengono aggiunti i due cucchiai in più di farina?,barbara,nel bicchiere,I due cucchiai in più di farina vengono aggiunti nel bicchiere.,I due cucchiai in più di farina vengono aggiunti nella ciotola.
video013_spaziale_03,video013,video013.mp4,video013_spaziale,3,spaziale,Dove vengono aggiunti i due cucchiai in più di farina?,eli,"nel recipiente contenente il composto, aggiungendo la farina gradualmente",I due cucchiai in più di farina vengono aggiunti gradualmente nel recipiente contenente il composto.,I due cucchiai in più di farina vengono aggiunti gradualmente nella padella contenente il composto.
video013_spaziale_04,video013,video013.mp4,video013_spaziale,4,spaziale,Dove vengono aggiunti i due cucchiai in più di farina?,michela,i cucchiai di farina vengono inseriti dentro la ciotola con il composto a poco a poco,I due cucchiai di farina vengono aggiunti dentro la ciotola con il composto a poco a poco.,I due cucchiai di farina vengono aggiunti sopra la ciotola con il composto a poco a poco.
video013_temporale_01,video013,video013.mp4,video013_temporale,1,temporale,La donna parla dello zucchero di canna prima o dopo aver rotto le uova?,Memmo,Dopo,La donna parla dello zucchero di canna dopo aver rotto le uova.,La donna parla dello zucchero di canna prima di rompere le uova.
video013_temporale_02,video013,video013.mp4,video013_temporale,2,temporale,La donna parla dello zucchero di canna prima o dopo aver rotto le uova?,barbara,dopo,La donna parla dello zucchero di canna dopo aver rotto le uova.,La donna parla dello zucchero di canna prima di rompere le uova.
video013_temporale_03,video013,video013.mp4,video013_temporale,3,temporale,La donna parla dello zucchero di canna prima o dopo aver rotto le uova?,eli,dopo aver rotto le uova ma prima di aggiungere lo zucchero,La donna parla dello zucchero di canna dopo aver rotto le uova ma prima di aggiungerlo.,La donna parla dello zucchero di canna prima di rompere le uova ma dopo averlo aggiunto.
video013_temporale_04,video013,video013.mp4,video013_temporale,4,temporale,La donna parla dello zucchero di canna prima o dopo aver rotto le uova?,michela,dopo aver rotto le uova e prima di mettere lo zucchero nella ciotola,La donna parla dello zucchero di canna dopo aver rotto le uova e prima di metterlo nella ciotola.,La donna parla dello zucchero di canna prima di rompere le uova e dopo averlo messo nella ciotola.
video014_causale_01,video014,video014.mp4,video014_causale,1,causale,Perché la tecnica di trapiantare solo due dita va bene sulla piantina mostrata?,Memmo,Perchè è lattuga e poche altre piante oltre alla lattuga devono seguire questa regola,La tecnica di trapiantare solo due dita è adatta per la lattuga e poche altre piante.,La tecnica di trapiantare solo due dita è adatta per tutte le piante.
video014_causale_02,video014,video014.mp4,video014_causale,2,causale,Perché la tecnica di trapiantare solo due dita va bene sulla piantina mostrata?,barbara,è una pratica che si utilizza per la lattuga,La tecnica di trapiantare solo due dita è una pratica che si utilizza per la lattuga.,La tecnica di trapiantare solo due dita è una pratica che si utilizza per le carote.
video014_causale_03,video014,video014.mp4,video014_causale,3,causale,Perché la tecnica di trapiantare solo due dita va bene sulla piantina mostrata?,eli,"perché è una tecnica adatta soltanto ad alcuni tipi di piante, tra cui la lattuga, e in questo caso si tratta proprio di lattuga","La tecnica di trapiantare solo due dita è adatta perché la piantina mostrata è lattuga, un tipo di pianta per cui questa tecnica funziona bene.","La tecnica di trapiantare solo due dita è adatta perché la piantina mostrata è lattuga, un tipo di pianta che richiede un'altra tecnica per crescere bene."
video014_causale_04,video014,video014.mp4,video014_causale,4,causale,Perché la tecnica di trapiantare solo due dita va bene sulla piantina mostrata?,michela,"perché è una tecnica che va bene solo su alcuni tipi di piante, tipo la lattuga e la piantina è una piantina di lattuga",La tecnica di trapiantare solo due dita è adatta alla piantina mostrata perché è una piantina di lattuga.,La tecnica di trapiantare solo due dita è adatta alla piantina mostrata perché è una piantina di pomodoro.
video014_spaziale_01,video014,video014.mp4,video014_spaziale,1,spaziale,Dove va messa la piantina?,Memmo,in terra alzata di due centimetri,La piantina va messa in terra alzata di due centimetri.,La piantina va messa in terra abbassata di due centimetri.
video014_spaziale_02,video014,video014.mp4,video014_spaziale,2,spaziale,Dove va messa la piantina?,barbara,nel terreno,La piantina va messa nel terreno.,La piantina va messa in un vaso.
video014_spaziale_03,video014,video014.mp4,video014_spaziale,3,spaziale,Dove va messa la piantina?,eli,"nel terreno, circa due dita sotto la superficie e vicino al tubo di irrigazione","La piantina va messa nel terreno, circa due dita sotto la superficie e vicino al tubo di irrigazione.","La piantina va messa in un vaso, circa due dita sopra la superficie e lontano dal tubo di irrigazione."
video014_spaziale_04,video014,video014.mp4,video014_spaziale,4,spaziale,Dove va messa la piantina?,michela,vicino al tubo di irrigazione due dita sotto terra,La piantina va messa vicino al tubo di irrigazione a due dita sotto terra.,La piantina va messa lontano dal tubo di irrigazione a due dita sotto terra.
video014_temporale_01,video014,video014.mp4,video014_temporale,1,temporale,L'uomo trova l'animale trasparente prima o dopo aver piantato la lattuga?,Memmo,dopo,L'uomo trova l'animale trasparente dopo aver piantato la lattuga.,"Prima di piantare la lattuga, l'uomo trova l'animale trasparente."
video014_temporale_02,video014,video014.mp4,video014_temporale,2,temporale,L'uomo trova l'animale trasparente prima o dopo aver piantato la lattuga?,barbara,prima,L'uomo trova l'animale trasparente prima di piantare la lattuga.,L'uomo trova l'animale trasparente dopo aver piantato la lattuga.
video014_temporale_03,video014,video014.mp4,video014_temporale,3,temporale,L'uomo trova l'animale trasparente prima o dopo aver piantato la lattuga?,eli,"durante lo scavo della terra, prima delle fasi successive","L'uomo trova l'animale trasparente durante lo scavo della terra, prima delle fasi successive.","L'uomo trova l'animale trasparente durante lo scavo della terra, dopo le fasi successive."
video014_temporale_04,video014,video014.mp4,video014_temporale,4,temporale,L'uomo trova l'animale trasparente prima o dopo aver piantato la lattuga?,michela,l'animale trasparente lo trova mentre scava la terra,L'uomo trova l'animale trasparente mentre scava la terra.,"Dopo che l'uomo ha smesso di scavare la terra, trova l'animale trasparente."
video015_causale_01,video015,video015.mp4,video015_causale,1,causale,Perché Alice Caldora è stata premiata nel 2016?,Memmo,Perchè è vicecampionessa italiana,Alice Caldora è stata premiata nel 2016 perché è vicecampionessa italiana.,Alice Caldora è stata premiata nel 2016 perché è la più giovane partecipante.
video015_causale_02,video015,video015.mp4,video015_causale,2,causale,Perché Alice Caldora è stata premiata nel 2016?,barbara,perchè rientrata nella finalissima,Alice Caldora è stata premiata nel 2016 perché è rientrata nella finalissima.,Alice Caldora è stata premiata nel 2016 perché ha vinto il concorso.
video015_causale_03,video015,video015.mp4,video015_causale,3,causale,Perché Alice Caldora è stata premiata nel 2016?,eli,"perché era arrivata alla finalissima, concludendo come vicecampionessa italiana al nastro","Alice Caldora è stata premiata nel 2016 perché era arrivata alla finalissima, concludendo come vicecampionessa italiana al nastro.",Alice Caldora è stata premiata nel 2016 perché aveva scritto un libro di successo.
video015_causale_04,video015,video015.mp4,video015_causale,4,causale,Perché Alice Caldora è stata premiata nel 2016?,michela,perché è stata vicecampionessa italiana di nastro,Alice Caldora è stata premiata nel 2016 perché è stata vicecampionessa italiana di nastro.,Alice Caldora è stata premiata nel 2016 perché ha inventato una nuova routine di nastro.
video015_spaziale_01,video015,video015.mp4,video015_spaziale,1,spaziale,Dove fanno esercizi le ginnaste dell'Eterea?,Memmo,in palestra,Le ginnaste dell'Eterea fanno esercizi in palestra.,Le ginnaste dell'Eterea fanno esercizi al parco.
video015_spaziale_02,video015,video015.mp4,video015_spaziale,2,spaziale,Dove fanno esercizi le ginnaste dell'Eterea?,barbara,in un palazzetto dello sport,Le ginnaste dell'Eterea fanno esercizi in un palazzetto dello sport.,Le ginnaste dell'Eterea fanno esercizi in un parco.
video015_spaziale_03,video015,video015.mp4,video015_spaziale,3,spaziale,Dove fanno esercizi le ginnaste dell'Eterea?,eli,sulla pedana di una palestra all'interno di un palazzetto dello sport,Le ginnaste dell'Eterea fanno esercizi sulla pedana di una palestra all'interno di un palazzetto dello sport.,Le ginnaste dell'Eterea fanno esercizi su una spiaggia all'aperto.
video015_spaziale_04,video015,video015.mp4,video015_spaziale,4,spaziale,Dove fanno esercizi le ginnaste dell'Eterea?,michela,sulla pedana nella palestra,Le ginnaste dell'Eterea fanno esercizi sulla pedana nella palestra.,Le ginnaste dell'Eterea fanno esercizi nel cortile della palestra.
video015_temporale_01,video015,video015.mp4,video015_temporale,1,temporale,Quando si è qualificata alla fase nazionale la squadra di ginnaste?,Memmo,lo scorso hanno,La squadra di ginnaste si è qualificata alla fase nazionale lo scorso anno.,La squadra di ginnaste si è qualificata alla fase nazionale quest'anno.
video015_temporale_02,video015,video015.mp4,video015_temporale,2,temporale,Quando si è qualificata alla fase nazionale la squadra di ginnaste?,barbara,lo scorso anno,La squadra di ginnaste si è qualificata alla fase nazionale lo scorso anno.,La squadra di ginnaste si è qualificata alla fase nazionale quest'anno.
video015_temporale_03,video015,video015.mp4,video015_temporale,3,temporale,Quando si è qualificata alla fase nazionale la squadra di ginnaste?,eli,nell'anno precedente,La squadra di ginnaste si è qualificata alla fase nazionale nell'anno precedente.,La squadra di ginnaste si è qualificata alla fase nazionale quest'anno.
video015_temporale_04,video015,video015.mp4,video015_temporale,4,temporale,Quando si è qualificata alla fase nazionale la squadra di ginnaste?,michela,lo scorso anno,La squadra di ginnaste si è qualificata alla fase nazionale lo scorso anno.,La squadra di ginnaste si è qualificata alla fase nazionale questo mese.
video016_causale_01,video016,video016.mp4,video016_causale,1,causale,Perché l'uomo taglia una quantità superiore di sedano?,Memmo,"Non lo specifica, però a lui piace così, grossolano","Nel video non viene specificato, però l'uomo preferisce tagliare il sedano grosso.","Nel video non viene specificato, però l'uomo preferisce tagliare il sedano fine."
video016_causale_02,video016,video016.mp4,video016_causale,2,causale,Perché l'uomo taglia una quantità superiore di sedano?,barbara,perchè è una sua preferenza,Nel video l'uomo taglia una quantità superiore di sedano perché è una sua preferenza.,Nel video l'uomo taglia una quantità superiore di sedano perché lo richiede la ricetta.
video016_causale_03,video016,video016.mp4,video016_causale,3,causale,Perché l'uomo taglia una quantità superiore di sedano?,eli,"per una preferenza personale del cuoco, che nella ricetta gradisce una quantità maggiore di sedano","L'uomo taglia una quantità superiore di sedano per una preferenza personale del cuoco, che nella ricetta gradisce una quantità maggiore di sedano.","L'uomo taglia una quantità superiore di sedano per un errore nella ricetta, che richiede in realtà una quantità minore di sedano."
video016_causale_04,video016,video016.mp4,video016_causale,4,causale,Perché l'uomo taglia una quantità superiore di sedano?,michela,perché al cuoco piace avere più sedano nella sua ricetta,L'uomo taglia una quantità superiore di sedano perché al cuoco piace averne di più nella sua ricetta.,L'uomo taglia una quantità superiore di sedano perché ha inavvertitamente comprato troppo sedano.
video016_spaziale_01,video016,video016.mp4,video016_spaziale,1,spaziale,Dove viene messo il pepe macinato al momento?,Memmo,Sopra la pietanza,Il pepe macinato al momento viene messo sopra la pietanza.,Il pepe macinato al momento viene messo sotto la pietanza.
video016_spaziale_02,video016,video016.mp4,video016_spaziale,2,spaziale,Dove viene messo il pepe macinato al momento?,barbara,sopra,Il pepe macinato al momento viene messo sopra.,Il pepe macinato al momento viene messo sotto.
video016_spaziale_03,video016,video016.mp4,video016_spaziale,3,spaziale,Dove viene messo il pepe macinato al momento?,eli,"sopra il pezzo di carne, davanti al tagliere, mentre viene macinato","Il pepe macinato al momento viene messo sopra il pezzo di carne, davanti al tagliere.","Il pepe macinato al momento viene messo sopra il pezzo di carne, accanto al tagliere."
video016_spaziale_04,video016,video016.mp4,video016_spaziale,4,spaziale,Dove viene messo il pepe macinato al momento?,michela,viene macinato sopra il pezzo di carne davanti il tagliere,Il pepe viene macinato sopra il pezzo di carne davanti al tagliere nel video.,Il pepe viene macinato sopra il pezzo di carne accanto al tagliere nel video.
video016_temporale_01,video016,video016.mp4,video016_temporale,1,temporale,Il pepe viene macinato prima o dopo che si mette a fare il brodo vegetale?,Memmo,dopo,Il pepe viene macinato dopo che si mette a fare il brodo vegetale.,Il pepe viene macinato prima che si metta a fare il brodo vegetale.
video016_temporale_02,video016,video016.mp4,video016_temporale,2,temporale,Il pepe viene macinato prima o dopo che si mette a fare il brodo vegetale?,barbara,dopo,Il pepe viene macinato dopo che si mette a fare il brodo vegetale.,Il pepe viene macinato prima di mettersi a fare il brodo vegetale.
video016_temporale_03,video016,video016.mp4,video016_temporale,3,temporale,Il pepe viene macinato prima o dopo che si mette a fare il brodo vegetale?,eli,"in un momento successivo alla preparazione del brodo vegetale, quando viene macinato il pepe",Il pepe viene macinato in un momento successivo alla preparazione del brodo vegetale.,Il pepe viene macinato in un momento precedente alla preparazione del brodo vegetale.
video016_temporale_04,video016,video016.mp4,video016_temporale,4,temporale,Il pepe viene macinato prima o dopo che si mette a fare il brodo vegetale?,michela,il brodo vegetale era già stato messo a fare prima di macinare il pepe,Il brodo vegetale era già stato messo a fare prima di macinare il pepe.,Il brodo vegetale è stato messo a fare dopo aver macinato il pepe.
video017_causale_01,video017,video017.mp4,video017_causale,1,causale,Perché il padre ironizza sul futuro da architetto del figlio?,Memmo,Perchè ha fatto un castello di sabbia molto bello,Il padre ironizza sul futuro da architetto del figlio perché ha fatto un castello di sabbia molto bello.,Il padre ironizza sul futuro da architetto del figlio perché ha disegnato una casa su un foglio.
video017_causale_02,video017,video017.mp4,video017_causale,2,causale,Perché il padre ironizza sul futuro da architetto del figlio?,barbara,perchè costruisce castelli di sabbia,Il padre ironizza sul futuro da architetto del figlio perché costruisce castelli di sabbia.,Il padre ironizza sul futuro da architetto del figlio perché disegna case sui quaderni.
video017_causale_03,video017,video017.mp4,video017_causale,3,causale,Perché il padre ironizza sul futuro da architetto del figlio?,eli,"perché il bambino, sulla spiaggia, ha costruito un castello di sabbia molto grande",Il padre ironizza sul futuro da architetto del figlio perché il bambino ha costruito un castello di sabbia molto grande sulla spiaggia.,Il padre ironizza sul futuro da architetto del figlio perché il bambino ha costruito un piccolo castello di sabbia sulla spiaggia.
video017_causale_04,video017,video017.mp4,video017_causale,4,causale,Perché il padre ironizza sul futuro da architetto del figlio?,michela,perché il bambino in riva al mare ha costruito un castello di sabbia molto grande,Il padre ironizza sul futuro da architetto del figlio perché il bambino in riva al mare ha costruito un castello di sabbia molto grande.,Il padre ironizza sul futuro da architetto del figlio perché il bambino in riva al mare ha distrutto un castello di sabbia molto grande.
video017_spaziale_01,video017,video017.mp4,video017_spaziale,1,spaziale,Dove si trovano le biglie?,Memmo,Sotto la sabbia,Le biglie si trovano sotto la sabbia.,Le biglie si trovano sopra un tavolo.
video017_spaziale_02,video017,video017.mp4,video017_spaziale,2,spaziale,Dove si trovano le biglie?,barbara,sotto la sabbia,Le biglie si trovano sotto la sabbia.,Le biglie si trovano sopra la sabbia.
video017_spaziale_03,video017,video017.mp4,video017_spaziale,3,spaziale,Dove si trovano le biglie?,eli,"nella sabbia, vicino al bambino","Le biglie si trovano nella sabbia, vicino al bambino.","Le biglie si trovano sull'erba, lontano dal bambino."
video017_spaziale_04,video017,video017.mp4,video017_spaziale,4,spaziale,Dove si trovano le biglie?,michela,vicino al bambino,Le biglie si trovano vicino al bambino nel video.,Le biglie si trovano lontano dal bambino nel video.
video017_temporale_01,video017,video017.mp4,video017_temporale,1,temporale,La donna guarda la foto prima o dopo aver chiuso il manuale?,Memmo,Dopo,La donna guarda la foto dopo aver chiuso il manuale.,La donna guarda la foto prima di aprire il manuale.
video017_temporale_02,video017,video017.mp4,video017_temporale,2,temporale,La donna guarda la foto prima o dopo aver chiuso il manuale?,barbara,dopo,La donna guarda la foto dopo aver chiuso il manuale.,La donna guarda la foto prima di aprire il manuale.
video017_temporale_03,video017,video017.mp4,video017_temporale,3,temporale,La donna guarda la foto prima o dopo aver chiuso il manuale?,eli,dopo la chiusura del libro e prima che la madre guardi la fotografia del figlio,La donna guarda la foto dopo la chiusura del libro e prima che la madre osservi la fotografia del figlio.,La donna guarda la foto prima dell'apertura del libro e dopo che la madre osserva la fotografia del figlio.
video017_temporale_04,video017,video017.mp4,video017_temporale,4,temporale,La donna guarda la foto prima o dopo aver chiuso il manuale?,michela,la mamma chiude il libro prima di guardare la foto del figlio,La mamma chiude il libro prima di guardare la foto del figlio.,La mamma chiude il libro dopo aver guardato la foto del figlio.
video018_causale_01,video018,video018.mp4,video018_causale,1,causale,Perché la donna crede che l'uomo voglia stare solo?,Memmo,Per il destino di una donna chiamata Luise,La donna crede che l'uomo voglia stare solo per il destino di una donna chiamata Luise.,La donna crede che l'uomo voglia stare solo per il suo bisogno di solitudine.
video018_causale_02,video018,video018.mp4,video018_causale,2,causale,Perché la donna crede che l'uomo voglia stare solo?,barbara,perchè angosciato dal destino di eloise,La donna crede che l'uomo voglia stare solo perché è angosciato dal destino di Eloise.,La donna crede che l'uomo voglia stare solo perché è arrabbiato con Eloise.
video018_causale_03,video018,video018.mp4,video018_causale,3,causale,Perché la donna crede che l'uomo voglia stare solo?,eli,"perché lei percepisce che è angosciato e preoccupato per il destino di Eloise, anche se lui sostiene il contrario","La donna crede che l'uomo voglia stare solo perché percepisce che è angosciato e preoccupato per il destino di Eloise, anche se lui sostiene il contrario.","La donna crede che l'uomo voglia stare solo perché percepisce che è arrabbiato e infastidito da qualcosa, anche se lui sostiene il contrario."
video018_causale_04,video018,video018.mp4,video018_causale,4,causale,Perché la donna crede che l'uomo voglia stare solo?,michela,"lei si è convinta che l'uomo sia preoccupato per qualcuno, anche se lui dice diversamente","La sua convinzione è che l'uomo sia preoccupato per qualcuno, anche se lui afferma diversamente.","La sua convinzione è che l'uomo sia preoccupato per qualcosa, anche se lui afferma diversamente."
video018_spaziale_01,video018,video018.mp4,video018_spaziale,1,spaziale,Dove si siede l'uomo per lavorare?,Memmo,Alla sua scrivania,L'uomo si siede alla sua scrivania per lavorare.,L'uomo si siede su una panchina per lavorare.
video018_spaziale_02,video018,video018.mp4,video018_spaziale,2,spaziale,Dove si siede l'uomo per lavorare?,barbara,alla sua scrivania,L'uomo si siede alla sua scrivania per lavorare.,L'uomo si siede sul divano per lavorare.
video018_spaziale_03,video018,video018.mp4,video018_spaziale,3,spaziale,Dove si siede l'uomo per lavorare?,eli,alla scrivania posta davanti alla finestra,L'uomo si siede alla scrivania posta davanti alla finestra per lavorare.,L'uomo si siede alla scrivania posta accanto alla porta per lavorare.
video018_spaziale_04,video018,video018.mp4,video018_spaziale,4,spaziale,Dove si siede l'uomo per lavorare?,michela,alla scrivania davanti la finestra,L'uomo si siede alla scrivania davanti la finestra per lavorare.,L'uomo si siede alla scrivania in giardino per lavorare.
video018_temporale_01,video018,video018.mp4,video018_temporale,1,temporale,L'uomo dà i suoi omaggi alla donna prima o dopo essersi seduto?,Memmo,Dopo,L'uomo dà i suoi omaggi alla donna dopo essersi seduto.,L'uomo dà i suoi omaggi alla donna prima di sedersi.
video018_temporale_02,video018,video018.mp4,video018_temporale,2,temporale,L'uomo dà i suoi omaggi alla donna prima o dopo essersi seduto?,barbara,dopo,L'uomo dà i suoi omaggi alla donna dopo essersi seduto.,L'uomo dà i suoi omaggi alla donna prima di sedersi.
video018_temporale_03,video018,video018.mp4,video018_temporale,3,temporale,L'uomo dà i suoi omaggi alla donna prima o dopo essersi seduto?,eli,"dopo essersi seduto, nel momento in cui saluta la donna","L'uomo dà i suoi omaggi alla donna dopo essersi seduto, nel momento in cui la saluta.","L'uomo dà i suoi omaggi alla donna prima di sedersi, nel momento in cui la saluta."
video018_temporale_04,video018,video018.mp4,video018_temporale,4,temporale,L'uomo dà i suoi omaggi alla donna prima o dopo essersi seduto?,michela,l'uomo si siede e poi saluta la donna,L'uomo si siede e poi saluta la donna nel video.,L'uomo si siede e saluta la donna nel video il giorno seguente.
video019_causale_01,video019,video019.mp4,video019_causale,1,causale,Perché l'uomo dice alla bambina di guardare le figure?,Memmo,Perchè la bambina non sa leggere,L'uomo dice alla bambina di guardare le figure perché la bambina non sa leggere.,L'uomo dice alla bambina di guardare le figure perché le storie scritte sono noiose.
video019_causale_02,video019,video019.mp4,video019_causale,2,causale,Perché l'uomo dice alla bambina di guardare le figure?,barbara,perchè non sa leggere,L'uomo dice alla bambina di guardare le figure perché non sa leggere.,L'uomo dice alla bambina di guardare le figure perché le figure sono belle.
video019_causale_03,video019,video019.mp4,video019_causale,3,causale,Perché l'uomo dice alla bambina di guardare le figure?,eli,"perché, quando riceve il libro, la bambina fa notare di non saper leggere",L'uomo dice alla bambina di guardare le figure perché la bambina fa notare di non saper leggere quando riceve il libro.,L'uomo dice alla bambina di guardare le figure perché le figure sono più colorate del testo.
video019_causale_04,video019,video019.mp4,video019_causale,4,causale,Perché l'uomo dice alla bambina di guardare le figure?,michela,"perché quando le porge il libro lei ribatte con ""ma io non so leggere""","L'uomo dice alla bambina di guardare le figure perché quando le porge il libro lei ribatte con ""ma io non so leggere"".",L'uomo dice alla bambina di guardare le figure perché lei trova le parole noiose.
video019_spaziale_01,video019,video019.mp4,video019_spaziale,1,spaziale,Dove appoggia il libro il padre?,Memmo,In mano alla bambina,Il padre appoggia il libro in mano alla bambina.,Il padre appoggia il libro sul tavolo accanto alla bambina.
video019_spaziale_02,video019,video019.mp4,video019_spaziale,2,spaziale,Dove appoggia il libro il padre?,barbara,sulle gambe della bambina,Il padre appoggia il libro sulle gambe della bambina.,Il padre appoggia il libro sul tavolo accanto alla bambina.
video019_spaziale_03,video019,video019.mp4,video019_spaziale,3,spaziale,Dove appoggia il libro il padre?,eli,"sulla bambina: il padre le porge il libro, mettendoglielo in mano e appoggiandolo sulle gambe","Il padre porge il libro alla bambina, appoggiandoglielo sulle gambe.","Il padre porge il libro alla bambina, appoggiandoglielo sulla testa."
video019_spaziale_04,video019,video019.mp4,video019_spaziale,4,spaziale,Dove appoggia il libro il padre?,michela,il padre mette il libro in mano alla bambina,Il padre mette il libro in mano alla bambina.,Il padre mette il libro sulla scrivania.
video019_temporale_01,video019,video019.mp4,video019_temporale,1,temporale,Si mangerà prima o dopo che il papà avrà lavorato?,Memmo,Dopo,Si mangerà dopo che il papà avrà lavorato.,Si mangerà prima che il papà abbia lavorato.
video019_temporale_02,video019,video019.mp4,video019_temporale,2,temporale,Si mangerà prima o dopo che il papà avrà lavorato?,barbara,dopo,Si mangerà dopo che il papà avrà lavorato.,Si mangerà prima che il papà avrà lavorato.
video019_temporale_03,video019,video019.mp4,video019_temporale,3,temporale,Si mangerà prima o dopo che il papà avrà lavorato?,eli,"successivamente, mentre il padre spiega che deve prima finire di lavorare e che mangeranno più tardi","Si mangerà successivamente, dato che il padre spiega che deve prima finire di lavorare.","Si mangerà immediatamente, dato che il padre spiega che ha già finito di lavorare."
video019_temporale_04,video019,video019.mp4,video019_temporale,4,temporale,Si mangerà prima o dopo che il papà avrà lavorato?,michela,il padre deve finire di lavorare e poi dice alla bambina che mangeranno dopo,Si mangerà dopo che il padre avrà finito di lavorare.,Si mangerà prima che il padre inizi a lavorare.
video020_causale_01,video020,video020.mp4,video020_causale,1,causale,Perché accorre il collaboratore scolastico preoccupato?,Memmo,Perchè ha sentito la botta e non sa cosa può essere successo,Il collaboratore scolastico accorre preoccupato perché ha sentito la botta e non sa cosa può essere successo.,Il collaboratore scolastico accorre preoccupato perché ha visto un'ombra sospetta nel corridoio.
video020_causale_02,video020,video020.mp4,video020_causale,2,causale,Perché accorre il collaboratore scolastico preoccupato?,barbara,ha sentito il botto,Il collaboratore scolastico accorre preoccupato perché ha sentito il botto.,Il collaboratore scolastico accorre preoccupato perché ha visto del fumo.
video020_causale_03,video020,video020.mp4,video020_causale,3,causale,Perché accorre il collaboratore scolastico preoccupato?,eli,perché sente il forte botto del petardo e accorre per capire che cosa stia succedendo in classe,Il collaboratore scolastico accorre preoccupato perché sente il forte botto del petardo e vuole capire cosa stia succedendo in classe.,Il collaboratore scolastico accorre preoccupato perché vuole consegnare un messaggio urgente alla classe.
video020_causale_04,video020,video020.mp4,video020_causale,4,causale,Perché accorre il collaboratore scolastico preoccupato?,michela,perché il petardo ha generato un forte frastuono e lui è accorso a vedere cosa stesse accadendo nella classe,Il collaboratore scolastico accorre preoccupato perché il petardo ha generato un forte frastuono e vuole vedere cosa stia accadendo nella classe.,Il collaboratore scolastico accorre preoccupato perché ha sentito delle grida e vuole vedere cosa stia accadendo nella classe.
video020_spaziale_01,video020,video020.mp4,video020_spaziale,1,spaziale,Da dove è caduto 'Caruso' secondo il professore?,Memmo,Dalla sedia,"Secondo il professore, 'Caruso' è caduto dalla sedia.","Secondo il professore, 'Caruso' è salito sul tavolo."
video020_spaziale_02,video020,video020.mp4,video020_spaziale,2,spaziale,Da dove è caduto 'Caruso' secondo il professore?,barbara,dalla sedia,"Secondo il professore, 'Caruso' è caduto dalla sedia.","Secondo il professore, 'Caruso' è salito sulla sedia."
video020_spaziale_03,video020,video020.mp4,video020_spaziale,3,spaziale,Da dove è caduto 'Caruso' secondo il professore?,eli,"dalla sedia, secondo quanto riferisce il professore","Secondo il professore, 'Caruso' è caduto dalla sedia.","Secondo il professore, 'Caruso' è salito sulla sedia."
video020_spaziale_04,video020,video020.mp4,video020_spaziale,4,spaziale,Da dove è caduto 'Caruso' secondo il professore?,michela,secondo il professore il ragazzo è caduto dalla sedia,"Secondo il professore, 'Caruso' è caduto dalla sedia.","Secondo il professore, 'Caruso' è salito sulla sedia."
video020_temporale_01,video020,video020.mp4,video020_temporale,1,temporale,La classe fa casino prima o dopo il botto?,Memmo,Prima,La classe fa casino prima del botto.,La classe fa casino dopo il botto.
video020_temporale_02,video020,video020.mp4,video020_temporale,2,temporale,La classe fa casino prima o dopo il botto?,barbara,prima,Il casino in classe avviene prima del botto.,Il casino in classe avviene dopo il botto.
video020_temporale_03,video020,video020.mp4,video020_temporale,3,temporale,La classe fa casino prima o dopo il botto?,eli,il petardo viene fatto esplodere prima che la classe smetta di fare confusione,"Nel video, il petardo viene fatto esplodere prima che la classe smetta di fare confusione.","Nel video, il petardo viene fatto esplodere dopo che la classe smette di fare confusione."
video020_temporale_04,video020,video020.mp4,video020_temporale,4,temporale,La classe fa casino prima o dopo il botto?,michela,la classe smette di fare casino quando il professore scoppia il petardo,La classe smette di fare casino quando il professore scoppia il petardo.,La classe smette di fare casino prima che il professore scoppia il petardo.
video021_causale_01,video021,video021.mp4,video021_causale,1,causale,Perché la donna si arrabbia con Italo?,Memmo,Perchè deve riportare a casa i figli,La donna si arrabbia con Italo perché deve riportare a casa i figli.,La donna si arrabbia con Italo perché ha perso le chiavi di casa.
video021_causale_02,video021,video021.mp4,video021_causale,2,causale,Perché la donna si arrabbia con Italo?,barbara,perchè lui deve riportarli a casa,La donna si arrabbia con Italo perché lui deve riportarli a casa.,La donna si arrabbia con Italo perché lui ha dimenticato il loro anniversario.
video021_causale_03,video021,video021.mp4,video021_causale,3,causale,Perché la donna si arrabbia con Italo?,eli,perché alla donna sono stati portati via i figli e lui deve riportarli a casa,La donna si arrabbia con Italo perché alla donna sono stati portati via i figli e lui deve riportarli a casa.,La donna si arrabbia con Italo perché Italo ha deciso di non riportare a casa i figli.
video021_causale_04,video021,video021.mp4,video021_causale,4,causale,Perché la donna si arrabbia con Italo?,michela,perché le sono stati portati via i figli,La donna si arrabbia con Italo perché le sono stati portati via i figli.,La donna si arrabbia con Italo perché lui è arrivato in ritardo.
video021_spaziale_01,video021,video021.mp4,video021_spaziale,1,spaziale,Dove è rivolto lo sguardo di Italo quando la donna lo rimprovera di guardarla?,Memmo,Verso il basso,"Quando la donna lo rimprovera, lo sguardo di Italo è rivolto verso il basso.","Quando la donna lo rimprovera, lo sguardo di Italo è rivolto verso l'alto."
video021_spaziale_02,video021,video021.mp4,video021_spaziale,2,spaziale,Dove è rivolto lo sguardo di Italo quando la donna lo rimprovera di guardarla?,barbara,in basso,Lo sguardo di Italo è rivolto in basso quando la donna lo rimprovera di guardarla.,Lo sguardo di Italo è rivolto in alto quando la donna lo rimprovera di guardarla.
video021_spaziale_03,video021,video021.mp4,video021_spaziale,3,spaziale,Dove è rivolto lo sguardo di Italo quando la donna lo rimprovera di guardarla?,eli,"in una posizione più in basso, e non sopra la donna","Lo sguardo di Italo è rivolto in una posizione più in basso, e non sopra la donna.","Lo sguardo di Italo è rivolto in una posizione più in alto, e non sotto la donna."
video021_spaziale_04,video021,video021.mp4,video021_spaziale,4,spaziale,Dove è rivolto lo sguardo di Italo quando la donna lo rimprovera di guardarla?,michela,non sulla donna,Lo sguardo di Italo non è rivolto sulla donna quando viene rimproverato.,Lo sguardo di Italo è rivolto sulla donna quando viene rimproverato.
video021_temporale_01,video021,video021.mp4,video021_temporale,1,temporale,Cosa deve fare Italo prima di 'rimettere piede' in casa?,Memmo,Riportare a casa i figli,Prima di 'rimettere piede' in casa Italo deve riportare a casa i figli.,Dopo essere 'rientrato' in casa Italo deve riportare a casa i figli.
video021_temporale_02,video021,video021.mp4,video021_temporale,2,temporale,Cosa deve fare Italo prima di 'rimettere piede' in casa?,barbara,riportare a casa i due ragazzi,Italo deve riportare a casa i due ragazzi prima di rimettere piede in casa.,Italo deve riportare a casa i due ragazzi dopo aver rimesso piede in casa.
video021_temporale_03,video021,video021.mp4,video021_temporale,3,temporale,Cosa deve fare Italo prima di 'rimettere piede' in casa?,eli,"quando la donna gli chiede di riportare a casa i due ragazzi, cioè i suoi figli","Prima di ""rimettere piede"" in casa, Italo deve riportare a casa i due ragazzi, cioè i figli della donna.","Dopo ""aver preso le chiavi"" della macchina, Italo deve riportare a casa i due ragazzi, cioè i figli della donna."
video021_temporale_04,video021,video021.mp4,video021_temporale,4,temporale,Cosa deve fare Italo prima di 'rimettere piede' in casa?,michela,la donna gli chiede di riportare i figli a casa,"Prima di 'rimettere piede' in casa, Italo deve riportare i figli a casa come richiesto dalla donna.","Dopo aver 'rimesso piede' in casa, Italo deve riportare i figli a casa come richiesto dalla donna."
video022_causale_01,video022,video022.mp4,video022_causale,1,causale,Perché Scott è triste mentre guarda i fogli in prigione?,Memmo,Perchè probabilmente sono i fogli del divorzio,Scott è triste mentre guarda i fogli in prigione probabilmente perché sono i fogli del divorzio.,Scott è triste mentre guarda i fogli in prigione probabilmente perché non può uscire.
video022_causale_02,video022,video022.mp4,video022_causale,2,causale,Perché Scott è triste mentre guarda i fogli in prigione?,barbara,perchè sono i fogli del divorzio,Scott è triste in prigione perché sta guardando i fogli del divorzio.,Scott è triste in prigione perché ha ricevuto una lettera dalla famiglia.
video022_causale_03,video022,video022.mp4,video022_causale,3,causale,Perché Scott è triste mentre guarda i fogli in prigione?,eli,"perché si tratta dei documenti inviati dalla moglie, che intende divorziare","Scott è triste mentre guarda i fogli in prigione perché si tratta dei documenti inviati dalla moglie, che intende divorziare.","Scott è triste mentre guarda i fogli in prigione perché si tratta dei documenti del suo processo, che è andato male."
video022_causale_04,video022,video022.mp4,video022_causale,4,causale,Perché Scott è triste mentre guarda i fogli in prigione?,michela,perché sono i fogli che gli ha mandato la moglie che vuole divorziare,Scott è triste mentre guarda i fogli in prigione perché sono i documenti che gli ha mandato la moglie che vuole divorziare.,Scott è triste mentre guarda i fogli in prigione perché sono i documenti che gli annunciano una condanna più lunga.
video022_spaziale_01,video022,video022.mp4,video022_spaziale,1,spaziale,Dove si sono incontrati Scott e Luis per la prima volta?,Memmo,In prigione,Scott e Luis si sono incontrati per la prima volta in prigione.,Scott e Luis si sono incontrati per la prima volta in un parco.
video022_spaziale_02,video022,video022.mp4,video022_spaziale,2,spaziale,Dove si sono incontrati Scott e Luis per la prima volta?,barbara,in prigione,Scott e Luis si sono incontrati per la prima volta in prigione.,Scott e Luis si sono incontrati per la prima volta in un parco.
video022_spaziale_03,video022,video022.mp4,video022_spaziale,3,spaziale,Dove si sono incontrati Scott e Luis per la prima volta?,eli,nella cella della prigione in cui sono finiti entrambi,Scott e Luis si sono incontrati per la prima volta nella cella della prigione in cui sono finiti entrambi.,Scott e Luis si sono incontrati per la prima volta nella palestra della prigione in cui sono finiti entrambi.
video022_spaziale_04,video022,video022.mp4,video022_spaziale,4,spaziale,Dove si sono incontrati Scott e Luis per la prima volta?,michela,si sono incontrati nella cella di prigione dove sono finiti entrambi,Scott e Luis si sono incontrati per la prima volta nella cella di prigione dove sono finiti entrambi.,Scott e Luis si sono incontrati per la prima volta al caffè dove sono finiti entrambi.
video022_temporale_01,video022,video022.mp4,video022_temporale,1,temporale,La moglie di Scott lo ha lasciato prima o dopo che Scott incontrasse Luis per la prima volta?,Memmo,Prima,La moglie di Scott lo ha lasciato prima che Scott incontrasse Luis per la prima volta.,La moglie di Scott lo ha lasciato dopo che Scott ha incontrato Luis per la prima volta.
video022_temporale_02,video022,video022.mp4,video022_temporale,2,temporale,La moglie di Scott lo ha lasciato prima o dopo che Scott incontrasse Luis per la prima volta?,barbara,prima,La moglie di Scott lo ha lasciato prima che incontrasse Luis per la prima volta.,La moglie di Scott lo ha lasciato dopo che ha incontrato Luis per la prima volta.
video022_temporale_03,video022,video022.mp4,video022_temporale,3,temporale,La moglie di Scott lo ha lasciato prima o dopo che Scott incontrasse Luis per la prima volta?,eli,"in precedenza, quando la moglie di Scott gli fa recapitare i documenti del divorzio da firmare","La moglie di Scott lo ha lasciato in precedenza, quando gli ha fatto recapitare i documenti del divorzio da firmare.","La moglie di Scott lo ha lasciato in seguito, quando gli ha fatto recapitare i documenti del divorzio da firmare."
video022_temporale_04,video022,video022.mp4,video022_temporale,4,temporale,La moglie di Scott lo ha lasciato prima o dopo che Scott incontrasse Luis per la prima volta?,michela,la moglie di scott gli ha fatto avere i fogli del divorzio da firmare,La moglie di Scott gli ha fatto avere i fogli del divorzio da firmare.,"Prima che Scott incontrasse sua moglie, lei gli ha fatto avere i fogli del divorzio da firmare."
video023_causale_01,video023,video023.mp4,video023_causale,1,causale,Perché la donna ringrazia Anastasia?,Memmo,"Per averla bagnata, in senso ironico",La donna ringrazia Anastasia ironicamente per averla bagnata.,La donna ringrazia Anastasia ironicamente per averla aiutata.
video023_causale_02,video023,video023.mp4,video023_causale,2,causale,Perché la donna ringrazia Anastasia?,barbara,per averla bagnata,La donna ringrazia Anastasia per averla bagnata.,La donna ringrazia Anastasia per averle regalato un ombrello.
video023_causale_03,video023,video023.mp4,video023_causale,3,causale,Perché la donna ringrazia Anastasia?,eli,"perché la bambina, salendo sul gonfiabile, l'ha bagnata","La donna ringrazia Anastasia perché la bambina, salendo sul gonfiabile, l'ha bagnata.","La donna ringrazia Anastasia perché la bambina, salendo sul gonfiabile, le ha pulito le scarpe."
video023_causale_04,video023,video023.mp4,video023_causale,4,causale,Perché la donna ringrazia Anastasia?,michela,perchè la biambina l'ha bagnata salendo sul gonfiabile,La donna ringrazia Anastasia perchè la bambina l'ha bagnata salendo sul gonfiabile.,La donna ringrazia Anastasia perchè la bambina l'ha fatta ridere con una battuta.
video023_spaziale_01,video023,video023.mp4,video023_spaziale,1,spaziale,Da dove cade la bambina?,Memmo,In acqua,La bambina cade in acqua.,La bambina cade su un prato.
video023_spaziale_02,video023,video023.mp4,video023_spaziale,2,spaziale,Da dove cade la bambina?,barbara,dal bordo della piscina,La bambina cade dal bordo della piscina.,La bambina cade dal bordo del letto.
video023_spaziale_03,video023,video023.mp4,video023_spaziale,3,spaziale,Da dove cade la bambina?,eli,"dal gonfiabile a forma di coda di sirena, posto vicino al bordo della piscina","La bambina cade dal gonfiabile a forma di coda di sirena, posto vicino al bordo della piscina.","La bambina cade dal gonfiabile a forma di coda di sirena, posto al centro del giardino."
video023_spaziale_04,video023,video023.mp4,video023_spaziale,4,spaziale,Da dove cade la bambina?,michela,dal gonfiabile fatto a forma di coda di sirena,La bambina cade dal gonfiabile fatto a forma di coda di sirena.,La bambina cade dallo scivolo fatto a forma di coda di sirena.
video023_temporale_01,video023,video023.mp4,video023_temporale,1,temporale,La donna dice ad 'Ani' di salire prima o dopo essere scesa nell'acqua?,Memmo,dopo,La donna dice ad 'Ani' di salire dopo essere scesa nell'acqua.,La donna dice ad 'Ani' di salire prima di scendere nell'acqua.
video023_temporale_02,video023,video023.mp4,video023_temporale,2,temporale,La donna dice ad 'Ani' di salire prima o dopo essere scesa nell'acqua?,barbara,scendere,La donna dice ad 'Ani' di scendere nell'acqua.,Dopo che la donna dice ad 'Ani' di scendere nell'acqua.
video023_temporale_03,video023,video023.mp4,video023_temporale,3,temporale,La donna dice ad 'Ani' di salire prima o dopo essere scesa nell'acqua?,eli,"prima di entrare in acqua, nel momento in cui deve scendere","La donna dice ad 'Ani' di salire prima di entrare in acqua, nel momento in cui deve scendere.","La donna dice ad 'Ani' di salire dopo essere entrata in acqua, nel momento in cui deve scendere."
video023_temporale_04,video023,video023.mp4,video023_temporale,4,temporale,La donna dice ad 'Ani' di salire prima o dopo essere scesa nell'acqua?,michela,prima che lei entri nell'acqua,La donna dice ad 'Ani' di salire prima che lei entri nell'acqua.,La donna dice ad 'Ani' di salire dopo che lei è uscita dall'acqua.
video024_causale_01,video024,video024.mp4,video024_causale,1,causale,Perché la nonna porta la mascherina sugli occhi?,Memmo,Perchè stanno giocando a moscacieca,La nonna porta la mascherina sugli occhi perchè stanno giocando a moscacieca.,La nonna porta la mascherina sugli occhi perchè la luce del sole è troppo forte.
video024_causale_02,video024,video024.mp4,video024_causale,2,causale,Perché la nonna porta la mascherina sugli occhi?,barbara,per bendarsi,La nonna porta la mascherina sugli occhi per bendarsi.,La nonna porta la mascherina sugli occhi per proteggersi dal sole.
video024_causale_03,video024,video024.mp4,video024_causale,3,causale,Perché la nonna porta la mascherina sugli occhi?,eli,perché deve bendarsi per fare la mosca e cercare di prendere le altre bambine,La nonna porta la mascherina sugli occhi perché deve bendarsi per fare la mosca e cercare di prendere le altre bambine.,La nonna porta la mascherina sugli occhi perché ha dimenticato gli occhiali a casa.
video024_causale_04,video024,video024.mp4,video024_causale,4,causale,Perché la nonna porta la mascherina sugli occhi?,michela,perché lei è la mosca che deve acchiappare le bamine,La nonna porta la mascherina sugli occhi perché è la mosca che deve acchiappare le bambine.,La nonna porta la mascherina sugli occhi perché c'è troppo sole.
video024_spaziale_01,video024,video024.mp4,video024_spaziale,1,spaziale,Le bambine e la nonna stanno giocando dentro casa o fuori in giardino?,Memmo,dentro casa,Le bambine e la nonna stanno giocando dentro casa.,Le bambine e la nonna stanno giocando fuori casa.
video024_spaziale_02,video024,video024.mp4,video024_spaziale,2,spaziale,Le bambine e la nonna stanno giocando dentro casa o fuori in giardino?,barbara,dentro casa,Le bambine e la nonna stanno giocando dentro casa.,Le bambine e la nonna stanno giocando fuori casa.
video024_spaziale_03,video024,video024.mp4,video024_spaziale,3,spaziale,Le bambine e la nonna stanno giocando dentro casa o fuori in giardino?,eli,"all'interno della casa, nella zona in cui le bambine stanno giocando a mosca cieca","Le bambine e la nonna stanno giocando all'interno della casa, nella zona in cui le bambine stanno giocando a mosca cieca.","Le bambine e la nonna stanno giocando nel giardino, nella zona in cui le bambine stanno giocando a mosca cieca."
video024_spaziale_04,video024,video024.mp4,video024_spaziale,4,spaziale,Le bambine e la nonna stanno giocando dentro casa o fuori in giardino?,michela,le bambine stanno giocando a mosca cieca,Le bambine stanno giocando a mosca cieca.,Le bambine stanno giocando nel parco giochi.
video024_temporale_01,video024,video024.mp4,video024_temporale,1,temporale,Alla nonna gira la testa prima o dopo essersi coperta gli occhi?,Memmo,dopo,Alla nonna gira la testa dopo essersi coperta gli occhi.,"Prima che alla nonna girasse la testa, si è coperta gli occhi."
video024_temporale_02,video024,video024.mp4,video024_temporale,2,temporale,Alla nonna gira la testa prima o dopo essersi coperta gli occhi?,barbara,dopo,Alla nonna gira la testa dopo essersi coperta gli occhi.,Alla nonna gira la testa prima di coprirsi gli occhi.
video024_temporale_03,video024,video024.mp4,video024_temporale,3,temporale,Alla nonna gira la testa prima o dopo essersi coperta gli occhi?,eli,successivamente all'inizio del gioco della mosca cieca,Alla nonna gira la testa successivamente all'inizio del gioco della mosca cieca.,Alla nonna gira la testa prima dell'inizio del gioco della mosca cieca.
video024_temporale_04,video024,video024.mp4,video024_temporale,4,temporale,Alla nonna gira la testa prima o dopo essersi coperta gli occhi?,michela,dopo che hanno iniziato a giocare a mosca cieca,Alla nonna gira la testa dopo che hanno iniziato a giocare a mosca cieca.,Alla nonna gira la testa prima che abbiano iniziato a giocare a mosca cieca.
video025_causale_01,video025,video025.mp4,video025_causale,1,causale,Perché la mamma fa i complimenti alla bambina?,Memmo,Per la buca che ha costruito,La mamma fa i complimenti alla bambina per la buca che ha costruito.,La mamma fa i complimenti alla bambina per il castello che ha costruito.
video025_causale_02,video025,video025.mp4,video025_causale,2,causale,Perché la mamma fa i complimenti alla bambina?,barbara,per la grande e bella buca fatta,La mamma fa i complimenti alla bambina per la grande e bella buca fatta.,La mamma fa i complimenti alla bambina per il bel disegno fatto.
video025_causale_03,video025,video025.mp4,video025_causale,3,causale,Perché la mamma fa i complimenti alla bambina?,eli,"perché la bambina ha scavato nella sabbia una buca enorme e molto bella, grande quasi quanto una piscina","La mamma fa i complimenti alla bambina perché ha scavato nella sabbia una buca enorme e molto bella, grande quasi quanto una piscina.","La mamma fa i complimenti alla bambina perché ha costruito un castello di sabbia enorme e molto bello, grande quasi quanto una piscina."
video025_causale_04,video025,video025.mp4,video025_causale,4,causale,Perché la mamma fa i complimenti alla bambina?,michela,si perché ha fatto un buco enorme nella sabbia che è grande quanto una piscina,"La mamma fa i complimenti alla bambina perché ha fatto un buco enorme nella sabbia, grande quanto una piscina.",La mamma fa i complimenti alla bambina perché ha costruito un bellissimo castello di sabbia.
video025_spaziale_01,video025,video025.mp4,video025_spaziale,1,spaziale,Dove si trova lo scivolo?,Memmo,Tra la buca e il mare,Lo scivolo si trova tra la buca e il mare.,Lo scivolo si trova sopra una collina.
video025_spaziale_02,video025,video025.mp4,video025_spaziale,2,spaziale,Dove si trova lo scivolo?,barbara,davanti alla buca verso il mare,Lo scivolo si trova davanti alla buca verso il mare.,Lo scivolo si trova dietro alla buca verso il mare.
video025_spaziale_03,video025,video025.mp4,video025_spaziale,3,spaziale,Dove si trova lo scivolo?,eli,"sul bagnasciuga, davanti alla grande buca scavata verso il mare","Lo scivolo si trova sul bagnasciuga, davanti alla grande buca scavata verso il mare.","Lo scivolo si trova nel parco giochi, lontano dalla grande buca scavata verso il mare."
video025_spaziale_04,video025,video025.mp4,video025_spaziale,4,spaziale,Dove si trova lo scivolo?,michela,"sul bagnasciuga, se lo inventa la bambina","Lo scivolo si trova sul bagnasciuga, inventato dalla bambina.","Lo scivolo si trova nel parco giochi, inventato dalla bambina."
video025_temporale_01,video025,video025.mp4,video025_temporale,1,temporale,La bambina con il costume azzurro va sullo scivolo prima o dopo che Aria saluti la donna?,Memmo,Dopo,La bambina con il costume azzurro va sullo scivolo dopo che Aria saluta la donna.,La bambina con il costume azzurro va sullo scivolo prima che Aria saluti la donna.
video025_temporale_02,video025,video025.mp4,video025_temporale,2,temporale,La bambina con il costume azzurro va sullo scivolo prima o dopo che Aria saluti la donna?,barbara,dopo,La bambina con il costume azzurro va sullo scivolo dopo che Aria saluta la donna.,La bambina con il costume azzurro va sullo scivolo prima che Aria saluti la donna.
video025_temporale_03,video025,video025.mp4,video025_temporale,3,temporale,La bambina con il costume azzurro va sullo scivolo prima o dopo che Aria saluti la donna?,eli,dopo che la persona che riprende ha salutato le bambine,La bambina con il costume azzurro va sullo scivolo dopo che la persona che riprende ha salutato le bambine.,La bambina con il costume azzurro va sullo scivolo prima che la persona che riprende saluti le bambine.
video025_temporale_04,video025,video025.mp4,video025_temporale,4,temporale,La bambina con il costume azzurro va sullo scivolo prima o dopo che Aria saluti la donna?,michela,dopo che la cameramen ha salutato le bambine,La bambina con il costume azzurro va sullo scivolo dopo che la cameramen ha salutato le bambine.,La bambina con il costume azzurro va sullo scivolo prima che la cameramen ha salutato le bambine.
video026_causale_01,video026,video026.mp4,video026_causale,1,causale,Perché l'uomo in piedi dice che 'ora è bello per lo spotter'?,Memmo,Perchè gli può dare una mano,L'uomo dice che 'ora è bello per lo spotter' perché gli può dare una mano.,L'uomo dice che 'ora è bello per lo spotter' perché può vincere un premio.
video026_causale_02,video026,video026.mp4,video026_causale,2,causale,Perché l'uomo in piedi dice che 'ora è bello per lo spotter'?,barbara,perchè da un aiuto,"L'uomo in piedi dice che ""ora è bello per lo spotter"" perché dà un aiuto.","L'uomo in piedi dice che ""ora è bello per lo spotter"" perché crea confusione."
video026_causale_03,video026,video026.mp4,video026_causale,3,causale,Perché l'uomo in piedi dice che 'ora è bello per lo spotter'?,eli,perché in quel momento lo spotter può intervenire e fornire assistenza all'uomo durante l'esercizio sul macchinario,"In quel momento, lo spotter può intervenire e fornire assistenza all'uomo durante l'esercizio sul macchinario.","In quel momento, lo spotter non può intervenire e fornire assistenza all'uomo durante l'esercizio sul macchinario."
video026_causale_04,video026,video026.mp4,video026_causale,4,causale,Perché l'uomo in piedi dice che 'ora è bello per lo spotter'?,michela,perché lo spotter può finalmente dare assistenza aiutando l'uomo accarezzando il macchinario,"L'uomo in piedi dice che ""ora è bello per lo spotter"" perché può finalmente dare assistenza aiutando accarezzando il macchinario.","L'uomo in piedi dice che ""ora è bello per lo spotter"" perché il macchinario si è finalmente fermato e non richiede più assistenza."
video026_spaziale_01,video026,video026.mp4,video026_spaziale,1,spaziale,Dove deve rilasciare liberi i pesi l'uomo sull'attrezzo?,Memmo,A fine corsa dell'ultima ripetizione,L'uomo deve rilasciare liberi i pesi a fine corsa dell'ultima ripetizione.,L'uomo deve rilasciare liberi i pesi all'inizio dell'ultima ripetizione.
video026_spaziale_02,video026,video026.mp4,video026_spaziale,2,spaziale,Dove deve rilasciare liberi i pesi l'uomo sull'attrezzo?,barbara,quando sono giu,L'uomo deve rilasciare liberi i pesi quando sono giù.,L'uomo deve rilasciare liberi i pesi quando sono su.
video026_spaziale_03,video026,video026.mp4,video026_spaziale,3,spaziale,Dove deve rilasciare liberi i pesi l'uomo sull'attrezzo?,eli,"verso il basso, seguendo la discesa del macchinario","L'uomo sull'attrezzo deve rilasciare i pesi verso il basso, seguendo la discesa del macchinario.","L'uomo sull'attrezzo deve rilasciare i pesi verso l'alto, seguendo la salita del macchinario."
video026_spaziale_04,video026,video026.mp4,video026_spaziale,4,spaziale,Dove deve rilasciare liberi i pesi l'uomo sull'attrezzo?,michela,verso il basso seguendo il movimento del macchinrio,L'uomo deve rilasciare liberi i pesi verso il basso seguendo il movimento del macchinario.,L'uomo deve rilasciare liberi i pesi verso l'alto seguendo il movimento del macchinario.
video026_temporale_01,video026,video026.mp4,video026_temporale,1,temporale,Dopo quale ripetizione il pelato dà assistenza?,Memmo,dopo la 4^ ripetizione,L'assistenza viene data dal pelato dopo la 4^ ripetizione.,L'assistenza viene data dal pelato prima della 4^ ripetizione.
video026_temporale_02,video026,video026.mp4,video026_temporale,2,temporale,Dopo quale ripetizione il pelato dà assistenza?,barbara,quinta,L'assistenza viene data dopo la quinta ripetizione.,L'assistenza viene data prima della quinta ripetizione.
video026_temporale_03,video026,video026.mp4,video026_temporale,3,temporale,Dopo quale ripetizione il pelato dà assistenza?,eli,"alla quinta ripetizione, quindi immediatamente dopo la quarta","Il pelato fornisce assistenza immediatamente dopo la quarta ripetizione, alla quinta.","Il pelato fornisce assistenza immediatamente prima della quarta ripetizione, alla terza."
video026_temporale_04,video026,video026.mp4,video026_temporale,4,temporale,Dopo quale ripetizione il pelato dà assistenza?,michela,dopo la quarta ripetizione,Il pelato dà assistenza dopo la quarta ripetizione.,Il pelato dà assistenza prima della quarta ripetizione.
video027_causale_01,video027,video027.mp4,video027_causale,1,causale,Perché la ragazza trova la situazione divertente?,Memmo,perchè al posto di una camera da letto c'è la cucina,La ragazza trova la situazione divertente perché al posto di una camera da letto c'è la cucina.,La ragazza trova la situazione divertente perché al posto di una cucina c'è la camera da letto.
video027_causale_02,video027,video027.mp4,video027_causale,2,causale,Perché la ragazza trova la situazione divertente?,barbara,perchè l'uomo dice di dormire in cucina,La ragazza trova la situazione divertente perché l'uomo dice di dormire in cucina.,La ragazza trova la situazione divertente perché l'uomo dice di dormire in giardino.
video027_causale_03,video027,video027.mp4,video027_causale,3,causale,Perché la ragazza trova la situazione divertente?,eli,perché lo zio dice di dormire in cucina e questa affermazione fa ridere la ragazza,La ragazza trova la situazione divertente perché lo zio dice di dormire in cucina.,La ragazza trova la situazione divertente perché lo zio racconta una barzelletta.
video027_causale_04,video027,video027.mp4,video027_causale,4,causale,Perché la ragazza trova la situazione divertente?,michela,perché lo zio dice che dorme in cucina e la situazione fa ridere la ragazza,La ragazza trova la situazione divertente perché lo zio dice che dorme in cucina.,La ragazza trova la situazione divertente perché lo zio dice che cucina mentre dorme.
video027_spaziale_01,video027,video027.mp4,video027_spaziale,1,spaziale,Dove indica di dormire l'uomo?,Memmo,in cucina,L'uomo indica di dormire in cucina.,L'uomo indica di dormire in giardino.
video027_spaziale_02,video027,video027.mp4,video027_spaziale,2,spaziale,Dove indica di dormire l'uomo?,barbara,in cucina,L'uomo indica di dormire in cucina.,L'uomo indica di dormire in salotto.
video027_spaziale_03,video027,video027.mp4,video027_spaziale,3,spaziale,Dove indica di dormire l'uomo?,eli,"in cucina, vicino alla porta alle spalle della ragazza con il maglione blu","L'uomo indica di dormire in cucina, vicino alla porta alle spalle della ragazza con il maglione blu.","L'uomo indica di dormire in soggiorno, vicino alla finestra alle spalle della ragazza con il maglione blu."
video027_spaziale_04,video027,video027.mp4,video027_spaziale,4,spaziale,Dove indica di dormire l'uomo?,michela,nella porta dietro la ragazza con il maglione blu,L'uomo indica di dormire nella porta dietro la ragazza con il maglione blu.,L'uomo indica di dormire nella porta davanti alla ragazza con il maglione blu.
video027_temporale_01,video027,video027.mp4,video027_temporale,1,temporale,La ragazza ride prima o dopo aver aperto la porta?,Memmo,dopo!,La ragazza ride dopo aver aperto la porta.,La ragazza ride prima di aprire la porta.
video027_temporale_02,video027,video027.mp4,video027_temporale,2,temporale,La ragazza ride prima o dopo aver aperto la porta?,barbara,dopo,La ragazza ride dopo aver aperto la porta.,La ragazza ride prima di aprire la porta.
video027_temporale_03,video027,video027.mp4,video027_temporale,3,temporale,La ragazza ride prima o dopo aver aperto la porta?,eli,"dopo che la ragazza apre la porta, quando comincia a ridere",La ragazza comincia a ridere dopo aver aperto la porta.,La ragazza comincia a ridere prima di aprire la porta.
video027_temporale_04,video027,video027.mp4,video027_temporale,4,temporale,La ragazza ride prima o dopo aver aperto la porta?,michela,la ragazza inizia a ridere dopo aver aperto la porta,La ragazza inizia a ridere dopo aver aperto la porta.,La ragazza inizia a ridere prima di aprire la porta.
video028_causale_01,video028,video028.mp4,video028_causale,1,causale,Perché l'uomo con gli occhiali chiede le banane all'uomo con il grembiule giallo?,Memmo,perchè è l'addetto del negozio che si occupa di servire i clienti,L'uomo con gli occhiali chiede le banane perché l'uomo con il grembiule giallo è l'addetto del negozio che si occupa di servire i clienti.,L'uomo con gli occhiali chiede le banane perché l'uomo con il grembiule giallo è un cliente abituale del negozio.
video028_causale_02,video028,video028.mp4,video028_causale,2,causale,Perché l'uomo con gli occhiali chiede le banane all'uomo con il grembiule giallo?,barbara,perchè è il commesso,L'uomo con gli occhiali chiede le banane all'uomo con il grembiule giallo perché è il commesso.,L'uomo con gli occhiali chiede le banane all'uomo con il grembiule giallo perché è un cliente.
video028_causale_03,video028,video028.mp4,video028_causale,3,causale,Perché l'uomo con gli occhiali chiede le banane all'uomo con il grembiule giallo?,eli,"perché il negoziante, in qualità di commesso, imbusta i prodotti che i due hanno deciso di acquistare, comprese le banane","L'uomo con gli occhiali chiede le banane all'uomo con il grembiule giallo perché il negoziante, in qualità di commesso, imbusta i prodotti che hanno deciso di acquistare, comprese le banane.",L'uomo con gli occhiali chiede le banane all'uomo con il grembiule giallo perché è appena arrivato un nuovo carico di frutta fresca.
video028_causale_04,video028,video028.mp4,video028_causale,4,causale,Perché l'uomo con gli occhiali chiede le banane all'uomo con il grembiule giallo?,michela,perché è il commerciante del negozio che si occupa di imbustarei prodotti e loro vogliono comprare le banane,L'uomo con gli occhiali chiede le banane all'uomo con il grembiule giallo perché è il commerciante del negozio che si occupa di imbustare i prodotti e loro vogliono comprare le banane.,L'uomo con gli occhiali chiede le banane all'uomo con il grembiule giallo perché è un amico di vecchia data e vogliono fare una macedonia insieme.
video028_spaziale_01,video028,video028.mp4,video028_spaziale,1,spaziale,Dove vengono messe le banane?,Memmo,In una busta alimentare,Le banane vengono messe in una busta alimentare.,Le banane vengono messe in una scatola di cartone.
video028_spaziale_02,video028,video028.mp4,video028_spaziale,2,spaziale,Dove vengono messe le banane?,barbara,in un sacchetto di carta,Le banane vengono messe in un sacchetto di carta.,Le banane vengono messe in una ciotola di vetro.
video028_spaziale_03,video028,video028.mp4,video028_spaziale,3,spaziale,Dove vengono messe le banane?,eli,all'interno di un sacchetto di carta,Le banane vengono messe all'interno di un sacchetto di carta.,Le banane vengono messe all'interno di una scatola di plastica.
video028_spaziale_04,video028,video028.mp4,video028_spaziale,4,spaziale,Dove vengono messe le banane?,michela,in un sacchetto di carta,Le banane vengono messe in un sacchetto di carta.,Le banane vengono messe in un cestino di plastica.
video028_temporale_01,video028,video028.mp4,video028_temporale,1,temporale,I due uomini con gli occhiali si accordano su cosa prendere prima o dopo aver salutato l'uomo con il grembiule giallo?,Memmo,prima,I due uomini con gli occhiali si accordano su cosa prendere prima di salutare l'uomo con il grembiule giallo.,"Dopo aver salutato l'uomo con il grembiule giallo, i due uomini con gli occhiali si accordano su cosa prendere."
video028_temporale_02,video028,video028.mp4,video028_temporale,2,temporale,I due uomini con gli occhiali si accordano su cosa prendere prima o dopo aver salutato l'uomo con il grembiule giallo?,barbara,prima,I due uomini con gli occhiali si accordano su cosa prendere prima di salutare l'uomo con il grembiule giallo.,I due uomini con gli occhiali si accordano su cosa prendere dopo aver salutato l'uomo con il grembiule giallo.
video028_temporale_03,video028,video028.mp4,video028_temporale,3,temporale,I due uomini con gli occhiali si accordano su cosa prendere prima o dopo aver salutato l'uomo con il grembiule giallo?,eli,"prima di salutare il fruttivendolo, quando i due uomini decidono di acquistare le banane",I due uomini con gli occhiali decidono di acquistare le banane prima di salutare il fruttivendolo.,I due uomini con gli occhiali decidono di acquistare le banane dopo aver salutato il fruttivendolo.
video028_temporale_04,video028,video028.mp4,video028_temporale,4,temporale,I due uomini con gli occhiali si accordano su cosa prendere prima o dopo aver salutato l'uomo con il grembiule giallo?,michela,i due uomini decidono di comprare le banane prima di salutare il fruttivendolo,I due uomini decidono di comprare le banane prima di salutare l'uomo con il grembiule giallo.,I due uomini decidono di comprare le banane dopo aver salutato l'uomo con il grembiule giallo.
video029_causale_01,video029,video029.mp4,video029_causale,1,causale,Perché il signore con la camicia bianca urla al tabaccaio?,Memmo,perchè gli è stato detto che era sordo,Il signore con la camicia bianca urla al tabaccaio perché gli è stato detto che era sordo.,Il signore con la camicia bianca urla al tabaccaio perché si è arrabbiato per il prezzo delle sigarette.
video029_causale_02,video029,video029.mp4,video029_causale,2,causale,Perché il signore con la camicia bianca urla al tabaccaio?,barbara,perchè il signore gli dice che il tabaccaio è sordo,Il signore urla al tabaccaio perché gli dice che è sordo.,Il signore urla al tabaccaio perché gli ha dato il resto sbagliato.
video029_causale_03,video029,video029.mp4,video029_causale,3,causale,Perché il signore con la camicia bianca urla al tabaccaio?,eli,perché gli era stato detto che il tabaccaio fosse sordo o comunque sentisse poco,Il signore con la camicia bianca urla al tabaccaio perché gli era stato detto che fosse sordo o sentisse poco.,Il signore con la camicia bianca urla al tabaccaio perché era arrabbiato.
video029_causale_04,video029,video029.mp4,video029_causale,4,causale,Perché il signore con la camicia bianca urla al tabaccaio?,michela,perché gli era stato detto che ci sentisse poco,Urla al tabaccaio perché gli era stato detto che ci sentisse poco.,Urla al tabaccaio perché aveva perso il portafoglio.
video029_spaziale_01,video029,video029.mp4,video029_spaziale,1,spaziale,Dove si trova il tabaccaio?,Memmo,dietro il muretto dove è appoggiato l'uomo che da indicazioni,Il tabaccaio si trova dietro il muretto dove è appoggiato l'uomo che dà indicazioni.,Il tabaccaio si trova di fronte al muretto dove è appoggiato l'uomo che dà indicazioni.
video029_spaziale_02,video029,video029.mp4,video029_spaziale,2,spaziale,Dove si trova il tabaccaio?,barbara,dietro,"Nel video, il tabaccaio si trova dietro.","Nel video, il tabaccaio si trova davanti."
video029_spaziale_03,video029,video029.mp4,video029_spaziale,3,spaziale,Dove si trova il tabaccaio?,eli,"dietro l'angolo, nella zona in cui si trova l'anziano con il maglione a righe","Il tabaccaio si trova dietro l'angolo, nella zona in cui si trova l'anziano con il maglione a righe.","Il tabaccaio si trova di fronte alla piazza, nella zona in cui si trova l'anziano con il maglione a righe."
video029_spaziale_04,video029,video029.mp4,video029_spaziale,4,spaziale,Dove si trova il tabaccaio?,michela,dietro l'angolo dove si trova l'anziano con il maglione a righe,Il tabaccaio si trova dietro l'angolo dove si trova l'anziano con il maglione a righe.,Il tabaccaio si trova di fronte all'angolo dove si trova l'anziano con il maglione a righe.
video029_temporale_01,video029,video029.mp4,video029_temporale,1,temporale,Il tabaccaio si arrabbia prima o dopo che il signore con la maglia a righe dia indicazioni?,Memmo,durante,Il tabaccaio si arrabbia durante il momento in cui il signore con la maglia a righe dà indicazioni.,"Dopo che il signore con la maglia a righe ha dato indicazioni, il tabaccaio si arrabbia."
video029_temporale_02,video029,video029.mp4,video029_temporale,2,temporale,Il tabaccaio si arrabbia prima o dopo che il signore con la maglia a righe dia indicazioni?,barbara,dopo,Il tabaccaio si arrabbia dopo che il signore con la maglia a righe dà indicazioni.,Il tabaccaio si arrabbia prima che il signore con la maglia a righe dia indicazioni.
video029_temporale_03,video029,video029.mp4,video029_temporale,3,temporale,Il tabaccaio si arrabbia prima o dopo che il signore con la maglia a righe dia indicazioni?,eli,"dopo che l'uomo in camicia bianca entra in tabaccheria seguendo le indicazioni dell'uomo con il maglione a righe, momento in cui il tabaccaio si arrabbia",Il tabaccaio si arrabbia dopo che l'uomo in camicia bianca entra in tabaccheria seguendo le indicazioni dell'uomo con il maglione a righe.,Il tabaccaio si arrabbia prima che l'uomo in camicia bianca entri in tabaccheria seguendo le indicazioni dell'uomo con il maglione a righe.
video029_temporale_04,video029,video029.mp4,video029_temporale,4,temporale,Il tabaccaio si arrabbia prima o dopo che il signore con la maglia a righe dia indicazioni?,michela,il tabbaccaio si arrabbia dopo che l'uomo con la camicia bianca è entrato in tabaccheria seguendo le indicazioni del signore con la maglia a righe,Il tabaccaio si arrabbia dopo che l'uomo con la camicia bianca è entrato in tabaccheria seguendo le indicazioni del signore con la maglia a righe.,Il tabaccaio si arrabbia prima che l'uomo con la camicia bianca entri in tabaccheria seguendo le indicazioni del signore con la maglia a righe.
video030_causale_01,video030,video030.mp4,video030_causale,1,causale,Perché la bambina con la maglietta bianca urla?,Memmo,Perchè l'acqua è freddina,La bambina con la maglietta bianca urla perché l'acqua è freddina.,La bambina con la maglietta bianca urla perché ha visto un insetto.
video030_causale_02,video030,video030.mp4,video030_causale,2,causale,Perché la bambina con la maglietta bianca urla?,barbara,acqua fredda,La bambina con la maglietta bianca urla a causa dell'acqua fredda.,La bambina con la maglietta bianca urla a causa del forte vento.
video030_causale_03,video030,video030.mp4,video030_causale,3,causale,Perché la bambina con la maglietta bianca urla?,eli,"perché, dopo aver immerso il piede nella piscina, si accorge che l'acqua è molto fredda","La bambina con la maglietta bianca urla perché, dopo aver immerso il piede nella piscina, si accorge che l'acqua è molto fredda.",La bambina con la maglietta bianca urla perché viene improvvisamente bagnata da uno schizzo d'acqua.
video030_causale_04,video030,video030.mp4,video030_causale,4,causale,Perché la bambina con la maglietta bianca urla?,michela,"perché dopo aver messo il piede nell'acqua della poiscina, questa è molto fredda","La bambina con la maglietta bianca urla perché dopo aver messo il piede nell'acqua della piscina, questa è molto fredda.","La bambina con la maglietta bianca urla perché dopo aver messo il piede nell'acqua della piscina, questa è molto calda."
video030_spaziale_01,video030,video030.mp4,video030_spaziale,1,spaziale,Dove vuole mettere i gonfiabili la donna fuori campo?,Memmo,Dentro la piscinetta,La donna fuori campo vuole mettere i gonfiabili dentro la piscinetta.,La donna fuori campo vuole mettere i gonfiabili sopra la piscinetta.
video030_spaziale_02,video030,video030.mp4,video030_spaziale,2,spaziale,Dove vuole mettere i gonfiabili la donna fuori campo?,barbara,dentro la piscina,La donna fuori campo vuole mettere i gonfiabili dentro la piscina.,La donna fuori campo vuole mettere i gonfiabili sopra la piscina.
video030_spaziale_03,video030,video030.mp4,video030_spaziale,3,spaziale,Dove vuole mettere i gonfiabili la donna fuori campo?,eli,"all'interno della piscina, dove la signora vorrebbe sistemare i gonfiabili",La signora fuori campo vorrebbe sistemare i gonfiabili all'interno della piscina.,La signora fuori campo vorrebbe sistemare i gonfiabili all'esterno della piscina.
video030_spaziale_04,video030,video030.mp4,video030_spaziale,4,spaziale,Dove vuole mettere i gonfiabili la donna fuori campo?,michela,la signora vorrebbemetter i gonfiabili nella piscina,La signora vorrebbe mettere i gonfiabili nella piscina.,La signora vorrebbe mettere i gonfiabili nel giardino.
video030_temporale_01,video030,video030.mp4,video030_temporale,1,temporale,La bambina con la maglia rosa ha cenato prima di mettere il piede in piscina o ha messo il piede in piscina prima di cenare?,Memmo,Dopo,La bambina con la maglia rosa ha cenato dopo aver messo il piede in piscina.,La bambina con la maglia rosa ha cenato prima di mettere il piede in piscina.
video030_temporale_02,video030,video030.mp4,video030_temporale,2,temporale,La bambina con la maglia rosa ha cenato prima di mettere il piede in piscina o ha messo il piede in piscina prima di cenare?,barbara,prima mette i piedi in acqua,"Nel video, la bambina con la maglia rosa mette i piedi in piscina prima di cenare.","Nel video, la bambina con la maglia rosa mette i piedi in piscina dopo aver cenato."
video030_temporale_03,video030,video030.mp4,video030_temporale,3,temporale,La bambina con la maglia rosa ha cenato prima di mettere il piede in piscina o ha messo il piede in piscina prima di cenare?,eli,prima mette il piede nell'acqua; la donna glielo permette perché la bambina con la maglia rosa non ha ancora cenato,La bambina con la maglia rosa mette il piede nell'acqua prima di cenare.,La bambina con la maglia rosa mette il piede nell'acqua dopo cena.
video030_temporale_04,video030,video030.mp4,video030_temporale,4,temporale,La bambina con la maglia rosa ha cenato prima di mettere il piede in piscina o ha messo il piede in piscina prima di cenare?,michela,la donna dice che la bambina con la maglia rosa non ha ancora cenato per questo lei piò mettere il piede in acqua,"La bambina con la maglia rosa non ha ancora cenato, per questo può mettere il piede in acqua.","La bambina con la maglia rosa ha già cenato, per questo può mettere il piede in acqua."
video031_causale_01,video031,video031.mp4,video031_causale,1,causale,Perché la bambina urla?,Memmo,Perchè le fa schifo l'avocado,La bambina urla perché le fa schifo l'avocado.,La bambina urla perché le è caduto l'avocado.
video031_causale_02,video031,video031.mp4,video031_causale,2,causale,Perché la bambina urla?,barbara,non gli piace,La bambina urla perché non le piace.,La bambina urla perché è felice.
video031_causale_03,video031,video031.mp4,video031_causale,3,causale,Perché la bambina urla?,eli,perché il cibo che le è stato messo in bocca non le piace affatto,La bambina urla perché il cibo che le è stato messo in bocca non le piace affatto.,La bambina urla perché il cibo che le è stato messo in bocca è troppo caldo.
video031_causale_04,video031,video031.mp4,video031_causale,4,causale,Perché la bambina urla?,michela,perché non le piace affatto il cibo che la donna le ha messo in bocca,La bambina urla perché non le piace affatto il cibo che la donna le ha messo in bocca.,La bambina urla perché vuole mangiare di più il cibo che la donna le ha messo in bocca.
video031_spaziale_01,video031,video031.mp4,video031_spaziale,1,spaziale,Dove mette la donna fuori campo l'avocado per farlo assaggiare alla bambina?,Memmo,In un piatto e dopo in bocca lla bambina,La donna fuori campo mette l'avocado in un piatto e poi in bocca alla bambina.,La donna fuori campo mette l'avocado su un tavolo e poi in bocca alla bambina.
video031_spaziale_02,video031,video031.mp4,video031_spaziale,2,spaziale,Dove mette la donna fuori campo l'avocado per farlo assaggiare alla bambina?,barbara,in mano,La donna fuori campo mette l'avocado in mano alla bambina per farlo assaggiare.,La donna fuori campo mette l'avocado sul piatto davanti alla bambina per farlo assaggiare.
video031_spaziale_03,video031,video031.mp4,video031_spaziale,3,spaziale,Dove mette la donna fuori campo l'avocado per farlo assaggiare alla bambina?,eli,"direttamente nella bocca della bambina, usando la mano",La donna fuori campo mette l'avocado direttamente nella bocca della bambina usando la mano.,La donna fuori campo mette l'avocado direttamente nella bocca della bambina usando un cucchiaio.
video031_spaziale_04,video031,video031.mp4,video031_spaziale,4,spaziale,Dove mette la donna fuori campo l'avocado per farlo assaggiare alla bambina?,michela,lo mette con la mano direttamente nella bocca della bambina,La donna fuori campo mette l'avocado con la mano direttamente nella bocca della bambina.,La donna fuori campo mette l'avocado con la mano direttamente nel piatto della bambina.
video031_temporale_01,video031,video031.mp4,video031_temporale,1,temporale,La bambina acconsente a mangiare il frutto prima o dopo che la donna dica 'dai prova amore'?,Memmo,Dopo,"La bambina acconsente a mangiare il frutto dopo che la donna dice ""dai prova amore"".","La bambina acconsente a mangiare il frutto prima che la donna dica ""dai prova amore""."
video031_temporale_02,video031,video031.mp4,video031_temporale,2,temporale,La bambina acconsente a mangiare il frutto prima o dopo che la donna dica 'dai prova amore'?,barbara,dopo,La bambina acconsente a mangiare il frutto dopo che la donna dice 'dai prova amore'.,La bambina acconsente a mangiare il frutto prima che la donna dica 'dai prova amore'.
video031_temporale_03,video031,video031.mp4,video031_temporale,3,temporale,La bambina acconsente a mangiare il frutto prima o dopo che la donna dica 'dai prova amore'?,eli,"dopo che l'avocado è già stato messo in bocca, quando la donna la incoraggia a provarlo","La bambina acconsente a mangiare il frutto dopo che l'avocado è già stato messo in bocca, quando la donna la incoraggia a provarlo.","La bambina acconsente a mangiare il frutto prima che l'avocado sia messo in bocca, quando la donna la incoraggia a provarlo."
video031_temporale_04,video031,video031.mp4,video031_temporale,4,temporale,La bambina acconsente a mangiare il frutto prima o dopo che la donna dica 'dai prova amore'?,michela,"la bambina aveva l'avocado già in bocc quando la donna le dice ""dai prova amore""","La bambina aveva l'avocado già in bocca quando la donna le dice ""dai prova amore"".","Prima che la bambina avesse l'avocado in bocca, la donna le dice ""dai prova amore""."
video032_causale_01,video032,video032.mp4,video032_causale,1,causale,Perché la bambina con la maglietta rosa dice di 'no'?,Memmo,Perchè l'altra bambina con la maglietta rossa e bianca ha avuto la sua occasione di prendere il cibo prima,La bambina con la maglietta rosa dice di 'no' perché l'altra bambina con la maglietta rossa e bianca ha avuto la sua occasione di prendere il cibo prima.,La bambina con la maglietta rosa dice di 'no' perché non aveva più fame.
video032_causale_02,video032,video032.mp4,video032_causale,2,causale,Perché la bambina con la maglietta rosa dice di 'no'?,barbara,perchè l'altra bimba se la poteva prendere prima la pasta,La bambina con la maglietta rosa dice di 'no' perché l'altra bimba se la poteva prendere prima la pasta.,La bambina con la maglietta rosa dice di 'no' perché non aveva più fame.
video032_causale_03,video032,video032.mp4,video032_causale,3,causale,Perché la bambina con la maglietta rosa dice di 'no'?,eli,perché non vuole condividere la pasta e teme che l'altra bambina possa prenderla prima,La bambina con la maglietta rosa dice di 'no' perché non vuole condividere la pasta e teme che l'altra bambina possa prenderla prima.,La bambina con la maglietta rosa dice di 'no' perché è stanca e vuole andare a dormire.
video032_causale_04,video032,video032.mp4,video032_causale,4,causale,Perché la bambina con la maglietta rosa dice di 'no'?,michela,perché non vuole condividere la pasta,La bambina con la maglietta rosa dice di 'no' perché non vuole condividere la pasta.,La bambina con la maglietta rosa dice di 'no' perché non le piace la pasta.
video032_spaziale_01,video032,video032.mp4,video032_spaziale,1,spaziale,Dove si trova l'oggetto che vuole la bambina con la maglietta rossa e bianca?,Memmo,"nel piatto della bambina, ma non è un oggetto è cibo","L'oggetto desiderato dalla bambina con la maglietta rossa e bianca è nel piatto, ma si tratta di cibo.","L'oggetto desiderato dalla bambina con la maglietta rossa e bianca è nel bicchiere, ma si tratta di cibo."
video032_spaziale_02,video032,video032.mp4,video032_spaziale,2,spaziale,Dove si trova l'oggetto che vuole la bambina con la maglietta rossa e bianca?,barbara,nel piatto,L'oggetto che la bambina con la maglietta rossa e bianca vuole si trova nel piatto.,L'oggetto che la bambina con la maglietta rossa e bianca vuole si trova sotto il tavolo.
video032_spaziale_03,video032,video032.mp4,video032_spaziale,3,spaziale,Dove si trova l'oggetto che vuole la bambina con la maglietta rossa e bianca?,eli,nel piatto appoggiato sul tavolo,L'oggetto che la bambina con la maglietta rossa e bianca vuole si trova nel piatto appoggiato sul tavolo.,L'oggetto che la bambina con la maglietta rossa e bianca vuole si trova nella credenza.
video032_spaziale_04,video032,video032.mp4,video032_spaziale,4,spaziale,Dove si trova l'oggetto che vuole la bambina con la maglietta rossa e bianca?,michela,nel piatto sul tavolo,L'oggetto che la bambina con la maglietta rossa e bianca vuole si trova nel piatto sul tavolo.,L'oggetto che la bambina con la maglietta rossa e bianca vuole si trova sulla mensola in cucina.
video032_temporale_01,video032,video032.mp4,video032_temporale,1,temporale,La bambina con la maglietta rossa e bianca prende la forchetta in mano prima o dopo che la bambina con la maglia rosa dica 'no'?,Memmo,dopo,La bambina con la maglietta rossa e bianca prende la forchetta in mano dopo che la bambina con la maglia rosa dica 'no'.,La bambina con la maglietta rossa e bianca prende la forchetta in mano prima che la bambina con la maglia rosa dica 'no'.
video032_temporale_02,video032,video032.mp4,video032_temporale,2,temporale,La bambina con la maglietta rossa e bianca prende la forchetta in mano prima o dopo che la bambina con la maglia rosa dica 'no'?,barbara,dopo,La bambina con la maglietta rossa e bianca prende la forchetta in mano dopo che la bambina con la maglia rosa dice 'no'.,La bambina con la maglietta rossa e bianca prende la forchetta in mano prima che la bambina con la maglia rosa dica 'no'.
video032_temporale_03,video032,video032.mp4,video032_temporale,3,temporale,La bambina con la maglietta rossa e bianca prende la forchetta in mano prima o dopo che la bambina con la maglia rosa dica 'no'?,eli,"successivamente, quando l'altra bambina non sta guardando e lei la prende","La bambina con la maglietta rossa e bianca prende la forchetta in mano successivamente, quando l'altra bambina non sta guardando.","La bambina con la maglietta rossa e bianca prende la forchetta in mano contemporaneamente, mentre l'altra bambina non sta guardando."
video032_temporale_04,video032,video032.mp4,video032_temporale,4,temporale,La bambina con la maglietta rossa e bianca prende la forchetta in mano prima o dopo che la bambina con la maglia rosa dica 'no'?,michela,la prende dopo quando lei non guarda,La bambina con la maglietta rossa e bianca prende la forchetta in mano dopo che la bambina con la maglia rosa dice 'no' quando lei non guarda.,La bambina con la maglietta rossa e bianca prende la forchetta in mano prima che la bambina con la maglia rosa dice 'no' quando lei non guarda.
video033_causale_01,video033,video033.mp4,video033_causale,1,causale,Perché la donna in sottofondo è preoccupata?,Memmo,Perchè ha paura che ci sono dei sassi che non si vedono dove si tuffano gli uomini,La donna in sottofondo è preoccupata perché ha paura che ci siano dei sassi non visibili dove si tuffano gli uomini.,La donna in sottofondo è preoccupata perché teme che l'acqua sia troppo fredda dove si tuffano gli uomini.
video033_causale_02,video033,video033.mp4,video033_causale,2,causale,Perché la donna in sottofondo è preoccupata?,barbara,per i sassi,La donna in sottofondo è preoccupata per i sassi.,La donna in sottofondo è preoccupata per il vento.
video033_causale_03,video033,video033.mp4,video033_causale,3,causale,Perché la donna in sottofondo è preoccupata?,eli,"perché temono che sotto la neve possano esserci dei sassi e che, saltandoci sopra, possano farsi male","La donna è preoccupata perché temono che sotto la neve ci siano dei sassi e che, saltandoci sopra, possano farsi male.","La donna è preoccupata perché temono che sotto la neve ci sia ghiaccio e che, camminandoci sopra, possano scivolare."
video033_causale_04,video033,video033.mp4,video033_causale,4,causale,Perché la donna in sottofondo è preoccupata?,michela,perchè pesa possano esserci dei sassi sotto la neve e quindi i due uomini possano farsi male saltando,La donna in sottofondo è preoccupata perché teme che ci siano dei sassi sotto la neve e che i due uomini possano farsi male saltando.,La donna in sottofondo è preoccupata perché teme che ci sia del ghiaccio sulla neve e che i due uomini possano scivolare.
video033_spaziale_01,video033,video033.mp4,video033_spaziale,1,spaziale,Dove si tuffano i due uomini in costume?,Memmo,Nella neve fresca,I due uomini si tuffano nella neve fresca.,I due uomini si tuffano in piscina.
video033_spaziale_02,video033,video033.mp4,video033_spaziale,2,spaziale,Dove si tuffano i due uomini in costume?,barbara,nella neve,I due uomini in costume si tuffano nella neve.,I due uomini in costume si tuffano nella piscina.
video033_spaziale_03,video033,video033.mp4,video033_spaziale,3,spaziale,Dove si tuffano i due uomini in costume?,eli,nella distesa di neve davanti ai due uomini,I due uomini in costume si tuffano nella distesa di neve davanti a loro.,I due uomini in costume si tuffano nella piscina davanti a loro.
video033_spaziale_04,video033,video033.mp4,video033_spaziale,4,spaziale,Dove si tuffano i due uomini in costume?,michela,nella distesa di neve davanti a loro,I due uomini in costume si tuffano nella distesa di neve davanti a loro.,I due uomini in costume si tuffano nella piscina davanti a loro.
video033_temporale_01,video033,video033.mp4,video033_temporale,1,temporale,Chi si trova in vantaggio per primo tra 'Bobo' e 'Massi'?,Memmo,Massi,Massi si trova in vantaggio per primo tra 'Bobo' e 'Massi'.,Massi si trova in vantaggio per ultimo tra 'Bobo' e 'Massi'.
video033_temporale_02,video033,video033.mp4,video033_temporale,2,temporale,Chi si trova in vantaggio per primo tra 'Bobo' e 'Massi'?,barbara,bobo,Per primo si trova in vantaggio Bobo.,Alla fine si trova in vantaggio Bobo.
video033_temporale_03,video033,video033.mp4,video033_temporale,3,temporale,Chi si trova in vantaggio per primo tra 'Bobo' e 'Massi'?,eli,"Bobo, indicato anche come Nassi, è il primo dei due a passare in vantaggio","Bobo, noto anche come Nassi, è il primo a trovarsi in vantaggio su Massi.","Bobo, noto anche come Nassi, è stato l'ultimo a trovarsi in vantaggio su Massi."
video033_temporale_04,video033,video033.mp4,video033_temporale,4,temporale,Chi si trova in vantaggio per primo tra 'Bobo' e 'Massi'?,michela,nassi è il primo ad essere in vantaggio tra i due uomini,'Massi' è il primo ad essere in vantaggio tra i due uomini.,'Massi' è l'ultimo ad essere in vantaggio tra i due uomini.
video034_causale_01,video034,video034.mp4,video034_causale,1,causale,Perché la donna rimprovera Vanessa?,Memmo,Perchè ha fatto un passaggio fuori dalla portata dell'altezza di Anastasia,La donna rimprovera Vanessa perché ha fatto un passaggio fuori dalla portata dell'altezza di Anastasia.,La donna rimprovera Vanessa perché ha lanciato la palla troppo lentamente.
video034_causale_02,video034,video034.mp4,video034_causale,2,causale,Perché la donna rimprovera Vanessa?,barbara,per come ha tirato la palla,La donna rimprovera Vanessa per come ha tirato la palla.,La donna rimprovera Vanessa per come ha parlato durante il gioco.
video034_causale_03,video034,video034.mp4,video034_causale,3,causale,Perché la donna rimprovera Vanessa?,eli,perché Vanessa ha lanciato la palla troppo forte verso Anastasia senza considerare che è più piccola,La donna rimprovera Vanessa perché ha lanciato la palla troppo forte verso Anastasia senza considerare che è più piccola.,La donna rimprovera Vanessa perché ha rifiutato di passare la palla ad Anastasia che è più piccola.
video034_causale_04,video034,video034.mp4,video034_causale,4,causale,Perché la donna rimprovera Vanessa?,michela,perché ha tirato al palla troppoforta ad anastasia non curandosi del fatto che lei è piccola,"La donna rimprovera Vanessa perché ha tirato la palla troppo forte ad Anastasia, non curandosi del fatto che lei è piccola.","La donna rimprovera Vanessa perché non ha passato la palla ad Anastasia, non curandosi del fatto che lei è piccola."
video034_spaziale_01,video034,video034.mp4,video034_spaziale,1,spaziale,"Dove si trova la palla all'inizio, nelle mani di Anastasia o nelle mani di Vanessa?",Memmo,Nelle mani di anastasia,All'inizio la palla si trova nelle mani di Anastasia.,All'inizio la palla si trova nelle mani di Giorgio.
video034_spaziale_02,video034,video034.mp4,video034_spaziale,2,spaziale,"Dove si trova la palla all'inizio, nelle mani di Anastasia o nelle mani di Vanessa?",barbara,anastasia,All'inizio la palla si trova nelle mani di Anastasia.,All'inizio la palla si trova sul tavolo accanto ad Anastasia.
video034_spaziale_03,video034,video034.mp4,video034_spaziale,3,spaziale,"Dove si trova la palla all'inizio, nelle mani di Anastasia o nelle mani di Vanessa?",eli,"vicino alla siepe, dove Anastasia è la prima a prendere la palla","All'inizio, la palla si trova vicino alla siepe, dove Anastasia è la prima a prenderla.","All'inizio, la palla si trova sotto l'albero, dove Anastasia è la prima a prenderla."
video034_spaziale_04,video034,video034.mp4,video034_spaziale,4,spaziale,"Dove si trova la palla all'inizio, nelle mani di Anastasia o nelle mani di Vanessa?",michela,Anastasia è la prima a prendere la palla e si mette vicino la siepe,"All'inizio, Anastasia prende la palla e si mette vicino la siepe.","All'inizio, Anastasia prende la palla e si mette vicino il cancello."
video034_temporale_01,video034,video034.mp4,video034_temporale,1,temporale,Anastasia fa le flessioni prima o dopo che Vanessa venga rimproverata?,Memmo,Dopo,Anastasia fa le flessioni dopo che Vanessa viene rimproverata.,Anastasia fa le flessioni mentre Vanessa viene rimproverata.
video034_temporale_02,video034,video034.mp4,video034_temporale,2,temporale,Anastasia fa le flessioni prima o dopo che Vanessa venga rimproverata?,barbara,dopo,Anastasia fa le flessioni dopo che Vanessa è stata rimproverata.,Anastasia fa le flessioni prima che Vanessa venga rimproverata.
video034_temporale_03,video034,video034.mp4,video034_temporale,3,temporale,Anastasia fa le flessioni prima o dopo che Vanessa venga rimproverata?,eli,"dopo che Vanessa viene rimproverata, quando Anastasia comincia a fare le flessioni",Anastasia fa le flessioni dopo che Vanessa viene rimproverata.,Anastasia fa le flessioni prima che Vanessa venga rimproverata.
video034_temporale_04,video034,video034.mp4,video034_temporale,4,temporale,Anastasia fa le flessioni prima o dopo che Vanessa venga rimproverata?,michela,anastasia inizia a fare le flessini dopo che Vanessa virne rimporverata,Anastasia inizia a fare le flessioni dopo che Vanessa viene rimproverata.,Anastasia inizia a fare le flessioni prima che Vanessa venga rimproverata.
video035_causale_01,video035,video035.mp4,video035_causale,1,causale,Perché il contatore in rosso apparso a video aumenta?,Memmo,Perchè è il contatore delle non-risposte al saluto,Il contatore in rosso aumenta perché è il contatore delle non-risposte al saluto.,Il contatore in rosso aumenta perché è il contatore delle risposte corrette al saluto.
video035_causale_02,video035,video035.mp4,video035_causale,2,causale,Perché il contatore in rosso apparso a video aumenta?,barbara,per i ciao,Il contatore in rosso aumenta per i ciao.,Il contatore in rosso diminuisce per i ciao.
video035_causale_03,video035,video035.mp4,video035_causale,3,causale,Perché il contatore in rosso apparso a video aumenta?,eli,perché il contatore rosso aumenta ogni volta che un cliente non dice ciao o non saluta il barista,Il contatore in rosso aumenta ogni volta che un cliente non dice ciao o non saluta il barista.,Il contatore in rosso aumenta ogni volta che un cliente dice ciao o saluta il barista.
video035_causale_04,video035,video035.mp4,video035_causale,4,causale,Perché il contatore in rosso apparso a video aumenta?,michela,il contatore rosso incrementa ogni volta he un cliente non salkuta il barrista,Il contatore rosso aumenta ogni volta che un cliente non saluta il barista.,Il contatore rosso aumenta ogni volta che un cliente saluta il barista.
video035_spaziale_01,video035,video035.mp4,video035_spaziale,1,spaziale,Dove si trova il cliente che non saluta?,Memmo,Al di là del bancone,Il cliente che non saluta si trova al di là del bancone.,Il cliente che non saluta si trova davanti al bancone.
video035_spaziale_02,video035,video035.mp4,video035_spaziale,2,spaziale,Dove si trova il cliente che non saluta?,barbara,davanti al bancone,Il cliente che non saluta si trova davanti al bancone.,Il cliente che non saluta si trova seduto a un tavolo.
video035_spaziale_03,video035,video035.mp4,video035_spaziale,3,spaziale,Dove si trova il cliente che non saluta?,eli,di fronte al bancone del bar,Il cliente che non saluta si trova di fronte al bancone del bar.,Il cliente che non saluta si trova in fondo alla sala del bar.
video035_spaziale_04,video035,video035.mp4,video035_spaziale,4,spaziale,Dove si trova il cliente che non saluta?,michela,davanti al bancone del bar,Il cliente che non saluta si trova davanti al bancone del bar.,Il cliente che non saluta si trova nel parcheggio del bar.
video035_temporale_01,video035,video035.mp4,video035_temporale,1,temporale,Il cliente che risponde al saluto si presenta prima o dopo il cliente che non saluta?,Memmo,Dopo,Il cliente che risponde al saluto si presenta dopo il cliente che non saluta.,Il cliente che risponde al saluto si presenta prima del cliente che non saluta.
video035_temporale_02,video035,video035.mp4,video035_temporale,2,temporale,Il cliente che risponde al saluto si presenta prima o dopo il cliente che non saluta?,barbara,dopo,Il cliente che risponde al saluto si presenta dopo il cliente che non saluta.,Il cliente che risponde al saluto si presenta prima del cliente che non saluta.
video035_temporale_03,video035,video035.mp4,video035_temporale,3,temporale,Il cliente che risponde al saluto si presenta prima o dopo il cliente che non saluta?,eli,il primo cliente che si presenta è quello che non saluta il barista,Il primo cliente che si presenta è quello che non saluta il barista.,L'ultimo cliente che si presenta è quello che non saluta il barista.
video035_temporale_04,video035,video035.mp4,video035_temporale,4,temporale,Il cliente che risponde al saluto si presenta prima o dopo il cliente che non saluta?,michela,il primo cliente che si presenta è quallo che non saluta,"Nel video, il primo cliente che si presenta è quello che non saluta.","Alla fine del video, il primo cliente che si presenta è quello che non saluta."
video036_causale_01,video036,video036.mp4,video036_causale,1,causale,Perché il ragazzo che finge di essere cieco non attraversa la strada?,Memmo,"No, assolutamente!","Il ragazzo che finge di essere cieco non attraversa la strada, assolutamente no.",Il ragazzo che finge di essere cieco attraversa la strada con sicurezza.
video036_causale_02,video036,video036.mp4,video036_causale,2,causale,Perché il ragazzo che finge di essere cieco non attraversa la strada?,barbara,perchè nessuno si ferma,Il ragazzo che finge di essere cieco non attraversa la strada perché nessuno si ferma.,Il ragazzo che finge di essere cieco non attraversa la strada perché ha paura di cadere.
video036_causale_03,video036,video036.mp4,video036_causale,3,causale,Perché il ragazzo che finge di essere cieco non attraversa la strada?,eli,"perché aspetta che le automobili si fermino per farlo attraversare, ma nessuna si arresta","Il ragazzo che finge di essere cieco non attraversa la strada perché aspetta che le automobili si fermino, ma nessuna si arresta.","Il ragazzo che finge di essere cieco non attraversa la strada perché ha dimenticato dove si trova, ma nessuna si arresta."
video036_causale_04,video036,video036.mp4,video036_causale,4,causale,Perché il ragazzo che finge di essere cieco non attraversa la strada?,michela,"perché aspetta che le macchine si fermino , ma nessuno lo fa","Il ragazzo che finge di essere cieco non attraversa la strada perché aspetta che le macchine si fermino, ma nessuno lo fa.",Il ragazzo che finge di essere cieco non attraversa la strada perché non ci sono macchine che passano.
video036_spaziale_01,video036,video036.mp4,video036_spaziale,1,spaziale,Dove si trova il finto cieco?,Memmo,Sul marciapiede e poi sulle strisce pedonali,Il finto cieco si trova sul marciapiede e poi sulle strisce pedonali.,Il finto cieco si trova nel parcheggio e poi nell'ascensore.
video036_spaziale_02,video036,video036.mp4,video036_spaziale,2,spaziale,Dove si trova il finto cieco?,barbara,istituto dei ciechi di milano,Il finto cieco si trova all'istituto dei ciechi di Milano.,Il finto cieco si trova al museo d'arte di Milano.
video036_spaziale_03,video036,video036.mp4,video036_spaziale,3,spaziale,Dove si trova il finto cieco?,eli,davanti alle strisce pedonali nei pressi dell'Istituto dei Ciechi di Milano,Il finto cieco si trova davanti alle strisce pedonali nei pressi dell'Istituto dei Ciechi di Milano.,Il finto cieco si trova nel parco vicino all'Istituto dei Ciechi di Milano.
video036_spaziale_04,video036,video036.mp4,video036_spaziale,4,spaziale,Dove si trova il finto cieco?,michela,davanti le strisce pedonali,Il finto cieco si trova davanti le strisce pedonali.,Il finto cieco si trova dietro le strisce pedonali.
video036_temporale_01,video036,video036.mp4,video036_temporale,1,temporale,Il ragazzo si abbassa gli occhiali da sole prima o dopo aver detto che si fingerà cieco?,Memmo,dopo,Il ragazzo si abbassa gli occhiali da sole dopo aver detto che si fingerà cieco.,Il ragazzo si abbassa gli occhiali da sole prima di dire che si fingerà cieco.
video036_temporale_02,video036,video036.mp4,video036_temporale,2,temporale,Il ragazzo si abbassa gli occhiali da sole prima o dopo aver detto che si fingerà cieco?,barbara,dopo,Il ragazzo si abbassa gli occhiali da sole dopo aver detto che si fingerà cieco.,Il ragazzo si abbassa gli occhiali da sole prima di dire che si fingerà cieco.
video036_temporale_03,video036,video036.mp4,video036_temporale,3,temporale,Il ragazzo si abbassa gli occhiali da sole prima o dopo aver detto che si fingerà cieco?,eli,dopo aver detto che si fingerà cieco per immedesimarsi nella parte,Il ragazzo si abbassa gli occhiali da sole dopo aver detto che si fingerà cieco per immedesimarsi nella parte.,Il ragazzo si abbassa gli occhiali da sole prima di dire che si fingerà cieco per immedesimarsi nella parte.
video036_temporale_04,video036,video036.mp4,video036_temporale,4,temporale,Il ragazzo si abbassa gli occhiali da sole prima o dopo aver detto che si fingerà cieco?,michela,sopo aver detto che si pingerà cieco per entrare nella parte,Il ragazzo si abbassa gli occhiali da sole dopo aver detto che si fingerà cieco.,Il ragazzo si abbassa gli occhiali da sole prima di dire che si fingerà cieco.
video037_causale_01,video037,video037.mp4,video037_causale,1,causale,Perché il ragazzo con il cappellino a punta suona la trombetta?,Memmo,Perchè è contento che la donna abbia fatto un opera per il sociale,Il ragazzo con il cappellino a punta suona la trombetta perché è contento che la donna abbia fatto un'opera per il sociale.,Il ragazzo con il cappellino a punta suona la trombetta perché è contento che la donna sia tornata da un viaggio.
video037_causale_02,video037,video037.mp4,video037_causale,2,causale,Perché il ragazzo con il cappellino a punta suona la trombetta?,barbara,la suona ogni volta che qualcuno raccoglie un rifiuto da terra e lo getta,Il ragazzo con il cappellino a punta suona la trombetta ogni volta che qualcuno raccoglie un rifiuto da terra e lo getta.,Il ragazzo con il cappellino a punta suona la trombetta ogni volta che qualcuno calpesta un rifiuto a terra.
video037_causale_03,video037,video037.mp4,video037_causale,3,causale,Perché il ragazzo con il cappellino a punta suona la trombetta?,eli,per celebrare ogni gesto civico: suona quando qualcuno raccoglie un rifiuto da terra e lo getta nel cestino,"Il ragazzo con il cappellino a punta suona la trombetta per celebrare ogni gesto civico, suonando quando qualcuno raccoglie un rifiuto da terra e lo getta nel cestino.","Il ragazzo con il cappellino a punta suona la trombetta per infastidire le persone, suonando quando qualcuno raccoglie un rifiuto da terra e lo getta nel cestino."
video037_causale_04,video037,video037.mp4,video037_causale,4,causale,Perché il ragazzo con il cappellino a punta suona la trombetta?,michela,per festeggiare chi compie un gesto educato e civile di buttare la spazzatura che si trova in terra,Il ragazzo con il cappellino a punta suona la trombetta per festeggiare chi compie il gesto educato e civile di buttare la spazzatura in terra.,Il ragazzo con il cappellino a punta suona la trombetta per festeggiare chi compie il gesto educato e civile di buttare la spazzatura nel cestino.
video037_spaziale_01,video037,video037.mp4,video037_spaziale,1,spaziale,Dove si trovano i rifiuti?,Memmo,In terra in prossimità del cestino della spazzatura,I rifiuti si trovano in terra in prossimità del cestino della spazzatura.,I rifiuti si trovano nel cestino della spazzatura.
video037_spaziale_02,video037,video037.mp4,video037_spaziale,2,spaziale,Dove si trovano i rifiuti?,barbara,per terra davanti al cestino diraccolta,I rifiuti si trovano per terra davanti al cestino di raccolta.,I rifiuti si trovano dentro il cestino di raccolta.
video037_spaziale_03,video037,video037.mp4,video037_spaziale,3,spaziale,Dove si trovano i rifiuti?,eli,"a terra, sulla strada del parco e davanti al cestino dei rifiuti","I rifiuti si trovano a terra, sulla strada del parco e davanti al cestino dei rifiuti.","I rifiuti si trovano sopra la panchina, al centro del parco e accanto al laghetto."
video037_spaziale_04,video037,video037.mp4,video037_spaziale,4,spaziale,Dove si trovano i rifiuti?,michela,per terra sulla strada in un parco,I rifiuti si trovano per terra sulla strada in un parco.,I rifiuti si trovano per terra sul marciapiede in un parco.
video037_temporale_01,video037,video037.mp4,video037_temporale,1,temporale,Le trombette vengono suonate prima o dopo che la donna vestita di nero si pieghi?,Memmo,Dopo,Le trombette vengono suonate dopo che la donna vestita di nero si piega.,Le trombette vengono suonate prima che la donna vestita di nero si pieghi.
video037_temporale_02,video037,video037.mp4,video037_temporale,2,temporale,Le trombette vengono suonate prima o dopo che la donna vestita di nero si pieghi?,barbara,dopo,Le trombette vengono suonate dopo che la donna vestita di nero si piega.,Le trombette vengono suonate prima che la donna vestita di nero si piega.
video037_temporale_03,video037,video037.mp4,video037_temporale,3,temporale,Le trombette vengono suonate prima o dopo che la donna vestita di nero si pieghi?,eli,"dopo il gesto civile compiuto dalla donna, come modo per celebrarlo","Le trombette vengono suonate dopo il gesto civile compiuto dalla donna, come modo per celebrarlo.","Le trombette vengono suonate prima del gesto civile compiuto dalla donna, come modo per celebrarlo."
video037_temporale_04,video037,video037.mp4,video037_temporale,4,temporale,Le trombette vengono suonate prima o dopo che la donna vestita di nero si pieghi?,michela,"dopo, per festeggiare l'atto di civilismo fatto dalla donna","Le trombette vengono suonate dopo che la donna vestita di nero si piega, per festeggiare l'atto di civilismo fatto dalla donna.","Le trombette vengono suonate mentre la donna vestita di nero si piega, per festeggiare l'atto di civilismo fatto dalla donna."
video038_causale_01,video038,video038.mp4,video038_causale,1,causale,Perché l'uomo con la tuta blu definisce la situazione inquietante?,Memmo,Perchè l'osso essendo di mucca fa presagire che le cane possano mangiare anche Nandina,"L'uomo con la tuta blu definisce la situazione inquietante perché l'osso, essendo di mucca, fa presagire che le cane possano mangiare anche Nandina.","L'uomo con la tuta blu definisce la situazione inquietante perché l'osso, essendo di mucca, fa presagire un imminente terremoto."
video038_causale_02,video038,video038.mp4,video038_causale,2,causale,Perché l'uomo con la tuta blu definisce la situazione inquietante?,barbara,perchè nandina è una mucca e quello è un osso di mucca,L'uomo con la tuta blu definisce la situazione inquietante perché Nandina è una mucca e quello è un osso di mucca.,L'uomo con la tuta blu definisce la situazione inquietante perché Nandina è una mucca e quello è un giocattolo.
video038_causale_03,video038,video038.mp4,video038_causale,3,causale,Perché l'uomo con la tuta blu definisce la situazione inquietante?,eli,"perché si tratta di un osso di mucca mostrato davanti alle mucche e poi dato ai cani, con Nandina presente","La situazione è definita inquietante perché riguarda un osso di mucca mostrato davanti alle mucche e poi dato ai cani, con Nandina presente.","La situazione è definita inquietante perché riguarda un osso di mucca lasciato nel campo, con Nandina assente."
video038_causale_04,video038,video038.mp4,video038_causale,4,causale,Perché l'uomo con la tuta blu definisce la situazione inquietante?,michela,perché ha in manoun osso di mucca davanti alle mucche e lo da ai cani davanti alle mucche,La situazione è definita inquietante perché l'uomo con la tuta blu tiene in mano un osso di mucca davanti alle mucche e lo dà ai cani.,La situazione è definita inquietante perché l'uomo con la tuta blu tiene in mano un osso di mucca davanti ai cani e lo dà alle mucche.
video038_spaziale_01,video038,video038.mp4,video038_spaziale,1,spaziale,Dove si trovano le 'ragazze'?,Memmo,In prossimità del protagonista del video,Le 'ragazze' si trovano in prossimità del protagonista del video.,Le 'ragazze' si trovano lontano dal protagonista del video.
video038_spaziale_02,video038,video038.mp4,video038_spaziale,2,spaziale,Dove si trovano le 'ragazze'?,barbara,davanti a nandina,Le 'ragazze' si trovano davanti a Nandina.,Le 'ragazze' si trovano dietro a Nandina.
video038_spaziale_03,video038,video038.mp4,video038_spaziale,3,spaziale,Dove si trovano le 'ragazze'?,eli,"sul prato, davanti a Nandina","Le 'ragazze' si trovano sul prato, davanti a Nandina.","Le 'ragazze' si trovano sulla terrazza, accanto a Nandina."
video038_spaziale_04,video038,video038.mp4,video038_spaziale,4,spaziale,Dove si trovano le 'ragazze'?,michela,le ragazze sono sul prato,Le ragazze si trovano sul prato.,Le ragazze si trovano sul tetto.
video038_temporale_01,video038,video038.mp4,video038_temporale,1,temporale,L'osso viene fatto annusare prima a 'Nandina' o a 'Giulietta'?,Memmo,A Nandina,L'osso viene fatto annusare prima a Nandina.,L'osso viene fatto annusare dopo a Nandina.
video038_temporale_02,video038,video038.mp4,video038_temporale,2,temporale,L'osso viene fatto annusare prima a 'Nandina' o a 'Giulietta'?,barbara,nandina,L'osso viene fatto annusare prima a Nandina.,L'osso viene fatto annusare dopo a Nandina.
video038_temporale_03,video038,video038.mp4,video038_temporale,3,temporale,L'osso viene fatto annusare prima a 'Nandina' o a 'Giulietta'?,eli,"Nandina, la mucca, è la prima ad avvicinarsi e ad annusare l'osso","Nel video, Nandina, la mucca, è la prima ad avvicinarsi e ad annusare l'osso.","Prima che Nandina, la mucca, si avvicini e annusi l'osso, un'altra mucca si avvicina."
video038_temporale_04,video038,video038.mp4,video038_temporale,4,temporale,L'osso viene fatto annusare prima a 'Nandina' o a 'Giulietta'?,michela,nandina la mucca è la prima ad annusare l'osso,"L'osso viene fatto annusare prima a Nandina, la mucca.","L'osso viene fatto annusare dopo a Nandina, la mucca."
video039_causale_01,video039,video039.mp4,video039_causale,1,causale,Perché l'uomo con la maglietta grigia vuole pagare il conto?,Memmo,Perchè l'uomo con la camicia blu è suo ospite,L'uomo con la maglietta grigia vuole pagare il conto perché l'uomo con la camicia blu è suo ospite.,L'uomo con la maglietta grigia vuole pagare il conto perché l'uomo con la camicia blu ha dimenticato il portafoglio.
video039_causale_02,video039,video039.mp4,video039_causale,2,causale,Perché l'uomo con la maglietta grigia vuole pagare il conto?,barbara,perchè l'amico è suo ospite,L'uomo con la maglietta grigia vuole pagare il conto perché l'amico è suo ospite.,L'uomo con la maglietta grigia vuole pagare il conto perché ha dimenticato il portafoglio.
video039_causale_03,video039,video039.mp4,video039_causale,3,causale,Perché l'uomo con la maglietta grigia vuole pagare il conto?,eli,"perché vuole fare una cortesia all'amico, che considera suo ospite","L'uomo con la maglietta grigia vuole pagare il conto per fare una cortesia all'amico, che considera suo ospite.",L'uomo con la maglietta grigia vuole pagare il conto perché ha vinto una scommessa con l'amico.
video039_causale_04,video039,video039.mp4,video039_causale,4,causale,Perché l'uomo con la maglietta grigia vuole pagare il conto?,michela,perché vuole fare una cortesia all'uomo suo ospite,L'uomo con la maglietta grigia vuole pagare il conto per fare una cortesia all'uomo suo ospite.,L'uomo con la maglietta grigia vuole pagare il conto perchè ha perso una scommessa.
video039_spaziale_01,video039,video039.mp4,video039_spaziale,1,spaziale,Dove guarda l'uomo con la camicia azzurra quando fa un verso di sorpresa?,Memmo,A sedere al tavolo,L'uomo con la camicia azzurra guarda a sedere al tavolo quando fa un verso di sorpresa.,L'uomo con la camicia azzurra guarda in piedi accanto al tavolo quando fa un verso di sorpresa.
video039_spaziale_02,video039,video039.mp4,video039_spaziale,2,spaziale,Dove guarda l'uomo con la camicia azzurra quando fa un verso di sorpresa?,barbara,nel menu,L'uomo con la camicia azzurra guarda nel menu quando fa un verso di sorpresa.,L'uomo con la camicia azzurra guarda fuori dalla finestra quando fa un verso di sorpresa.
video039_spaziale_03,video039,video039.mp4,video039_spaziale,3,spaziale,Dove guarda l'uomo con la camicia azzurra quando fa un verso di sorpresa?,eli,sul menu che tiene davanti a sé,L'uomo con la camicia azzurra guarda il menu che tiene davanti a sé quando fa un verso di sorpresa.,L'uomo con la camicia azzurra guarda il menu che tiene sulla sua destra quando fa un verso di sorpresa.
video039_spaziale_04,video039,video039.mp4,video039_spaziale,4,spaziale,Dove guarda l'uomo con la camicia azzurra quando fa un verso di sorpresa?,michela,davanti a se sul menu che ha in mano,L'uomo con la camicia azzurra guarda davanti a sé sul menu che ha in mano quando fa un verso di sorpresa.,L'uomo con la camicia azzurra guarda in basso sul menu che ha in mano quando fa un verso di sorpresa.
video039_temporale_01,video039,video039.mp4,video039_temporale,1,temporale,L'uomo con la maglia grigia intima all'uomo in camicia che pagherà lui prima o dopo che si sono seduti?,Memmo,Prima,L'uomo con la maglia grigia intima che pagherà lui prima di sedersi.,"Dopo che l'uomo con la maglia grigia si è seduto, intima che pagherà lui."
video039_temporale_02,video039,video039.mp4,video039_temporale,2,temporale,L'uomo con la maglia grigia intima all'uomo in camicia che pagherà lui prima o dopo che si sono seduti?,barbara,prima di sedersi,L'uomo con la maglia grigia intima di pagare prima di sedersi.,"Dopo essersi seduti, l'uomo con la maglia grigia intima di pagare."
video039_temporale_03,video039,video039.mp4,video039_temporale,3,temporale,L'uomo con la maglia grigia intima all'uomo in camicia che pagherà lui prima o dopo che si sono seduti?,eli,prima di sedersi: inizialmente gli comunica che è suo ospite e poi prende posto,L'uomo con la maglia grigia comunica all'uomo in camicia che pagherà lui prima di sedersi.,L'uomo con la maglia grigia comunica all'uomo in camicia che pagherà lui dopo essersi seduto.
video039_temporale_04,video039,video039.mp4,video039_temporale,4,temporale,L'uomo con la maglia grigia intima all'uomo in camicia che pagherà lui prima o dopo che si sono seduti?,michela,prima lo avvisa che è suo ospite e poi si siede,L'uomo con la maglia grigia avvisa che è suo ospite prima di sedersi.,L'uomo con la maglia grigia avvisa che è suo ospite dopo essersi seduto.
video040_causale_01,video040,video040.mp4,video040_causale,1,causale,Perché la voce fuori campo chiede ad Anastasia 'come va?'?,Memmo,perchè vuole sapere come sta andando la preparazione dell'acconciature delle treccine,La voce fuori campo chiede ad Anastasia 'come va?' per sapere come sta andando la preparazione dell'acconciatura delle treccine.,La voce fuori campo chiede ad Anastasia 'come va?' per sapere come sta andando la preparazione dei costumi.
video040_causale_02,video040,video040.mp4,video040_causale,2,causale,Perché la voce fuori campo chiede ad Anastasia 'come va?'?,barbara,perchè ad anastasia brucia un piede,"La voce fuori campo chiede ad Anastasia ""come va?"" perché ad Anastasia brucia un piede.","La voce fuori campo chiede ad Anastasia ""come va?"" perché Anastasia è felice."
video040_causale_03,video040,video040.mp4,video040_causale,3,causale,Perché la voce fuori campo chiede ad Anastasia 'come va?'?,eli,"perché vede Anastasia in sofferenza, con il piede che brucia, e teme anche che possano tirarle i capelli","La voce fuori campo chiede ad Anastasia 'come va?' perché la vede in sofferenza, con il piede che brucia, e teme anche che possano tirarle i capelli.",La voce fuori campo chiede ad Anastasia 'come va?' perché vuole sapere se è pronta e rischia di inciampare.
video040_causale_04,video040,video040.mp4,video040_causale,4,causale,Perché la voce fuori campo chiede ad Anastasia 'come va?'?,michela,perché la vede in sofferenza e ha paura le tirino i capelli,La voce fuori campo chiede ad Anastasia 'come va?' perché la vede in sofferenza e ha paura che le tirino i capelli.,La voce fuori campo chiede ad Anastasia 'come va?' perché la vede sorridere e vuole sapere perché è felice.
video040_spaziale_01,video040,video040.mp4,video040_spaziale,1,spaziale,"Dove sente bruciore Vanessa, secondo la voce fuori campo?",Memmo,Al piedino,"Secondo la voce fuori campo, Vanessa sente bruciore al piedino.","Secondo la voce fuori campo, Vanessa sente bruciore alla schiena."
video040_spaziale_02,video040,video040.mp4,video040_spaziale,2,spaziale,"Dove sente bruciore Vanessa, secondo la voce fuori campo?",barbara,piede,"Secondo la voce fuori campo, Vanessa sente bruciore al piede.","Secondo la voce fuori campo, Vanessa sente bruciore alla mano."
video040_spaziale_03,video040,video040.mp4,video040_spaziale,3,spaziale,"Dove sente bruciore Vanessa, secondo la voce fuori campo?",eli,nella zona immediatamente sotto il piede,"Secondo la voce fuori campo, Vanessa sente bruciore nella zona immediatamente sotto il piede.","Secondo la voce fuori campo, Vanessa sente bruciore nella zona immediatamente sopra il piede."
video040_spaziale_04,video040,video040.mp4,video040_spaziale,4,spaziale,"Dove sente bruciore Vanessa, secondo la voce fuori campo?",michela,sotto il piede,"Secondo la voce fuori campo, Vanessa sente bruciore sotto il piede.","Secondo la voce fuori campo, Vanessa sente bruciore sopra il piede."
video040_temporale_01,video040,video040.mp4,video040_temporale,1,temporale,Quando dice la voce fuori campo che disinfetterà il piedino di Vanessa?,Memmo,Quando torneranno a casa,La voce fuori campo dice che disinfetterà il piedino di Vanessa quando torneranno a casa.,La voce fuori campo dice che disinfetterà il piedino di Vanessa prima di andare a casa.
video040_temporale_02,video040,video040.mp4,video040_temporale,2,temporale,Quando dice la voce fuori campo che disinfetterà il piedino di Vanessa?,barbara,quando vanno a casa,La voce fuori campo dice che disinfetterà il piedino di Vanessa quando vanno a casa.,La voce fuori campo dice che disinfetterà il piedino di Vanessa prima di andare a casa.
video040_temporale_03,video040,video040.mp4,video040_temporale,3,temporale,Quando dice la voce fuori campo che disinfetterà il piedino di Vanessa?,eli,dopo essere tornati a casa,La voce fuori campo dice che il piedino di Vanessa verrà disinfettato dopo essere tornati a casa.,La voce fuori campo dice che il piedino di Vanessa verrà disinfettato prima di tornare a casa.
video040_temporale_04,video040,video040.mp4,video040_temporale,4,temporale,Quando dice la voce fuori campo che disinfetterà il piedino di Vanessa?,michela,dopo che sono andati a casa,La voce fuori campo dice che disinfetterà il piedino di Vanessa dopo che sono andati a casa.,La voce fuori campo dice che disinfetterà il piedino di Vanessa prima che siano andati a casa.
video041_causale_01,video041,video041.mp4,video041_causale,1,causale,Perché le persone portano il cappello di babbo natale al mare?,Memmo,"Perchè è Capodanno, una festività natalizia","Le persone portano il cappello di babbo natale al mare perché è Capodanno, una festività natalizia.","Le persone portano il cappello di babbo natale al mare perché è Carnevale, una festività di primavera."
video041_causale_02,video041,video041.mp4,video041_causale,2,causale,Perché le persone portano il cappello di babbo natale al mare?,barbara,perchè sono le feste natalizie,Le persone portano il cappello di Babbo Natale al mare perché sono le feste natalizie.,Le persone portano il cappello di Babbo Natale al mare perché c'è una sfilata in costume.
video041_causale_03,video041,video041.mp4,video041_causale,3,causale,Perché le persone portano il cappello di babbo natale al mare?,eli,perché è il periodo delle feste natalizie e la tradizione prevede di fare il bagno in mare,Le persone portano il cappello di Babbo Natale al mare perché è il periodo delle feste natalizie e la tradizione prevede di fare il bagno in mare.,Le persone portano il cappello di Babbo Natale al mare perché è una giornata soleggiata e vogliono proteggersi dal sole.
video041_causale_04,video041,video041.mp4,video041_causale,4,causale,Perché le persone portano il cappello di babbo natale al mare?,michela,"perché è ilpriodo natalizio, e la tradizione vuole che si faccia il bagno a mare",Le persone portano il cappello di Babbo Natale al mare perché è il periodo natalizio e la tradizione vuole che si faccia il bagno a mare.,Le persone portano il cappello di Babbo Natale al mare perché è una nuova moda estiva.
video041_spaziale_01,video041,video041.mp4,video041_spaziale,1,spaziale,Dove sono andate le circa 60 persone secondo la tradizione?,Memmo,A Pesaro,"Secondo la tradizione, le circa 60 persone sono andate a Pesaro.","Secondo la tradizione, le circa 60 persone sono andate a Torino."
video041_spaziale_02,video041,video041.mp4,video041_spaziale,2,spaziale,Dove sono andate le circa 60 persone secondo la tradizione?,barbara,al mare a fare il bagno,"Le circa 60 persone, secondo la tradizione, sono andate al mare a fare il bagno.","Le circa 60 persone, secondo la tradizione, sono andate in montagna a fare il bagno."
video041_spaziale_03,video041,video041.mp4,video041_spaziale,3,spaziale,Dove sono andate le circa 60 persone secondo la tradizione?,eli,a fare il bagno in mare nonostante sia inverno,"Secondo la tradizione, circa 60 persone sono andate a fare il bagno in mare nonostante sia inverno.","Secondo la tradizione, circa 60 persone sono andate a fare il bagno in piscina nonostante sia inverno."
video041_spaziale_04,video041,video041.mp4,video041_spaziale,4,spaziale,Dove sono andate le circa 60 persone secondo la tradizione?,michela,a buttarsi a mare in inverno,"Secondo la tradizione, le circa 60 persone sono andate a buttarsi a mare in inverno.","Secondo la tradizione, le circa 60 persone sono andate a buttarsi in un lago in inverno."
video041_temporale_01,video041,video041.mp4,video041_temporale,1,temporale,Quando si è aperto il 'Capodanno pesarese' secondo la voce narrante?,Memmo,alle 12 del 31 dicembre,"Secondo la voce narrante, il 'Capodanno pesarese' si è aperto alle 12 del 31 dicembre.","Secondo la voce narrante, il 'Capodanno pesarese' si è aperto alle 18 del 31 dicembre."
video041_temporale_02,video041,video041.mp4,video041_temporale,2,temporale,Quando si è aperto il 'Capodanno pesarese' secondo la voce narrante?,barbara,alle dodici di ieri,"Secondo la voce narrante, il 'Capodanno pesarese' si è aperto alle dodici di ieri.","Secondo la voce narrante, il 'Capodanno pesarese' si aprirà alle undici di domani."
video041_temporale_03,video041,video041.mp4,video041_temporale,3,temporale,Quando si è aperto il 'Capodanno pesarese' secondo la voce narrante?,eli,a mezzogiorno del giorno precedente,"Secondo la voce narrante, il 'Capodanno pesarese' si è aperto a mezzogiorno del giorno precedente.","Secondo la voce narrante, il 'Capodanno pesarese' si è aperto a mezzanotte del giorno successivo."
video041_temporale_04,video041,video041.mp4,video041_temporale,4,temporale,Quando si è aperto il 'Capodanno pesarese' secondo la voce narrante?,michela,alle 12 di ieri,Il 'Capodanno pesarese' si è aperto alle 12 di ieri secondo la voce narrante.,Il 'Capodanno pesarese' si è aperto alle 12 di oggi secondo la voce narrante.
video042_causale_01,video042,video042.mp4,video042_causale,1,causale,Perché la bambina con la maglietta gialla torna correndo sull'asciugamano?,Memmo,Perchè la sabbia scotta,La bambina con la maglietta gialla torna correndo sull'asciugamano perché la sabbia scotta.,La bambina con la maglietta gialla torna correndo sull'asciugamano perché sta iniziando a piovere.
video042_causale_02,video042,video042.mp4,video042_causale,2,causale,Perché la bambina con la maglietta gialla torna correndo sull'asciugamano?,barbara,la sabbia brucia,La bambina con la maglietta gialla torna correndo sull'asciugamano perché la sabbia brucia.,La bambina con la maglietta gialla torna correndo sull'asciugamano perché sta piovendo.
video042_causale_03,video042,video042.mp4,video042_causale,3,causale,Perché la bambina con la maglietta gialla torna correndo sull'asciugamano?,eli,perché la sabbia era troppo calda e le bruciava i piedi,La bambina torna correndo sull'asciugamano perché la sabbia era troppo calda e le bruciava i piedi.,La bambina torna correndo sull'asciugamano perché si stava facendo tardi.
video042_causale_04,video042,video042.mp4,video042_causale,4,causale,Perché la bambina con la maglietta gialla torna correndo sull'asciugamano?,michela,perché la sabbia scottava troppo per i suoi piedi,La bambina con la maglietta gialla torna correndo sull'asciugamano perché la sabbia scottava troppo per i suoi piedi.,La bambina con la maglietta gialla torna correndo sull'asciugamano perché ha visto una medusa.
video042_spaziale_01,video042,video042.mp4,video042_spaziale,1,spaziale,Dove hanno lavato le mani il bambino con la maglietta blu e la bambina con il vestito rosa?,Memmo,In mare,Il bambino con la maglietta blu e la bambina con il vestito rosa hanno lavato le mani in mare.,Il bambino con la maglietta blu e la bambina con il vestito rosa hanno lavato le mani in piscina.
video042_spaziale_02,video042,video042.mp4,video042_spaziale,2,spaziale,Dove hanno lavato le mani il bambino con la maglietta blu e la bambina con il vestito rosa?,barbara,al mare,Il bambino con la maglietta blu e la bambina con il vestito rosa hanno lavato le mani al mare.,Il bambino con la maglietta blu e la bambina con il vestito rosa hanno lavato le mani in cucina.
video042_spaziale_03,video042,video042.mp4,video042_spaziale,3,spaziale,Dove hanno lavato le mani il bambino con la maglietta blu e la bambina con il vestito rosa?,eli,"sul bagnasciuga, in riva al mare","Il bambino con la maglietta blu e la bambina con il vestito rosa hanno lavato le mani sul bagnasciuga, in riva al mare.","Il bambino con la maglietta blu e la bambina con il vestito rosa hanno lavato le mani nel giardino, vicino a casa."
video042_spaziale_04,video042,video042.mp4,video042_spaziale,4,spaziale,Dove hanno lavato le mani il bambino con la maglietta blu e la bambina con il vestito rosa?,michela,in riva al mare sul bagnasciuga,Il bambino con la maglietta blu e la bambina con il vestito rosa hanno lavato le mani in riva al mare sul bagnasciuga.,Il bambino con la maglietta blu e la bambina con il vestito rosa hanno lavato le mani in un lavandino in cucina.
video042_temporale_01,video042,video042.mp4,video042_temporale,1,temporale,Sami si mette la crema solare prima o dopo essere andata a riva?,Memmo,Dopo,Sami si mette la crema solare dopo essere andata a riva.,Sami si mette la crema solare prima di andare a riva.
video042_temporale_02,video042,video042.mp4,video042_temporale,2,temporale,Sami si mette la crema solare prima o dopo essere andata a riva?,barbara,dopo,Sami si mette la crema solare dopo essere andata a riva.,Sami si mette la crema solare prima di andare a riva.
video042_temporale_03,video042,video042.mp4,video042_temporale,3,temporale,Sami si mette la crema solare prima o dopo essere andata a riva?,eli,"in seguito, dato che all'inizio indossava ancora il vestito","Sami si mette la crema solare in seguito, dato che all'inizio indossava ancora il vestito.","Sami si mette la crema solare prima, dato che in seguito indossava ancora il vestito."
video042_temporale_04,video042,video042.mp4,video042_temporale,4,temporale,Sami si mette la crema solare prima o dopo essere andata a riva?,michela,dopo perché all'inizio aveva ancora il vestito,Sami si mette la crema solare dopo essere andata a riva perché all'inizio aveva ancora il vestito.,Sami si mette la crema solare prima di essere andata a riva perché all'inizio aveva ancora il vestito.
video043_causale_01,video043,video043.mp4,video043_causale,1,causale,Perché Sara Luconi porta gli occhiali?,Memmo,Perchè è ipovedente,Sara Luconi porta gli occhiali perché è ipovedente.,Sara Luconi porta gli occhiali perché è di moda.
video043_causale_02,video043,video043.mp4,video043_causale,2,causale,Perché Sara Luconi porta gli occhiali?,barbara,è cieca,Sara Luconi porta gli occhiali perché è cieca.,Sara Luconi porta gli occhiali perché le piacciono come accessorio.
video043_causale_03,video043,video043.mp4,video043_causale,3,causale,Perché Sara Luconi porta gli occhiali?,eli,perché è cieca o ipovedente e quindi necessita di indicazioni specifiche,Sara Luconi porta gli occhiali perché è cieca o ipovedente e necessita di indicazioni specifiche.,Sara Luconi porta gli occhiali perché sono un accessorio di moda e desidera migliorare il suo look.
video043_causale_04,video043,video043.mp4,video043_causale,4,causale,Perché Sara Luconi porta gli occhiali?,michela,perché è ipovedente,Sara Luconi porta gli occhiali perché è ipovedente.,Sara Luconi porta gli occhiali perché li trova alla moda.
video043_spaziale_01,video043,video043.mp4,video043_spaziale,1,spaziale,Dove si allena la ragazza?,Memmo,Alla paestra aretina di Taekwondo,La ragazza si allena alla palestra aretina di Taekwondo.,La ragazza si allena in un parco cittadino.
video043_spaziale_02,video043,video043.mp4,video043_spaziale,2,spaziale,Dove si allena la ragazza?,barbara,palestra,La ragazza si allena in palestra.,La ragazza si allena al parco.
video043_spaziale_03,video043,video043.mp4,video043_spaziale,3,spaziale,Dove si allena la ragazza?,eli,sul tatami della palestra,La ragazza si allena sul tatami della palestra.,La ragazza si allena nel parco giochi.
video043_spaziale_04,video043,video043.mp4,video043_spaziale,4,spaziale,Dove si allena la ragazza?,michela,sul tatami,La ragazza si allena sul tatami.,La ragazza si allena in piscina.
video043_temporale_01,video043,video043.mp4,video043_temporale,1,temporale,La ragazza con gli occhiali tira un calcio posteriore prima o dopo che l'uomo con la felpa rossa e blu le parli?,Memmo,Prima,La ragazza con gli occhiali tira un calcio posteriore prima che l'uomo con la felpa rossa e blu le parli.,La ragazza con gli occhiali tira un calcio posteriore dopo che l'uomo con la felpa rossa e blu le parla.
video043_temporale_02,video043,video043.mp4,video043_temporale,2,temporale,La ragazza con gli occhiali tira un calcio posteriore prima o dopo che l'uomo con la felpa rossa e blu le parli?,barbara,dopo,La ragazza con gli occhiali tira un calcio posteriore dopo che l'uomo con la felpa rossa e blu le parli.,La ragazza con gli occhiali tira un calcio posteriore prima che l'uomo con la felpa rossa e blu le parli.
video043_temporale_03,video043,video043.mp4,video043_temporale,3,temporale,La ragazza con gli occhiali tira un calcio posteriore prima o dopo che l'uomo con la felpa rossa e blu le parli?,eli,"successivamente, quando riceve le indicazioni per la mossa seguente","La ragazza con gli occhiali tira un calcio posteriore successivamente, quando riceve le indicazioni per la mossa seguente.",La ragazza con gli occhiali tira un calcio posteriore prima di ricevere le indicazioni per la mossa seguente.
video043_temporale_04,video043,video043.mp4,video043_temporale,4,temporale,La ragazza con gli occhiali tira un calcio posteriore prima o dopo che l'uomo con la felpa rossa e blu le parli?,michela,dopo perché le da istruzioni sulla prossima mossa da fare,La ragazza con gli occhiali tira un calcio posteriore dopo che l'uomo con la felpa rossa e blu le dà istruzioni sulla prossima mossa da fare.,La ragazza con gli occhiali tira un calcio posteriore prima che l'uomo con la felpa rossa e blu le dia istruzioni sulla prossima mossa da fare.
video044_causale_01,video044,video044.mp4,video044_causale,1,causale,Perché in questo spezzone di film la donna alla fine scappa?,Memmo,Perchè riesce a salvarsi dai malviventi,Nello spezzone di film la donna scappa perché riesce a salvarsi dai malviventi.,Nello spezzone di film la donna scappa perché deve raggiungere i malviventi.
video044_causale_02,video044,video044.mp4,video044_causale,2,causale,Perché in questo spezzone di film la donna alla fine scappa?,barbara,perchè inseguita,"Alla fine dello spezzone di film, la donna scappa perché è inseguita.","Alla fine dello spezzone di film, la donna scappa perché ha fretta."
video044_causale_03,video044,video044.mp4,video044_causale,3,causale,Perché in questo spezzone di film la donna alla fine scappa?,eli,"perché, dopo essere stata inseguita e aver reagito ai due malviventi, ha paura","Alla fine dello spezzone di film, la donna scappa perché, dopo essere stata inseguita e aver reagito ai due malviventi, ha paura.","Alla fine dello spezzone di film, la donna scappa perché doveva incontrare qualcuno."
video044_causale_04,video044,video044.mp4,video044_causale,4,causale,Perché in questo spezzone di film la donna alla fine scappa?,michela,perché dopo essersi ribellata ai due malviventi ha paura,"Alla fine dello spezzone di film, la donna scappa perché ha paura dopo essersi ribellata ai due malviventi.","Alla fine dello spezzone di film, la donna scappa perché ha bisogno di trovare aiuto dopo essersi ribellata ai due malviventi."
video044_spaziale_01,video044,video044.mp4,video044_spaziale,1,spaziale,"In questa scena tratta da un film, da dove viene afferrata la ragazza?",Memmo,Viene afferrata da dietro,Nella scena del film la ragazza viene afferrata da dietro.,Nella scena del film la ragazza viene afferrata da davanti.
video044_spaziale_02,video044,video044.mp4,video044_spaziale,2,spaziale,"In questa scena tratta da un film, da dove viene afferrata la ragazza?",barbara,da dietro,Nella scena la ragazza viene afferrata da dietro.,Nella scena la ragazza viene afferrata da davanti.
video044_spaziale_03,video044,video044.mp4,video044_spaziale,3,spaziale,"In questa scena tratta da un film, da dove viene afferrata la ragazza?",eli,"da dietro, mentre la ragazza viene afferrata e trattenuta","Nella scena, la ragazza viene afferrata e trattenuta da dietro.","Nella scena, la ragazza viene afferrata e trattenuta di fronte."
video044_spaziale_04,video044,video044.mp4,video044_spaziale,4,spaziale,"In questa scena tratta da un film, da dove viene afferrata la ragazza?",michela,la ragazza vienafferrata da dietro e trattenuta,Nella scena la ragazza viene afferrata da dietro e trattenuta.,Nella scena la ragazza viene afferrata da davanti e trattenuta.
video044_temporale_01,video044,video044.mp4,video044_temporale,1,temporale,"In questa scena tratta da un film, la donna colpisce il malvivente prima o dopo aver detto: 'Io i soldi me li fatico'?",Memmo,Prima,"Nella scena, la donna colpisce il malvivente prima di dire: 'Io i soldi me li fatico'.","Nella scena, la donna colpisce il malvivente dopo aver detto: 'Io i soldi me li fatico'."
video044_temporale_02,video044,video044.mp4,video044_temporale,2,temporale,"In questa scena tratta da un film, la donna colpisce il malvivente prima o dopo aver detto: 'Io i soldi me li fatico'?",barbara,prima,"Nella scena del film, la donna colpisce il malvivente prima di aver detto: ""Io i soldi me li fatico"".","Nella scena del film, la donna colpisce il malvivente dopo aver detto: ""Io i soldi me li fatico""."
video044_temporale_03,video044,video044.mp4,video044_temporale,3,temporale,"In questa scena tratta da un film, la donna colpisce il malvivente prima o dopo aver detto: 'Io i soldi me li fatico'?",eli,la donna prima urla e soltanto in seguito colpisce il malvivente,Nel filmato la donna urla prima di colpire il malvivente.,Nel filmato la donna urla dopo aver colpito il malvivente.
video044_temporale_04,video044,video044.mp4,video044_temporale,4,temporale,"In questa scena tratta da un film, la donna colpisce il malvivente prima o dopo aver detto: 'Io i soldi me li fatico'?",michela,la donna colpisce il malvivente dopo avergli urlato,"Nella scena del film, la donna colpisce il malvivente dopo avergli urlato.","Nella scena del film, la donna colpisce il malvivente prima di avergli urlato."
video045_causale_01,video045,video045.mp4,video045_causale,1,causale,Perché le forze dell'ordine reclamano i rinforzi per aiutarli a sedare la folla?,Memmo,Perchè sono in inferiorità numerica,Le forze dell'ordine reclamano i rinforzi perché sono in inferiorità numerica.,Le forze dell'ordine reclamano i rinforzi perché vogliono aumentare la loro presenza.
video045_causale_02,video045,video045.mp4,video045_causale,2,causale,Perché le forze dell'ordine reclamano i rinforzi per aiutarli a sedare la folla?,barbara,erano solo in sue per contenere la folla,Le forze dell'ordine reclamano i rinforzi perché erano solo in due per contenere la folla.,Le forze dell'ordine reclamano i rinforzi perché la folla era pacifica.
video045_causale_03,video045,video045.mp4,video045_causale,3,causale,Perché le forze dell'ordine reclamano i rinforzi per aiutarli a sedare la folla?,eli,perché le forze dell'ordine intervenute per fermare la rissa erano impreparate e soltanto in due a contenere la folla,Le forze dell'ordine reclamano i rinforzi perché erano impreparate e soltanto in due a contenere la folla.,Le forze dell'ordine reclamano i rinforzi perché la folla era particolarmente violenta e minacciosa.
video045_causale_04,video045,video045.mp4,video045_causale,4,causale,Perché le forze dell'ordine reclamano i rinforzi per aiutarli a sedare la folla?,michela,perchè le forze dell'ordine che sono andate a interrompere la rissa erano impreparate,Le forze dell'ordine reclamano i rinforzi perché quelle che sono intervenute per interrompere la rissa erano impreparate.,Le forze dell'ordine reclamano i rinforzi perché quelle che sono intervenute per interrompere la rissa erano in numero insufficiente.
video045_spaziale_01,video045,video045.mp4,video045_spaziale,1,spaziale,Dove sono stati postati i video dei fatti raccontati al telegiornale?,Memmo,Postati in rete tramite gli smartphone,I video dei fatti raccontati al telegiornale sono stati postati in rete tramite gli smartphone.,I video dei fatti raccontati al telegiornale sono stati postati in rete tramite i computer.
video045_spaziale_02,video045,video045.mp4,video045_spaziale,2,spaziale,Dove sono stati postati i video dei fatti raccontati al telegiornale?,barbara,in rete,I video dei fatti raccontati al telegiornale sono stati postati in rete.,I video dei fatti raccontati al telegiornale sono stati postati su un blog.
video045_spaziale_03,video045,video045.mp4,video045_spaziale,3,spaziale,Dove sono stati postati i video dei fatti raccontati al telegiornale?,eli,"secondo quanto riportato in rete, a Marotta nei pressi del locale New Disco Dinner",I video dei fatti raccontati al telegiornale sarebbero stati postati a Marotta nei pressi del locale New Disco Dinner.,I video dei fatti raccontati al telegiornale sarebbero stati postati a Roma nei pressi del Colosseo.
video045_spaziale_04,video045,video045.mp4,video045_spaziale,4,spaziale,Dove sono stati postati i video dei fatti raccontati al telegiornale?,michela,a marotta non lontano dal locale new disco dinner,"I video dei fatti raccontati al telegiornale sono stati postati a Marotta, non lontano dal locale New Disco Dinner.","I video dei fatti raccontati al telegiornale sono stati postati a Napoli, non lontano dalla stazione centrale."
video045_temporale_01,video045,video045.mp4,video045_temporale,1,temporale,I fatti si sono svolti prima o dopo mezzogiorno?,Memmo,Prima,I fatti si sono svolti prima di mezzogiorno.,I fatti si sono svolti dopo mezzogiorno.
video045_temporale_02,video045,video045.mp4,video045_temporale,2,temporale,I fatti si sono svolti prima o dopo mezzogiorno?,barbara,prima,I fatti si sono svolti prima di mezzogiorno.,I fatti si sono svolti dopo mezzogiorno.
video045_temporale_03,video045,video045.mp4,video045_temporale,3,temporale,I fatti si sono svolti prima o dopo mezzogiorno?,eli,"i fatti si sono verificati in precedenza, durante la mattina","I fatti si sono verificati durante la mattina, prima di mezzogiorno.","I fatti si sono verificati nel pomeriggio, dopo mezzogiorno."
video045_temporale_04,video045,video045.mp4,video045_temporale,4,temporale,I fatti si sono svolti prima o dopo mezzogiorno?,michela,i fatti si sono svolti di mattina,"I fatti si sono svolti di mattina, quindi prima di mezzogiorno.","I fatti si sono svolti nel pomeriggio, quindi dopo mezzogiorno."
video046_causale_01,video046,video046.mp4,video046_causale,1,causale,Perché l'uomo dice che le 23:47 sono l'orario giusto?,Memmo,perchè lo conferma la schermata di blocco dell'iphone,L'uomo afferma che le 23:47 sono l'orario giusto perché lo conferma la schermata di blocco dell'iPhone.,L'uomo afferma che le 23:47 sono l'orario giusto perché lo conferma il suo orologio da polso.
video046_causale_02,video046,video046.mp4,video046_causale,2,causale,Perché l'uomo dice che le 23:47 sono l'orario giusto?,barbara,lo verifica dal telefono,L'uomo afferma che le 23:47 sono l'orario giusto perché lo verifica dal telefono.,L'uomo afferma che le 23:47 sono l'orario giusto perché lo verifica dall'orologio da polso.
video046_causale_03,video046,video046.mp4,video046_causale,3,causale,Perché l'uomo dice che le 23:47 sono l'orario giusto?,eli,perché vuole verificare sul telefono l'ora esatta del momento in cui interroga l'assistente,L'uomo dice che le 23:47 sono l'orario giusto perché vuole verificare sul telefono l'ora esatta del momento in cui interroga l'assistente.,L'uomo dice che le 23:47 sono l'orario giusto perché è l'ora in cui solitamente va a dormire.
video046_causale_04,video046,video046.mp4,video046_causale,4,causale,Perché l'uomo dice che le 23:47 sono l'orario giusto?,michela,perché è l'orario esatto nel momento in cui lo chiede all'assistente vocale,L'uomo dice che le 23:47 sono l'orario giusto perché è l'orario esatto nel momento in cui lo chiede all'assistente vocale.,L'uomo dice che le 23:47 sono l'orario giusto perché è l'orario in cui va a dormire ogni sera.
video046_spaziale_01,video046,video046.mp4,video046_spaziale,1,spaziale,Dove possiamo vedere che la prima risposta al comando vocale è giusta?,Memmo,dalla schermata di blocco dell'iphone,La prima risposta al comando vocale è visibile dalla schermata di blocco dell'iPhone.,La prima risposta al comando vocale è visibile dalla schermata iniziale dell'iPhone.
video046_spaziale_02,video046,video046.mp4,video046_spaziale,2,spaziale,Dove possiamo vedere che la prima risposta al comando vocale è giusta?,barbara,sullo schermo del telefono,La prima risposta al comando vocale è visibile sullo schermo del telefono.,La prima risposta al comando vocale è visibile sulla parete.
video046_spaziale_03,video046,video046.mp4,video046_spaziale,3,spaziale,Dove possiamo vedere che la prima risposta al comando vocale è giusta?,eli,sullo schermo del telefono del ragazzo che sta parlando,La prima risposta al comando vocale è visibile sullo schermo del telefono del ragazzo che sta parlando.,La prima risposta al comando vocale è visibile su un tablet accanto al ragazzo che sta parlando.
video046_spaziale_04,video046,video046.mp4,video046_spaziale,4,spaziale,Dove possiamo vedere che la prima risposta al comando vocale è giusta?,michela,sul telefono del ragazzo che parla,La prima risposta al comando vocale si può vedere sul telefono del ragazzo che parla.,La prima risposta al comando vocale si può vedere sul computer del ragazzo che parla.
video046_temporale_01,video046,video046.mp4,video046_temporale,1,temporale,Il ragazzo chiede prima 'Chi ti ha programmato?' o l'orario?,Memmo,prima l'orario,Il ragazzo chiede prima l'orario.,Il ragazzo chiede l'orario dopo.
video046_temporale_02,video046,video046.mp4,video046_temporale,2,temporale,Il ragazzo chiede prima 'Chi ti ha programmato?' o l'orario?,barbara,l'orario,"Dal video, si vede che il ragazzo chiede prima l'orario.","Dal video, si vede che il ragazzo chiede l'orario solo dopo."
video046_temporale_03,video046,video046.mp4,video046_temporale,3,temporale,Il ragazzo chiede prima 'Chi ti ha programmato?' o l'orario?,eli,l'orario è la prima informazione che il ragazzo chiede all'assistente vocale,La prima informazione richiesta dal ragazzo all'assistente vocale è l'orario.,L'ultima informazione richiesta dal ragazzo all'assistente vocale è l'orario.
video046_temporale_04,video046,video046.mp4,video046_temporale,4,temporale,Il ragazzo chiede prima 'Chi ti ha programmato?' o l'orario?,michela,la prima cosa che il ragazzo chiede all'assistenete è l'orario,"Nel video, la prima cosa che il ragazzo chiede all'assistente è l'orario.","Nel video, l'ultima cosa che il ragazzo chiede all'assistente è l'orario."
video047_causale_01,video047,video047.mp4,video047_causale,1,causale,Perché la donna anziana è preoccupata?,Memmo,Perchè pensa che un proprio relativo abbia fatto un incidente stradale,La donna anziana è preoccupata perché pensa che un suo parente abbia fatto un incidente stradale.,La donna anziana è preoccupata perché pensa che un ladro abbia tentato di entrare in casa sua.
video047_causale_02,video047,video047.mp4,video047_causale,2,causale,Perché la donna anziana è preoccupata?,barbara,gli viene comunicato che un suo parente ha avuto un incidente,La donna anziana è preoccupata perché gli viene comunicato che un suo parente ha avuto un incidente.,La donna anziana è preoccupata perché non riesce a trovare i suoi occhiali.
video047_causale_03,video047,video047.mp4,video047_causale,3,causale,Perché la donna anziana è preoccupata?,eli,perché nella truffa telefonica le viene comunicato che un suo parente è rimasto coinvolto in un incidente stradale,La donna anziana è preoccupata perché nella truffa telefonica le viene comunicato che un suo parente è rimasto coinvolto in un incidente stradale.,La donna anziana è preoccupata perché nella truffa telefonica le viene comunicato che le sue finanze sono in pericolo.
video047_causale_04,video047,video047.mp4,video047_causale,4,causale,Perché la donna anziana è preoccupata?,michela,perché tramite la truffa telefonica viene detto che è successo un incidente stradale che coinvolge un parente della donna,La donna anziana è preoccupata perché tramite la truffa telefonica viene detto che è successo un incidente stradale che coinvolge un parente.,La donna anziana è preoccupata perché tramite la truffa telefonica viene detto che ha perso il portafoglio.
video047_spaziale_01,video047,video047.mp4,video047_spaziale,1,spaziale,Dove si trovava il telefono prima che la donna rispondesse?,Memmo,sul tavolo,Il telefono si trovava sul tavolo prima che la donna rispondesse.,Il telefono si trovava sul divano prima che la donna rispondesse.
video047_spaziale_02,video047,video047.mp4,video047_spaziale,2,spaziale,Dove si trovava il telefono prima che la donna rispondesse?,barbara,sul tavolo,Il telefono si trovava sul tavolo prima che la donna rispondesse.,Il telefono si trovava nella borsa prima che la donna rispondesse.
video047_spaziale_03,video047,video047.mp4,video047_spaziale,3,spaziale,Dove si trovava il telefono prima che la donna rispondesse?,eli,"sul tavolo, appoggiato davanti alla donna","Il telefono si trovava sul tavolo, appoggiato davanti alla donna.","Il telefono si trovava nella borsa, appoggiato accanto alla donna."
video047_spaziale_04,video047,video047.mp4,video047_spaziale,4,spaziale,Dove si trovava il telefono prima che la donna rispondesse?,michela,appoggiato davanti a lei,Il telefono si trovava appoggiato davanti a lei prima che la donna rispondesse.,Il telefono si trovava appoggiato dietro di lei prima che la donna rispondesse.
video047_temporale_01,video047,video047.mp4,video047_temporale,1,temporale,La signora anziana grida 'Oddio! Cosa posso fare?' prima o dopo aver detto di essere sola?,Memmo,Prima,La signora anziana grida 'Oddio! Cosa posso fare?' prima di dire di essere sola.,La signora anziana grida 'Oddio! Cosa posso fare?' dopo aver detto di essere sola.
video047_temporale_02,video047,video047.mp4,video047_temporale,2,temporale,La signora anziana grida 'Oddio! Cosa posso fare?' prima o dopo aver detto di essere sola?,barbara,prima,"Nel video, la signora anziana grida 'Oddio! Cosa posso fare?' prima di dire di essere sola.","Nel video, la signora anziana grida 'Oddio! Cosa posso fare?' dopo aver detto di essere sola."
video047_temporale_03,video047,video047.mp4,video047_temporale,3,temporale,La signora anziana grida 'Oddio! Cosa posso fare?' prima o dopo aver detto di essere sola?,eli,prima chiede che cosa può fare e successivamente dice di essere sola,La signora anziana grida 'Oddio! Cosa posso fare?' prima di dire di essere sola.,La signora anziana grida 'Oddio! Cosa posso fare?' dopo aver detto di essere sola.
video047_temporale_04,video047,video047.mp4,video047_temporale,4,temporale,La signora anziana grida 'Oddio! Cosa posso fare?' prima o dopo aver detto di essere sola?,michela,prima chiede cosa può fare e dopo dice di essere sola,La signora anziana chiede cosa può fare prima di dire di essere sola.,La signora anziana chiede cosa può fare dopo aver detto di essere sola.
video048_causale_01,video048,video048.mp4,video048_causale,1,causale,Perché i professori iniziano a comportarsi come dei bambini maleducati?,Memmo,Perchè la magia si è avverata e si sono invertiti i ruoli,"La magia si è avverata e i ruoli si sono invertiti, portando i professori a comportarsi come dei bambini maleducati.","La magia si è avverata e i ruoli si sono invertiti, portando i bambini a comportarsi come dei professori severi."
video048_causale_02,video048,video048.mp4,video048_causale,2,causale,Perché i professori iniziano a comportarsi come dei bambini maleducati?,barbara,un incantesimo,I professori iniziano a comportarsi come dei bambini maleducati a causa di un incantesimo.,I professori iniziano a comportarsi come dei bambini maleducati a causa di uno scherzo.
video048_causale_03,video048,video048.mp4,video048_causale,3,causale,Perché i professori iniziano a comportarsi come dei bambini maleducati?,eli,"perché la professoressa esprime il desiderio, quasi fosse un incantesimo, di trovarsi al posto dei bambini","La professoressa esprime il desiderio di trovarsi al posto dei bambini, quasi fosse un incantesimo.","La professoressa esprime il desiderio di trovarsi al posto dei bambini, come se fosse obbligata."
video048_causale_04,video048,video048.mp4,video048_causale,4,causale,Perché i professori iniziano a comportarsi come dei bambini maleducati?,michela,perché la professoressa esprime il desiderio ci stare al posto dei bambini,I professori iniziano a comportarsi come bambini perché la professoressa esprime il desiderio di stare al posto dei bambini.,I professori iniziano a comportarsi come bambini perché vogliono mostrare solidarietà ai bambini.
video048_spaziale_01,video048,video048.mp4,video048_spaziale,1,spaziale,Dove sbatte la mano la professoressa?,Memmo,sulla cattedra,La professoressa sbatte la mano sulla cattedra.,La professoressa sbatte la mano sulla lavagna.
video048_spaziale_02,video048,video048.mp4,video048_spaziale,2,spaziale,Dove sbatte la mano la professoressa?,barbara,sulla cattedra,La professoressa sbatte la mano sulla cattedra.,La professoressa sbatte la mano sulla lavagna.
video048_spaziale_03,video048,video048.mp4,video048_spaziale,3,spaziale,Dove sbatte la mano la professoressa?,eli,"sulla cattedra, proprio davanti alla professoressa","La professoressa sbatte la mano sulla cattedra, proprio davanti a lei.","La professoressa sbatte la mano contro la lavagna, proprio dietro di lei."
video048_spaziale_04,video048,video048.mp4,video048_spaziale,4,spaziale,Dove sbatte la mano la professoressa?,michela,sulla cattedra davanti a lei,La professoressa sbatte la mano sulla cattedra davanti a lei.,La professoressa sbatte la mano sulla cattedra dietro di lei.
video048_temporale_01,video048,video048.mp4,video048_temporale,1,temporale,Quale bambino inizia a ridere per primo?,Memmo,Quello con il maglione giallo.,Nel video il bambino con il maglione giallo inizia a ridere per primo.,"Alla fine del video, il bambino con il maglione giallo inizia a ridere per primo."
video048_temporale_02,video048,video048.mp4,video048_temporale,2,temporale,Quale bambino inizia a ridere per primo?,barbara,maglietta gialla,Nel video il bambino con la maglietta gialla inizia a ridere per primo.,"Dopo un po', il bambino con la maglietta gialla inizia a ridere."
video048_temporale_03,video048,video048.mp4,video048_temporale,3,temporale,Quale bambino inizia a ridere per primo?,eli,il ragazzo in fondo alla classe con il maglione giallo,Il ragazzo in fondo alla classe con il maglione giallo inizia a ridere per primo.,Il ragazzo in fondo alla classe con il maglione giallo inizia a ridere per ultimo.
video048_temporale_04,video048,video048.mp4,video048_temporale,4,temporale,Quale bambino inizia a ridere per primo?,michela,quello con il maglione giallo in fondo alla classe,Il bambino che inizia a ridere per primo è quello con il maglione giallo in fondo alla classe.,Il bambino che inizia a ridere alla fine è quello con il maglione giallo in fondo alla classe.
video049_causale_01,video049,video049.mp4,video049_causale,1,causale,Perché gli studenti stanno lavorando come manovali?,Memmo,Perchè la scuola professionale ha offerto un'esperienza di pratica reale di ristrutturazione di una scuola per far fare esperienza agli alunni,Gli studenti lavorano come manovali perché la scuola professionale ha offerto un'esperienza pratica di ristrutturazione di una scuola per far fare esperienza agli alunni.,Gli studenti lavorano come manovali perché la scuola professionale ha avuto bisogno di manodopera gratuita per un progetto di ristrutturazione.
video049_causale_02,video049,video049.mp4,video049_causale,2,causale,Perché gli studenti stanno lavorando come manovali?,barbara,esperienza lavorativa,Gli studenti stanno lavorando come manovali per fare esperienza lavorativa.,Gli studenti stanno lavorando come manovali per guadagnare soldi.
video049_causale_03,video049,video049.mp4,video049_causale,3,causale,Perché gli studenti stanno lavorando come manovali?,eli,"per offrire esperienza lavorativa sul campo: una scuola insegna il mestiere e l'altra necessita di riparazioni, così i due istituti collaborano","Gli studenti lavorano come manovali per offrire esperienza lavorativa sul campo, in una collaborazione tra una scuola che insegna il mestiere e un'altra che necessita di riparazioni.","Gli studenti lavorano come manovali per offrire esperienza lavorativa sul campo, in una collaborazione tra una scuola che insegna il mestiere e un'altra che vuole valorizzare il curriculum."
video049_causale_04,video049,video049.mp4,video049_causale,4,causale,Perché gli studenti stanno lavorando come manovali?,michela,perché si tratta di un progetto condiviso tra due scuole una che insegna il mestiere e una che aveva bisogno di riparazioni e allora hanno unito le due cose per far fare agli alunni esperienza sul campo,"Gli studenti stanno lavorando come manovali perché è un progetto condiviso tra due scuole: una insegna il mestiere e l'altra aveva bisogno di riparazioni, così hanno unito le due cose per far fare agli alunni esperienza sul campo.","Gli studenti stanno lavorando come manovali perché è un progetto condiviso tra due scuole: una organizza escursioni e l'altra voleva partecipare, così hanno unito le due cose per far fare agli alunni una gita all'aperto."
video049_spaziale_01,video049,video049.mp4,video049_spaziale,1,spaziale,Dove si trovano gli operai?,Memmo,A scuola,Gli operai si trovano a scuola.,Gli operai si trovano al parco.
video049_spaziale_02,video049,video049.mp4,video049_spaziale,2,spaziale,Dove si trovano gli operai?,barbara,in una scuola che ha bisogno di manutenzione edile,Gli operai si trovano in una scuola che ha bisogno di manutenzione edile.,Gli operai si trovano in un ospedale che ha bisogno di manutenzione edile.
video049_spaziale_03,video049,video049.mp4,video049_spaziale,3,spaziale,Dove si trovano gli operai?,eli,"all'interno di una scuola che necessita di manutenzione, dove gli studenti stanno svolgendo lavori","Gli operai si trovano all'interno di una scuola che necessita di manutenzione, dove gli studenti stanno svolgendo lavori.","Gli operai si trovano all'interno di un ospedale che necessita di manutenzione, dove gli studenti stanno svolgendo lavori."
video049_spaziale_04,video049,video049.mp4,video049_spaziale,4,spaziale,Dove si trovano gli operai?,michela,in una scuola a lavorare,Gli operai si trovano in una scuola a lavorare.,Gli operai si trovano in un cantiere a lavorare.
video049_temporale_01,video049,video049.mp4,video049_temporale,1,temporale,Quanto tempo ci vuole ai ragazzi nel video per ottenere la qualifica di operatore edile?,Memmo,3 anni,Nel video i ragazzi impiegano 3 anni per ottenere la qualifica di operatore edile.,Nel video i ragazzi impiegano 2 mesi per ottenere la qualifica di operatore edile.
video049_temporale_02,video049,video049.mp4,video049_temporale,2,temporale,Quanto tempo ci vuole ai ragazzi nel video per ottenere la qualifica di operatore edile?,barbara,tre anni,Nel video i ragazzi ci impiegano tre anni per ottenere la qualifica di operatore edile.,Nel video i ragazzi ci impiegano tre mesi per ottenere la qualifica di operatore edile.
video049_temporale_03,video049,video049.mp4,video049_temporale,3,temporale,Quanto tempo ci vuole ai ragazzi nel video per ottenere la qualifica di operatore edile?,eli,per un periodo di tre anni,Nel video ci vogliono tre anni ai ragazzi per ottenere la qualifica di operatore edile.,Nel video ci vogliono sei mesi ai ragazzi per ottenere la qualifica di operatore edile.
video049_temporale_04,video049,video049.mp4,video049_temporale,4,temporale,Quanto tempo ci vuole ai ragazzi nel video per ottenere la qualifica di operatore edile?,michela,tre anni,Nel video ci vogliono tre anni ai ragazzi per ottenere la qualifica di operatore edile.,Nel video ci vogliono tre mesi ai ragazzi per ottenere la qualifica di operatore edile.
video050_causale_01,video050,video050.mp4,video050_causale,1,causale,Perché il 'Piedibus' è ecologico?,Memmo,Perchè non usa veicolo con motore a scoppio. I bambini vanno solo a piedi,Il 'Piedibus' è ecologico perché non usa veicoli con motore a scoppio e i bambini vanno solo a piedi.,Il 'Piedibus' è ecologico perché utilizza veicoli elettrici privi di emissioni.
video050_causale_02,video050,video050.mp4,video050_causale,2,causale,Perché il 'Piedibus' è ecologico?,barbara,i bambini vanno a piedi e non usano mezzi di trasporto,Il 'Piedibus' è ecologico perché i bambini vanno a piedi e non usano mezzi di trasporto.,Il 'Piedibus' è ecologico perché i bambini viaggiano su un autobus elettrico.
video050_causale_03,video050,video050.mp4,video050_causale,3,causale,Perché il 'Piedibus' è ecologico?,eli,"perché i bambini si spostano a piedi: non è un vero autobus, non usa mezzi motorizzati e quindi non inquina","Il 'Piedibus' è ecologico perché i bambini si spostano a piedi, non utilizzando mezzi motorizzati, e quindi non inquina.","Il 'Piedibus' non è ecologico perché i bambini si spostano a piedi, ma utilizzano mezzi motorizzati, e quindi inquina."
video050_causale_04,video050,video050.mp4,video050_causale,4,causale,Perché il 'Piedibus' è ecologico?,michela,perché non è un  vero autobus e non inquina,Il 'Piedibus' è ecologico perché non è un vero autobus e non inquina.,Il 'Piedibus' non è ecologico perché consuma molto carburante.
video050_spaziale_01,video050,video050.mp4,video050_spaziale,1,spaziale,I bambini si trovano dentro un autobus o per strada?,Memmo,per strada,I bambini si trovano per strada.,I bambini si trovano al parco.
video050_spaziale_02,video050,video050.mp4,video050_spaziale,2,spaziale,I bambini si trovano dentro un autobus o per strada?,barbara,per strada,I bambini si trovano per strada.,I bambini si trovano in un parco.
video050_spaziale_03,video050,video050.mp4,video050_spaziale,3,spaziale,I bambini si trovano dentro un autobus o per strada?,eli,"per strada, nel luogo in cui si trovano i bambini",I bambini si trovano per strada nel luogo indicato.,I bambini si trovano in un parco nel luogo indicato.
video050_spaziale_04,video050,video050.mp4,video050_spaziale,4,spaziale,I bambini si trovano dentro un autobus o per strada?,michela,i bambini si trovano per strada,I bambini si trovano per strada.,I bambini si trovano in un parco.
video050_temporale_01,video050,video050.mp4,video050_temporale,1,temporale,L'app del 'Piedibus' è stata sviluppata alla nascita del progetto o dopo?,Memmo,dopo,L'app del 'Piedibus' è stata sviluppata dopo la nascita del progetto.,L'app del 'Piedibus' è stata sviluppata prima della nascita del progetto.
video050_temporale_02,video050,video050.mp4,video050_temporale,2,temporale,L'app del 'Piedibus' è stata sviluppata alla nascita del progetto o dopo?,barbara,dopo,L'app del 'Piedibus' è stata sviluppata dopo la nascita del progetto.,L'app del 'Piedibus' è stata sviluppata prima della nascita del progetto.
video050_temporale_03,video050,video050.mp4,video050_temporale,3,temporale,L'app del 'Piedibus' è stata sviluppata alla nascita del progetto o dopo?,eli,l'applicazione del progetto è stata sviluppata in un momento successivo,L'app del 'Piedibus' è stata sviluppata in un momento successivo alla nascita del progetto.,L'app del 'Piedibus' è stata sviluppata in un momento precedente alla nascita del progetto.
video050_temporale_04,video050,video050.mp4,video050_temporale,4,temporale,L'app del 'Piedibus' è stata sviluppata alla nascita del progetto o dopo?,michela,l'app del progetto è stast sviluppata dopo,L'app del progetto è stata sviluppata dopo la nascita del progetto.,L'app del progetto è stata sviluppata prima della nascita del progetto.
video051_causale_01,video051,video051.mp4,video051_causale,1,causale,Perché la donna fuori campo è contenta della bambina che si muove indietro?,Memmo,Perchè sta rispondendo delle istruzioni del bambino che pesca le carte,La donna fuori campo è contenta perché la bambina sta rispondendo alle istruzioni del bambino che pesca le carte.,La donna fuori campo è contenta perché la bambina sta ignorando le istruzioni del bambino che pesca le carte.
video051_causale_02,video051,video051.mp4,video051_causale,2,causale,Perché la donna fuori campo è contenta della bambina che si muove indietro?,barbara,perchè ha capito il comando,La donna fuori campo è contenta della bambina perché ha capito il comando.,La donna fuori campo è contenta della bambina perché ha visto un bel dipinto.
video051_causale_03,video051,video051.mp4,video051_causale,3,causale,Perché la donna fuori campo è contenta della bambina che si muove indietro?,eli,perché ha compreso un comando che nessuno aveva mai utilizzato prima per far tornare indietro qualcuno,La donna fuori campo è contenta perché la bambina ha compreso un comando mai utilizzato prima per far tornare indietro qualcuno.,La donna fuori campo è contenta perché la bambina ha raccontato una barzelletta che ha fatto ridere tutti.
video051_causale_04,video051,video051.mp4,video051_causale,4,causale,Perché la donna fuori campo è contenta della bambina che si muove indietro?,michela,perchè nessuno aveva usato mai prima quel comando per far tornare indietro qualcuno,La donna fuori campo è contenta perché nessuno aveva usato mai prima quel comando per far tornare indietro qualcuno.,La donna fuori campo è contenta perché il comando aveva riportato indietro molte persone in passato.
video051_spaziale_01,video051,video051.mp4,video051_spaziale,1,spaziale,Dove si trova la freccia per tornare indietro?,Memmo,Nelle carte che pesca il bambino in fondo,La freccia per tornare indietro si trova nelle carte che pesca il bambino in fondo.,La freccia per tornare indietro si trova nelle carte che pesca il bambino davanti.
video051_spaziale_02,video051,video051.mp4,video051_spaziale,2,spaziale,Dove si trova la freccia per tornare indietro?,barbara,sul tavolo,La freccia per tornare indietro si trova sul tavolo.,La freccia per tornare indietro si trova sotto il tavolo.
video051_spaziale_03,video051,video051.mp4,video051_spaziale,3,spaziale,Dove si trova la freccia per tornare indietro?,eli,sul tavolo blu collocato in fondo alla classe,La freccia per tornare indietro si trova sul tavolo blu collocato in fondo alla classe.,La freccia per tornare indietro si trova sul tavolo rosso collocato all'ingresso della classe.
video051_spaziale_04,video051,video051.mp4,video051_spaziale,4,spaziale,Dove si trova la freccia per tornare indietro?,michela,sul tavolo blu in fondo alla classe,La freccia per tornare indietro si trova sul tavolo blu in fondo alla classe.,La freccia per tornare indietro si trova sulla scrivania rossa vicino alla lavagna.
video051_temporale_01,video051,video051.mp4,video051_temporale,1,temporale,La bambina si muove prima o dopo che le voci fuori campo elogino il bambino?,Memmo,dopo,La bambina si muove dopo che le voci fuori campo elogiano il bambino.,La bambina si muove prima che le voci fuori campo elogino il bambino.
video051_temporale_02,video051,video051.mp4,video051_temporale,2,temporale,La bambina si muove prima o dopo che le voci fuori campo elogino il bambino?,barbara,dopo,La bambina si muove dopo che le voci fuori campo elogiano il bambino.,La bambina si muove prima che le voci fuori campo elogino il bambino.
video051_temporale_03,video051,video051.mp4,video051_temporale,3,temporale,La bambina si muove prima o dopo che le voci fuori campo elogino il bambino?,eli,"la bambina si muove in precedenza, mentre l'altra azione avviene successivamente",La bambina si muove prima che le voci fuori campo elogino il bambino.,La bambina si muove dopo che le voci fuori campo elogiano il bambino.
video051_temporale_04,video051,video051.mp4,video051_temporale,4,temporale,La bambina si muove prima o dopo che le voci fuori campo elogino il bambino?,michela,la bambina si muove prima,La bambina si muove prima che le voci fuori campo elogino il bambino.,La bambina si muove dopo che le voci fuori campo elogiano il bambino.
video052_causale_01,video052,video052.mp4,video052_causale,1,causale,Perché l'uomo con il cappello dà la bambola all'uomo con il sigaro?,Memmo,Perchè è un presente per la bambina,L'uomo con il cappello dà la bambola all'uomo con il sigaro perché è un presente per la bambina.,L'uomo con il cappello dà la bambola all'uomo con il sigaro perché si è sbagliato di regalo.
video052_causale_02,video052,video052.mp4,video052_causale,2,causale,Perché l'uomo con il cappello dà la bambola all'uomo con il sigaro?,barbara,per fare un regalo,L'uomo con il cappello dà la bambola all'uomo con il sigaro per fare un regalo.,L'uomo con il cappello dà la bambola all'uomo con il sigaro per fare uno scambio.
video052_causale_03,video052,video052.mp4,video052_causale,3,causale,Perché l'uomo con il cappello dà la bambola all'uomo con il sigaro?,eli,perché sta andando a prendere una bambina e vuole portarle un regalo per non presentarsi a mani vuote,L'uomo con il cappello dà la bambola perché sta andando a prendere una bambina e vuole portarle un regalo per non presentarsi a mani vuote.,L'uomo con il cappello dà la bambola perché sta andando a prendere una bambina e vuole confortarla dopo un brutto sogno.
video052_causale_04,video052,video052.mp4,video052_causale,4,causale,Perché l'uomo con il cappello dà la bambola all'uomo con il sigaro?,michela,perché sta andando a prendere una bambina e le deve fare un regalo per non presentarsi a mani vuote,L'uomo con il cappello dà la bambola all'uomo con il sigaro perché deve prendere una bambina e vuole avere un regalo per non presentarsi a mani vuote.,L'uomo con il cappello dà la bambola all'uomo con il sigaro perché quest'ultimo ama collezionare bambole rare.
video052_spaziale_01,video052,video052.mp4,video052_spaziale,1,spaziale,Dove si trovava l'oggetto che pesa un quintale prima che l'uomo lo prendesse in mano?,Memmo,In macchina,L'oggetto che pesa un quintale si trovava in macchina.,L'oggetto che pesa un quintale si trovava in garage.
video052_spaziale_02,video052,video052.mp4,video052_spaziale,2,spaziale,Dove si trovava l'oggetto che pesa un quintale prima che l'uomo lo prendesse in mano?,barbara,nella macchina,L'oggetto che pesa un quintale si trovava nella macchina prima che l'uomo lo prendesse in mano.,L'oggetto che pesa un quintale si trovava in un magazzino prima che l'uomo lo prendesse in mano.
video052_spaziale_03,video052,video052.mp4,video052_spaziale,3,spaziale,Dove si trovava l'oggetto che pesa un quintale prima che l'uomo lo prendesse in mano?,eli,sui sedili posteriori dell'automobile,L'oggetto si trovava sui sedili posteriori dell'automobile prima che l'uomo lo prendesse in mano.,L'oggetto si trovava nel bagagliaio dell'automobile prima che l'uomo lo prendesse in mano.
video052_spaziale_04,video052,video052.mp4,video052_spaziale,4,spaziale,Dove si trovava l'oggetto che pesa un quintale prima che l'uomo lo prendesse in mano?,michela,sui sedili posteriori della macchina,L'oggetto che pesa un quintale si trovava sui sedili posteriori della macchina prima che l'uomo lo prendesse in mano.,L'oggetto che pesa un quintale si trovava sul marciapiede prima che l'uomo lo prendesse in mano.
video052_temporale_01,video052,video052.mp4,video052_temporale,1,temporale,L'uomo con la pelliccia tossisce prima o dopo aver preso la bambola in mano?,Memmo,Molto prima,L'uomo con la pelliccia tossisce molto prima di prendere la bambola in mano.,L'uomo con la pelliccia tossisce molto dopo aver preso la bambola in mano.
video052_temporale_02,video052,video052.mp4,video052_temporale,2,temporale,L'uomo con la pelliccia tossisce prima o dopo aver preso la bambola in mano?,barbara,prima,L'uomo con la pelliccia tossisce prima di prendere la bambola in mano.,L'uomo con la pelliccia tossisce dopo aver preso la bambola in mano.
video052_temporale_03,video052,video052.mp4,video052_temporale,3,temporale,L'uomo con la pelliccia tossisce prima o dopo aver preso la bambola in mano?,eli,"in precedenza, subito dopo aver fumato il sigaro, quando comincia a tossire","L'uomo con la pelliccia tossisce in precedenza, subito dopo aver fumato il sigaro, quando comincia a tossire.","L'uomo con la pelliccia tossisce successivamente, molto tempo dopo aver fumato il sigaro, quando comincia a tossire."
video052_temporale_04,video052,video052.mp4,video052_temporale,4,temporale,L'uomo con la pelliccia tossisce prima o dopo aver preso la bambola in mano?,michela,"tossisce prima, subito dopo aver fumato il sigaro","L'uomo con la pelliccia tossisce prima di prendere la bambola in mano, subito dopo aver fumato il sigaro.","L'uomo con la pelliccia tossisce dopo aver preso la bambola in mano, subito prima di fumare il sigaro."
video053_causale_01,video053,video053.mp4,video053_causale,1,causale,Perché il receptionist non dà la chiave all'uomo con la pelliccia?,Memmo,Perchè è di competenza del fattorino,Il receptionist non dà la chiave all'uomo con la pelliccia perché è di competenza del fattorino.,Il receptionist non dà la chiave all'uomo con la pelliccia perché è in manutenzione.
video053_causale_02,video053,video053.mp4,video053_causale,2,causale,Perché il receptionist non dà la chiave all'uomo con la pelliccia?,barbara,la da al facchino,Il receptionist consegna la chiave al facchino.,Il receptionist consegna la chiave all'ospite.
video053_causale_03,video053,video053.mp4,video053_causale,3,causale,Perché il receptionist non dà la chiave all'uomo con la pelliccia?,eli,"perché lo consegna al facchino, che si occuperà di accompagnarli in camera","Il receptionist non dà la chiave all'uomo con la pelliccia perché la consegna al facchino, che si occuperà di accompagnarli in camera.",Il receptionist non dà la chiave all'uomo con la pelliccia perché non c'è nessuna stanza disponibile.
video053_causale_04,video053,video053.mp4,video053_causale,4,causale,Perché il receptionist non dà la chiave all'uomo con la pelliccia?,michela,perché ci pensa il facchino ad accompanarli in camera,La chiave non viene data all'uomo con la pelliccia perché ci pensa il facchino ad accompagnarli in camera.,La chiave non viene data all'uomo con la pelliccia perché la stanza non è ancora pronta.
video053_spaziale_01,video053,video053.mp4,video053_spaziale,1,spaziale,Dove si mette la mano il facchino quando il receptionist gli dice: 'Hai visto che sventola?',Memmo,"In bocca! Come per dire ""accipicchia""","Il facchino si mette la mano in bocca come per dire ""accipicchia"" quando il receptionist gli dice: ""Hai visto che sventola?""","Il facchino si mette la mano in bocca come per dire ""accipicchia"" quando il receptionist gli dice: ""Hai visto che sventola?"" mentre si trovano nell'atrio."
video053_spaziale_02,video053,video053.mp4,video053_spaziale,2,spaziale,Dove si mette la mano il facchino quando il receptionist gli dice: 'Hai visto che sventola?',barbara,tra i denti,Il facchino si mette la mano tra i denti quando il receptionist gli dice: 'Hai visto che sventola?',Il facchino si mette la mano tra i denti quando il receptionist gli dice: 'Hai visto che sventola?' mentre stanno per strada.
video053_spaziale_03,video053,video053.mp4,video053_spaziale,3,spaziale,Dove si mette la mano il facchino quando il receptionist gli dice: 'Hai visto che sventola?',eli,"in bocca, stretto tra i denti","Il facchino si mette la mano in bocca, stretto tra i denti, quando il receptionist gli dice: 'Hai visto che sventola?'.","Il facchino si mette la mano in bocca, stretto tra i denti, quando il receptionist gli dice: 'Hai visto che sventola?' davanti al bancone dell'hotel."
video053_spaziale_04,video053,video053.mp4,video053_spaziale,4,spaziale,Dove si mette la mano il facchino quando il receptionist gli dice: 'Hai visto che sventola?',michela,in bocca,Il facchino si mette la mano in bocca quando il receptionist gli dice: 'Hai visto che sventola?',Il facchino si mette la mano in bocca quando il receptionist gli dice: 'Hai visto che sventola?' mentre sta in corridoio.
video053_temporale_01,video053,video053.mp4,video053_temporale,1,temporale,La donna con la pelliccia bianca si tappa le orecchie prima o dopo che il receptionist prema il campanello?,Memmo,Prima,La donna con la pelliccia bianca si tappa le orecchie prima che il receptionist prema il campanello.,La donna con la pelliccia bianca si tappa le orecchie dopo che il receptionist preme il campanello.
video053_temporale_02,video053,video053.mp4,video053_temporale,2,temporale,La donna con la pelliccia bianca si tappa le orecchie prima o dopo che il receptionist prema il campanello?,barbara,prima,La donna con la pelliccia bianca si tappa le orecchie prima che il receptionist prema il campanello.,La donna con la pelliccia bianca si tappa le orecchie dopo che il receptionist ha premuto il campanello.
video053_temporale_03,video053,video053.mp4,video053_temporale,3,temporale,La donna con la pelliccia bianca si tappa le orecchie prima o dopo che il receptionist prema il campanello?,eli,era già stato tappato in un momento precedente,La donna con la pelliccia bianca aveva già tappato le orecchie in un momento precedente rispetto al suono del campanello.,La donna con la pelliccia bianca tappò le orecchie nello stesso istante in cui suonò il campanello.
video053_temporale_04,video053,video053.mp4,video053_temporale,4,temporale,La donna con la pelliccia bianca si tappa le orecchie prima o dopo che il receptionist prema il campanello?,michela,le aveva già tappate da prima,La donna con la pelliccia bianca aveva già tappato le orecchie prima che il receptionist premesse il campanello.,"Dopo che il receptionist ha premuto il campanello, la donna con la pelliccia bianca ha tappato le orecchie."
video054_causale_01,video054,video054.mp4,video054_causale,1,causale,Perché la bambina con la maglia azzurra crede che non troveranno più la macchina?,Memmo,perchè nel parcheggio ce ne sono veramente tante,La bambina con la maglia azzurra crede che non troveranno più la macchina perché nel parcheggio ce ne sono veramente tante.,La bambina con la maglia azzurra crede che non troveranno più la macchina perché hanno perso le chiavi.
video054_causale_02,video054,video054.mp4,video054_causale,2,causale,Perché la bambina con la maglia azzurra crede che non troveranno più la macchina?,barbara,perchè il parcheggio è pieno,La bambina con la maglia azzurra crede che non troveranno più la macchina perché il parcheggio è pieno.,La bambina con la maglia azzurra crede che non troveranno più la macchina perché si sono persi.
video054_causale_03,video054,video054.mp4,video054_causale,3,causale,Perché la bambina con la maglia azzurra crede che non troveranno più la macchina?,eli,"perché il parcheggio è completamente pieno, con moltissime automobili presenti","La bambina con la maglia azzurra crede che non troveranno più la macchina perché il parcheggio è completamente pieno, con moltissime automobili presenti.",La bambina con la maglia azzurra crede che non troveranno più la macchina perché non ricordano dove l'hanno parcheggiata.
video054_causale_04,video054,video054.mp4,video054_causale,4,causale,Perché la bambina con la maglia azzurra crede che non troveranno più la macchina?,michela,perchè ci sono tantissime macchine e il parcheggio è pieno,La bambina con la maglia azzurra crede che non troveranno più la macchina perché ci sono tantissime macchine e il parcheggio è pieno.,La bambina con la maglia azzurra crede che non troveranno più la macchina perché è buio e non riescono a vedere nulla.
video054_spaziale_01,video054,video054.mp4,video054_spaziale,1,spaziale,Dove stanno passando per andare al mare?,Memmo,Da un parcheggio pieno di macchine,Per andare al mare stanno passando da un parcheggio pieno di macchine.,Per andare al mare stanno passando attraverso un bosco fitto di alberi.
video054_spaziale_02,video054,video054.mp4,video054_spaziale,2,spaziale,Dove stanno passando per andare al mare?,barbara,parcheggio,Stanno passando per il parcheggio per andare al mare.,Stanno passando per il parcheggio per andare alla montagna.
video054_spaziale_03,video054,video054.mp4,video054_spaziale,3,spaziale,Dove stanno passando per andare al mare?,eli,"nel parcheggio, lungo una strada sterrata",Stanno passando nel parcheggio lungo una strada sterrata per andare al mare.,Stanno passando lungo un sentiero nel bosco per andare al mare.
video054_spaziale_04,video054,video054.mp4,video054_spaziale,4,spaziale,Dove stanno passando per andare al mare?,michela,su una strada sterrata,Per andare al mare stanno passando su una strada sterrata.,Per andare al mare stanno passando su un ponte di legno.
video054_temporale_01,video054,video054.mp4,video054_temporale,1,temporale,Hanno appena visto quindici Cinquecento grigie o è successo prima?,Memmo,Prima in un'occasione passata,Le quindici Cinquecento grigie sono state viste in un'occasione passata.,Le quindici Cinquecento grigie saranno viste in un'occasione futura.
video054_temporale_02,video054,video054.mp4,video054_temporale,2,temporale,Hanno appena visto quindici Cinquecento grigie o è successo prima?,barbara,prima,Hanno visto quindici Cinquecento grigie prima.,Vedranno quindici Cinquecento grigie dopo.
video054_temporale_03,video054,video054.mp4,video054_temporale,3,temporale,Hanno appena visto quindici Cinquecento grigie o è successo prima?,eli,"è accaduto in precedenza, secondo il racconto","Secondo il racconto, è accaduto in precedenza che abbiano visto quindici Cinquecento grigie.","Secondo il racconto, accadrà in seguito che vedranno quindici Cinquecento grigie."
video054_temporale_04,video054,video054.mp4,video054_temporale,4,temporale,Hanno appena visto quindici Cinquecento grigie o è successo prima?,michela,è succecco prima in base al racconto,È successo prima in base al racconto del video.,"C: Quando il sole è tramontato, abbiamo acceso il fuoco.  
F: Dopo che è sorto il sole, abbiamo acceso il fuoco."
video055_causale_01,video055,video055.mp4,video055_causale,1,causale,Perché Vane corre subito indietro quando tocca l'acqua?,Memmo,Perchè l'acqua è fredda,Vane corre subito indietro quando tocca l'acqua perché è fredda.,Vane corre subito indietro quando tocca l'acqua perché è profonda.
video055_causale_02,video055,video055.mp4,video055_causale,2,causale,Perché Vane corre subito indietro quando tocca l'acqua?,barbara,fredda,Vane corre subito indietro quando tocca l'acqua perché è fredda.,Vane corre subito indietro quando tocca l'acqua perché è calda.
video055_causale_03,video055,video055.mp4,video055_causale,3,causale,Perché Vane corre subito indietro quando tocca l'acqua?,eli,perché l'acqua del mare è particolarmente fredda,Vane corre subito indietro quando tocca l'acqua perché l'acqua del mare è particolarmente fredda.,Vane corre subito indietro quando tocca l'acqua perché l'acqua del mare è particolarmente salata.
video055_causale_04,video055,video055.mp4,video055_causale,4,causale,Perché Vane corre subito indietro quando tocca l'acqua?,michela,perché l'acqua del mare è molto fredda,Vane corre indietro subito dopo aver toccato l'acqua perché l'acqua del mare è molto fredda.,Vane corre indietro subito dopo aver toccato l'acqua perché ha dimenticato qualcosa sulla spiaggia.
video055_spaziale_01,video055,video055.mp4,video055_spaziale,1,spaziale,Dove si svolge la scena?,Memmo,Sulla battigia,La scena si svolge sulla battigia.,La scena si svolge in una foresta.
video055_spaziale_02,video055,video055.mp4,video055_spaziale,2,spaziale,Dove si svolge la scena?,barbara,al mare,La scena si svolge al mare.,La scena si svolge in una foresta.
video055_spaziale_03,video055,video055.mp4,video055_spaziale,3,spaziale,Dove si svolge la scena?,eli,"a riva, presso il mare","La scena si svolge a riva, presso il mare.","La scena si svolge in montagna, lontano dal mare."
video055_spaziale_04,video055,video055.mp4,video055_spaziale,4,spaziale,Dove si svolge la scena?,michela,a riva,La scena si svolge a riva.,La scena si svolge in montagna.
video055_temporale_01,video055,video055.mp4,video055_temporale,1,temporale,Il padre è andato a farsi il bagno prima o dopo le bambine?,Memmo,Prima,Il padre è andato a farsi il bagno prima delle bambine.,Il padre è andato a farsi il bagno dopo le bambine.
video055_temporale_02,video055,video055.mp4,video055_temporale,2,temporale,Il padre è andato a farsi il bagno prima o dopo le bambine?,barbara,prima,Il padre è andato a farsi il bagno prima delle bambine.,Il padre è andato a farsi il bagno dopo delle bambine.
video055_temporale_03,video055,video055.mp4,video055_temporale,3,temporale,Il padre è andato a farsi il bagno prima o dopo le bambine?,eli,il padre è entrato in acqua prima di tutti gli altri,Il padre è entrato in acqua prima di tutti gli altri.,Il padre è entrato in acqua dopo tutti gli altri.
video055_temporale_04,video055,video055.mp4,video055_temporale,4,temporale,Il padre è andato a farsi il bagno prima o dopo le bambine?,michela,il padre è andato a fasi il bagno prima di tutti,Il padre è andato a farsi il bagno prima di tutti.,Il padre è andato a farsi il bagno dopo tutti.
video056_causale_01,video056,video056.mp4,video056_causale,1,causale,Perché la bambina butta via l'insetto?,Memmo,Perchè ha la fobia degli insetti,La bambina butta via l'insetto perché ha la fobia degli insetti.,La bambina butta via l'insetto perché è annoiata.
video056_causale_02,video056,video056.mp4,video056_causale,2,causale,Perché la bambina butta via l'insetto?,barbara,ha la fobia degli insetti,La bambina butta via l'insetto perché ha la fobia degli insetti.,La bambina butta via l'insetto perché è allergica agli insetti.
video056_causale_03,video056,video056.mp4,video056_causale,3,causale,Perché la bambina butta via l'insetto?,eli,perché ha una vera fobia degli insetti e ne è molto spaventata,La bambina butta via l'insetto perché ha una vera fobia degli insetti e ne è molto spaventata.,La bambina butta via l'insetto perché crede che sia velenoso.
video056_causale_04,video056,video056.mp4,video056_causale,4,causale,Perché la bambina butta via l'insetto?,michela,perché è spaventa dagli insetti,La bambina butta via l'insetto perché è spaventata dagli insetti.,La bambina butta via l'insetto perché non è interessata a collezionarli.
video056_spaziale_01,video056,video056.mp4,video056_spaziale,1,spaziale,Dove si trova il pecorino in crema?,Memmo,In un vasetto,Il pecorino in crema si trova in un vasetto.,Il pecorino in crema si trova in un piatto.
video056_spaziale_02,video056,video056.mp4,video056_spaziale,2,spaziale,Dove si trova il pecorino in crema?,barbara,nel barattolo di vetro,Il pecorino in crema si trova nel barattolo di vetro.,Il pecorino in crema si trova nel sacchetto di plastica.
video056_spaziale_03,video056,video056.mp4,video056_spaziale,3,spaziale,Dove si trova il pecorino in crema?,eli,nel barattolo di vetro che contiene anche un cucchiaino,Il pecorino in crema si trova nel barattolo di vetro che contiene anche un cucchiaino.,Il pecorino in crema si trova in un piatto bianco.
video056_spaziale_04,video056,video056.mp4,video056_spaziale,4,spaziale,Dove si trova il pecorino in crema?,michela,nel barattolo con il cucchiaino dentro,Il pecorino in crema si trova nel barattolo con il cucchiaino dentro.,Il pecorino in crema si trova sulla tavola accanto al barattolo con il cucchiaino dentro.
video056_temporale_01,video056,video056.mp4,video056_temporale,1,temporale,La bambina mangia prima o dopo che venga buttato via l'insetto?,Memmo,Dopo,La bambina mangia dopo che venga buttato via l'insetto.,La bambina mangia prima che venga buttato via l'insetto.
video056_temporale_02,video056,video056.mp4,video056_temporale,2,temporale,La bambina mangia prima o dopo che venga buttato via l'insetto?,barbara,dopo,La bambina mangia dopo che venga buttato via l'insetto.,La bambina mangia prima che venga buttato via l'insetto.
video056_temporale_03,video056,video056.mp4,video056_temporale,3,temporale,La bambina mangia prima o dopo che venga buttato via l'insetto?,eli,"si mangia a tavola successivamente, dopo che l'insetto è stato raccolto nel tovagliolo",La bambina mangia a tavola dopo che l'insetto è stato raccolto nel tovagliolo.,La bambina mangia a tavola prima che l'insetto sia stato raccolto nel tovagliolo.
video056_temporale_04,video056,video056.mp4,video056_temporale,4,temporale,La bambina mangia prima o dopo che venga buttato via l'insetto?,michela,si mangia a tavola dopo che l'insetto venga messo nel tovagliolo,La bambina mangia a tavola dopo che l'insetto venga messo nel tovagliolo.,La bambina mangia a tavola prima che l'insetto venga messo nel tovagliolo.
video057_causale_01,video057,video057.mp4,video057_causale,1,causale,Perché la donna fuori campo dice che c'è un profumo buonissimo?,Memmo,Per le cozze che ha preso il padre,La donna fuori campo dice che c'è un profumo buonissimo per le cozze che ha preso il padre.,La donna fuori campo dice che c'è un profumo buonissimo per il vino che ha preso il padre.
video057_causale_02,video057,video057.mp4,video057_causale,2,causale,Perché la donna fuori campo dice che c'è un profumo buonissimo?,barbara,perchè da un video non si può desumere un profumo,"Dal video non si può desumere un profumo, quindi non è chiaro perché la donna fuori campo lo dica.","Dal video non si può desumere un profumo, quindi è chiaro che la donna fuori campo lo dica solo per creare suspense."
video057_causale_03,video057,video057.mp4,video057_causale,3,causale,Perché la donna fuori campo dice che c'è un profumo buonissimo?,eli,"perché qualcuno ha preso le cozze e viene detto che hanno un buon odore, anche se dal video il profumo non può essere verificato direttamente","La donna fuori campo dice che c'è un profumo buonissimo perché qualcuno ha preso le cozze e viene detto che hanno un buon odore, anche se dal video il profumo non può essere verificato direttamente.","La donna fuori campo dice che c'è un profumo buonissimo perché qualcuno ha cucinato delle erbe aromatiche, anche se dal video il profumo non può essere verificato direttamente."
video057_causale_04,video057,video057.mp4,video057_causale,4,causale,Perché la donna fuori campo dice che c'è un profumo buonissimo?,michela,perché qualcuno ha preso le cozze che fanno un buon odore,La donna fuori campo dice che c'è un profumo buonissimo perché qualcuno ha preso le cozze che fanno un buon odore.,La donna fuori campo dice che c'è un profumo buonissimo perché qualcuno ha preso dei fiori che fanno un buon odore.
video057_spaziale_01,video057,video057.mp4,video057_spaziale,1,spaziale,I 'malloreddus alla campidanese' sono nel piatto di Anastasia o in quello di un'altra bambina?,Memmo,Nel piatto di vanessa,I 'malloreddus alla campidanese' sono nel piatto di Vanessa.,I 'malloreddus alla campidanese' sono nel piatto di Marco.
video057_spaziale_02,video057,video057.mp4,video057_spaziale,2,spaziale,I 'malloreddus alla campidanese' sono nel piatto di Anastasia o in quello di un'altra bambina?,barbara,l'altra,"I ""malloreddus alla campidanese"" sono nel piatto di un'altra bambina.","I ""malloreddus alla campidanese"" sono nel piatto di un altro bambino."
video057_spaziale_03,video057,video057.mp4,video057_spaziale,3,spaziale,I 'malloreddus alla campidanese' sono nel piatto di Anastasia o in quello di un'altra bambina?,eli,"nel piatto dell'altra bambina, Anastasia, mentre davanti a lei si trova il piatto con la pizza","Nel video i 'malloreddus alla campidanese' sono nel piatto dell'altra bambina, mentre Anastasia ha il piatto con la pizza davanti a lei.","Nel video i 'malloreddus alla campidanese' sono nel piatto di Anastasia, mentre l'altra bambina ha il piatto con la pizza davanti a lei."
video057_spaziale_04,video057,video057.mp4,video057_spaziale,4,spaziale,I 'malloreddus alla campidanese' sono nel piatto di Anastasia o in quello di un'altra bambina?,michela,sono nel piatto dell'altra bambina anastasia davanti a se ha il piatto della pizza,"I 'malloreddus alla campidanese' sono nel piatto dell'altra bambina, mentre Anastasia ha davanti a sé un piatto di pizza.","I 'malloreddus alla campidanese' sono nel piatto dell'altra bambina, mentre Anastasia ha davanti a sé una ciotola di insalata."
video057_temporale_01,video057,video057.mp4,video057_temporale,1,temporale,Anastasia inizia a masticare dopo che la voce le chiede se è buona o stava già masticando?,Memmo,Stava già masticando,Anastasia stava già masticando quando la voce le ha chiesto se è buona.,Anastasia ha iniziato a masticare dopo che la voce le ha chiesto se è buona.
video057_temporale_02,video057,video057.mp4,video057_temporale,2,temporale,Anastasia inizia a masticare dopo che la voce le chiede se è buona o stava già masticando?,barbara,già stava masticando,Anastasia stava già masticando quando la voce le chiede se è buona.,Anastasia ha iniziato a masticare dopo che la voce le chiede se è buona.
video057_temporale_03,video057,video057.mp4,video057_temporale,3,temporale,Anastasia inizia a masticare dopo che la voce le chiede se è buona o stava già masticando?,eli,si trovava già a masticare,Anastasia stava già masticando quando la voce le ha chiesto se è buona.,Anastasia ha iniziato a masticare dopo che la voce le ha chiesto se è buona.
video057_temporale_04,video057,video057.mp4,video057_temporale,4,temporale,Anastasia inizia a masticare dopo che la voce le chiede se è buona o stava già masticando?,michela,stava già masticando,Anastasia stava già masticando prima che la voce le chiedesse se è buona.,Anastasia stava già masticando dopo che la voce le ha chiesto se è buona.
video058_causale_01,video058,video058.mp4,video058_causale,1,causale,Perché la donna crede che la bambina abbia preso un pugno?,Memmo,"Perchè è rossa nel viso, come un livido","La donna crede che la bambina abbia preso un pugno perché è rossa nel viso, come un livido.","La donna crede che la bambina abbia preso un pugno perché è rossa nel viso, dopo essersi sforzata di ridere."
video058_causale_02,video058,video058.mp4,video058_causale,2,causale,Perché la donna crede che la bambina abbia preso un pugno?,barbara,perchè ha una macchia in faccia,La donna crede che la bambina abbia preso un pugno perché ha una macchia in faccia.,La donna crede che la bambina abbia preso un pugno perché si è messa a piangere improvvisamente.
video058_causale_03,video058,video058.mp4,video058_causale,3,causale,Perché la donna crede che la bambina abbia preso un pugno?,eli,perché sulla guancia presenta una macchia che appare simile a un livido,La donna crede che la bambina abbia preso un pugno perché sulla guancia presenta una macchia che appare simile a un livido.,La donna crede che la bambina abbia preso un pugno perché la sua amica l'ha vista cadere mentre giocava.
video058_causale_04,video058,video058.mp4,video058_causale,4,causale,Perché la donna crede che la bambina abbia preso un pugno?,michela,perché ha una macchia sulla guancia che sembra un livido,La donna crede che la bambina abbia preso un pugno perché ha una macchia sulla guancia che sembra un livido.,La donna crede che la bambina abbia preso un pugno perché ha il labbro gonfio.
video058_spaziale_01,video058,video058.mp4,video058_spaziale,1,spaziale,Dove si trova la macchia che sembra un livido?,Memmo,Sulla guancia e zigomi,La macchia che sembra un livido si trova sulla guancia e sugli zigomi.,La macchia che sembra un livido si trova sul mento e sul naso.
video058_spaziale_02,video058,video058.mp4,video058_spaziale,2,spaziale,Dove si trova la macchia che sembra un livido?,barbara,in faccia,La macchia che sembra un livido si trova in faccia.,La macchia che sembra un livido si trova sulla gamba.
video058_spaziale_03,video058,video058.mp4,video058_spaziale,3,spaziale,Dove si trova la macchia che sembra un livido?,eli,"sul volto della bambina, in particolare sulla guancia","La macchia che sembra un livido si trova sul volto della bambina, in particolare sulla guancia.","La macchia che sembra un livido si trova sul volto della bambina, in particolare sulla fronte."
video058_spaziale_04,video058,video058.mp4,video058_spaziale,4,spaziale,Dove si trova la macchia che sembra un livido?,michela,sulla faccia della bambina,La macchia che sembra un livido si trova sulla faccia della bambina.,La macchia che sembra un livido si trova sul braccio della bambina.
video058_temporale_01,video058,video058.mp4,video058_temporale,1,temporale,Anastasia fa un balletto mentre è sul treno o dopo che è scesa?,Memmo,Mentre è sul treno,Anastasia fa un balletto mentre è sul treno.,Anastasia fa un balletto dopo essere scesa dal treno.
video058_temporale_02,video058,video058.mp4,video058_temporale,2,temporale,Anastasia fa un balletto mentre è sul treno o dopo che è scesa?,barbara,mentre è in treno,Nel video Anastasia fa un balletto mentre è in treno.,Nel video Anastasia fa un balletto dopo essere scesa dal treno.
video058_temporale_03,video058,video058.mp4,video058_temporale,3,temporale,Anastasia fa un balletto mentre è sul treno o dopo che è scesa?,eli,durante il viaggio in treno,Anastasia esegue un balletto durante il viaggio in treno.,Anastasia esegue un balletto dopo il viaggio in treno.
video058_temporale_04,video058,video058.mp4,video058_temporale,4,temporale,Anastasia fa un balletto mentre è sul treno o dopo che è scesa?,michela,mentre è sul treno,Anastasia fa un balletto mentre è sul treno.,Anastasia fa un balletto dopo essere scesa dal treno.
video059_causale_01,video059,video059.mp4,video059_causale,1,causale,Perché la bambina con la canottiera verde/azzurra sorride?,Memmo,Perchè la gondola rolla,La bambina con la canottiera verde/azzurra sorride perché la gondola rolla.,La bambina con la canottiera verde/azzurra sorride perché il sole splende.
video059_causale_02,video059,video059.mp4,video059_causale,2,causale,Perché la bambina con la canottiera verde/azzurra sorride?,barbara,si sta rilassando,La bambina con la canottiera verde/azzurra sorride perché si sta rilassando.,La bambina con la canottiera verde/azzurra sorride perché le hanno raccontato una barzelletta.
video059_causale_03,video059,video059.mp4,video059_causale,3,causale,Perché la bambina con la canottiera verde/azzurra sorride?,eli,perché si sta rilassando ed è felice di vivere per la prima volta l'esperienza della gondola,La bambina con la canottiera verde/azzurra sorride perché si sta rilassando ed è felice di vivere per la prima volta l'esperienza della gondola.,La bambina con la canottiera verde/azzurra sorride perché ha visto qualcosa di divertente lungo il percorso in gondola.
video059_causale_04,video059,video059.mp4,video059_causale,4,causale,Perché la bambina con la canottiera verde/azzurra sorride?,michela,perché è felice di essere andata oin godola per la prima volta,La bambina con la canottiera verde/azzurra sorride perché è felice di essere andata in gondola per la prima volta.,La bambina con la canottiera verde/azzurra sorride perché ha visto un bel tramonto.
video059_spaziale_01,video059,video059.mp4,video059_spaziale,1,spaziale,Dove sono seduti?,Memmo,Sulle poltroncine della gondola,Sono seduti sulle poltroncine della gondola.,Sono seduti sulla terrazza del ristorante.
video059_spaziale_02,video059,video059.mp4,video059_spaziale,2,spaziale,Dove sono seduti?,barbara,in gondola,Sono seduti in gondola.,Sono seduti in un giardino.
video059_spaziale_03,video059,video059.mp4,video059_spaziale,3,spaziale,Dove sono seduti?,eli,seduti su una gondola lungo un canale di Venezia,Sono seduti su una gondola lungo un canale di Venezia.,Sono seduti su una barca in un lago di montagna.
video059_spaziale_04,video059,video059.mp4,video059_spaziale,4,spaziale,Dove sono seduti?,michela,sono seduto sulla gondola nel canale a venezia,Sono seduti sulla gondola nel canale a Venezia.,Sono seduti su una panchina nel parco a Venezia.
video059_temporale_01,video059,video059.mp4,video059_temporale,1,temporale,"La bambina dice prima che, quando sono saliti, la gondola dondolava oppure che è rilassante?",Memmo,Prima,"La bambina dice prima che, quando sono saliti, la gondola dondolava.","La bambina dice che, dopo essere scesi, la gondola dondolava."
video059_temporale_02,video059,video059.mp4,video059_temporale,2,temporale,"La bambina dice prima che, quando sono saliti, la gondola dondolava oppure che è rilassante?",barbara,prima,"La bambina dice prima che, quando sono saliti, la gondola dondolava.","La bambina dice prima che, quando sono scesi, la gondola dondolava."
video059_temporale_03,video059,video059.mp4,video059_temporale,3,temporale,"La bambina dice prima che, quando sono saliti, la gondola dondolava oppure che è rilassante?",eli,"durante il giro, dopo aver spiegato come sono saliti, la bambina commenta che andare in gondola è rilassante","Durante il giro, la bambina commenta che andare in gondola è rilassante dopo aver spiegato come sono saliti.","Dopo il giro, la bambina commenta che andare in gondola è rilassante dopo aver spiegato come sono saliti."
video059_temporale_04,video059,video059.mp4,video059_temporale,4,temporale,"La bambina dice prima che, quando sono saliti, la gondola dondolava oppure che è rilassante?",michela,la bambina dice che andare in gondola è rilassante dopo aver spiegato come sono saliti,La bambina dice che andare in gondola è rilassante dopo aver spiegato come sono saliti.,La bambina dice che andare in gondola è rilassante prima di spiegare come sono saliti.
video060_causale_01,video060,video060.mp4,video060_causale,1,causale,"Perché, dopo che la bambina tocca l'asciugamano, la sabbia le si attacca alla mano?",Memmo,Perchè è sempre bagnata alle mani,La sabbia si attacca alla mano della bambina perché è sempre bagnata.,La sabbia si attacca alla mano della bambina perché è arrugginita.
video060_causale_02,video060,video060.mp4,video060_causale,2,causale,"Perché, dopo che la bambina tocca l'asciugamano, la sabbia le si attacca alla mano?",barbara,ha le mani ancora bagnate,La sabbia si attacca alla mano della bambina perché ha le mani ancora bagnate.,La sabbia si attacca alla mano della bambina perché è molto ventoso.
video060_causale_03,video060,video060.mp4,video060_causale,3,causale,"Perché, dopo che la bambina tocca l'asciugamano, la sabbia le si attacca alla mano?",eli,"perché non si è asciugata bene, la pelle resta umida e la sabbia si attacca a mani e piedi","La sabbia si attacca alla mano della bambina perché, non essendosi asciugata bene, la pelle resta umida.",La sabbia si attacca alla mano della bambina perché ha usato della colla.
video060_causale_04,video060,video060.mp4,video060_causale,4,causale,"Perché, dopo che la bambina tocca l'asciugamano, la sabbia le si attacca alla mano?",michela,perch non si è asciugata ben e rimane umnida e quindi la sabbia si attacca,La sabbia si attacca alla mano perché la bambina non si è asciugata bene ed è rimasta umida.,La sabbia si attacca alla mano perché la bambina ci ha messo della colla.
video060_spaziale_01,video060,video060.mp4,video060_spaziale,1,spaziale,Dove si attacca la sabbia alla bambina dopo essersi asciugata?,Memmo,Sul piede,"Dopo essersi asciugata, la sabbia si attacca sul piede della bambina.","Dopo essersi asciugata, l'acqua si attacca sul piede della bambina."
video060_spaziale_02,video060,video060.mp4,video060_spaziale,2,spaziale,Dove si attacca la sabbia alla bambina dopo essersi asciugata?,barbara,sui piedi,"Dopo essersi asciugata, la sabbia si attacca ai piedi della bambina.","Dopo essersi asciugata, la sabbia si attacca alle mani della bambina."
video060_spaziale_03,video060,video060.mp4,video060_spaziale,3,spaziale,Dove si attacca la sabbia alla bambina dopo essersi asciugata?,eli,"sulla mano e sul piede, soprattutto nella zona dei piedi","La sabbia si attacca alla mano e al piede della bambina, soprattutto nella zona dei piedi.","La sabbia si attacca alla mano e al piede della bambina, soprattutto nella zona delle mani."
video060_spaziale_04,video060,video060.mp4,video060_spaziale,4,spaziale,Dove si attacca la sabbia alla bambina dopo essersi asciugata?,michela,sulla mano e sul pide,"Dopo essersi asciugata, la sabbia si attacca alla mano e sul piede della bambina.","Dopo essersi asciugata, la sabbia si attacca alla mano e sul braccio della bambina."
video060_temporale_01,video060,video060.mp4,video060_temporale,1,temporale,La bambina indica col dito la sabbia prima o dopo che le si è attaccata alla mano?,Memmo,Prima,La bambina indica col dito la sabbia prima che le si attacchi alla mano.,La bambina indica col dito la sabbia dopo che le si è attaccata alla mano.
video060_temporale_02,video060,video060.mp4,video060_temporale,2,temporale,La bambina indica col dito la sabbia prima o dopo che le si è attaccata alla mano?,barbara,dopo,La bambina indica col dito la sabbia dopo che le si è attaccata alla mano.,La bambina indica col dito la sabbia prima che le si attacchi alla mano.
video060_temporale_03,video060,video060.mp4,video060_temporale,3,temporale,La bambina indica col dito la sabbia prima o dopo che le si è attaccata alla mano?,eli,"in precedenza, mentre corre per asciugarsi le mani","La bambina indica col dito la sabbia in precedenza, mentre corre per asciugarsi le mani.","La bambina corre per asciugarsi le mani, mentre in seguito indica col dito la sabbia."
video060_temporale_04,video060,video060.mp4,video060_temporale,4,temporale,La bambina indica col dito la sabbia prima o dopo che le si è attaccata alla mano?,michela,"prima, mente corre per asciugarsi le mani","La bambina indica col dito la sabbia prima, mentre corre per asciugarsi le mani.","La bambina indica col dito la sabbia dopo, mentre corre per asciugarsi le mani."
video061_causale_01,video061,video061.mp4,video061_causale,1,causale,Perché la mamma rimprovera le bambine?,Memmo,Perchè hanno rotto lo schermo di un iphone 13 pro,La mamma rimprovera le bambine perché hanno rotto lo schermo di un iPhone 13 Pro.,La mamma rimprovera le bambine perché non hanno finito i compiti.
video061_causale_02,video061,video061.mp4,video061_causale,2,causale,Perché la mamma rimprovera le bambine?,barbara,perchè si è rotto il telefono,La mamma rimprovera le bambine perchè si è rotto il telefono.,La mamma rimprovera le bambine perchè hanno urtato il tavolo.
video061_causale_03,video061,video061.mp4,video061_causale,3,causale,Perché la mamma rimprovera le bambine?,eli,perché le bambine litigano per il telefono e durante la lite il dispositivo si rompe,La mamma rimprovera le bambine perché litigano per il telefono e durante la lite il dispositivo si rompe.,La mamma rimprovera le bambine perché litigano per il telefono e durante la lite la mamma si arrabbia.
video061_causale_04,video061,video061.mp4,video061_causale,4,causale,Perché la mamma rimprovera le bambine?,michela,perché litigano per il telefono e lo rompono,La mamma rimprovera le bambine perché litigano per il telefono e lo rompono.,La mamma rimprovera le bambine perché non vogliono mangiare le verdure.
video061_spaziale_01,video061,video061.mp4,video061_spaziale,1,spaziale,Dove è caduto il telefono?,Memmo,In terrà rompendosi lo schermo,Il telefono è caduto in terrà rompendosi lo schermo.,Il telefono è caduto nel mare rompendosi lo schermo.
video061_spaziale_02,video061,video061.mp4,video061_spaziale,2,spaziale,Dove è caduto il telefono?,barbara,per terra,Il telefono è caduto per terra.,Il telefono è caduto in acqua.
video061_spaziale_03,video061,video061.mp4,video061_spaziale,3,spaziale,Dove è caduto il telefono?,eli,"a terra, davanti al divano","Il telefono è caduto a terra, davanti al divano.","Il telefono è caduto a terra, dietro al divano."
video061_spaziale_04,video061,video061.mp4,video061_spaziale,4,spaziale,Dove è caduto il telefono?,michela,davanti al divano,Il telefono è caduto davanti al divano.,Il telefono è caduto dietro al divano.
video061_temporale_01,video061,video061.mp4,video061_temporale,1,temporale,Il telefono cade a terra prima che la donna entri nella stanza o dopo?,Memmo,dopo,Il telefono cade a terra dopo che la donna entra nella stanza.,Il telefono cade a terra prima che la donna entri nella stanza.
video061_temporale_02,video061,video061.mp4,video061_temporale,2,temporale,Il telefono cade a terra prima che la donna entri nella stanza o dopo?,barbara,dopo,Il telefono cade a terra dopo che la donna entra nella stanza.,Il telefono cade a terra prima che la donna entra nella stanza.
video061_temporale_03,video061,video061.mp4,video061_temporale,3,temporale,Il telefono cade a terra prima che la donna entri nella stanza o dopo?,eli,dopo che la donna entra nella stanza e vede le bambine litigare,Il telefono cade a terra dopo che la donna entra nella stanza e vede le bambine litigare.,Il telefono cade a terra prima che la donna entra nella stanza e vede le bambine litigare.
video061_temporale_04,video061,video061.mp4,video061_temporale,4,temporale,Il telefono cade a terra prima che la donna entri nella stanza o dopo?,michela,dopo che la donna entri nella stanza e vede le bambine litigare,Il telefono cade a terra dopo che la donna entra nella stanza e vede le bambine litigare.,Il telefono cade a terra mentre la donna entra nella stanza e vede le bambine litigare.
video062_causale_01,video062,video062.mp4,video062_causale,1,causale,Perché la donna scarta la prima gonna?,Memmo,Perchè non le piace,La donna scarta la prima gonna perché non le piace.,La donna scarta la prima gonna perché è troppo grande.
video062_causale_02,video062,video062.mp4,video062_causale,2,causale,Perché la donna scarta la prima gonna?,barbara,non va bene,La donna scarta la prima gonna perché non va bene.,La donna scarta la prima gonna perché è troppo costosa.
video062_causale_03,video062,video062.mp4,video062_causale,3,causale,Perché la donna scarta la prima gonna?,eli,perché quella provata non le convince e preferisce la seconda gonna vista sul bancone,La donna scarta la prima gonna perché quella provata non le convince e preferisce la seconda gonna vista sul bancone.,La donna scarta la prima gonna perché era troppo costosa e preferisce la seconda gonna vista sul bancone.
video062_causale_04,video062,video062.mp4,video062_causale,4,causale,Perché la donna scarta la prima gonna?,michela,perché la seconda che ha visto sul bancone le piaceva di più,La donna scarta la prima gonna perché la seconda vista sul bancone le piaceva di più.,La donna scarta la prima gonna perché era troppo cara.
video062_spaziale_01,video062,video062.mp4,video062_spaziale,1,spaziale,Dove appoggia la gonna la signora per controllare che le stia bene?,Memmo,Sul bacino,La signora appoggia la gonna sul bacino per controllare che le stia bene.,La signora appoggia la gonna sulla spalla per controllare che le stia bene.
video062_spaziale_02,video062,video062.mp4,video062_spaziale,2,spaziale,Dove appoggia la gonna la signora per controllare che le stia bene?,barbara,sulla vita,La signora appoggia la gonna sulla vita per controllare che le stia bene.,La signora appoggia la gonna sulle spalle per controllare che le stia bene.
video062_spaziale_03,video062,video062.mp4,video062_spaziale,3,spaziale,Dove appoggia la gonna la signora per controllare che le stia bene?,eli,"sui fianchi e intorno alla vita, per prendere le misure",La signora appoggia la gonna sui fianchi e intorno alla vita per prendere le misure.,La signora appoggia la gonna sulle spalle e intorno al collo per prendere le misure.
video062_spaziale_04,video062,video062.mp4,video062_spaziale,4,spaziale,Dove appoggia la gonna la signora per controllare che le stia bene?,michela,sui finachi per prendere le misure,La signora appoggia la gonna sui fianchi per prendere le misure.,La signora appoggia la gonna sulle spalle per prendere le misure.
video062_temporale_01,video062,video062.mp4,video062_temporale,1,temporale,"Dopo la gonna, la signora vuole vedere un'altra gonna o un pantalone?",Memmo,no le mutande,"Nel video, la signora vuole vedere le mutande dopo la gonna.","Nel video, la signora vuole vedere le mutande prima della gonna."
video062_temporale_02,video062,video062.mp4,video062_temporale,2,temporale,"Dopo la gonna, la signora vuole vedere un'altra gonna o un pantalone?",barbara,un'altra gonna,La signora vuole vedere un'altra gonna.,"Ieri, la signora voleva vedere un'altra gonna."
video062_temporale_03,video062,video062.mp4,video062_temporale,3,temporale,"Dopo la gonna, la signora vuole vedere un'altra gonna o un pantalone?",eli,vuole vedere un'altra gonna e anche una scatola di mutande,La signora vuole vedere un'altra gonna e anche una scatola di mutande.,La signora ha visto una gonna e una scatola di mutande poco fa.
video062_temporale_04,video062,video062.mp4,video062_temporale,4,temporale,"Dopo la gonna, la signora vuole vedere un'altra gonna o un pantalone?",michela,vuole vdere un'altra gonna e un scatola di mutande,La signora vuole vedere un'altra gonna e una scatola di mutande.,La signora voleva vedere un'altra gonna ieri e una scatola di mutande.
video063_causale_01,video063,video063.mp4,video063_causale,1,causale,Perché Gigi canta?,Memmo,Perchè era il doppiatore del Genio della Lampada in Aladin,Gigi canta perché era il doppiatore del Genio della Lampada in Aladin.,Gigi canta perché il suo cantante preferito era il Genio della Lampada in Aladin.
video063_causale_02,video063,video063.mp4,video063_causale,2,causale,Perché Gigi canta?,barbara,su richiesta di una bambina,Gigi canta su richiesta di una bambina.,Gigi canta su richiesta di un uomo anziano.
video063_causale_03,video063,video063.mp4,video063_causale,3,causale,Perché Gigi canta?,eli,perché una bambina gli chiede espressamente di imitare la voce del Genio di Aladdin,Gigi canta perché una bambina gli chiede espressamente di imitare la voce del Genio di Aladdin.,Gigi canta perché vuole provare il nuovo microfono che ha appena comprato.
video063_causale_04,video063,video063.mp4,video063_causale,4,causale,Perché Gigi canta?,michela,"perché la ba,bina gli ha chiesti di fare la voce del genio di aladdin",Gigi canta perché la bambina gli ha chiesto di fare la voce del genio di Aladdin.,Gigi canta perché sta partecipando a un concorso canoro.
video063_spaziale_01,video063,video063.mp4,video063_spaziale,1,spaziale,Dove si trova Gigi?,Memmo,A sedere su una sedia,Gigi è a sedere su una sedia.,Gigi è a sedere su un divano.
video063_spaziale_02,video063,video063.mp4,video063_spaziale,2,spaziale,Dove si trova Gigi?,barbara,a teatro,Gigi si trova a teatro.,Gigi si trova al parco.
video063_spaziale_03,video063,video063.mp4,video063_spaziale,3,spaziale,Dove si trova Gigi?,eli,"sul palco del teatro, accanto al conduttore","Gigi si trova sul palco del teatro, accanto al conduttore.","Gigi si trova nel pubblico del teatro, lontano dal conduttore."
video063_spaziale_04,video063,video063.mp4,video063_spaziale,4,spaziale,Dove si trova Gigi?,michela,affianco al conduttore,Gigi si trova affianco al conduttore.,Gigi si trova di fronte al conduttore.
video063_temporale_01,video063,video063.mp4,video063_temporale,1,temporale,Gigi inizia a cantare prima o dopo che la bambina parli?,Memmo,Dopo,Gigi inizia a cantare dopo che la bambina parla.,Gigi inizia a cantare prima che la bambina parla.
video063_temporale_02,video063,video063.mp4,video063_temporale,2,temporale,Gigi inizia a cantare prima o dopo che la bambina parli?,barbara,dopo,Gigi inizia a cantare dopo che la bambina parla.,Gigi inizia a cantare prima che la bambina parli.
video063_temporale_03,video063,video063.mp4,video063_temporale,3,temporale,Gigi inizia a cantare prima o dopo che la bambina parli?,eli,successivamente alla domanda posta dalla bambina,Gigi inizia a cantare successivamente alla domanda posta dalla bambina.,Gigi inizia a cantare prima della domanda posta dalla bambina.
video063_temporale_04,video063,video063.mp4,video063_temporale,4,temporale,Gigi inizia a cantare prima o dopo che la bambina parli?,michela,dopo che la bambina faccia la domanda,Gigi inizia a cantare dopo che la bambina faccia la domanda.,Gigi inizia a cantare prima che la bambina faccia la domanda.
video064_causale_01,video064,video064.mp4,video064_causale,1,causale,Perché la ragazza sdraiata sul divano si agita?,Memmo,Perchè il cuscino non ci sta benissimo sul divano,La ragazza sdraiata sul divano si agita perché il cuscino non ci sta benissimo.,La ragazza sdraiata sul divano si agita perché ha ricevuto una telefonata inaspettata.
video064_causale_02,video064,video064.mp4,video064_causale,2,causale,Perché la ragazza sdraiata sul divano si agita?,barbara,non ci sta,Nel video non c'è nessuna ragazza sdraiata sul divano che si agita.,Nel video c'è una ragazza sdraiata sul divano che si agita.
video064_causale_03,video064,video064.mp4,video064_causale,3,causale,Perché la ragazza sdraiata sul divano si agita?,eli,perché il cuscino non entra correttamente nel divano e questo la rende scomoda,La ragazza sdraiata sul divano si agita perché il cuscino non entra correttamente nel divano e questo la rende scomoda.,La ragazza sdraiata sul divano si agita perché la televisione è troppo rumorosa e questo la disturba.
video064_causale_04,video064,video064.mp4,video064_causale,4,causale,Perché la ragazza sdraiata sul divano si agita?,michela,perché il cuscino non entra nel divano e lei sta scomoda,La ragazza sdraiata sul divano si agita perché il cuscino non entra nel divano e lei sta scomoda.,La ragazza sdraiata sul divano si agita perché sta guardando un film spaventoso.
video064_spaziale_01,video064,video064.mp4,video064_spaziale,1,spaziale,Da dove viene il cuscino?,Memmo,Da una camera del piano di sopra,Il cuscino proviene da una camera del piano di sopra.,Il cuscino proviene da una camera del piano di sotto.
video064_spaziale_02,video064,video064.mp4,video064_spaziale,2,spaziale,Da dove viene il cuscino?,barbara,dal piano di sopra,Il cuscino viene dal piano di sopra.,Il cuscino viene dal piano di sotto.
video064_spaziale_03,video064,video064.mp4,video064_spaziale,3,spaziale,Da dove viene il cuscino?,eli,"al piano superiore, sopra le scale","Il cuscino viene dal piano superiore, sopra le scale.","Il cuscino viene dal piano inferiore, sotto le scale."
video064_spaziale_04,video064,video064.mp4,video064_spaziale,4,spaziale,Da dove viene il cuscino?,michela,da sopra le scale,Il cuscino viene da sopra le scale.,Il cuscino viene da sotto le scale.
video064_temporale_01,video064,video064.mp4,video064_temporale,1,temporale,Le due bambine sistemano il cuscino sul divano prima o dopo che la bambina con il pigiama rosa scenda le scale?,Memmo,dopo,Le due bambine sistemano il cuscino sul divano dopo che la bambina con il pigiama rosa scende le scale.,Le due bambine sistemano il cuscino sul divano prima che la bambina con il pigiama rosa scenda le scale.
video064_temporale_02,video064,video064.mp4,video064_temporale,2,temporale,Le due bambine sistemano il cuscino sul divano prima o dopo che la bambina con il pigiama rosa scenda le scale?,barbara,dopo,Le due bambine sistemano il cuscino sul divano dopo che la bambina con il pigiama rosa scende le scale.,Le due bambine sistemano il cuscino sul divano prima che la bambina con il pigiama rosa scenda le scale.
video064_temporale_03,video064,video064.mp4,video064_temporale,3,temporale,Le due bambine sistemano il cuscino sul divano prima o dopo che la bambina con il pigiama rosa scenda le scale?,eli,in un momento successivo,Le due bambine sistemano il cuscino sul divano in un momento successivo alla discesa della bambina con il pigiama rosa.,Le due bambine sistemano il cuscino sul divano contemporaneamente alla discesa della bambina con il pigiama rosa.
video064_temporale_04,video064,video064.mp4,video064_temporale,4,temporale,Le due bambine sistemano il cuscino sul divano prima o dopo che la bambina con il pigiama rosa scenda le scale?,michela,dopo,Le due bambine sistemano il cuscino sul divano dopo che la bambina con il pigiama rosa scende le scale.,Le due bambine sistemano il cuscino sul divano prima che la bambina con il pigiama rosa scenda le scale.
video065_causale_01,video065,video065.mp4,video065_causale,1,causale,Perché il ragazzo con la giacca grigia riceve un premio?,Memmo,Perchè ha preso il massimo dei voti,Il ragazzo con la giacca grigia riceve un premio perché ha preso il massimo dei voti.,Il ragazzo con la giacca grigia riceve un premio perché ha vinto una competizione sportiva.
video065_causale_02,video065,video065.mp4,video065_causale,2,causale,Perché il ragazzo con la giacca grigia riceve un premio?,barbara,perchè meritevole,Il ragazzo con la giacca grigia riceve un premio perché è meritevole.,Il ragazzo con la giacca grigia riceve un premio perché è l'unico partecipante.
video065_causale_03,video065,video065.mp4,video065_causale,3,causale,Perché il ragazzo con la giacca grigia riceve un premio?,eli,perché è considerato meritevole: vengono premiati gli studenti del Comune di Napoli diplomati con cento e lode,"Il ragazzo con la giacca grigia riceve un premio perché è considerato meritevole, essendo uno degli studenti del Comune di Napoli diplomati con cento e lode.",Il ragazzo con la giacca grigia riceve un premio perché è il parente di un importante politico locale.
video065_causale_04,video065,video065.mp4,video065_causale,4,causale,Perché il ragazzo con la giacca grigia riceve un premio?,michela,"perché stanno rpemiando tutti quelli che hanno preso 100 e lode nel comune di napoli, quindi lui avrà preso 100 e lode all maturità","Nel video, il ragazzo con la giacca grigia riceve un premio perché hanno preso 100 e lode al comune di Napoli, quindi si presume che lui abbia ottenuto 100 e lode alla maturità.","Nel video, il ragazzo con la giacca grigia riceve un premio perché ha vinto una gara di atletica, quindi si presume che lui sia un atleta di talento."
video065_spaziale_01,video065,video065.mp4,video065_spaziale,1,spaziale,Dove si svolge la premiazione?,Memmo,Nella sala giunta di palazzo san giacomo,La premiazione si svolge nella sala giunta di palazzo San Giacomo.,La premiazione si svolge nel cortile di palazzo San Giacomo.
video065_spaziale_02,video065,video065.mp4,video065_spaziale,2,spaziale,Dove si svolge la premiazione?,barbara,sala giunta di palazzo san giacomo,La premiazione si svolge nella sala giunta di Palazzo San Giacomo.,La premiazione si svolge nell'auditorium di Palazzo San Giacomo.
video065_spaziale_03,video065,video065.mp4,video065_spaziale,3,spaziale,Dove si svolge la premiazione?,eli,"nella sala della Giunta di Palazzo San Giacomo, all'interno di un edificio di Napoli","La premiazione si svolge nella sala della Giunta di Palazzo San Giacomo, all'interno di un edificio di Napoli.","La premiazione si svolge in un giardino pubblico, all'interno di un parco di Napoli."
video065_spaziale_04,video065,video065.mp4,video065_spaziale,4,spaziale,Dove si svolge la premiazione?,michela,in una sala in un palazzzo a Napoli,La premiazione si svolge in una sala in un palazzo a Napoli.,La premiazione si svolge in un giardino in un palazzo a Napoli.
video065_temporale_01,video065,video065.mp4,video065_temporale,1,temporale,I ragazzi che ricevono la premiazione hanno già conseguito il diploma di maturità o lo stanno ricevendo ora?,Memmo,Dopo,I ragazzi ricevono la premiazione dopo aver conseguito il diploma di maturità.,I ragazzi ricevono la premiazione prima di conseguire il diploma di maturità.
video065_temporale_02,video065,video065.mp4,video065_temporale,2,temporale,I ragazzi che ricevono la premiazione hanno già conseguito il diploma di maturità o lo stanno ricevendo ora?,barbara,hanno già conseguito il diploma,I ragazzi che ricevono la premiazione hanno già conseguito il diploma di maturità.,I ragazzi che ricevono la premiazione stanno per conseguire il diploma di maturità.
video065_temporale_03,video065,video065.mp4,video065_temporale,3,temporale,I ragazzi che ricevono la premiazione hanno già conseguito il diploma di maturità o lo stanno ricevendo ora?,eli,dopo aver già conseguito il diploma,I ragazzi che ricevono la premiazione hanno già conseguito il diploma di maturità.,I ragazzi che ricevono la premiazione stanno per conseguire il diploma di maturità.
video065_temporale_04,video065,video065.mp4,video065_temporale,4,temporale,I ragazzi che ricevono la premiazione hanno già conseguito il diploma di maturità o lo stanno ricevendo ora?,michela,l'anno già conseguita,I ragazzi che ricevono la premiazione hanno già conseguito il diploma di maturità.,I ragazzi che ricevono la premiazione non hanno ancora conseguito il diploma di maturità.
video066_causale_01,video066,video066.mp4,video066_causale,1,causale,Perché Peppino chiede a Lietta di togliere il quadro?,Memmo,"Perchè il soggetto del quadro ""lo fissa"" sempre in diversi momenti del giorno",Peppino chiede a Lietta di togliere il quadro perché il soggetto lo fissa sempre in diversi momenti del giorno.,Peppino chiede a Lietta di togliere il quadro perché i colori sono troppo vivaci.
video066_causale_02,video066,video066.mp4,video066_causale,2,causale,Perché Peppino chiede a Lietta di togliere il quadro?,barbara,perchè lo guarda sempre e gli sta sullo stomaco,Peppino chiede a Lietta di togliere il quadro perché lo guarda sempre e gli sta sullo stomaco.,Peppino chiede a Lietta di togliere il quadro perché lo trova noioso e non gli piace.
video066_causale_03,video066,video066.mp4,video066_causale,3,causale,Perché Peppino chiede a Lietta di togliere il quadro?,eli,perché il quadro lo mette a disagio: sente di essere osservato e l'espressione raffigurata lo inquieta e gli sta sullo stomaco,Peppino chiede a Lietta di togliere il quadro perché lo mette a disagio: sente di essere osservato e l'espressione raffigurata lo inquieta e gli sta sullo stomaco.,Peppino chiede a Lietta di togliere il quadro perché è troppo grande e non c'è abbastanza spazio sulla parete.
video066_causale_04,video066,video066.mp4,video066_causale,4,causale,Perché Peppino chiede a Lietta di togliere il quadro?,michela,perchè si sente osservato e inquitato dalla presenzae dall'espressione del quadro,Peppino chiede a Lietta di togliere il quadro perché si sente osservato e inquietato dalla sua presenza e dalla sua espressione.,Peppino chiede a Lietta di togliere il quadro perché non gli piace il colore della cornice.
video066_spaziale_01,video066,video066.mp4,video066_spaziale,1,spaziale,Dove si trova il quadro di Antonio?,Memmo,In un punto della casa dove si vede molto spesso,Il quadro di Antonio si trova in un punto della casa dove si vede molto spesso.,Il quadro di Antonio si trova in una galleria d'arte fuori città.
video066_spaziale_02,video066,video066.mp4,video066_spaziale,2,spaziale,Dove si trova il quadro di Antonio?,barbara,sul muro,Il quadro di Antonio si trova sul muro.,Il quadro di Antonio si trova sul pavimento.
video066_spaziale_03,video066,video066.mp4,video066_spaziale,3,spaziale,Dove si trova il quadro di Antonio?,eli,"appeso al muro, sopra le decorazioni","Il quadro di Antonio è appeso al muro, sopra le decorazioni.","Il quadro di Antonio è appeso al muro, sotto le decorazioni."
video066_spaziale_04,video066,video066.mp4,video066_spaziale,4,spaziale,Dove si trova il quadro di Antonio?,michela,attaccato al muro sopra le decorazioni,Il quadro di Antonio si trova attaccato al muro sopra le decorazioni.,Il quadro di Antonio si trova appoggiato sul pavimento accanto alle decorazioni.
video066_temporale_01,video066,video066.mp4,video066_temporale,1,temporale,La donna dice che l'uomo ha una fissazione prima o dopo aver ricevuto il suo regalo?,Memmo,dopo,La donna dice che l'uomo ha una fissazione dopo aver ricevuto il suo regalo.,La donna dice che l'uomo ha una fissazione prima di ricevere il suo regalo.
video066_temporale_02,video066,video066.mp4,video066_temporale,2,temporale,La donna dice che l'uomo ha una fissazione prima o dopo aver ricevuto il suo regalo?,barbara,dopo,La donna dice che l'uomo ha una fissazione dopo aver ricevuto il suo regalo.,La donna dice che l'uomo ha una fissazione prima di ricevere il suo regalo.
video066_temporale_03,video066,video066.mp4,video066_temporale,3,temporale,La donna dice che l'uomo ha una fissazione prima o dopo aver ricevuto il suo regalo?,eli,Peppino consegna prima il regalo alla moglie e soltanto successivamente le chiede di togliere il quadro,Peppino consegna il regalo alla moglie prima di chiederle di togliere il quadro.,Peppino consegna il regalo alla moglie dopo averle chiesto di togliere il quadro.
video066_temporale_04,video066,video066.mp4,video066_temporale,4,temporale,La donna dice che l'uomo ha una fissazione prima o dopo aver ricevuto il suo regalo?,michela,Peppino consegna il regalo alla moglie prima di chiederle di tirare giù il quadro,Peppino consegna il regalo alla moglie prima di chiederle di tirare giù il quadro.,Peppino consegna il regalo alla moglie dopo averle chiesto di tirare giù il quadro.
video067_causale_01,video067,video067.mp4,video067_causale,1,causale,Perché l'uomo senza cappello continua a spostare le mani dell'uomo col cappello?,Memmo,Perchè è infastidito da tal atteggiamento espansivo,L'uomo senza cappello sposta le mani dell'uomo col cappello perché è infastidito da tale atteggiamento espansivo.,L'uomo senza cappello sposta le mani dell'uomo col cappello perché vuole attirare la sua attenzione.
video067_causale_02,video067,video067.mp4,video067_causale,2,causale,Perché l'uomo senza cappello continua a spostare le mani dell'uomo col cappello?,barbara,no vuole essere toccato,L'uomo continua a spostare le mani perché non vuole essere toccato.,L'uomo continua a spostare le mani perché ha prurito.
video067_causale_03,video067,video067.mp4,video067_causale,3,causale,Perché l'uomo senza cappello continua a spostare le mani dell'uomo col cappello?,eli,"perché l'uomo dice chiaramente di non voler essere toccato né trattato con troppa confidenza, ma l'altro continua a importunarlo","L'uomo senza cappello continua a spostare le mani dell'uomo col cappello perché quest'ultimo dice chiaramente di non voler essere toccato né trattato con troppa confidenza, ma l'altro continua a importunarlo.",L'uomo senza cappello continua a spostare le mani dell'uomo col cappello perché quest'ultimo ride e lo incoraggia a farlo.
video067_causale_04,video067,video067.mp4,video067_causale,4,causale,Perché l'uomo senza cappello continua a spostare le mani dell'uomo col cappello?,michela,"perché dice chiaramente che non gli piace essere toccato o dare tropa confidenza, ma l'uomo con il cappello invece continua ad importunarlo","Nel video l'uomo senza cappello continua a spostare le mani dell'uomo col cappello perché dice chiaramente che non gli piace essere toccato o dare troppa confidenza, ma l'uomo con il cappello continua ad importunarlo.","Nel video l'uomo senza cappello continua a spostare le mani dell'uomo col cappello perché sta cercando di attirare la sua attenzione, ma l'uomo con il cappello continua a ignorarlo."
video067_spaziale_01,video067,video067.mp4,video067_spaziale,1,spaziale,Dove mette le mani l'uomo col cappello?,Memmo,sulle braccia dell'altro uomo,L'uomo col cappello mette le mani sulle braccia dell'altro uomo.,L'uomo col cappello mette le mani sulle spalle dell'altro uomo.
video067_spaziale_02,video067,video067.mp4,video067_spaziale,2,spaziale,Dove mette le mani l'uomo col cappello?,barbara,addosso a l'altro uomo,L'uomo col cappello mette le mani addosso all'altro uomo.,L'uomo col cappello mette le mani sopra il tavolo.
video067_spaziale_03,video067,video067.mp4,video067_spaziale,3,spaziale,Dove mette le mani l'uomo col cappello?,eli,"sulla giacca e sulle mani dell'uomo con il completo grigio, quindi addosso a lui","L'uomo col cappello mette le mani sulla giacca e sulle mani dell'uomo con il completo grigio, quindi addosso a lui.","L'uomo col cappello mette le mani sulla giacca e sulle mani dell'uomo con il completo grigio, quindi al suo fianco."
video067_spaziale_04,video067,video067.mp4,video067_spaziale,4,spaziale,Dove mette le mani l'uomo col cappello?,michela,sulla giacca e sulle mani dell'uomo con il completo grigio,L'uomo col cappello mette le mani sulla giacca e sulle mani dell'uomo con il completo grigio.,L'uomo col cappello mette le mani su un tavolo accanto all'uomo con il completo grigio.
video067_temporale_01,video067,video067.mp4,video067_temporale,1,temporale,L'uomo con il cappello ride prima o dopo che l'uomo in grigio scansi le sue mani?,Memmo,Prima,L'uomo con il cappello ride prima che l'uomo in grigio scansi le sue mani.,L'uomo con il cappello ride dopo che l'uomo in grigio scansi le sue mani.
video067_temporale_02,video067,video067.mp4,video067_temporale,2,temporale,L'uomo con il cappello ride prima o dopo che l'uomo in grigio scansi le sue mani?,barbara,dopo,L'uomo con il cappello ride dopo che l'uomo in grigio scansi le sue mani.,L'uomo con il cappello ride mentre l'uomo in grigio scansi le sue mani.
video067_temporale_03,video067,video067.mp4,video067_temporale,3,temporale,L'uomo con il cappello ride prima o dopo che l'uomo in grigio scansi le sue mani?,eli,"dopo aver iniziato a importunare l'altro uomo, quello con il cappello si mette a ridere",L'uomo con il cappello ride dopo aver iniziato a importunare l'altro uomo.,L'uomo con il cappello ride mentre inizia a importunare l'altro uomo.
video067_temporale_04,video067,video067.mp4,video067_temporale,4,temporale,L'uomo con il cappello ride prima o dopo che l'uomo in grigio scansi le sue mani?,michela,l'uomo con il cappello ride dopo aver iniziato ad importunare l'uomo,L'uomo con il cappello ride dopo aver iniziato ad importunare l'uomo in grigio.,L'uomo con il cappello ride mentre sta importunando l'uomo in grigio.
video068_causale_01,video068,video068.mp4,video068_causale,1,causale,Perché la ragazza tira fuori un foglio da mostrare al ragazzo?,Memmo,Perchè è il palinsesto delle attività della palestra,La ragazza tira fuori un foglio da mostrare al ragazzo perché è il palinsesto delle attività della palestra.,La ragazza tira fuori un foglio da mostrare al ragazzo perché è la lista della spesa.
video068_causale_02,video068,video068.mp4,video068_causale,2,causale,Perché la ragazza tira fuori un foglio da mostrare al ragazzo?,barbara,per spiegare cosa si fa nella palestra,La ragazza tira fuori un foglio per spiegare cosa si fa nella palestra.,La ragazza tira fuori un foglio per mostrare i compiti di matematica.
video068_causale_03,video068,video068.mp4,video068_causale,3,causale,Perché la ragazza tira fuori un foglio da mostrare al ragazzo?,eli,perché il volantino contiene il programma e gli serve per capire che cosa si fa nella palestra e come funziona la struttura,La ragazza mostra il volantino al ragazzo perché contiene il programma e gli serve per capire che cosa si fa nella palestra e come funziona la struttura.,La ragazza mostra il volantino al ragazzo perché contiene delle immagini interessanti che vuole condividere con lui.
video068_causale_04,video068,video068.mp4,video068_causale,4,causale,Perché la ragazza tira fuori un foglio da mostrare al ragazzo?,michela,perché il ragazzo vuole informazioni su come funziona all'interno della struttura e sul foglio c'è il programma,La ragazza tira fuori un foglio da mostrare al ragazzo perché lui vuole informazioni su come funziona all'interno della struttura e sul foglio c'è il programma.,La ragazza tira fuori un foglio da mostrare al ragazzo perché lui vuole informazioni su un evento esterno alla struttura e sul foglio c'è la mappa.
video068_spaziale_01,video068,video068.mp4,video068_spaziale,1,spaziale,Dove si trova la reception?,Memmo,A circa 15/20 metri dall'entrata,La reception si trova a circa 15/20 metri dall'entrata.,La reception si trova subito accanto all'entrata.
video068_spaziale_02,video068,video068.mp4,video068_spaziale,2,spaziale,Dove si trova la reception?,barbara,alla fine del corridoio,La reception si trova alla fine del corridoio.,La reception si trova all'inizio del corridoio.
video068_spaziale_03,video068,video068.mp4,video068_spaziale,3,spaziale,Dove si trova la reception?,eli,in fondo al corridoio,La reception si trova in fondo al corridoio.,La reception si trova all'inizio del corridoio.
video068_spaziale_04,video068,video068.mp4,video068_spaziale,4,spaziale,Dove si trova la reception?,michela,alla fine del corridoio,La reception si trova alla fine del corridoio.,La reception si trova all'inizio del corridoio.
video068_temporale_01,video068,video068.mp4,video068_temporale,1,temporale,Il ragazzo trova un volantino prima o dopo essere andato a parlare con la donna?,Memmo,prima,Il ragazzo trova un volantino prima di andare a parlare con la donna.,Il ragazzo trova un volantino dopo aver parlato con la donna.
video068_temporale_02,video068,video068.mp4,video068_temporale,2,temporale,Il ragazzo trova un volantino prima o dopo essere andato a parlare con la donna?,barbara,prima,Il ragazzo trova un volantino prima di andare a parlare con la donna nel video.,Il ragazzo trova un volantino dopo aver parlato con la donna nel video.
video068_temporale_03,video068,video068.mp4,video068_temporale,3,temporale,Il ragazzo trova un volantino prima o dopo essere andato a parlare con la donna?,eli,prima di entrare in palestra: il ragazzo ha già il volantino in mano,Il ragazzo ha già il volantino in mano prima di entrare in palestra.,Il ragazzo ha il volantino in mano solo dopo essere entrato in palestra.
video068_temporale_04,video068,video068.mp4,video068_temporale,4,temporale,Il ragazzo trova un volantino prima o dopo essere andato a parlare con la donna?,michela,il ragazzo entra in aplestra già con il volantino in mano,Il ragazzo entra in palestra già con il volantino in mano.,Il ragazzo entra in palestra senza il volantino in mano.
video069_causale_01,video069,video069.mp4,video069_causale,1,causale,Perché il ragazzo si trova in terra a fare flessioni?,Memmo,perchè l'allenatore gli ha detto di fare così,Il ragazzo si trova in terra a fare flessioni perché l'allenatore gli ha detto di fare così.,Il ragazzo si trova in terra a fare flessioni perché è caduto accidentalmente.
video069_causale_02,video069,video069.mp4,video069_causale,2,causale,Perché il ragazzo si trova in terra a fare flessioni?,barbara,perchè l'allenatore voleva vedere come le faceva,Il ragazzo si trova in terra a fare flessioni perché l'allenatore voleva vedere come le faceva.,Il ragazzo si trova in terra a fare flessioni perché ha perso una scommessa con l'allenatore.
video069_causale_03,video069,video069.mp4,video069_causale,3,causale,Perché il ragazzo si trova in terra a fare flessioni?,eli,"perché l'istruttore vuole osservare come esegue gli esercizi e valutarne le capacità fisiche, ma non è soddisfatto del risultato","Il ragazzo è a terra a fare flessioni perché l'istruttore vuole osservare l'esecuzione degli esercizi e valutarne le capacità fisiche, ma non è soddisfatto del risultato.","Il ragazzo è a terra a fare flessioni perché ha deciso di allenarsi autonomamente, ma è molto soddisfatto del suo progresso."
video069_causale_04,video069,video069.mp4,video069_causale,4,causale,Perché il ragazzo si trova in terra a fare flessioni?,michela,"perché c'è l'istruttore che vuole verificare le sue abilità fisiche, ma non è contetno del risultato","Il ragazzo si trova in terra a fare flessioni perché l'istruttore vuole verificare le sue abilità fisiche, ma non è contento del risultato.","Il ragazzo si trova in terra a fare flessioni perché vuole migliorare la sua resistenza fisica, ed è soddisfatto del risultato."
video069_spaziale_01,video069,video069.mp4,video069_spaziale,1,spaziale,Dove si trova il ragazzo quando fa l'esercizio?,Memmo,In terra,Il ragazzo si trova in terra quando fa l'esercizio.,Il ragazzo si trova su una sedia quando fa l'esercizio.
video069_spaziale_02,video069,video069.mp4,video069_spaziale,2,spaziale,Dove si trova il ragazzo quando fa l'esercizio?,barbara,palestra,Il ragazzo si trova in palestra quando fa l'esercizio.,Il ragazzo si trova in cucina quando fa l'esercizio.
video069_spaziale_03,video069,video069.mp4,video069_spaziale,3,spaziale,Dove si trova il ragazzo quando fa l'esercizio?,eli,"in palestra, accanto all'istruttore che lo sprona",Il ragazzo si trova in palestra accanto all'istruttore che lo sprona mentre fa l'esercizio.,Il ragazzo si trova in un parco accanto all'istruttore che lo sprona mentre fa l'esercizio.
video069_spaziale_04,video069,video069.mp4,video069_spaziale,4,spaziale,Dove si trova il ragazzo quando fa l'esercizio?,michela,affianco all'istruttore che lo sprona,Il ragazzo si trova affianco all'istruttore che lo sprona.,Il ragazzo si trova di fronte all'istruttore che lo sprona.
video069_temporale_01,video069,video069.mp4,video069_temporale,1,temporale,L'allenatore rimprovera il ragazzo prima o dopo avergli detto che deve fare le flessioni?,Memmo,Dopo,L'allenatore rimprovera il ragazzo dopo avergli detto che deve fare le flessioni.,L'allenatore rimprovera il ragazzo prima di avergli detto che deve fare le flessioni.
video069_temporale_02,video069,video069.mp4,video069_temporale,2,temporale,L'allenatore rimprovera il ragazzo prima o dopo avergli detto che deve fare le flessioni?,barbara,dopo,L'allenatore rimprovera il ragazzo dopo avergli detto che deve fare le flessioni.,L'allenatore rimprovera il ragazzo prima di dirgli che deve fare le flessioni.
video069_temporale_03,video069,video069.mp4,video069_temporale,3,temporale,L'allenatore rimprovera il ragazzo prima o dopo avergli detto che deve fare le flessioni?,eli,in un momento seguente,L'allenatore rimprovera il ragazzo in un momento seguente a quando gli dice che deve fare le flessioni.,L'allenatore rimprovera il ragazzo mentre gli dice che deve fare le flessioni.
video069_temporale_04,video069,video069.mp4,video069_temporale,4,temporale,L'allenatore rimprovera il ragazzo prima o dopo avergli detto che deve fare le flessioni?,michela,dopo,L'allenatore rimprovera il ragazzo dopo avergli detto che deve fare le flessioni.,L'allenatore rimprovera il ragazzo mentre gli dice che deve fare le flessioni.
video070_causale_01,video070,video070.mp4,video070_causale,1,causale,Perché la donna oppone resistenza all'uomo?,Memmo,Perchè non vuole tornare a casa,La donna oppone resistenza all'uomo perché non vuole tornare a casa.,La donna oppone resistenza all'uomo perché vuole rimanere al parco.
video070_causale_02,video070,video070.mp4,video070_causale,2,causale,Perché la donna oppone resistenza all'uomo?,barbara,vuole essere lasciata,La donna oppone resistenza all'uomo perché vuole essere lasciata.,La donna oppone resistenza all'uomo perché cerca attenzione.
video070_causale_03,video070,video070.mp4,video070_causale,3,causale,Perché la donna oppone resistenza all'uomo?,eli,perché vuole essere lasciata e non desidera essere presa in braccio dall'uomo,La donna oppone resistenza perché vuole essere lasciata e non desidera essere presa in braccio dall'uomo.,La donna oppone resistenza perché vuole essere presa in braccio dall'uomo.
video070_causale_04,video070,video070.mp4,video070_causale,4,causale,Perché la donna oppone resistenza all'uomo?,michela,perché non vuole essere presa in braccio dall'uomo,La donna oppone resistenza all'uomo perché non vuole essere presa in braccio.,La donna oppone resistenza all'uomo perché vuole essere presa in braccio.
video070_spaziale_01,video070,video070.mp4,video070_spaziale,1,spaziale,Dove si trova la donna quando inizia a scalciare?,Memmo,in braccio all'uomo,"Quando la donna inizia a scalciare, si trova in braccio all'uomo.","Quando la donna inizia a scalciare, si trova seduta a terra."
video070_spaziale_02,video070,video070.mp4,video070_spaziale,2,spaziale,Dove si trova la donna quando inizia a scalciare?,barbara,in braccio all'uomo,La donna è in braccio all'uomo quando inizia a scalciare.,La donna è seduta sulla sedia quando inizia a scalciare.
video070_spaziale_03,video070,video070.mp4,video070_spaziale,3,spaziale,Dove si trova la donna quando inizia a scalciare?,eli,"sul ponte, mentre si trova in braccio all'uomo","La donna inizia a scalciare sul ponte, mentre si trova in braccio all'uomo.","La donna inizia a scalciare sul ponte, mentre si trova a terra accanto all'uomo."
video070_spaziale_04,video070,video070.mp4,video070_spaziale,4,spaziale,Dove si trova la donna quando inizia a scalciare?,michela,sul ponte,La donna si trova sul ponte quando inizia a scalciare.,La donna si trova sotto il ponte quando inizia a scalciare.
video070_temporale_01,video070,video070.mp4,video070_temporale,1,temporale,La donna viene presa in braccio prima o dopo essere arrivata alla carrozza?,Memmo,prima,La donna viene presa in braccio prima di arrivare alla carrozza.,La donna viene presa in braccio dopo essere arrivata alla carrozza.
video070_temporale_02,video070,video070.mp4,video070_temporale,2,temporale,La donna viene presa in braccio prima o dopo essere arrivata alla carrozza?,barbara,prima,La donna viene presa in braccio prima di arrivare alla carrozza.,La donna viene presa in braccio dopo essere giunta alla carrozza.
video070_temporale_03,video070,video070.mp4,video070_temporale,3,temporale,La donna viene presa in braccio prima o dopo essere arrivata alla carrozza?,eli,"in precedenza, quando è ancora sul ponte; successivamente viene trascinata con la forza verso la carrozza",La donna viene presa in braccio in precedenza quando è ancora sul ponte e successivamente viene trascinata con la forza verso la carrozza.,La donna viene presa in braccio in seguito quando è ancora sul ponte e precedentemente viene trascinata con la forza verso la carrozza.
video070_temporale_04,video070,video070.mp4,video070_temporale,4,temporale,La donna viene presa in braccio prima o dopo essere arrivata alla carrozza?,michela,"prima, e poi viene trascinata di forza alla carrozza",La donna viene presa in braccio prima di essere trascinata di forza alla carrozza.,La donna viene presa in braccio dopo essere stata trascinata di forza alla carrozza.
video071_causale_01,video071,video071.mp4,video071_causale,1,causale,Perché la ragazza con la benda riesce a superare gli ostacoli?,Memmo,Per le indicazioni che le vengono fornite. In questo sta l'esercizio,"La ragazza con la benda riesce a superare gli ostacoli grazie alle indicazioni che le vengono fornite, che è l'essenza dell'esercizio.","La ragazza con la benda non riesce a superare gli ostacoli nonostante le indicazioni che le vengono fornite, che è l'essenza dell'esercizio."
video071_causale_02,video071,video071.mp4,video071_causale,2,causale,Perché la ragazza con la benda riesce a superare gli ostacoli?,barbara,l'altra bambina la guida,La ragazza con la benda riesce a superare gli ostacoli perché l'altra bambina la guida.,La ragazza con la benda riesce a superare gli ostacoli perché si orienta da sola.
video071_causale_03,video071,video071.mp4,video071_causale,3,causale,Perché la ragazza con la benda riesce a superare gli ostacoli?,eli,perché l'altra bambina la guida fornendole istruzioni dettagliate su come muoversi,La ragazza con la benda riesce a superare gli ostacoli perché un'altra bambina la guida fornendole istruzioni dettagliate su come muoversi.,La ragazza con la benda riesce a superare gli ostacoli perché ha memorizzato il percorso in anticipo.
video071_causale_04,video071,video071.mp4,video071_causale,4,causale,Perché la ragazza con la benda riesce a superare gli ostacoli?,michela,perchè c'è l'altra bambina che le da dettagliate indicazioni su come procedere,La ragazza con la benda riesce a superare gli ostacoli perché c'è l'altra bambina che le dà dettagliate indicazioni su come procedere.,La ragazza con la benda riesce a superare gli ostacoli perché è riuscita a vedere attraverso la benda.
video071_spaziale_01,video071,video071.mp4,video071_spaziale,1,spaziale,Dove si trovano gli ostacoli che la bambina bendata deve superare?,Memmo,In terra sul tappeto principale,Gli ostacoli che la bambina bendata deve superare si trovano in terra sul tappeto principale.,Gli ostacoli che la bambina bendata deve superare si trovano sul tavolo accanto alla finestra.
video071_spaziale_02,video071,video071.mp4,video071_spaziale,2,spaziale,Dove si trovano gli ostacoli che la bambina bendata deve superare?,barbara,davanti a lei,Gli ostacoli che la bambina bendata deve superare si trovano davanti a lei.,Gli ostacoli che la bambina bendata deve superare si trovano dietro di lei.
video071_spaziale_03,video071,video071.mp4,video071_spaziale,3,spaziale,Dove si trovano gli ostacoli che la bambina bendata deve superare?,eli,di fronte alla bambina bendata,Gli ostacoli che la bambina bendata deve superare si trovano di fronte a lei.,Gli ostacoli che la bambina bendata deve superare si trovano dietro di lei.
video071_spaziale_04,video071,video071.mp4,video071_spaziale,4,spaziale,Dove si trovano gli ostacoli che la bambina bendata deve superare?,michela,davanti alla bambina con la benda,Gli ostacoli si trovano davanti alla bambina bendata.,Gli ostacoli si trovano dietro la bambina bendata.
video071_temporale_01,video071,video071.mp4,video071_temporale,1,temporale,La ragazzina con la benda sugli occhi scavalca lo step prima o dopo aver ruotato?,Memmo,prima,La ragazzina con la benda sugli occhi scavalca lo step prima di ruotare.,La ragazzina con la benda sugli occhi scavalca lo step dopo aver ruotato.
video071_temporale_02,video071,video071.mp4,video071_temporale,2,temporale,La ragazzina con la benda sugli occhi scavalca lo step prima o dopo aver ruotato?,barbara,prima,La ragazzina con la benda sugli occhi scavalca lo step prima di ruotare.,La ragazzina con la benda sugli occhi scavalca lo step dopo aver ruotato.
video071_temporale_03,video071,video071.mp4,video071_temporale,3,temporale,La ragazzina con la benda sugli occhi scavalca lo step prima o dopo aver ruotato?,eli,in precedenza rispetto all'azione seguente; la rotazione avviene successivamente,La ragazzina con la benda sugli occhi scavalca lo step prima di ruotare.,La ragazzina con la benda sugli occhi scavalca lo step dopo aver ruotato.
video071_temporale_04,video071,video071.mp4,video071_temporale,4,temporale,La ragazzina con la benda sugli occhi scavalca lo step prima o dopo aver ruotato?,michela,ruota dopo,La ragazzina con la benda sugli occhi ruota dopo aver scavalcato lo step.,La ragazzina con la benda sugli occhi ruota prima di scavalcare lo step.
video072_causale_01,video072,video072.mp4,video072_causale,1,causale,Perché Albi viene rimproverato dal ragazzo con la maglia nera?,Memmo,Perchè lascia in giro le sue cose di cui alcune sono rifiuti,"Albi viene rimproverato dal ragazzo con la maglia nera perché lascia in giro le sue cose, di cui alcune sono rifiuti.",Albi viene rimproverato dal ragazzo con la maglia nera perché ha fatto rumore durante la notte.
video072_causale_02,video072,video072.mp4,video072_causale,2,causale,Perché Albi viene rimproverato dal ragazzo con la maglia nera?,barbara,per il disordine,Albi viene rimproverato dal ragazzo con la maglia nera per il disordine.,Albi viene rimproverato dal ragazzo con la maglia nera per aver fatto troppo rumore.
video072_causale_03,video072,video072.mp4,video072_causale,3,causale,Perché Albi viene rimproverato dal ragazzo con la maglia nera?,eli,"perché la stanza è molto disordinata e, secondo lui, Albi ha lasciato spazzatura e bottiglie ovunque","Albi viene rimproverato perché la stanza è molto disordinata e, secondo il ragazzo con la maglia nera, ha lasciato spazzatura e bottiglie ovunque.","Albi viene rimproverato perché ha rotto un vaso e, secondo il ragazzo con la maglia nera, ha fatto cadere acqua ovunque."
video072_causale_04,video072,video072.mp4,video072_causale,4,causale,Perché Albi viene rimproverato dal ragazzo con la maglia nera?,michela,perché a suo dire ha lasciato tutta la stanza pieda di spazzatura incluse le bottiglie,"Albi viene rimproverato perché, secondo il ragazzo con la maglia nera, ha lasciato tutta la stanza piena di spazzatura, incluse le bottiglie.","Albi viene rimproverato perché, secondo il ragazzo con la maglia nera, ha parlato durante il film."
video072_spaziale_01,video072,video072.mp4,video072_spaziale,1,spaziale,Dove vengono messe le cose lasciate in giro?,Memmo,in un cestino,Le cose lasciate in giro vengono messe in un cestino.,Le cose lasciate in giro vengono messe su una mensola.
video072_spaziale_02,video072,video072.mp4,video072_spaziale,2,spaziale,Dove vengono messe le cose lasciate in giro?,barbara,nel bidone,Le cose lasciate in giro vengono messe nel bidone.,Le cose lasciate in giro vengono messe sul tavolo.
video072_spaziale_03,video072,video072.mp4,video072_spaziale,3,spaziale,Dove vengono messe le cose lasciate in giro?,eli,"nel cestino rosa, dove vengono buttate le bottiglie","Le cose lasciate in giro vengono messe nel cestino rosa, dove vengono buttate le bottiglie.","Le cose lasciate in giro vengono messe nel cestino verde, dove vengono buttate le bottiglie."
video072_spaziale_04,video072,video072.mp4,video072_spaziale,4,spaziale,Dove vengono messe le cose lasciate in giro?,michela,vengono buttate nel cestino rosa,Le cose lasciate in giro vengono buttate nel cestino rosa.,Le cose lasciate in giro vengono buttate nel cestino blu.
video072_temporale_01,video072,video072.mp4,video072_temporale,1,temporale,Cosa succede prima: Albi viene rimproverato o il ragazzo con la maglia nera sistema il disordine?,Memmo,prima albi viene rimproverato,"Nel video, prima Albi viene rimproverato.","Nel video, dopo Albi viene rimproverato."
video072_temporale_02,video072,video072.mp4,video072_temporale,2,temporale,Cosa succede prima: Albi viene rimproverato o il ragazzo con la maglia nera sistema il disordine?,barbara,il ragazzo sistema,"Nel video, il ragazzo con la maglia nera sistema il disordine prima che Albi venga rimproverato.","Nel video, il ragazzo con la maglia nera sistema il disordine dopo che Albi viene rimproverato."
video072_temporale_03,video072,video072.mp4,video072_temporale,3,temporale,Cosa succede prima: Albi viene rimproverato o il ragazzo con la maglia nera sistema il disordine?,eli,"prima il bambino con la maglietta nera rimprovera Albi, poi comincia a riordinare la stanza","Prima il bambino con la maglietta nera rimprovera Albi, poi comincia a riordinare la stanza.","Prima il bambino con la maglietta nera rimprovera Albi, poi finisce di pranzare."
video072_temporale_04,video072,video072.mp4,video072_temporale,4,temporale,Cosa succede prima: Albi viene rimproverato o il ragazzo con la maglia nera sistema il disordine?,michela,"il bambino con la maglietta nera rimpovera ""Albi"" pima di inziare a ordinare la camera","Nel video il bambino con la maglietta nera rimprovera ""Albi"" prima di iniziare a ordinare la camera.","Nel video il bambino con la maglietta nera rimprovera ""Albi"" dopo aver finito di ordinare la camera."
video073_causale_01,video073,video073.mp4,video073_causale,1,causale,Perché il ragazzo abbraccia la ragazza?,Memmo,per compatirla e per tranquillizzarla riguardo al fatto che la gravidanza andrà bene,Il ragazzo abbraccia la ragazza per compatirla e tranquillizzarla riguardo al fatto che la gravidanza andrà bene.,Il ragazzo abbraccia la ragazza per congratularsi con lei riguardo al fatto che la gravidanza andrà bene.
video073_causale_02,video073,video073.mp4,video073_causale,2,causale,Perché il ragazzo abbraccia la ragazza?,barbara,perchè lei ha paura,Il ragazzo abbraccia la ragazza perché lei ha paura.,Il ragazzo abbraccia la ragazza perché lui ha paura.
video073_causale_03,video073,video073.mp4,video073_causale,3,causale,Perché il ragazzo abbraccia la ragazza?,eli,perché percepisce che lei è tesa e impaurita e cerca di confortarla,Il ragazzo abbraccia la ragazza perché percepisce che lei è tesa e impaurita e cerca di confortarla.,Il ragazzo abbraccia la ragazza perché è felice di vederla e vuole condividere la sua gioia.
video073_causale_04,video073,video073.mp4,video073_causale,4,causale,Perché il ragazzo abbraccia la ragazza?,michela,perchè sente che è tesa e vorrebbe confortarla,Il ragazzo abbraccia la ragazza perché sente che è tesa e vorrebbe confortarla.,Il ragazzo abbraccia la ragazza perché fa freddo e vuole riscaldarla.
video073_spaziale_01,video073,video073.mp4,video073_spaziale,1,spaziale,Dov'è seduta la coppia?,Memmo,sul letto,La coppia è seduta sul letto.,La coppia è seduta sul divano.
video073_spaziale_02,video073,video073.mp4,video073_spaziale,2,spaziale,Dov'è seduta la coppia?,barbara,sul letto,La coppia è seduta sul letto.,La coppia è seduta sul divano.
video073_spaziale_03,video073,video073.mp4,video073_spaziale,3,spaziale,Dov'è seduta la coppia?,eli,"sul letto, davanti al poster di Star Wars","La coppia è seduta sul letto, davanti al poster di Star Wars.","La coppia è seduta sul divano, davanti al poster di Star Wars."
video073_spaziale_04,video073,video073.mp4,video073_spaziale,4,spaziale,Dov'è seduta la coppia?,michela,davanti al poster di star wars,La coppia è seduta davanti al poster di Star Wars.,La coppia è seduta dietro al poster di Star Wars.
video073_temporale_01,video073,video073.mp4,video073_temporale,1,temporale,Chi si sveglia prima tra il ragazzo e la ragazza?,Memmo,la ragazza,Nel video si vede che la ragazza si sveglia prima del ragazzo.,Nel video si vede che la ragazza si sveglia dopo il ragazzo.
video073_temporale_02,video073,video073.mp4,video073_temporale,2,temporale,Chi si sveglia prima tra il ragazzo e la ragazza?,barbara,ragazza,Nel video la ragazza si sveglia prima del ragazzo.,Nel video la ragazza si sveglia dopo il ragazzo.
video073_temporale_03,video073,video073.mp4,video073_temporale,3,temporale,Chi si sveglia prima tra il ragazzo e la ragazza?,eli,la ragazza è già sveglia nel momento in cui il ragazzo si alza,La ragazza è già sveglia nel momento in cui il ragazzo si alza.,La ragazza sta ancora dormendo nel momento in cui il ragazzo si alza.
video073_temporale_04,video073,video073.mp4,video073_temporale,4,temporale,Chi si sveglia prima tra il ragazzo e la ragazza?,michela,la ragazza era già sveglia quando il ragazzo si alza,La ragazza era già sveglia quando il ragazzo si alza.,La ragazza era già sveglia dopo che il ragazzo si è alzato.
video074_causale_01,video074,video074.mp4,video074_causale,1,causale,Perché la bambina con lo spazzolino arancione rallenta i movimenti quando spazzola i denti?,Memmo,Perchè la donna fuoricampo le ha detto che i denti devono essere lavati piano,La bambina rallenta i movimenti quando spazzola i denti perché la donna fuoricampo le ha detto che devono essere lavati piano.,La bambina rallenta i movimenti quando spazzola i denti perché la donna fuoricampo le ha detto che non ci sono più dentifrici.
video074_causale_02,video074,video074.mp4,video074_causale,2,causale,Perché la bambina con lo spazzolino arancione rallenta i movimenti quando spazzola i denti?,barbara,per lavarli bene,La bambina rallenta i movimenti quando spazzola i denti per lavarli bene.,La bambina rallenta i movimenti quando spazzola i denti perchè è stanca.
video074_causale_03,video074,video074.mp4,video074_causale,3,causale,Perché la bambina con lo spazzolino arancione rallenta i movimenti quando spazzola i denti?,eli,"perché deve lavarsi bene i denti e una donna la avverte che, altrimenti, potrebbero caderle come alle vecchiette","La bambina rallenta i movimenti quando spazzola i denti perché è avvertita che, altrimenti, potrebbe perderli come le vecchiette.",La bambina rallenta i movimenti quando spazzola i denti perché pensa che spazzolando velocemente crescano prima.
video074_causale_04,video074,video074.mp4,video074_causale,4,causale,Perché la bambina con lo spazzolino arancione rallenta i movimenti quando spazzola i denti?,michela,perché una donna le dice che altriemnti le cadranno tutti i denti come le vecchiette,La bambina rallenta i movimenti quando spazzola i denti perché una donna le dice che altrimenti le cadranno tutti i denti come le vecchiette.,La bambina rallenta i movimenti quando spazzola i denti perché una donna le dice che altrimenti diventerà molto stanca.
video074_spaziale_01,video074,video074.mp4,video074_spaziale,1,spaziale,Dove si trovano le bambine?,Memmo,in bagno a lavarsi i denti,Le bambine si trovano in bagno a lavarsi i denti.,Le bambine si trovano in cucina a lavarsi i denti.
video074_spaziale_02,video074,video074.mp4,video074_spaziale,2,spaziale,Dove si trovano le bambine?,barbara,in bagno,Le bambine si trovano in bagno.,Le bambine si trovano in giardino.
video074_spaziale_03,video074,video074.mp4,video074_spaziale,3,spaziale,Dove si trovano le bambine?,eli,"in bagno, davanti a un lavandino",Le bambine si trovano in bagno davanti a un lavandino.,Le bambine si trovano in cucina davanti al frigorifero.
video074_spaziale_04,video074,video074.mp4,video074_spaziale,4,spaziale,Dove si trovano le bambine?,michela,davanti ad un lavandino,Le bambine si trovano davanti ad un lavandino.,Le bambine si trovano dietro ad un lavandino.
video074_temporale_01,video074,video074.mp4,video074_temporale,1,temporale,La bambina con lo spazzolino viola ride prima o dopo aver detto di sì?,Memmo,prima,Nel video la bambina con lo spazzolino viola ride prima di aver detto di sì.,Nel video la bambina con lo spazzolino viola ride dopo aver detto di sì.
video074_temporale_02,video074,video074.mp4,video074_temporale,2,temporale,La bambina con lo spazzolino viola ride prima o dopo aver detto di sì?,barbara,prima,La bambina con lo spazzolino viola ride prima di aver detto di sì.,La bambina con lo spazzolino viola ride dopo aver detto di sì.
video074_temporale_03,video074,video074.mp4,video074_temporale,3,temporale,La bambina con lo spazzolino viola ride prima o dopo aver detto di sì?,eli,in un momento precedente,La bambina con lo spazzolino viola ride in un momento precedente a quando ha detto di sì.,La bambina con lo spazzolino viola ride in un momento successivo a quando ha detto di sì.
video074_temporale_04,video074,video074.mp4,video074_temporale,4,temporale,La bambina con lo spazzolino viola ride prima o dopo aver detto di sì?,michela,prima,La bambina con lo spazzolino viola ride prima di aver detto di sì.,La bambina con lo spazzolino viola ride dopo aver detto di sì.
video075_causale_01,video075,video075.mp4,video075_causale,1,causale,Perché i bambini non sono a scuola?,Memmo,Per un'ordinanza comunale che ha chiuso le chiuso,I bambini non sono a scuola a causa di un'ordinanza comunale che ha chiuso le scuole.,I bambini non sono a scuola a causa di una gita scolastica.
video075_causale_02,video075,video075.mp4,video075_causale,2,causale,Perché i bambini non sono a scuola?,barbara,ordinanza del sindaco,I bambini non sono a scuola a causa di un'ordinanza del sindaco.,I bambini non sono a scuola perchè sono in vacanza.
video075_causale_03,video075,video075.mp4,video075_causale,3,causale,Perché i bambini non sono a scuola?,eli,perché c'è una consistente coltre di neve e il sindaco ha emesso un'ordinanza di chiusura,I bambini non sono a scuola perché c'è una consistente coltre di neve e il sindaco ha emesso un'ordinanza di chiusura.,I bambini non sono a scuola perché è vacanza e il sindaco ha emesso un'ordinanza di chiusura.
video075_causale_04,video075,video075.mp4,video075_causale,4,causale,Perché i bambini non sono a scuola?,michela,percè chè una coltre di neve e il sindaco ha dato lordinanza di chiudere,I bambini non sono a scuola perché c'è una coltre di neve e il sindaco ha dato l'ordinanza di chiudere.,I bambini non sono a scuola perché c'è stato un guasto elettrico nell'edificio scolastico.
video075_spaziale_01,video075,video075.mp4,video075_spaziale,1,spaziale,Dove si trova il bambino che tira la palla di neve alla giornalista?,Memmo,è sbucato alla sinistra della giornalista,Il bambino che tira la palla di neve alla giornalista è sbucato alla sua sinistra.,Il bambino che tira la palla di neve alla giornalista è sbucato alla sua destra.
video075_spaziale_02,video075,video075.mp4,video075_spaziale,2,spaziale,Dove si trova il bambino che tira la palla di neve alla giornalista?,barbara,vicino a lei,Il bambino che tira la palla di neve alla giornalista si trova vicino a lei.,Il bambino che tira la palla di neve alla giornalista si trova lontano da lei.
video075_spaziale_03,video075,video075.mp4,video075_spaziale,3,spaziale,Dove si trova il bambino che tira la palla di neve alla giornalista?,eli,"nella Villa Comunale di Chieti, in mezzo alla neve e vicino alla persona intervistata","Il bambino che tira la palla di neve alla giornalista si trova nella Villa Comunale di Chieti, in mezzo alla neve e vicino alla persona intervistata.","Il bambino che tira la palla di neve alla giornalista si trova sulla spiaggia vicino all'oceano, in mezzo alla sabbia e lontano dalla persona intervistata."
video075_spaziale_04,video075,video075.mp4,video075_spaziale,4,spaziale,Dove si trova il bambino che tira la palla di neve alla giornalista?,michela,"nella villa comunale di chieti, in mezzo alla neve","Il bambino che tira la palla di neve alla giornalista si trova nella villa comunale di Chieti, in mezzo alla neve.","Il bambino che tira la palla di neve alla giornalista si trova sulla spiaggia di Chieti, in mezzo alla sabbia."
video075_temporale_01,video075,video075.mp4,video075_temporale,1,temporale,La giornalista intervista il bambino prima o dopo che venga tirata la palla di neve?,Memmo,Dopo,La giornalista intervista il bambino dopo che venga tirata la palla di neve.,La giornalista intervista il bambino prima che venga tirata la palla di neve.
video075_temporale_02,video075,video075.mp4,video075_temporale,2,temporale,La giornalista intervista il bambino prima o dopo che venga tirata la palla di neve?,barbara,dopo,La giornalista intervista il bambino dopo che venga tirata la palla di neve.,La giornalista intervista il bambino prima che venga tirata la palla di neve.
video075_temporale_03,video075,video075.mp4,video075_temporale,3,temporale,La giornalista intervista il bambino prima o dopo che venga tirata la palla di neve?,eli,"dopo che il bambino ha lanciato la palla di neve, momento in cui si svolge l'intervista",La giornalista intervista il bambino dopo che ha lanciato la palla di neve.,La giornalista intervista il bambino mentre lancia la palla di neve.
video075_temporale_04,video075,video075.mp4,video075_temporale,4,temporale,La giornalista intervista il bambino prima o dopo che venga tirata la palla di neve?,michela,l'intervista avviene dopo che il bambino lanci la palla di neve,L'intervista avviene dopo che il bambino lanci la palla di neve.,L'intervista avviene mentre il bambino lanci la palla di neve.
video076_causale_01,video076,video076.mp4,video076_causale,1,causale,Perché le due ciotole d'acqua si colorano in maniera diversa?,Memmo,perchè gli ufo avevano due colori diversi e quando si sono sciolti hanno rilasciato i propri colori,"Le due ciotole d'acqua si colorano in maniera diversa perché gli UFO avevano due colori diversi e, sciogliendosi, hanno rilasciato i propri colori.",Le due ciotole d'acqua si colorano in maniera diversa perché le luci della stanza variavano continuamente e riflettevano colori differenti.
video076_causale_02,video076,video076.mp4,video076_causale,2,causale,Perché le due ciotole d'acqua si colorano in maniera diversa?,barbara,perchè uno è blu ed uno verde,Le ciotole d'acqua si colorano in maniera diversa perché una è blu e una verde.,Le ciotole d'acqua si colorano in maniera diversa perché una è grande e una piccola.
video076_causale_03,video076,video076.mp4,video076_causale,3,causale,Perché le due ciotole d'acqua si colorano in maniera diversa?,eli,"perché i due UFO hanno colori diversi, uno blu e uno verde, e trasferiscono queste tonalità all'acqua","Le due ciotole d'acqua si colorano in maniera diversa perché i due UFO hanno colori diversi, uno blu e uno verde, e trasferiscono queste tonalità all'acqua.",Le due ciotole d'acqua si colorano in maniera diversa perché una ciotola contiene inchiostro blu e l'altra contiene colorante verde.
video076_causale_04,video076,video076.mp4,video076_causale,4,causale,Perché le due ciotole d'acqua si colorano in maniera diversa?,michela,perché i due ufo sono di colori diversi uno blu e uno verde,"Le due ciotole d'acqua si colorano in maniera diversa perché i due ufo sono di colori diversi, uno blu e uno verde.",Le due ciotole d'acqua si colorano in maniera diversa perché contengono sostanze chimiche diverse.
video076_spaziale_01,video076,video076.mp4,video076_spaziale,1,spaziale,Dove vengono messi gli UFO?,Memmo,nell'acqua per sciogliergli e far comparire gli alieni,Gli UFO vengono messi nell'acqua per scioglierli e far comparire gli alieni.,Gli UFO vengono messi nel deserto per scioglierli e far comparire gli alieni.
video076_spaziale_02,video076,video076.mp4,video076_spaziale,2,spaziale,Dove vengono messi gli UFO?,barbara,acqua,Gli UFO vengono messi in acqua.,Gli UFO vengono messi sotterranei.
video076_spaziale_03,video076,video076.mp4,video076_spaziale,3,spaziale,Dove vengono messi gli UFO?,eli,nelle bacinelle d'acqua sul tavolo decorato con stelle gialle e bianche,Gli UFO vengono messi nelle bacinelle d'acqua sul tavolo decorato con stelle gialle e bianche.,Gli UFO vengono messi nelle bacinelle d'acqua sul pavimento decorato con stelle gialle e bianche.
video076_spaziale_04,video076,video076.mp4,video076_spaziale,4,spaziale,Dove vengono messi gli UFO?,michela,nelle bacinelle sul tavolo astelle giallo e bianche,Gli UFO vengono messi nelle bacinelle sul tavolo a stelle giallo e bianche.,Gli UFO vengono messi nelle bacinelle sul tavolo a quadretti rossi e bianchi.
video076_temporale_01,video076,video076.mp4,video076_temporale,1,temporale,Il babbo passa gli UFO ai bambini prima o dopo che l'acqua si colori?,Memmo,molto prima,Il babbo passa gli UFO ai bambini molto prima che l'acqua si colori.,Il babbo passa gli UFO ai bambini molto dopo che l'acqua si colori.
video076_temporale_02,video076,video076.mp4,video076_temporale,2,temporale,Il babbo passa gli UFO ai bambini prima o dopo che l'acqua si colori?,barbara,prima,Il babbo passa gli UFO ai bambini prima che l'acqua si colori.,Il babbo passa gli UFO ai bambini dopo che l'acqua si è colorata.
video076_temporale_03,video076,video076.mp4,video076_temporale,3,temporale,Il babbo passa gli UFO ai bambini prima o dopo che l'acqua si colori?,eli,all'inizio l'acqua è ancora normale e si colora soltanto dopo che i bambini vi inseriscono gli UFO,"Nel video, all'inizio l'acqua è ancora normale e si colora soltanto dopo che i bambini vi inseriscono gli UFO.","Nel video, l'acqua si colora immediatamente prima che i bambini vi inseriscano gli UFO."
video076_temporale_04,video076,video076.mp4,video076_temporale,4,temporale,Il babbo passa gli UFO ai bambini prima o dopo che l'acqua si colori?,michela,l'acqua si colora solo dopo che i bambini abbiano preso gli ufo e li abbiano messi dentro,L'acqua si colora solo dopo che i bambini hanno preso gli UFO e li hanno messi dentro.,L'acqua si colora appena i bambini prendono gli UFO e li mettono dentro.
video077_causale_01,video077,video077.mp4,video077_causale,1,causale,Perché il bambino non risponde alla donna?,Memmo,Perchè è senza sensi sul pavimento,Il bambino non risponde alla donna perché è senza sensi sul pavimento.,Il bambino non risponde alla donna perché è arrabbiato.
video077_causale_02,video077,video077.mp4,video077_causale,2,causale,Perché il bambino non risponde alla donna?,barbara,dorme,Il bambino non risponde alla donna perché dorme.,Il bambino non risponde alla donna perché è distratto.
video077_causale_03,video077,video077.mp4,video077_causale,3,causale,Perché il bambino non risponde alla donna?,eli,perché si è addormentato nell'altra stanza,Il bambino non risponde alla donna perché si è addormentato nell'altra stanza.,Il bambino non risponde alla donna perché è arrabbiato con lei.
video077_causale_04,video077,video077.mp4,video077_causale,4,causale,Perché il bambino non risponde alla donna?,michela,perchè si trova addormentato nell'altra stanza,Il bambino non risponde alla donna perché si trova addormentato nell'altra stanza.,Il bambino non risponde alla donna perché sta giocando nell'altra stanza.
video077_spaziale_01,video077,video077.mp4,video077_spaziale,1,spaziale,Dove si è addormentato Cristian?,Memmo,Sul pavimento,Cristian si è addormentato sul pavimento.,Cristian si è addormentato sul divano.
video077_spaziale_02,video077,video077.mp4,video077_spaziale,2,spaziale,Dove si è addormentato Cristian?,barbara,sul pavimento,Cristian si è addormentato sul pavimento.,Cristian si è addormentato sul divano.
video077_spaziale_03,video077,video077.mp4,video077_spaziale,3,spaziale,Dove si è addormentato Cristian?,eli,"sul pavimento, all'ingresso della stanza","Cristian si è addormentato sul pavimento, all'ingresso della stanza.","Cristian si è addormentato sul pavimento, in fondo alla stanza."
video077_spaziale_04,video077,video077.mp4,video077_spaziale,4,spaziale,Dove si è addormentato Cristian?,michela,all'ingresso della stanza,Cristian si è addormentato all'ingresso della stanza.,Cristian si è addormentato sul balcone della stanza.
video077_temporale_01,video077,video077.mp4,video077_temporale,1,temporale,La donna chiama Cristian a mangiare prima o dopo averlo trovato addormentato?,Memmo,prima,La donna chiama Cristian a mangiare prima di trovarlo addormentato.,"Dopo aver trovato Cristian addormentato, la donna lo chiama a mangiare."
video077_temporale_02,video077,video077.mp4,video077_temporale,2,temporale,La donna chiama Cristian a mangiare prima o dopo averlo trovato addormentato?,barbara,prima,La donna chiama Cristian a mangiare prima di trovarlo addormentato.,La donna chiama Cristian a mangiare dopo averlo trovato addormentato.
video077_temporale_03,video077,video077.mp4,video077_temporale,3,temporale,La donna chiama Cristian a mangiare prima o dopo averlo trovato addormentato?,eli,"dopo averlo chiamato più volte per andare a mangiare, lo trova addormentato; il sonno era iniziato in precedenza",La donna trova Cristian addormentato dopo averlo chiamato più volte per andare a mangiare; il sonno era iniziato in precedenza.,La donna trova Cristian addormentato prima di chiamarlo per andare a mangiare; il sonno era iniziato in precedenza.
video077_temporale_04,video077,video077.mp4,video077_temporale,4,temporale,La donna chiama Cristian a mangiare prima o dopo averlo trovato addormentato?,michela,lo trova addormetato dopo averlo chiamato più volte per andare a mangiare,La donna trova Cristian addormentato dopo averlo chiamato più volte per andare a mangiare.,La donna trova Cristian addormentato prima di chiamarlo per andare a mangiare.
video078_causale_01,video078,video078.mp4,video078_causale,1,causale,Perché la donna si arrabbia?,Memmo,Perchè la bambina faceva finta di fare i compiti e poi invece giocava con il cellulare,La donna si arrabbia perché la bambina faceva finta di fare i compiti e invece giocava con il cellulare.,La donna si arrabbia perché la bambina faceva rumore mentre studiava.
video078_causale_02,video078,video078.mp4,video078_causale,2,causale,Perché la donna si arrabbia?,barbara,perchè non stava facendo i compiti,La donna si arrabbia perché non stava facendo i compiti.,La donna si arrabbia perché non era stata invitata.
video078_causale_03,video078,video078.mp4,video078_causale,3,causale,Perché la donna si arrabbia?,eli,"perché Vanessa, invece di fare i compiti, stava giocando con il telefono","La donna si arrabbia perché Vanessa, invece di fare i compiti, stava giocando con il telefono.","La donna si arrabbia perché Vanessa, invece di fare i compiti, stava dormendo."
video078_causale_04,video078,video078.mp4,video078_causale,4,causale,Perché la donna si arrabbia?,michela,perché Vanessa stava giocando con il telefono,La donna si arrabbia perché Vanessa stava giocando con il telefono.,La donna si arrabbia perché Vanessa stava parlando troppo forte.
video078_spaziale_01,video078,video078.mp4,video078_spaziale,1,spaziale,Dove legge 'l'imperfetto del verbo mangiare' la bambina?,Memmo,Da nessuna parte perchè faceva finta di leggere il quaderno,"La bambina faceva finta di leggere il quaderno e non leggeva l'imperfetto del verbo ""mangiare"" da nessuna parte.","La bambina faceva finta di leggere il quaderno e leggeva l'imperfetto del verbo ""mangiare"" da qualche parte."
video078_spaziale_02,video078,video078.mp4,video078_spaziale,2,spaziale,Dove legge 'l'imperfetto del verbo mangiare' la bambina?,barbara,nel quaderno,La bambina legge 'l'imperfetto del verbo mangiare' nel quaderno.,La bambina legge 'l'imperfetto del verbo mangiare' sul tablet.
video078_spaziale_03,video078,video078.mp4,video078_spaziale,3,spaziale,Dove legge 'l'imperfetto del verbo mangiare' la bambina?,eli,sul quaderno dalla copertina blu,La bambina legge 'l'imperfetto del verbo mangiare' sul quaderno dalla copertina blu.,La bambina legge 'l'imperfetto del verbo mangiare' sul quaderno dalla copertina rossa.
video078_spaziale_04,video078,video078.mp4,video078_spaziale,4,spaziale,Dove legge 'l'imperfetto del verbo mangiare' la bambina?,michela,sul quaderno con la copertina blu,"La bambina legge ""l'imperfetto del verbo mangiare"" sul quaderno con la copertina blu.","La bambina legge ""l'imperfetto del verbo mangiare"" sul quaderno con la copertina rossa."
video078_temporale_01,video078,video078.mp4,video078_temporale,1,temporale,La donna si arrabbia prima o dopo aver abbassato il quaderno della bambina?,Memmo,Dopo,La donna si arrabbia dopo aver abbassato il quaderno della bambina.,La donna si arrabbia prima di abbassare il quaderno della bambina.
video078_temporale_02,video078,video078.mp4,video078_temporale,2,temporale,La donna si arrabbia prima o dopo aver abbassato il quaderno della bambina?,barbara,dopo,La donna si arrabbia dopo aver abbassato il quaderno della bambina.,La donna si arrabbia prima di abbassare il quaderno della bambina.
video078_temporale_03,video078,video078.mp4,video078_temporale,3,temporale,La donna si arrabbia prima o dopo aver abbassato il quaderno della bambina?,eli,"dopo aver scoperto che la bambina teneva nascosto il telefono dietro il quaderno, la donna si arrabbia",La donna si arrabbia dopo aver scoperto che la bambina teneva nascosto il telefono dietro il quaderno.,La donna si arrabbia mentre scopre che la bambina teneva nascosto il telefono dietro il quaderno.
video078_temporale_04,video078,video078.mp4,video078_temporale,4,temporale,La donna si arrabbia prima o dopo aver abbassato il quaderno della bambina?,michela,la donna si arrabbia dopo aver scoperto che la bambina nascondeva il telefono dietro il quaderno,La donna si arrabbia dopo aver scoperto che la bambina nascondeva il telefono dietro il quaderno.,La donna si arrabbia mentre scopre che la bambina nascondeva il telefono dietro il quaderno.
video079_causale_01,video079,video079.mp4,video079_causale,1,causale,Perché la ragazza crede che l'amico si sia 'impressionato'?,Memmo,Per la prova di evaquazione,La ragazza crede che l'amico si sia 'impressionato' per la prova di evacuazione.,La ragazza crede che l'amico si sia 'impressionato' per il film horror.
video079_causale_02,video079,video079.mp4,video079_causale,2,causale,Perché la ragazza crede che l'amico si sia 'impressionato'?,barbara,perchè ha appreso notizie da uno scienziato giapponese,La ragazza crede che l'amico si sia 'impressionato' perché ha appreso notizie da uno scienziato giapponese.,La ragazza crede che l'amico si sia 'impressionato' perché ha assistito a un film horror.
video079_causale_03,video079,video079.mp4,video079_causale,3,causale,Perché la ragazza crede che l'amico si sia 'impressionato'?,eli,perché a scuola si è svolta una prova di evacuazione e lui riferisce anche informazioni apprese da uno scienziato giapponese,La ragazza crede che l'amico si sia 'impressionato' perché a scuola si è svolta una prova di evacuazione e lui riferisce anche informazioni apprese da uno scienziato giapponese.,La ragazza crede che l'amico si sia 'impressionato' perché a scuola si è svolta una conferenza interessante e lui riferisce anche informazioni apprese da uno scienziato giapponese.
video079_causale_04,video079,video079.mp4,video079_causale,4,causale,Perché la ragazza crede che l'amico si sia 'impressionato'?,michela,perché c'è stat la prova di evaquazione a scuola,La ragazza crede che l'amico si sia 'impressionato' perché c'è stata la prova di evacuazione a scuola.,La ragazza crede che l'amico si sia 'impressionato' perché ha visto un film horror.
video079_spaziale_01,video079,video079.mp4,video079_spaziale,1,spaziale,Dove si trovano i ragazzi?,Memmo,Per strada,I ragazzi si trovano per strada.,I ragazzi si trovano in un parco.
video079_spaziale_02,video079,video079.mp4,video079_spaziale,2,spaziale,Dove si trovano i ragazzi?,barbara,a scuola,I ragazzi si trovano a scuola.,I ragazzi si trovano al parco.
video079_spaziale_03,video079,video079.mp4,video079_spaziale,3,spaziale,Dove si trovano i ragazzi?,eli,all'interno della scuola,I ragazzi si trovano all'interno della scuola.,I ragazzi si trovano all'esterno della scuola.
video079_spaziale_04,video079,video079.mp4,video079_spaziale,4,spaziale,Dove si trovano i ragazzi?,michela,in una scuola,I ragazzi si trovano in una scuola.,I ragazzi si trovano in un parco.
video079_temporale_01,video079,video079.mp4,video079_temporale,1,temporale,I due ragazzi parlano prima o dopo le 11:30 di mattina?,Memmo,Dopo,I due ragazzi parlano dopo le 11:30 di mattina.,I due ragazzi parlano prima delle 11:30 di mattina.
video079_temporale_02,video079,video079.mp4,video079_temporale,2,temporale,I due ragazzi parlano prima o dopo le 11:30 di mattina?,barbara,dopo,I due ragazzi parlano dopo le 11:30 di mattina.,I due ragazzi parlano prima delle 11:30 di mattina.
video079_temporale_03,video079,video079.mp4,video079_temporale,3,temporale,I due ragazzi parlano prima o dopo le 11:30 di mattina?,eli,"successivamente, quando la prova di evacuazione è già stata effettuata","I due ragazzi parlano successivamente, quando la prova di evacuazione è già stata effettuata.","I due ragazzi parlano prima, quando la prova di evacuazione non è ancora stata effettuata."
video079_temporale_04,video079,video079.mp4,video079_temporale,4,temporale,I due ragazzi parlano prima o dopo le 11:30 di mattina?,michela,dopo perché l'evaquazione è già avvenuta,I due ragazzi parlano dopo le 11:30 di mattina perché l'evacuazione è già avvenuta.,I due ragazzi parlano prima delle 11:30 di mattina perché l'evacuazione è già avvenuta.
video080_causale_01,video080,video080.mp4,video080_causale,1,causale,Perché le ragazze mandano un video a 'Ele'?,Memmo,"Perchè lei ha scampato il compito (non saltandolo volutamente) e le compagne hanno trovato il libro sul quale lei studiava, e che le piaceva",Le ragazze mandano un video a 'Ele' perché lei ha scampato il compito e le compagne hanno trovato il libro che le piaceva e sul quale studiava.,Le ragazze mandano un video a 'Ele' perché lei ha scampato il compito e ha chiesto loro delle informazioni.
video080_causale_02,video080,video080.mp4,video080_causale,2,causale,Perché le ragazze mandano un video a 'Ele'?,barbara,perchè non è li con loro,Le ragazze mandano un video a 'Ele' perché non è lì con loro.,Le ragazze mandano un video a 'Ele' perché vogliono sorprenderla.
video080_causale_03,video080,video080.mp4,video080_causale,3,causale,Perché le ragazze mandano un video a 'Ele'?,eli,"perché la persona non è presente con loro, ne sentono la mancanza e desiderano sentirla","Le ragazze mandano un video a 'Ele' perché la persona non è presente con loro, ne sentono la mancanza e desiderano sentirla.",Le ragazze mandano un video a 'Ele' perché vogliono condividere un momento di felicità con lei.
video080_causale_04,video080,video080.mp4,video080_causale,4,causale,Perché le ragazze mandano un video a 'Ele'?,michela,perchè ne sentono la mancanza e vogliono sentirla,Le ragazze mandano un video a 'Ele' perché ne sentono la mancanza e vogliono sentirla.,Le ragazze mandano un video a 'Ele' perché hanno una nuova canzone da mostrarle.
video080_spaziale_01,video080,video080.mp4,video080_spaziale,1,spaziale,Dov'è il libro preferito di 'Ele'?,Memmo,in biblioteca pare,Il libro preferito di 'Ele' sembra essere in biblioteca.,Il libro preferito di 'Ele' sembra essere a casa.
video080_spaziale_02,video080,video080.mp4,video080_spaziale,2,spaziale,Dov'è il libro preferito di 'Ele'?,barbara,in mano ad una ragazza,Il libro preferito di 'Ele' è in mano ad una ragazza.,Il libro preferito di 'Ele' è su un tavolo.
video080_spaziale_03,video080,video080.mp4,video080_spaziale,3,spaziale,Dov'è il libro preferito di 'Ele'?,eli,nelle mani della ragazza con la felpa nera e i brillantini sotto gli occhi,Il libro preferito di 'Ele' si trova nelle mani della ragazza con la felpa nera e i brillantini sotto gli occhi.,Il libro preferito di 'Ele' si trova sullo scaffale in camera sua.
video080_spaziale_04,video080,video080.mp4,video080_spaziale,4,spaziale,Dov'è il libro preferito di 'Ele'?,michela,nelle mani della ragazza con la felpa nera e i diamntini sotto gli occhi,Il libro preferito di 'Ele' è nelle mani della ragazza con la felpa nera e i diamantini sotto gli occhi.,Il libro preferito di 'Ele' è nelle mani della ragazza con la giacca rossa e un cappello.
video080_temporale_01,video080,video080.mp4,video080_temporale,1,temporale,La ragazza con la felpa rosa dice a un'altra di sorridere prima o dopo aver finito di girare il video?,Memmo,dopo,La ragazza con la felpa rosa dice di sorridere dopo aver finito di girare il video.,La ragazza con la felpa rosa dice di sorridere prima di iniziare a girare il video.
video080_temporale_02,video080,video080.mp4,video080_temporale,2,temporale,La ragazza con la felpa rosa dice a un'altra di sorridere prima o dopo aver finito di girare il video?,barbara,dopo,La ragazza con la felpa rosa dice all'altra di sorridere dopo aver finito di girare il video.,La ragazza con la felpa rosa dice all'altra di sorridere prima di iniziare a girare il video.
video080_temporale_03,video080,video080.mp4,video080_temporale,3,temporale,La ragazza con la felpa rosa dice a un'altra di sorridere prima o dopo aver finito di girare il video?,eli,in un momento seguente,La ragazza con la felpa rosa dice di sorridere in un momento seguente al termine del video.,La ragazza con la felpa rosa dice di sorridere in un momento precedente all'inizio del video.
video080_temporale_04,video080,video080.mp4,video080_temporale,4,temporale,La ragazza con la felpa rosa dice a un'altra di sorridere prima o dopo aver finito di girare il video?,michela,dopo,La ragazza con la felpa rosa dice all'altra di sorridere dopo aver finito di girare il video.,La ragazza con la felpa rosa dice all'altra di sorridere prima di iniziare a girare il video.
video081_causale_01,video081,video081.mp4,video081_causale,1,causale,Perché la ragazza con la canottiera verde è sorpresa di sentire che il risultato è '-4'?,Memmo,perchè le è uscito un altro risultato,La ragazza con la canottiera verde è sorpresa di sentire che il risultato è '-4' perché le è uscito un altro risultato.,La ragazza con la canottiera verde è sorpresa di sentire che il risultato è '-4' perché non si aspettava un risultato negativo.
video081_causale_02,video081,video081.mp4,video081_causale,2,causale,Perché la ragazza con la canottiera verde è sorpresa di sentire che il risultato è '-4'?,barbara,credeva fosse giusto il suo,La ragazza con la canottiera verde è sorpresa di sentire che il risultato è '-4' perché credeva fosse giusto il suo.,La ragazza con la canottiera verde è sorpresa di sentire che il risultato è '-4' perché non sapeva nulla del test.
video081_causale_03,video081,video081.mp4,video081_causale,3,causale,Perché la ragazza con la canottiera verde è sorpresa di sentire che il risultato è '-4'?,eli,"perché pensava che il proprio risultato fosse corretto, ma all'altra ragazza viene un risultato differente","La ragazza con la canottiera verde è sorpresa perché pensava che il proprio risultato fosse corretto, ma all'altra ragazza viene un risultato differente.","La ragazza con la canottiera verde è sorpresa perché aveva sbagliato un calcolo, ma all'altra ragazza viene lo stesso risultato."
video081_causale_04,video081,video081.mp4,video081_causale,4,causale,Perché la ragazza con la canottiera verde è sorpresa di sentire che il risultato è '-4'?,michela,perché a lei viene un risultato diverso,La ragazza con la canottiera verde è sorpresa di sentire il risultato '-4' perché a lei viene un risultato diverso.,La ragazza con la canottiera verde è sorpresa di sentire il risultato '-4' perché lo aveva ottenuto anche lei.
video081_spaziale_01,video081,video081.mp4,video081_spaziale,1,spaziale,Dov'è il biscotto quando la ragazza con la felpa nera corregge l'esercizio?,Memmo,"Probabilmente preso dalla cartella, e l'altra ragazza lo mangia",Probabilmente il biscotto è preso dalla cartella e l'altra ragazza lo mangia.,Probabilmente il biscotto è preso dal tavolo e l'altra ragazza lo mangia.
video081_spaziale_02,video081,video081.mp4,video081_spaziale,2,spaziale,Dov'è il biscotto quando la ragazza con la felpa nera corregge l'esercizio?,barbara,lo sta mangiando l'altra ragazza,Il biscotto è mangiato dall'altra ragazza quando la ragazza con la felpa nera corregge l'esercizio.,Il biscotto è mangiato dall'altra ragazza quando la ragazza con la felpa nera è in biblioteca.
video081_spaziale_03,video081,video081.mp4,video081_spaziale,3,spaziale,Dov'è il biscotto quando la ragazza con la felpa nera corregge l'esercizio?,eli,"nelle mani dell'altra ragazza, quella con la canotta verde, che lo sta mangiando","Il biscotto si trova nelle mani dell'altra ragazza con la canotta verde, che lo sta mangiando.",Il biscotto si trova negli zaini dei ragazzi seduti al parco.
video081_spaziale_04,video081,video081.mp4,video081_spaziale,4,spaziale,Dov'è il biscotto quando la ragazza con la felpa nera corregge l'esercizio?,michela,in mano alla ragazza con la canotta verde che lo sta mangiando,Il biscotto è in mano alla ragazza con la canotta verde che lo sta mangiando.,Il biscotto è sul tavolo accanto alla ragazza con la canotta verde che lo sta mangiando.
video081_temporale_01,video081,video081.mp4,video081_temporale,1,temporale,La ragazza con la felpa nera prende il quaderno dell'altra prima o dopo aver confrontato con lei il risultato?,Memmo,dopo,La ragazza con la felpa nera prende il quaderno dell'altra dopo aver confrontato con lei il risultato.,La ragazza con la felpa nera prende il quaderno dell'altra prima di confrontare con lei il risultato.
video081_temporale_02,video081,video081.mp4,video081_temporale,2,temporale,La ragazza con la felpa nera prende il quaderno dell'altra prima o dopo aver confrontato con lei il risultato?,barbara,dopo,La ragazza con la felpa nera prende il quaderno dell'altra dopo aver confrontato il risultato.,La ragazza con la felpa nera prende il quaderno dell'altra prima di confrontare il risultato.
video081_temporale_03,video081,video081.mp4,video081_temporale,3,temporale,La ragazza con la felpa nera prende il quaderno dell'altra prima o dopo aver confrontato con lei il risultato?,eli,lo prende in un momento successivo,La ragazza con la felpa nera prende il quaderno dell'altra in un momento successivo al confronto del risultato.,La ragazza con la felpa nera prende il quaderno dell'altra prima del confronto del risultato.
video081_temporale_04,video081,video081.mp4,video081_temporale,4,temporale,La ragazza con la felpa nera prende il quaderno dell'altra prima o dopo aver confrontato con lei il risultato?,michela,lo prende dopo,"Nel video, la ragazza con la felpa nera prende il quaderno dell'altra dopo aver confrontato con lei il risultato.","Nel video, la ragazza con la felpa nera prende il quaderno dell'altra prima di confrontare con lei il risultato."
video082_causale_01,video082,video082.mp4,video082_causale,1,causale,Perché l'uomo con la camicia a quadri si fa allacciare la scarpa dal signore sulla panchina?,Memmo,Perchè gli manca un braccio,L'uomo con la camicia a quadri si fa allacciare la scarpa perché gli manca un braccio.,L'uomo con la camicia a quadri si fa allacciare la scarpa perché non sa come fare il nodo.
video082_causale_02,video082,video082.mp4,video082_causale,2,causale,Perché l'uomo con la camicia a quadri si fa allacciare la scarpa dal signore sulla panchina?,barbara,non ha la mano,L'uomo con la camicia a quadri si fa allacciare la scarpa perché non ha la mano.,L'uomo con la camicia a quadri si fa allacciare la scarpa perché non sa farlo da solo.
video082_causale_03,video082,video082.mp4,video082_causale,3,causale,Perché l'uomo con la camicia a quadri si fa allacciare la scarpa dal signore sulla panchina?,eli,"perché ha perso un braccio in un incidente e, non avendo una mano, non riesce ad allacciarsi la scarpa da solo",L'uomo con la camicia a quadri si fa allacciare la scarpa perché ha perso un braccio in un incidente e non riesce a farlo da solo.,L'uomo con la camicia a quadri si fa allacciare la scarpa perché si è fatto male alla schiena e non riesce a chinarsi.
video082_causale_04,video082,video082.mp4,video082_causale,4,causale,Perché l'uomo con la camicia a quadri si fa allacciare la scarpa dal signore sulla panchina?,michela,perché ha perso il braccio in un incidente e non riesce da solo,L'uomo con la camicia a quadri si fa allacciare la scarpa dal signore sulla panchina perché ha perso il braccio in un incidente e non riesce da solo.,L'uomo con la camicia a quadri si fa allacciare la scarpa dal signore sulla panchina perché non sa come fare i nodi.
video082_spaziale_01,video082,video082.mp4,video082_spaziale,1,spaziale,Dove indica l'uomo senza un braccio quando chiede aiuto?,Memmo,Indica la scarpa,L'uomo senza un braccio indica la scarpa quando chiede aiuto.,L'uomo senza un braccio indica il muro quando chiede aiuto.
video082_spaziale_02,video082,video082.mp4,video082_spaziale,2,spaziale,Dove indica l'uomo senza un braccio quando chiede aiuto?,barbara,in basso verso la scarpa,L'uomo senza un braccio indica in basso verso la scarpa quando chiede aiuto.,L'uomo senza un braccio indica in alto verso il cielo quando chiede aiuto.
video082_spaziale_03,video082,video082.mp4,video082_spaziale,3,spaziale,Dove indica l'uomo senza un braccio quando chiede aiuto?,eli,"in basso, sui lacci della scarpa","L'uomo senza un braccio indica in basso, sui lacci della scarpa, quando chiede aiuto.","L'uomo senza un braccio indica in alto, verso il soffitto, quando chiede aiuto."
video082_spaziale_04,video082,video082.mp4,video082_spaziale,4,spaziale,Dove indica l'uomo senza un braccio quando chiede aiuto?,michela,sui lacci della scarpa,L'uomo senza un braccio indica sui lacci della scarpa quando chiede aiuto.,L'uomo senza un braccio indica verso la finestra quando chiede aiuto.
video082_temporale_01,video082,video082.mp4,video082_temporale,1,temporale,Il signore con la maglietta nera chiede all'uomo con la camicia a quadri informazioni sul suo braccio prima o dopo avergli allacciato la scarpa?,Memmo,prima e durante,Il signore con la maglietta nera chiede informazioni sul braccio dell'uomo con la camicia a quadri prima e durante avergli allacciato la scarpa.,Il signore con la maglietta nera chiede informazioni sul braccio dell'uomo con la camicia a quadri dopo avergli allacciato la scarpa.
video082_temporale_02,video082,video082.mp4,video082_temporale,2,temporale,Il signore con la maglietta nera chiede all'uomo con la camicia a quadri informazioni sul suo braccio prima o dopo avergli allacciato la scarpa?,barbara,prima,Il signore con la maglietta nera chiede informazioni sul braccio dell'uomo con la camicia a quadri prima di allacciargli la scarpa.,Il signore con la maglietta nera chiede informazioni sul braccio dell'uomo con la camicia a quadri dopo avergli allacciato la scarpa.
video082_temporale_03,video082,video082.mp4,video082_temporale,3,temporale,Il signore con la maglietta nera chiede all'uomo con la camicia a quadri informazioni sul suo braccio prima o dopo avergli allacciato la scarpa?,eli,"mentre gli allaccia la scarpa, quindi prima della fase successiva","Il signore con la maglietta nera chiede informazioni sul braccio dell'uomo con la camicia a quadri mentre gli allaccia la scarpa, quindi prima della fase successiva.","Il signore con la maglietta nera chiede informazioni sul braccio dell'uomo con la camicia a quadri dopo avergli allacciato la scarpa, quindi dopo la fase successiva."
video082_temporale_04,video082,video082.mp4,video082_temporale,4,temporale,Il signore con la maglietta nera chiede all'uomo con la camicia a quadri informazioni sul suo braccio prima o dopo avergli allacciato la scarpa?,michela,mentre gli allaccia la scarpa,Il signore con la maglietta nera chiede informazioni sul braccio mentre allaccia la scarpa all'uomo con la camicia a quadri.,"Dopo che il signore con la maglietta nera ha chiesto informazioni sul braccio, ha allacciato la scarpa all'uomo con la camicia a quadri."
video083_causale_01,video083,video083.mp4,video083_causale,1,causale,Perché Vanessa è sorpresa?,Memmo,Perchè non si aspettava che le sarebbe arrivato in faccia un piatto di panna,Vanessa è sorpresa perché non si aspettava che le sarebbe arrivato in faccia un piatto di panna.,Vanessa è sorpresa perché non si aspettava di ricevere un messaggio improvviso.
video083_causale_02,video083,video083.mp4,video083_causale,2,causale,Perché Vanessa è sorpresa?,barbara,per uno scherzo della mamma,Vanessa è sorpresa a causa di uno scherzo della mamma.,Vanessa è sorpresa a causa di un errore al lavoro.
video083_causale_03,video083,video083.mp4,video083_causale,3,causale,Perché Vanessa è sorpresa?,eli,perché la madre le fa uno scherzo: la bambina si aspettava che le portasse un panino,Vanessa è sorpresa perché la madre le fa uno scherzo; la bambina si aspettava che le portasse un panino.,Vanessa è sorpresa perché la madre le porta un panino; la bambina si aspettava che le facesse uno scherzo.
video083_causale_04,video083,video083.mp4,video083_causale,4,causale,Perché Vanessa è sorpresa?,michela,perché si aspettava che la mamma le portasse un panino,Vanessa è sorpresa perché si aspettava che la mamma le portasse un panino.,Vanessa è sorpresa perché ha ricevuto un regalo inaspettato.
video083_spaziale_01,video083,video083.mp4,video083_spaziale,1,spaziale,Dove porta la mamma il piatto?,Memmo,nel muso a vanessa!,La mamma porta il piatto nel muso a Vanessa.,La mamma porta il piatto in soggiorno a Vanessa.
video083_spaziale_02,video083,video083.mp4,video083_spaziale,2,spaziale,Dove porta la mamma il piatto?,barbara,in salotto,La mamma porta il piatto in salotto.,La mamma porta il piatto in cucina.
video083_spaziale_03,video083,video083.mp4,video083_spaziale,3,spaziale,Dove porta la mamma il piatto?,eli,"in salotto, davanti al volto della bambina","La mamma porta il piatto in salotto, davanti al volto della bambina.","La mamma porta il piatto in cucina, davanti al volto della bambina."
video083_spaziale_04,video083,video083.mp4,video083_spaziale,4,spaziale,Dove porta la mamma il piatto?,michela,in faccia alla bambina,La mamma porta il piatto in faccia alla bambina.,La mamma porta il piatto nelle mani della bambina.
video083_temporale_01,video083,video083.mp4,video083_temporale,1,temporale,Vanessa piange prima o dopo che la mamma le dia la panna?,Memmo,Prima,Vanessa piange prima che la mamma le dia la panna.,Vanessa piange dopo che la mamma le ha dato la panna.
video083_temporale_02,video083,video083.mp4,video083_temporale,2,temporale,Vanessa piange prima o dopo che la mamma le dia la panna?,barbara,dopo,Vanessa piange dopo che la mamma le dà la panna.,Vanessa piange prima che la mamma le dia la panna.
video083_temporale_03,video083,video083.mp4,video083_temporale,3,temporale,Vanessa piange prima o dopo che la mamma le dia la panna?,eli,successivamente,Vanessa piange successivamente al momento in cui la mamma le dà la panna.,Vanessa piange prima che la mamma le dia la panna.
video083_temporale_04,video083,video083.mp4,video083_temporale,4,temporale,Vanessa piange prima o dopo che la mamma le dia la panna?,michela,dopo,Vanessa piange dopo che la mamma le dia la panna.,Vanessa piange prima che la mamma le dia la panna.
video084_causale_01,video084,video084.mp4,video084_causale,1,causale,Cosa ha causato il dolore della bambina con la maglia grigia?,Memmo,L'acqua bollente,Il dolore della bambina con la maglia grigia è stato causato dall'acqua bollente.,Il dolore della bambina con la maglia grigia è stato causato da una caduta.
video084_causale_02,video084,video084.mp4,video084_causale,2,causale,Cosa ha causato il dolore della bambina con la maglia grigia?,barbara,l'acqua bollente,Il dolore della bambina con la maglia grigia è stato causato dall'acqua bollente.,Il dolore della bambina con la maglia grigia è stato causato da una caduta.
video084_causale_03,video084,video084.mp4,video084_causale,3,causale,Cosa ha causato il dolore della bambina con la maglia grigia?,eli,perché l'altra bambina l'ha bruciata con acqua bollente o comunque molto calda,Il dolore della bambina con la maglia grigia è stato causato perché l'altra bambina l'ha bruciata con acqua bollente o comunque molto calda.,Il dolore della bambina con la maglia grigia è stato causato perché è caduta dalla bicicletta.
video084_causale_04,video084,video084.mp4,video084_causale,4,causale,Cosa ha causato il dolore della bambina con la maglia grigia?,michela,l'altra bambina l'ha bruciata con l'acqua calda,Il dolore della bambina con la maglia grigia è stato causato dall'altra bambina che l'ha bruciata con l'acqua calda.,Il dolore della bambina con la maglia grigia è stato causato dall'altra bambina che l'ha colpita con una palla.
video084_spaziale_01,video084,video084.mp4,video084_spaziale,1,spaziale,Dove mette la bambina con la maglia grigia ciò che le dà la bambina con la maglia rosa?,Memmo,Sulla mano ustionata,La bambina con la maglia grigia mette ciò che le viene dato sulla mano ustionata.,La bambina con la maglia grigia mette ciò che le viene dato sulla gamba ustionata.
video084_spaziale_02,video084,video084.mp4,video084_spaziale,2,spaziale,Dove mette la bambina con la maglia grigia ciò che le dà la bambina con la maglia rosa?,barbara,sulla mano,La bambina con la maglia grigia mette ciò che le dà la bambina con la maglia rosa sulla mano.,La bambina con la maglia grigia mette ciò che le dà la bambina con la maglia rosa sulla testa.
video084_spaziale_03,video084,video084.mp4,video084_spaziale,3,spaziale,Dove mette la bambina con la maglia grigia ciò che le dà la bambina con la maglia rosa?,eli,sulla mano ustionata della bambina,La bambina con la maglia grigia mette ciò che le dà la bambina con la maglia rosa sulla mano ustionata.,La bambina con la maglia grigia mette ciò che le dà la bambina con la maglia rosa sulla mano sinistra.
video084_spaziale_04,video084,video084.mp4,video084_spaziale,4,spaziale,Dove mette la bambina con la maglia grigia ciò che le dà la bambina con la maglia rosa?,michela,sulla mano bruciata della bambina,La bambina con la maglia grigia pone ciò che le viene dato sulla mano bruciata della bambina.,La bambina con la maglia grigia pone ciò che le viene dato sulla spalla bruciata della bambina.
video084_temporale_01,video084,video084.mp4,video084_temporale,1,temporale,La bambina con la maglia grigia urla prima o dopo che quella con la maglia rosa inizi a correre?,Memmo,Prima e durante,La bambina con la maglia grigia urla prima e durante che la bambina con la maglia rosa inizi a correre.,La bambina con la maglia grigia urla dopo che la bambina con la maglia rosa inizi a correre.
video084_temporale_02,video084,video084.mp4,video084_temporale,2,temporale,La bambina con la maglia grigia urla prima o dopo che quella con la maglia rosa inizi a correre?,barbara,prima,La bambina con la maglia grigia urla prima che quella con la maglia rosa inizi a correre.,La bambina con la maglia grigia urla dopo che quella con la maglia rosa ha iniziato a correre.
video084_temporale_03,video084,video084.mp4,video084_temporale,3,temporale,La bambina con la maglia grigia urla prima o dopo che quella con la maglia rosa inizi a correre?,eli,in precedenza,La bambina con la maglia grigia urla in precedenza rispetto a quando quella con la maglia rosa inizia a correre.,La bambina con la maglia grigia urla dopo che quella con la maglia rosa inizia a correre.
video084_temporale_04,video084,video084.mp4,video084_temporale,4,temporale,La bambina con la maglia grigia urla prima o dopo che quella con la maglia rosa inizi a correre?,michela,prima,La bambina con la maglia grigia urla prima che quella con la maglia rosa inizi a correre.,La bambina con la maglia grigia urla dopo che quella con la maglia rosa ha iniziato a correre.
video085_causale_01,video085,video085.mp4,video085_causale,1,causale,Perché la bambina con i braccioli non riesce a salire sul gonfiabile?,Memmo,Perchè è piccolina ed è rimasta abbindolata,La bambina con i braccioli non riesce a salire sul gonfiabile perché è piccolina ed è rimasta abbindolata.,La bambina con i braccioli non riesce a salire sul gonfiabile perché il gonfiabile è troppo scivoloso.
video085_causale_02,video085,video085.mp4,video085_causale,2,causale,Perché la bambina con i braccioli non riesce a salire sul gonfiabile?,barbara,perchè ride,La bambina con i braccioli non riesce a salire sul gonfiabile perché ride.,La bambina con i braccioli non riesce a salire sul gonfiabile perché è stanca.
video085_causale_03,video085,video085.mp4,video085_causale,3,causale,Perché la bambina con i braccioli non riesce a salire sul gonfiabile?,eli,"perché è troppo bassa e ha le gambe troppo corte, circostanza che rende la scena comica e la fa ridere","La bambina con i braccioli non riesce a salire sul gonfiabile perché è troppo bassa e ha le gambe troppo corte, il che rende la scena comica e la fa ridere.","La bambina con i braccioli non riesce a salire sul gonfiabile perché è troppo alto e scivoloso, il che rende la scena comica e la fa ridere."
video085_causale_04,video085,video085.mp4,video085_causale,4,causale,Perché la bambina con i braccioli non riesce a salire sul gonfiabile?,michela,perché è troppo bassa e ha le gambe troppo corte,La bambina con i braccioli non riesce a salire sul gonfiabile perché è troppo bassa e ha le gambe troppo corte.,La bambina con i braccioli non riesce a salire sul gonfiabile perché è troppo alto e scivoloso.
video085_spaziale_01,video085,video085.mp4,video085_spaziale,1,spaziale,Dove stanno giocando le bambine?,Memmo,In piscina,Le bambine stanno giocando in piscina.,Le bambine stanno giocando in giardino.
video085_spaziale_02,video085,video085.mp4,video085_spaziale,2,spaziale,Dove stanno giocando le bambine?,barbara,in piscina,Le bambine stanno giocando in piscina.,Le bambine stanno giocando in giardino.
video085_spaziale_03,video085,video085.mp4,video085_spaziale,3,spaziale,Dove stanno giocando le bambine?,eli,dentro l'acqua della piscina,Le bambine stanno giocando dentro l'acqua della piscina.,Le bambine stanno giocando sul prato accanto alla piscina.
video085_spaziale_04,video085,video085.mp4,video085_spaziale,4,spaziale,Dove stanno giocando le bambine?,michela,dentro l'acqua,Le bambine stanno giocando dentro l'acqua.,Le bambine stanno giocando sulla sabbia.
video085_temporale_01,video085,video085.mp4,video085_temporale,1,temporale,La bambina con i braccioli cade in acqua prima o dopo che la donna l'aiuti?,Memmo,Dopo,La bambina con i braccioli cade in acqua dopo che la donna l'aiuti.,La bambina con i braccioli cade in acqua prima che la donna l'aiuti.
video085_temporale_02,video085,video085.mp4,video085_temporale,2,temporale,La bambina con i braccioli cade in acqua prima o dopo che la donna l'aiuti?,barbara,prima,La bambina con i braccioli cade in acqua prima che la donna l'aiuti.,La bambina con i braccioli cade in acqua dopo che la donna l'ha aiutata.
video085_temporale_03,video085,video085.mp4,video085_temporale,3,temporale,La bambina con i braccioli cade in acqua prima o dopo che la donna l'aiuti?,eli,prima dell'evento seguente; la caduta avviene successivamente,La caduta della bambina con i braccioli avviene successivamente all'aiuto della donna.,La caduta della bambina con i braccioli avviene prima dell'aiuto della donna.
video085_temporale_04,video085,video085.mp4,video085_temporale,4,temporale,La bambina con i braccioli cade in acqua prima o dopo che la donna l'aiuti?,michela,cade dopo,La bambina con i braccioli cade in acqua dopo che la donna l'aiuti.,La bambina con i braccioli cade in acqua prima che la donna l'aiuti.
video086_causale_01,video086,video086.mp4,video086_causale,1,causale,Perché la bambina in piscina deve aiutare la sorella?,Memmo,"Per ricambiare il favore d'aiuto di qualche giorno prima, per una puntura d'ape",La bambina in piscina deve aiutare la sorella per ricambiare il favore d'aiuto di qualche giorno prima per una puntura d'ape.,La bambina in piscina deve aiutare la sorella perché le hanno chiesto di farlo.
video086_causale_02,video086,video086.mp4,video086_causale,2,causale,Perché la bambina in piscina deve aiutare la sorella?,barbara,perchè alla sorella gli fa male la gamba,La bambina in piscina deve aiutare la sorella perché le fa male la gamba.,La bambina in piscina deve aiutare la sorella perché ha perso gli occhiali.
video086_causale_03,video086,video086.mp4,video086_causale,3,causale,Perché la bambina in piscina deve aiutare la sorella?,eli,perché la sorella si è fatta male e avverte dolore alla gamba,La bambina in piscina deve aiutare la sorella perché si è fatta male e avverte dolore alla gamba.,La bambina in piscina deve aiutare la sorella perché ha perso il suo giocattolo preferito.
video086_causale_04,video086,video086.mp4,video086_causale,4,causale,Perché la bambina in piscina deve aiutare la sorella?,michela,perché si è fatta male,La bambina in piscina deve aiutare la sorella perché si è fatta male.,La bambina in piscina deve aiutare la sorella perché ha dimenticato come nuotare.
video086_spaziale_01,video086,video086.mp4,video086_spaziale,1,spaziale,Dove è inciampata la bambina?,Memmo,nel tubo dell'acqua,La bambina è inciampata nel tubo dell'acqua.,La bambina è inciampata sul marciapiede.
video086_spaziale_02,video086,video086.mp4,video086_spaziale,2,spaziale,Dove è inciampata la bambina?,barbara,nella canna,La bambina è inciampata nella canna.,La bambina è inciampata sul marciapiede.
video086_spaziale_03,video086,video086.mp4,video086_spaziale,3,spaziale,Dove è inciampata la bambina?,eli,"sul tubo, cioè sulla canna verde davanti alla piscina","La bambina è inciampata sul tubo, cioè sulla canna verde davanti alla piscina.","La bambina è inciampata sul tubo, cioè sulla canna verde dietro la piscina."
video086_spaziale_04,video086,video086.mp4,video086_spaziale,4,spaziale,Dove è inciampata la bambina?,michela,su un tubo verde davanti alla piscina,La bambina è inciampata su un tubo verde davanti alla piscina.,La bambina è inciampata su un tubo verde dietro la piscina.
video086_temporale_01,video086,video086.mp4,video086_temporale,1,temporale,La bambina con i braccioli cade prima o dopo che la sorella esca dalla piscina?,Memmo,Molto prima,La bambina con i braccioli cade molto prima che la sorella esca dalla piscina.,La bambina con i braccioli cade molto dopo che la sorella esce dalla piscina.
video086_temporale_02,video086,video086.mp4,video086_temporale,2,temporale,La bambina con i braccioli cade prima o dopo che la sorella esca dalla piscina?,barbara,prima,La bambina con i braccioli cade prima che la sorella esca dalla piscina.,La bambina con i braccioli cade dopo che la sorella esce dalla piscina.
video086_temporale_03,video086,video086.mp4,video086_temporale,3,temporale,La bambina con i braccioli cade prima o dopo che la sorella esca dalla piscina?,eli,in un momento precedente,La bambina con i braccioli cade in un momento precedente rispetto a quando la sorella esce dalla piscina.,La bambina con i braccioli cade in un momento successivo rispetto a quando la sorella esce dalla piscina.
video086_temporale_04,video086,video086.mp4,video086_temporale,4,temporale,La bambina con i braccioli cade prima o dopo che la sorella esca dalla piscina?,michela,prima,La bambina con i braccioli cade prima che la sorella esca dalla piscina.,La bambina con i braccioli cade dopo che la sorella esce dalla piscina.
video087_causale_01,video087,video087.mp4,video087_causale,1,causale,Perché la bambina sta soffrendo?,Memmo,Per il dente che sta per cadere,La bambina sta soffrendo per il dente che sta per cadere.,La bambina sta soffrendo per il ginocchio sbucciato.
video087_causale_02,video087,video087.mp4,video087_causale,2,causale,Perché la bambina sta soffrendo?,barbara,deve togliere un dente,La bambina sta soffrendo perché deve togliere un dente.,La bambina sta soffrendo perché ha mal di pancia.
video087_causale_03,video087,video087.mp4,video087_causale,3,causale,Perché la bambina sta soffrendo?,eli,"perché il dente le dondola e deve essere tolto, quindi la donna lo sta tirando","La bambina sta soffrendo perché il dente le dondola e deve essere tolto, quindi la donna lo sta tirando.","La bambina sta soffrendo perché ha mal di pancia, quindi la donna sta cercando una medicina."
video087_causale_04,video087,video087.mp4,video087_causale,4,causale,Perché la bambina sta soffrendo?,michela,perché ha un dente che le dondola e la donna lo sta tirando,La bambina sta soffrendo perché ha un dente che le dondola e la donna lo sta tirando.,La bambina sta soffrendo perché ha mal di pancia e la donna le sta dando una medicina.
video087_spaziale_01,video087,video087.mp4,video087_spaziale,1,spaziale,Dove mette il dito la bambina davanti allo specchio?,Memmo,sul tende ciondoloni,La bambina mette il dito sul tendone ciondoloni davanti allo specchio.,La bambina mette il dito sul tendone ciondoloni davanti alla finestra.
video087_spaziale_02,video087,video087.mp4,video087_spaziale,2,spaziale,Dove mette il dito la bambina davanti allo specchio?,barbara,sul dente,La bambina mette il dito sul dente davanti allo specchio.,La bambina mette il dito sul dente dietro allo specchio.
video087_spaziale_03,video087,video087.mp4,video087_spaziale,3,spaziale,Dove mette il dito la bambina davanti allo specchio?,eli,"in bocca, direttamente sul dente","La bambina mette il dito in bocca, direttamente sul dente.","La bambina mette il dito in bocca, direttamente sulla lingua."
video087_spaziale_04,video087,video087.mp4,video087_spaziale,4,spaziale,Dove mette il dito la bambina davanti allo specchio?,michela,in bocca,La bambina davanti allo specchio mette il dito in bocca.,La bambina dietro allo specchio mette il dito in bocca.
video087_temporale_01,video087,video087.mp4,video087_temporale,1,temporale,La donna prova a togliere il dente alla bambina prima o dopo aver detto che ne sono già caduti altri?,Memmo,dopo,La donna prova a togliere il dente alla bambina dopo aver detto che ne sono già caduti altri.,La donna prova a togliere il dente alla bambina prima di dire che ne sono già caduti altri.
video087_temporale_02,video087,video087.mp4,video087_temporale,2,temporale,La donna prova a togliere il dente alla bambina prima o dopo aver detto che ne sono già caduti altri?,barbara,dopo,La donna prova a togliere il dente alla bambina dopo aver detto che ne sono già caduti altri.,La donna prova a togliere il dente alla bambina prima di aver detto che ne sono già caduti altri.
video087_temporale_03,video087,video087.mp4,video087_temporale,3,temporale,La donna prova a togliere il dente alla bambina prima o dopo aver detto che ne sono già caduti altri?,eli,in seguito,La donna prova a togliere il dente alla bambina in seguito a quando ha detto che ne sono già caduti altri.,La donna prova a togliere il dente alla bambina prima di quando ha detto che ne sono già caduti altri.
video087_temporale_04,video087,video087.mp4,video087_temporale,4,temporale,La donna prova a togliere il dente alla bambina prima o dopo aver detto che ne sono già caduti altri?,michela,dopo,La donna prova a togliere il dente alla bambina dopo aver detto che ne sono già caduti altri.,La donna prova a togliere il dente alla bambina prima di dire che ne sono già caduti altri.
video088_causale_01,video088,video088.mp4,video088_causale,1,causale,Perché si sente un botto?,Memmo,Per l'effetto di come è stato piegato il foglio dopo il movimento,Il botto si sente a causa dell'effetto di come è stato piegato il foglio dopo il movimento.,Il botto si sente a causa dell'effetto dell'urto con il pavimento.
video088_causale_02,video088,video088.mp4,video088_causale,2,causale,Perché si sente un botto?,barbara,la bambina lo agita,Si sente un botto perché la bambina lo agita.,Si sente un botto perché il temporale è vicino.
video088_causale_03,video088,video088.mp4,video088_causale,3,causale,Perché si sente un botto?,eli,perché la bambina agita il foglio piegato e il movimento fa sì che si apra,Si sente un botto perché la bambina agita il foglio piegato e il movimento fa sì che si apra.,Si sente un botto perché la bambina lascia cadere il libro pesante sul pavimento.
video088_causale_04,video088,video088.mp4,video088_causale,4,causale,Perché si sente un botto?,michela,perché la bambina agita il foglio di carta piegato che si apre,Si sente un botto perché la bambina agita il foglio di carta piegato che si apre.,Si sente un botto perché un petardo esplode nelle vicinanze.
video088_spaziale_01,video088,video088.mp4,video088_spaziale,1,spaziale,Dove va tenuto il foglio per fargli produrre il rumore?,Memmo,Per un lembo dopo che è stato piegato a dovere,Il foglio va tenuto per un lembo dopo che è stato piegato a dovere per produrre il rumore.,Il foglio va tenuto sopra un tavolo dopo che è stato piegato a dovere per produrre il rumore.
video088_spaziale_02,video088,video088.mp4,video088_spaziale,2,spaziale,Dove va tenuto il foglio per fargli produrre il rumore?,barbara,sugli angoli,"Per fargli produrre il rumore, il foglio va tenuto sugli angoli.","Per fargli produrre il rumore, il foglio va tenuto al centro."
video088_spaziale_03,video088,video088.mp4,video088_spaziale,3,spaziale,Dove va tenuto il foglio per fargli produrre il rumore?,eli,tenuto per l'angolo del foglio che non è stato piegato,Il foglio va tenuto per l'angolo che non è stato piegato per produrre il rumore.,Il foglio va tenuto per l'angolo che è stato piegato per produrre il rumore.
video088_spaziale_04,video088,video088.mp4,video088_spaziale,4,spaziale,Dove va tenuto il foglio per fargli produrre il rumore?,michela,in mano dall'angolo non piegato,Il foglio va tenuto in mano dall'angolo non piegato per produrre il rumore.,Il foglio va tenuto in mano dall'angolo piegato per produrre il rumore.
video088_temporale_01,video088,video088.mp4,video088_temporale,1,temporale,Il foglio di carta fa rumore prima o dopo essere stato piegato?,Memmo,Dopo,Il foglio di carta fa rumore dopo essere stato piegato.,Il foglio di carta fa rumore prima di essere piegato.
video088_temporale_02,video088,video088.mp4,video088_temporale,2,temporale,Il foglio di carta fa rumore prima o dopo essere stato piegato?,barbara,dopo,Il foglio di carta fa rumore dopo essere stato piegato.,Il foglio di carta fa rumore prima di essere piegato.
video088_temporale_03,video088,video088.mp4,video088_temporale,3,temporale,Il foglio di carta fa rumore prima o dopo essere stato piegato?,eli,successivamente,Il foglio di carta fa rumore successivamente dopo essere stato piegato.,Il foglio di carta fa rumore prima di essere piegato.
video088_temporale_04,video088,video088.mp4,video088_temporale,4,temporale,Il foglio di carta fa rumore prima o dopo essere stato piegato?,michela,dopo,Il foglio di carta fa rumore dopo essere stato piegato.,Il foglio di carta fa rumore prima di essere piegato.
video089_causale_01,video089,video089.mp4,video089_causale,1,causale,Perché il 'Collega Bonanno' viene espulso dall'aula?,Memmo,Per aver tirato fuori una spigola in aula e non aver obbedito a di Maio,Il 'Collega Bonanno' viene espulso dall'aula per aver tirato fuori una spigola e per non aver obbedito a Di Maio.,Il 'Collega Bonanno' viene espulso dall'aula per essersi rifiutato di partecipare alla discussione.
video089_causale_02,video089,video089.mp4,video089_causale,2,causale,Perché il 'Collega Bonanno' viene espulso dall'aula?,barbara,perchè deve abbassare la voce e togliere la spigola,Il 'Collega Bonanno' viene espulso dall'aula perché deve abbassare la voce e togliere la spigola.,Il 'Collega Bonanno' viene espulso dall'aula perché si è seduto al posto sbagliato.
video089_causale_03,video089,video089.mp4,video089_causale,3,causale,Perché il 'Collega Bonanno' viene espulso dall'aula?,eli,"perché il pesce e le urla creano scompiglio, quindi gli viene chiesto di abbassare la voce e di togliere la spigola","Il 'Collega Bonanno' viene espulso dall'aula perché il pesce e le urla creano scompiglio, quindi gli viene chiesto di abbassare la voce e di togliere la spigola.","Il 'Collega Bonanno' viene espulso dall'aula perché interrompe continuamente il dibattito, quindi gli viene chiesto di restare in silenzio e di lasciare la sala."
video089_causale_04,video089,video089.mp4,video089_causale,4,causale,Perché il 'Collega Bonanno' viene espulso dall'aula?,michela,perché crea scompiglio sia con il pesce che con le urla,Il 'Collega Bonanno' viene espulso dall'aula perché crea scompiglio sia con il pesce che con le urla.,Il 'Collega Bonanno' viene espulso dall'aula perché arriva in ritardo.
video089_spaziale_01,video089,video089.mp4,video089_spaziale,1,spaziale,Dove si trova la spigola?,Memmo,la tira fuori bonanno dal basso alla sua destra,La spigola viene tirata fuori dal basso alla destra da Bonanno.,La spigola viene tirata fuori dall'alto alla sinistra da Bonanno.
video089_spaziale_02,video089,video089.mp4,video089_spaziale,2,spaziale,Dove si trova la spigola?,barbara,nella camera dei deputati,La spigola si trova nella camera dei deputati.,La spigola si trova in un ristorante di pesce.
video089_spaziale_03,video089,video089.mp4,video089_spaziale,3,spaziale,Dove si trova la spigola?,eli,"nella Camera dei Deputati, a terra dietro il deputato Buonanno","La spigola si trova nella Camera dei Deputati, a terra dietro il deputato Buonanno.","La spigola si trova nel cortile di un ristorante, a terra dietro il cuoco."
video089_spaziale_04,video089,video089.mp4,video089_spaziale,4,spaziale,Dove si trova la spigola?,michela,in terra ditro il deputato buonanno,La spigola si trova in terra dietro il deputato Buonanno.,La spigola si trova sul tavolo davanti al deputato Buonanno.
video089_temporale_01,video089,video089.mp4,video089_temporale,1,temporale,Il 'Collega Bonanno' mostra una spigola prima o dopo aver iniziato a urlare?,Memmo,dopo,Il 'Collega Bonanno' mostra una spigola dopo aver iniziato a urlare.,Il 'Collega Bonanno' mostra una spigola prima di iniziare a urlare.
video089_temporale_02,video089,video089.mp4,video089_temporale,2,temporale,Il 'Collega Bonanno' mostra una spigola prima o dopo aver iniziato a urlare?,barbara,dopo,Il 'Collega Bonanno' mostra una spigola dopo aver iniziato a urlare.,Il 'Collega Bonanno' mostra una spigola prima di iniziare a urlare.
video089_temporale_03,video089,video089.mp4,video089_temporale,3,temporale,Il 'Collega Bonanno' mostra una spigola prima o dopo aver iniziato a urlare?,eli,"dopo aver tirato fuori il pesce, quando comincia a urlare",Nel video Il 'Collega Bonanno' comincia a urlare dopo aver tirato fuori il pesce.,Il 'Collega Bonanno' comincia a urlare prima di tirare fuori il pesce.
video089_temporale_04,video089,video089.mp4,video089_temporale,4,temporale,Il 'Collega Bonanno' mostra una spigola prima o dopo aver iniziato a urlare?,michela,inizia ad urlare solo dopo aver tirato fuori il pesce,Il 'Collega Bonanno' inizia ad urlare solo dopo aver tirato fuori la spigola.,Il 'Collega Bonanno' inizia ad urlare appena tira fuori la spigola.
video090_causale_01,video090,video090.mp4,video090_causale,1,causale,Perché l'uomo in costume si è congelato?,Memmo,Perchè ha aspettato al freddo il perito industrale,L'uomo in costume si è congelato perché ha aspettato al freddo il perito industriale.,L'uomo in costume si è congelato perché è caduto nel lago ghiacciato.
video090_causale_02,video090,video090.mp4,video090_causale,2,causale,Perché l'uomo in costume si è congelato?,barbara,fa freddo ed ha dovuto attendere molto,L'uomo in costume si è congelato perché fa freddo ed ha dovuto attendere molto.,L'uomo in costume si è congelato perché si è tuffato in acqua gelida.
video090_causale_03,video090,video090.mp4,video090_causale,3,causale,Perché l'uomo in costume si è congelato?,eli,perché fa freddo e ha dovuto aspettare troppo a lungo l'amico che doveva passare a prenderlo,L'uomo in costume si è congelato perché fa freddo e ha dovuto aspettare troppo a lungo l'amico che doveva passare a prenderlo.,L'uomo in costume si è congelato perché è stato colto da una tempesta di neve improvvisa mentre camminava verso casa.
video090_causale_04,video090,video090.mp4,video090_causale,4,causale,Perché l'uomo in costume si è congelato?,michela,perché fa freddo e ha spettato troppo l'amico che lo passasse a prendere,L'uomo in costume si è congelato perché fa freddo e ha aspettato troppo l'amico che lo passasse a prendere.,L'uomo in costume si è congelato perché ha nuotato troppo a lungo in mare aperto.
video090_spaziale_01,video090,video090.mp4,video090_spaziale,1,spaziale,Dove guarda l'uomo quando i musicisti gli chiedono il giorno?,Memmo,Guarda l'orologio da polso,"Al momento in cui i musicisti gli chiedono il giorno, l'uomo guarda l'orologio da polso.","Al momento in cui i musicisti gli chiedono il giorno, l'uomo guarda il calendario sulla scrivania."
video090_spaziale_02,video090,video090.mp4,video090_spaziale,2,spaziale,Dove guarda l'uomo quando i musicisti gli chiedono il giorno?,barbara,l'orologio,"Quando i musicisti gli chiedono il giorno, l'uomo guarda l'orologio.","Quando i musicisti gli chiedono il giorno, l'uomo guarda il calendario."
video090_spaziale_03,video090,video090.mp4,video090_spaziale,3,spaziale,Dove guarda l'uomo quando i musicisti gli chiedono il giorno?,eli,"al polso, nel punto in cui porta l'orologio","L'uomo guarda al polso, nel punto in cui porta l'orologio, quando i musicisti gli chiedono il giorno.","L'uomo guarda al polso, nel punto in cui porta l'orologio, quando i musicisti gli chiedono l'ora."
video090_spaziale_04,video090,video090.mp4,video090_spaziale,4,spaziale,Dove guarda l'uomo quando i musicisti gli chiedono il giorno?,michela,sul suo polso,L'uomo guarda sul suo polso quando i musicisti gli chiedono il giorno.,L'uomo guarda su un calendario quando i musicisti gli chiedono il giorno.
video090_temporale_01,video090,video090.mp4,video090_temporale,1,temporale,Il perito industriale Gudo Colsi arriva prima o dopo l'appuntamento stabilito?,Memmo,Molto dopo,Il perito industriale Gudo Colsi arriva molto dopo l'appuntamento stabilito.,Il perito industriale Gudo Colsi arriva molto prima dell'appuntamento stabilito.
video090_temporale_02,video090,video090.mp4,video090_temporale,2,temporale,Il perito industriale Gudo Colsi arriva prima o dopo l'appuntamento stabilito?,barbara,dopo,Il perito industriale Gudo Colsi arriva dopo l'appuntamento stabilito.,Il perito industriale Gudo Colsi arriva prima dell'appuntamento stabilito.
video090_temporale_03,video090,video090.mp4,video090_temporale,3,temporale,Il perito industriale Gudo Colsi arriva prima o dopo l'appuntamento stabilito?,eli,molto tempo più tardi,Il perito industriale Gudo Colsi arriva molto tempo più tardi rispetto all'appuntamento stabilito.,Il perito industriale Gudo Colsi arriva molto tempo prima rispetto all'appuntamento stabilito.
video090_temporale_04,video090,video090.mp4,video090_temporale,4,temporale,Il perito industriale Gudo Colsi arriva prima o dopo l'appuntamento stabilito?,michela,molto dopo,Il perito industriale Gudo Colsi arriva molto dopo l'appuntamento stabilito.,Il perito industriale Gudo Colsi arriva molto prima dell'appuntamento stabilito.
video091_causale_01,video091,video091.mp4,video091_causale,1,causale,Cosa causa l'ira della donna?,Memmo,Il fatto che siano lenti e che poi dopo salghino in massa,L'ira della donna è causata dal fatto che siano lenti e poi salgano in massa.,L'ira della donna è causata dal fatto che siano veloci e poi se ne vadano tutti insieme.
video091_causale_02,video091,video091.mp4,video091_causale,2,causale,Cosa causa l'ira della donna?,barbara,salgono di corsa,L'ira della donna è causata dal fatto che salgono di corsa.,L'ira della donna è causata dal fatto che parlano a voce alta.
video091_causale_03,video091,video091.mp4,video091_causale,3,causale,Cosa causa l'ira della donna?,eli,perché i passeggeri sono in ritardo e devono salire di corsa sull'aereo,L'ira della donna è causata dal fatto che i passeggeri sono in ritardo e devono salire di corsa sull'aereo.,L'ira della donna è causata dal fatto che i passeggeri stanno facendo troppo rumore in aeroporto.
video091_causale_04,video091,video091.mp4,video091_causale,4,causale,Cosa causa l'ira della donna?,michela,i passeggeri dell'areo che fanno ritardo,L'ira della donna è causata dai passeggeri dell'aereo che fanno ritardo.,L'ira della donna è causata dal cattivo tempo che ha causato il ritardo dell'aereo.
video091_spaziale_01,video091,video091.mp4,video091_spaziale,1,spaziale,Dove salgono i passeggeri?,Memmo,Da una scaletta di legno,I passeggeri salgono da una scaletta di legno.,I passeggeri salgono da una scaletta di metallo.
video091_spaziale_02,video091,video091.mp4,video091_spaziale,2,spaziale,Dove salgono i passeggeri?,barbara,su una scala di legno,I passeggeri salgono su una scala di legno.,I passeggeri salgono su una scala di metallo.
video091_spaziale_03,video091,video091.mp4,video091_spaziale,3,spaziale,Dove salgono i passeggeri?,eli,sulla scaletta di legno che conduce all'aereo,I passeggeri salgono sulla scaletta di legno che conduce all'aereo.,I passeggeri salgono sulla scaletta di legno che conduce alla nave.
video091_spaziale_04,video091,video091.mp4,video091_spaziale,4,spaziale,Dove salgono i passeggeri?,michela,sulla scaletta per arrivare all'aereo,I passeggeri salgono sulla scaletta per arrivare all'aereo.,I passeggeri salgono sulla scaletta per arrivare al treno.
video091_temporale_01,video091,video091.mp4,video091_temporale,1,temporale,La donna urla agli uomini prima o dopo che inizino a correre?,Memmo,Prima,La donna urla agli uomini prima che inizino a correre.,La donna urla agli uomini dopo che iniziano a correre.
video091_temporale_02,video091,video091.mp4,video091_temporale,2,temporale,La donna urla agli uomini prima o dopo che inizino a correre?,barbara,prima,La donna urla agli uomini prima che inizino a correre.,La donna urla agli uomini dopo che hanno iniziato a correre.
video091_temporale_03,video091,video091.mp4,video091_temporale,3,temporale,La donna urla agli uomini prima o dopo che inizino a correre?,eli,"in precedenza, quando la donna urla agli altri di sbrigarsi","La donna urla agli uomini in precedenza, dicendo loro di sbrigarsi, prima che inizino a correre.","La donna urla agli uomini in seguito, dicendo loro di sbrigarsi, dopo che iniziano a correre."
video091_temporale_04,video091,video091.mp4,video091_temporale,4,temporale,La donna urla agli uomini prima o dopo che inizino a correre?,michela,la donna urla di sbrigarsi prima,La donna urla di sbrigarsi prima che gli uomini inizino a correre.,La donna urla di sbrigarsi dopo che gli uomini iniziano a correre.
video092_causale_01,video092,video092.mp4,video092_causale,1,causale,Perché l'hostess si arrabbia?,Memmo,Perchè il passeggero (pantaloni blu) deve tornare al suo posto,L'hostess si arrabbia perché il passeggero con i pantaloni blu deve tornare al suo posto.,L'hostess si arrabbia perché il passeggero con i pantaloni blu non ascolta le istruzioni di sicurezza.
video092_causale_02,video092,video092.mp4,video092_causale,2,causale,Perché l'hostess si arrabbia?,barbara,perchè l'uomo si era alzato,L'hostess si arrabbia perché l'uomo si era alzato.,L'hostess si arrabbia perché l'uomo non si era presentato.
video092_causale_03,video092,video092.mp4,video092_causale,3,causale,Perché l'hostess si arrabbia?,eli,perché l'uomo in camicia rossa a maniche corte si è alzato dal posto per andare a parlare con il capitano,L'hostess si arrabbia perché l'uomo in camicia rossa a maniche corte si è alzato dal posto per andare a parlare con il capitano.,L'hostess si arrabbia perché l'uomo in camicia rossa a maniche corte ha iniziato a urlare.
video092_causale_04,video092,video092.mp4,video092_causale,4,causale,Perché l'hostess si arrabbia?,michela,perché l'uomo con la camicia a maniche corte rossa si è alzato dal suo posto per andare a parlare con il capitano,L'hostess si arrabbia perché l'uomo con la camicia a maniche corte rossa si è alzato dal suo posto per andare a parlare con il capitano.,L'hostess si arrabbia perché l'uomo con la camicia a maniche corte rossa ha urlato ad alta voce nel corridoio.
video092_spaziale_01,video092,video092.mp4,video092_spaziale,1,spaziale,Dove va l'uomo con i pantaloncini blu dopo che si è alzato?,Memmo,a vedere chi c'è nella cabina di pilotaggio,L'uomo con i pantaloncini blu va a vedere chi c'è nella cabina di pilotaggio.,L'uomo con i pantaloncini blu va a vedere chi c'è nella sala d'attesa.
video092_spaziale_02,video092,video092.mp4,video092_spaziale,2,spaziale,Dove va l'uomo con i pantaloncini blu dopo che si è alzato?,barbara,a vedere chi pilota l'aereo,L'uomo con i pantaloncini blu va a vedere chi pilota l'aereo.,L'uomo con i pantaloncini blu va a vedere chi guida il trattore.
video092_spaziale_03,video092,video092.mp4,video092_spaziale,3,spaziale,Dove va l'uomo con i pantaloncini blu dopo che si è alzato?,eli,"verso la parte anteriore dell'aereo, per vedere chi lo sta pilotando","Dopo che si è alzato, l'uomo con i pantaloncini blu va verso la parte anteriore dell'aereo per vedere chi lo sta pilotando.","Dopo che si è alzato, l'uomo con i pantaloncini blu va verso la parte posteriore dell'aereo per vedere chi lo sta pilotando."
video092_spaziale_04,video092,video092.mp4,video092_spaziale,4,spaziale,Dove va l'uomo con i pantaloncini blu dopo che si è alzato?,michela,verso la testa dell'aereo,"Dopo che si è alzato, l'uomo con i pantaloncini blu va verso la testa dell'aereo.","Dopo che si è alzato, l'uomo con i pantaloncini blu va verso la coda dell'aereo."
video092_temporale_01,video092,video092.mp4,video092_temporale,1,temporale,La donna con la scopa si arrabbia prima o dopo essere caduta nel buco?,Memmo,Prima,La donna con la scopa si arrabbia prima di cadere nel buco.,La donna con la scopa si arrabbia dopo essere caduta nel buco.
video092_temporale_02,video092,video092.mp4,video092_temporale,2,temporale,La donna con la scopa si arrabbia prima o dopo essere caduta nel buco?,barbara,prima,La donna con la scopa si arrabbia prima di cadere nel buco.,La donna con la scopa si arrabbia dopo essere caduta nel buco.
video092_temporale_03,video092,video092.mp4,video092_temporale,3,temporale,La donna con la scopa si arrabbia prima o dopo essere caduta nel buco?,eli,"prima, quando intima all'uomo con il cappello di tornare a sedersi mentre agita la scopa","La donna con la scopa si arrabbia prima di cadere nel buco, quando intima all'uomo con il cappello di tornare a sedersi mentre agita la scopa.","La donna con la scopa si arrabbia dopo essere caduta nel buco, quando intima all'uomo con il cappello di tornare a sedersi mentre agita la scopa."
video092_temporale_04,video092,video092.mp4,video092_temporale,4,temporale,La donna con la scopa si arrabbia prima o dopo essere caduta nel buco?,michela,intima all'uomo con il cappello di tornare a sedersi agitando la scopa prima,La donna con la scopa intima all'uomo con il cappello di tornare a sedersi agitando la scopa prima di cadere nel buco.,La donna con la scopa intima all'uomo con il cappello di tornare a sedersi agitando la scopa dopo essere caduta nel buco.
video093_causale_01,video093,video093.mp4,video093_causale,1,causale,Perché la donna dice alla bambina di andare piano?,Memmo,Perchè altrimenti le tolgono la patente (in senso ironico),"La donna dice alla bambina di andare piano perché, in senso ironico, altrimenti le tolgono la patente.",La donna dice alla bambina di andare piano perché altrimenti rischia di inciampare.
video093_causale_02,video093,video093.mp4,video093_causale,2,causale,Perché la donna dice alla bambina di andare piano?,barbara,perchè guida la ferrari,La donna dice alla bambina di andare piano perchè guida la Ferrari.,La donna dice alla bambina di andare piano perchè si è fatto buio.
video093_causale_03,video093,video093.mp4,video093_causale,3,causale,Perché la donna dice alla bambina di andare piano?,eli,per scherzare sul fatto che la giostra venga trattata come se fosse una Ferrari che lei sta guidando,La donna dice alla bambina di andare piano per scherzare sul fatto che la giostra venga trattata come una Ferrari.,La donna dice alla bambina di andare piano perchè la giostra si muove velocemente.
video093_causale_04,video093,video093.mp4,video093_causale,4,causale,Perché la donna dice alla bambina di andare piano?,michela,per scerzare sul fatto che la giostra sia una ferrari,La donna dice alla bambina di andare piano per scherzare sul fatto che la giostra sia una Ferrari.,La donna dice alla bambina di andare piano perché la giostra è pericolosa.
video093_spaziale_01,video093,video093.mp4,video093_spaziale,1,spaziale,Dove indica la bambina con la maglietta gialla?,Memmo,Alla macchinetta delle merendine,La bambina con la maglietta gialla indica alla macchinetta delle merendine.,La bambina con la maglietta gialla indica verso la finestra.
video093_spaziale_02,video093,video093.mp4,video093_spaziale,2,spaziale,Dove indica la bambina con la maglietta gialla?,barbara,distributore automatico,La bambina con la maglietta gialla indica il distributore automatico.,La bambina con la maglietta gialla indica la lavagna.
video093_spaziale_03,video093,video093.mp4,video093_spaziale,3,spaziale,Dove indica la bambina con la maglietta gialla?,eli,presso il distributore automatico di merendine,La bambina con la maglietta gialla indica presso il distributore automatico di merendine.,La bambina con la maglietta gialla indica presso la fontana nel parco.
video093_spaziale_04,video093,video093.mp4,video093_spaziale,4,spaziale,Dove indica la bambina con la maglietta gialla?,michela,al ditrubutore di merendine,La bambina con la maglietta gialla indica al distributore di merendine.,La bambina con la maglietta gialla indica alla libreria.
video093_temporale_01,video093,video093.mp4,video093_temporale,1,temporale,La bambina con la maglia gialla chiede alla mamma di comprare le patatine prima o dopo che la bambina con la coroncina salga sulla Ferrari?,Memmo,Dopo,La bambina con la maglia gialla chiede alla mamma di comprare le patatine dopo che la bambina con la coroncina sale sulla Ferrari.,La bambina con la maglia gialla chiede alla mamma di comprare le patatine prima che la bambina con la coroncina salga sulla Ferrari.
video093_temporale_02,video093,video093.mp4,video093_temporale,2,temporale,La bambina con la maglia gialla chiede alla mamma di comprare le patatine prima o dopo che la bambina con la coroncina salga sulla Ferrari?,barbara,dopo,La bambina con la maglia gialla chiede alla mamma di comprare le patatine dopo che la bambina con la coroncina sale sulla Ferrari.,La bambina con la maglia gialla chiede alla mamma di comprare le patatine prima che la bambina con la coroncina salga sulla Ferrari.
video093_temporale_03,video093,video093.mp4,video093_temporale,3,temporale,La bambina con la maglia gialla chiede alla mamma di comprare le patatine prima o dopo che la bambina con la coroncina salga sulla Ferrari?,eli,"in seguito: quando viene chiesto delle patatine al mais, la bambina con la coroncina è già sulla giostra chiamata Ferrari",La richiesta delle patatine al mais avviene dopo che la bambina con la coroncina è già sulla giostra chiamata Ferrari.,La richiesta delle patatine al mais avviene prima che la bambina con la coroncina sia sulla giostra chiamata Ferrari.
video093_temporale_04,video093,video093.mp4,video093_temporale,4,temporale,La bambina con la maglia gialla chiede alla mamma di comprare le patatine prima o dopo che la bambina con la coroncina salga sulla Ferrari?,michela,la bambina con la coroncina è già sulla ferrari quando l'altra bambina chiede le patatine al mais,La bambina con la maglia gialla chiede le patatine al mais dopo che la bambina con la coroncina è salita sulla Ferrari.,La bambina con la maglia gialla chiede le patatine al mais mentre la bambina con la coroncina sta salendo sulla Ferrari.
video094_causale_01,video094,video094.mp4,video094_causale,1,causale,Perché la folla ride?,Memmo,Perchè la donna chiede al cavaliere di essere la sua dama in un momento non del tutto ameno,La folla ride perché la donna chiede al cavaliere di essere la sua dama in un momento non del tutto ameno.,La folla ride perché la donna racconta una barzelletta al cavaliere.
video094_causale_02,video094,video094.mp4,video094_causale,2,causale,Perché la folla ride?,barbara,per le domande della donna,La folla ride per le domande della donna.,La folla ride per i vestiti della donna.
video094_causale_03,video094,video094.mp4,video094_causale,3,causale,Perché la folla ride?,eli,"perché la donna rivolge una domanda indiscreta a un uomo appena conosciuto, mettendolo in difficoltà","La folla ride perché la donna rivolge una domanda indiscreta a un uomo appena conosciuto, mettendolo in difficoltà.",La folla ride perché la donna racconta una barzelletta esilarante.
video094_causale_04,video094,video094.mp4,video094_causale,4,causale,Perché la folla ride?,michela,perché la donna ha posto una domanda indeiscreta ad un uomo appena coscciuto,La folla ride perché la donna ha posto una domanda indiscreta a un uomo appena conosciuto.,La folla ride perché l'uomo ha raccontato una barzelletta esilarante.
video094_spaziale_01,video094,video094.mp4,video094_spaziale,1,spaziale,Dove inciampa la donna col vestito verde?,Memmo,Sulle scale,La donna col vestito verde inciampa sulle scale.,La donna col vestito verde inciampa sul marciapiede.
video094_spaziale_02,video094,video094.mp4,video094_spaziale,2,spaziale,Dove inciampa la donna col vestito verde?,barbara,sulle scale,La donna col vestito verde inciampa sulle scale.,La donna col vestito verde inciampa sul marciapiede.
video094_spaziale_03,video094,video094.mp4,video094_spaziale,3,spaziale,Dove inciampa la donna col vestito verde?,eli,sui gradini che conducono all'ingresso,La donna col vestito verde inciampa sui gradini che conducono all'ingresso.,La donna col vestito verde inciampa sui gradini che conducono al giardino.
video094_spaziale_04,video094,video094.mp4,video094_spaziale,4,spaziale,Dove inciampa la donna col vestito verde?,michela,sugli scalini dell'ingresso,La donna col vestito verde inciampa sugli scalini dell'ingresso.,La donna col vestito verde inciampa nel corridoio dell'ingresso.
video094_temporale_01,video094,video094.mp4,video094_temporale,1,temporale,La folla ride prima o dopo che la donna urti l'uomo?,Memmo,Dopo,La folla ride dopo che la donna urta l'uomo.,La folla ride prima che la donna urti l'uomo.
video094_temporale_02,video094,video094.mp4,video094_temporale,2,temporale,La folla ride prima o dopo che la donna urti l'uomo?,barbara,dopo,La folla ride dopo che la donna urta l'uomo.,La folla ride prima che la donna urti l'uomo.
video094_temporale_03,video094,video094.mp4,video094_temporale,3,temporale,La folla ride prima o dopo che la donna urti l'uomo?,eli,in un momento successivo,La folla ride in un momento successivo all'urto della donna con l'uomo.,La folla ride in un momento precedente all'urto della donna con l'uomo.
video094_temporale_04,video094,video094.mp4,video094_temporale,4,temporale,La folla ride prima o dopo che la donna urti l'uomo?,michela,dopo,La folla ride dopo che la donna urta l'uomo.,La folla ride prima che la donna urti l'uomo.
video095_causale_01,video095,video095.mp4,video095_causale,1,causale,Perché il professore esce dalla classe?,Memmo,Perchè il preside vuole parlare con lui,Il professore esce dalla classe perché il preside vuole parlare con lui.,Il professore esce dalla classe perché ha finito la lezione.
video095_causale_02,video095,video095.mp4,video095_causale,2,causale,Perché il professore esce dalla classe?,barbara,chiamato dal bidello per andare in presidenza,Il professore esce dalla classe perché è stato chiamato dal bidello per andare in presidenza.,Il professore esce dalla classe perché è finita l'ora di lezione.
video095_causale_03,video095,video095.mp4,video095_causale,3,causale,Perché il professore esce dalla classe?,eli,"perché il bidello lo convoca per andare nell'ufficio del preside, cioè in presidenza",Il professore esce dalla classe perché il bidello lo convoca per andare nell'ufficio del preside.,Il professore esce dalla classe perché la lezione è terminata.
video095_causale_04,video095,video095.mp4,video095_causale,4,causale,Perché il professore esce dalla classe?,michela,perché è stato chiamato nell'ufficio del preside,Il professore esce dalla classe perché è stato chiamato nell'ufficio del preside.,Il professore esce dalla classe perché ha finito la lezione.
video095_spaziale_01,video095,video095.mp4,video095_spaziale,1,spaziale,Dov'era il professore prima di andare dal preside?,Memmo,in aula a fare lezione,"Prima di andare dal preside, il professore era in aula a fare lezione.","Prima di andare dal preside, il professore era in giardino a fare lezione."
video095_spaziale_02,video095,video095.mp4,video095_spaziale,2,spaziale,Dov'era il professore prima di andare dal preside?,barbara,in aula,"Prima di andare dal preside, il professore era in aula.","Prima di andare dal preside, il professore era in mensa."
video095_spaziale_03,video095,video095.mp4,video095_spaziale,3,spaziale,Dov'era il professore prima di andare dal preside?,eli,in fondo alla propria aula scolastica,Il professore era in fondo alla propria aula scolastica prima di andare dal preside.,Il professore era all'ingresso della propria aula scolastica prima di andare dal preside.
video095_spaziale_04,video095,video095.mp4,video095_spaziale,4,spaziale,Dov'era il professore prima di andare dal preside?,michela,nella sua classe in fondo,Il professore era nella sua classe in fondo prima di andare dal preside.,Il professore era nell'ufficio del preside prima di andare nella sua classe in fondo.
video095_temporale_01,video095,video095.mp4,video095_temporale,1,temporale,Il professore va nell'ufficio del preside prima o dopo aver parlato con il bidello?,Memmo,dopo,Il professore va nell'ufficio del preside dopo aver parlato con il bidello.,Il professore va nell'ufficio del preside prima di parlare con il bidello.
video095_temporale_02,video095,video095.mp4,video095_temporale,2,temporale,Il professore va nell'ufficio del preside prima o dopo aver parlato con il bidello?,barbara,dopo,Il professore va nell'ufficio del preside dopo aver parlato con il bidello.,Il professore va nell'ufficio del preside prima di parlare con il bidello.
video095_temporale_03,video095,video095.mp4,video095_temporale,3,temporale,Il professore va nell'ufficio del preside prima o dopo aver parlato con il bidello?,eli,dopo che il bidello lo chiama,Il professore va nell'ufficio del preside dopo che il bidello lo chiama.,Il professore va nell'ufficio del preside prima che il bidello lo chiami.
video095_temporale_04,video095,video095.mp4,video095_temporale,4,temporale,Il professore va nell'ufficio del preside prima o dopo aver parlato con il bidello?,michela,dopo che il bidello lo chiami,Il professore va nell'ufficio del preside dopo che il bidello lo chiami.,Il professore va nell'ufficio del preside prima che il bidello lo chiami.
video096_causale_01,video096,video096.mp4,video096_causale,1,causale,Perché l'uomo dà un biscotto alla cagnolina?,Memmo,Perchè la cagnolina ha risposto correttamente al comando di seguirlo,L'uomo dà un biscotto alla cagnolina perché ha risposto correttamente al comando di seguirlo.,L'uomo dà un biscotto alla cagnolina perché era particolarmente affamato.
video096_causale_02,video096,video096.mp4,video096_causale,2,causale,Perché l'uomo dà un biscotto alla cagnolina?,barbara,perchè ha risposto al suo comando,L'uomo dà un biscotto alla cagnolina perché ha risposto al suo comando.,L'uomo dà un biscotto alla cagnolina perché l'ha vista abbaiando.
video096_causale_03,video096,video096.mp4,video096_causale,3,causale,Perché l'uomo dà un biscotto alla cagnolina?,eli,perché ha eseguito correttamente il comando ricevuto e viene considerata brava,L'uomo dà un biscotto alla cagnolina perché ha eseguito correttamente il comando ricevuto e viene considerata brava.,L'uomo dà un biscotto alla cagnolina perché vuole che smetta di abbaiare.
video096_causale_04,video096,video096.mp4,video096_causale,4,causale,Perché l'uomo dà un biscotto alla cagnolina?,michela,perché ha eseguito i comendi ed è stata brava,L'uomo dà un biscotto alla cagnolina perché ha eseguito i comandi ed è stata brava.,L'uomo dà un biscotto alla cagnolina perché sperava che smettesse di abbaiare.
video096_spaziale_01,video096,video096.mp4,video096_spaziale,1,spaziale,Dove si trova la cagnolina?,Memmo,davanti alla cam. E poi dopo segue il cameramen,Nel video la cagnolina si trova davanti alla cam e poi segue il cameraman.,Nel video la cagnolina si trova dietro alla cam e poi segue il cameraman.
video096_spaziale_02,video096,video096.mp4,video096_spaziale,2,spaziale,Dove si trova la cagnolina?,barbara,in un parco,La cagnolina si trova in un parco.,La cagnolina si trova in un giardino.
video096_spaziale_03,video096,video096.mp4,video096_spaziale,3,spaziale,Dove si trova la cagnolina?,eli,"nel parco, davanti alla persona che sta riprendendo","La cagnolina si trova nel parco, davanti alla persona che sta riprendendo.","La cagnolina si trova in una casa, davanti alla persona che sta riprendendo."
video096_spaziale_04,video096,video096.mp4,video096_spaziale,4,spaziale,Dove si trova la cagnolina?,michela,davanti alla persona che riprende,La cagnolina si trova davanti alla persona che riprende.,La cagnolina si trova dietro alla persona che riprende.
video096_temporale_01,video096,video096.mp4,video096_temporale,1,temporale,L'animale mangia il biscotto prima o dopo il comando?,Memmo,dopo,L'animale mangia il biscotto dopo il comando.,L'animale mangia il biscotto prima del comando.
video096_temporale_02,video096,video096.mp4,video096_temporale,2,temporale,L'animale mangia il biscotto prima o dopo il comando?,barbara,dopo,L'animale mangia il biscotto dopo il comando.,L'animale mangia il biscotto prima del comando.
video096_temporale_03,video096,video096.mp4,video096_temporale,3,temporale,L'animale mangia il biscotto prima o dopo il comando?,eli,in un momento seguente,L'animale mangia il biscotto in un momento seguente al comando.,L'animale mangia il biscotto prima di ricevere il comando.
video096_temporale_04,video096,video096.mp4,video096_temporale,4,temporale,L'animale mangia il biscotto prima o dopo il comando?,michela,dopo,L'animale mangia il biscotto dopo il comando.,L'animale mangia il biscotto prima del comando.
video097_causale_01,video097,video097.mp4,video097_causale,1,causale,Perché le ragazze si sono appese alle sbarre?,Memmo,Per fare l'esercizio che gli ha detto l'insegnante,Le ragazze si sono appese alle sbarre per fare l'esercizio indicato dall'insegnante.,Le ragazze si sono appese alle sbarre per evitare di cadere.
video097_causale_02,video097,video097.mp4,video097_causale,2,causale,Perché le ragazze si sono appese alle sbarre?,barbara,per una sfida,Le ragazze si sono appese alle sbarre per una sfida.,Le ragazze si sono appese alle sbarre per evitare una punizione.
video097_causale_03,video097,video097.mp4,video097_causale,3,causale,Perché le ragazze si sono appese alle sbarre?,eli,perché l'istruttrice propone una sfida e ordina loro di salire sulle parallele,Le ragazze si sono appese alle sbarre perché l'istruttrice propone una sfida e ordina loro di salire sulle parallele.,Le ragazze si sono appese alle sbarre perché volevano provare un esercizio nuovo senza che nessuno glielo chiedesse.
video097_causale_04,video097,video097.mp4,video097_causale,4,causale,Perché le ragazze si sono appese alle sbarre?,michela,perché l'istruttrice ordina loro di salire,Le ragazze si sono appese alle sbarre perché l'istruttrice ordina loro di salire.,Le ragazze si sono appese alle sbarre perché volevano fare uno scherzo.
video097_spaziale_01,video097,video097.mp4,video097_spaziale,1,spaziale,Dove si sono appese le ragazze?,Memmo,alla sbarra,Le ragazze si sono appese alla sbarra.,Le ragazze si sono appese alla trave.
video097_spaziale_02,video097,video097.mp4,video097_spaziale,2,spaziale,Dove si sono appese le ragazze?,barbara,alle parallele,Le ragazze sono appese alle parallele.,Le ragazze sono sedute sul prato.
video097_spaziale_03,video097,video097.mp4,video097_spaziale,3,spaziale,Dove si sono appese le ragazze?,eli,alle parallele utilizzate nella ginnastica artistica,Le ragazze si sono appese alle parallele utilizzate nella ginnastica artistica.,Le ragazze si sono appese a una rete da pallavolo.
video097_spaziale_04,video097,video097.mp4,video097_spaziale,4,spaziale,Dove si sono appese le ragazze?,michela,alle parallele di ginnastica artistica,Le ragazze si sono appese alle parallele di ginnastica artistica.,Le ragazze si sono appese alle corde di arrampicata.
video097_temporale_01,video097,video097.mp4,video097_temporale,1,temporale,Le ragazze si sono appese prima o dopo aver alzato le ginocchia?,Memmo,Prima,Le ragazze si sono appese prima di alzare le ginocchia.,Le ragazze si sono appese dopo aver alzato le ginocchia.
video097_temporale_02,video097,video097.mp4,video097_temporale,2,temporale,Le ragazze si sono appese prima o dopo aver alzato le ginocchia?,barbara,prima,Le ragazze si sono appese prima di alzare le ginocchia.,Le ragazze si sono appese dopo aver alzato le ginocchia.
video097_temporale_03,video097,video097.mp4,video097_temporale,3,temporale,Le ragazze si sono appese prima o dopo aver alzato le ginocchia?,eli,"all'inizio, quando le ragazze sono appese: la prima cosa da fare è sollevare le ginocchia fino al petto","All'inizio, quando le ragazze sono appese, la prima cosa che fanno è sollevare le ginocchia fino al petto.","Alla fine, quando le ragazze sono appese, la prima cosa che fanno è sollevare le ginocchia fino al petto."
video097_temporale_04,video097,video097.mp4,video097_temporale,4,temporale,Le ragazze si sono appese prima o dopo aver alzato le ginocchia?,michela,le ragazze sono appese e la prima cosa che devono fare è alzare le ginocchia  eportarle al petto,Le ragazze sono appese e la prima cosa che devono fare è alzare le ginocchia e portarle al petto.,Le ragazze sono appese e l'ultima cosa che devono fare è alzare le ginocchia e portarle al petto.
video098_causale_01,video098,video098.mp4,video098_causale,1,causale,Perché la donna è sorpresa di trovare il jack di picche?,Memmo,perchè non si aspettava che sbucasse esattamente la carta che ha pensato,La donna è sorpresa perché non si aspettava che sbucasse esattamente la carta che aveva pensato.,La donna è sorpresa perché la carta che aveva pensato non è uscita.
video098_causale_02,video098,video098.mp4,video098_causale,2,causale,Perché la donna è sorpresa di trovare il jack di picche?,barbara,perchè il trucco di magia è riuscito,La donna è sorpresa di trovare il jack di picche perché il trucco di magia è riuscito.,La donna è sorpresa di trovare il jack di picche perché il mazzo era truccato.
video098_causale_03,video098,video098.mp4,video098_causale,3,causale,Perché la donna è sorpresa di trovare il jack di picche?,eli,perché il trucco è riuscito: deve ritrovare la carta scelta e il jack di picche risulta essere proprio quella selezionata,La donna è sorpresa di trovare il jack di picche perché il trucco è riuscito e quella è la carta scelta.,La donna è sorpresa di trovare il jack di picche perché il mazzo è stato mescolato male.
video098_causale_04,video098,video098.mp4,video098_causale,4,causale,Perché la donna è sorpresa di trovare il jack di picche?,michela,perché l'uomo le sta facendo un trucco con le carte e deve ritrovare quella scelta e il jack di picche è proprio quella scelta,"La donna è sorpresa di trovare il jack di picche perché l'uomo le sta facendo un trucco con le carte e deve ritrovare quella scelta, che è proprio il jack di picche.",La donna è sorpresa di trovare il jack di picche perché stava cercando di barare e ha avuto fortuna.
video098_spaziale_01,video098,video098.mp4,video098_spaziale,1,spaziale,Dove si trova il jack di picche?,Memmo,dopo le 22 carte che sono state scartate,Il jack di picche si trova dopo le 22 carte che sono state scartate.,Il jack di picche si trova prima delle 22 carte che sono state scartate.
video098_spaziale_02,video098,video098.mp4,video098_spaziale,2,spaziale,Dove si trova il jack di picche?,barbara,nel mazzo,Il jack di picche si trova nel mazzo.,Il jack di picche si trova sul tavolo.
video098_spaziale_03,video098,video098.mp4,video098_spaziale,3,spaziale,Dove si trova il jack di picche?,eli,all'interno del mazzo di carte,Il jack di picche si trova all'interno del mazzo di carte.,Il jack di picche si trova al di fuori del mazzo di carte.
video098_spaziale_04,video098,video098.mp4,video098_spaziale,4,spaziale,Dove si trova il jack di picche?,michela,nel mazzo di carte,Il jack di picche si trova nel mazzo di carte.,Il jack di picche si trova sul tavolo.
video098_temporale_01,video098,video098.mp4,video098_temporale,1,temporale,Dopo quante carte viene estratta la carta corretta?,Memmo,22,La carta corretta viene estratta dopo 22 carte.,La carta corretta viene estratta prima di 22 carte.
video098_temporale_02,video098,video098.mp4,video098_temporale,2,temporale,Dopo quante carte viene estratta la carta corretta?,barbara,22,La carta corretta viene estratta dopo 22 carte.,La carta corretta viene estratta prima di 22 carte.
video098_temporale_03,video098,video098.mp4,video098_temporale,3,temporale,Dopo quante carte viene estratta la carta corretta?,eli,alla posizione numero ventidue,La carta corretta viene estratta alla posizione numero ventidue.,La carta corretta viene estratta alla posizione numero dieci.
video098_temporale_04,video098,video098.mp4,video098_temporale,4,temporale,Dopo quante carte viene estratta la carta corretta?,michela,alla ventuduesima,La carta corretta viene estratta alla ventiduesima.,La carta corretta viene estratta alla quindicesima.
video099_causale_01,video099,video099.mp4,video099_causale,1,causale,Perché la leccia non entra nel guadino?,Memmo,Perchè è più grande di esso,La leccia non entra nel guadino perché è più grande di esso.,La leccia non entra nel guadino perché si è rotta la rete.
video099_causale_02,video099,video099.mp4,video099_causale,2,causale,Perché la leccia non entra nel guadino?,barbara,perchè è grande,La leccia non entra nel guadino perché è grande.,La leccia non entra nel guadino perché si è rotta la rete.
video099_causale_03,video099,video099.mp4,video099_causale,3,causale,Perché la leccia non entra nel guadino?,eli,"perché, secondo i pescatori, il pesce è di dimensioni molto grandi","La leccia non entra nel guadino perché, secondo i pescatori, il pesce è di dimensioni molto grandi.","La leccia non entra nel guadino perché, secondo i pescatori, il pesce è troppo veloce."
video099_causale_04,video099,video099.mp4,video099_causale,4,causale,Perché la leccia non entra nel guadino?,michela,perché secondo i pescatori è molto grande,"La leccia non entra nel guadino perché, secondo i pescatori, è molto grande.","La leccia non entra nel guadino perché, secondo i pescatori, il guadino è rotto."
video099_spaziale_01,video099,video099.mp4,video099_spaziale,1,spaziale,Dove si trova la leccia?,Memmo,In acqua,La leccia si trova in acqua.,La leccia si trova sulla spiaggia.
video099_spaziale_02,video099,video099.mp4,video099_spaziale,2,spaziale,Dove si trova la leccia?,barbara,in mare,La leccia si trova in mare.,La leccia si trova in un lago.
video099_spaziale_03,video099,video099.mp4,video099_spaziale,3,spaziale,Dove si trova la leccia?,eli,"in mare, agganciata alla lenza collegata alla canna da pesca","La leccia si trova in mare, agganciata alla lenza collegata alla canna da pesca.","La leccia si trova in un lago, agganciata alla lenza collegata alla canna da pesca."
video099_spaziale_04,video099,video099.mp4,video099_spaziale,4,spaziale,Dove si trova la leccia?,michela,appesa alla canna da pesca,La leccia si trova appesa alla canna da pesca.,La leccia si trova sdraiata sulla spiaggia.
video099_temporale_01,video099,video099.mp4,video099_temporale,1,temporale,Il pescatore capisce che la leccia è grossa prima o dopo averla pescata?,Memmo,Dopo,Il pescatore capisce che la leccia è grossa dopo averla pescata.,Il pescatore capisce che la leccia è grossa prima di pescarla.
video099_temporale_02,video099,video099.mp4,video099_temporale,2,temporale,Il pescatore capisce che la leccia è grossa prima o dopo averla pescata?,barbara,dopo che ha abboccato,Il pescatore capisce che la leccia è grossa dopo che ha abboccato.,Il pescatore capisce che la leccia è grossa prima che abbocchi.
video099_temporale_03,video099,video099.mp4,video099_temporale,3,temporale,Il pescatore capisce che la leccia è grossa prima o dopo averla pescata?,eli,la tensione della canna si nota prima e subito dopo si capisce che il pesce ha abboccato,"Prima di pescare la leccia, la tensione della canna si nota e subito si capisce che il pesce ha abboccato.","Dopo che la leccia è stata pescata, la tensione della canna si nota e subito si capisce che il pesce ha abboccato."
video099_temporale_04,video099,video099.mp4,video099_temporale,4,temporale,Il pescatore capisce che la leccia è grossa prima o dopo averla pescata?,michela,prima dalla tensione della canna,Il pescatore capisce che la leccia è grossa dalla tensione della canna prima di pescarla.,"Dopo aver pescato la leccia, il pescatore capisce che è grossa dalla tensione della canna."
video100_causale_01,video100,video100.mp4,video100_causale,1,causale,Perché la mamma dice alla bambina che da grande farà l'artistico?,Memmo,Perchè ironicamente ha disegnato un escremento rappresentante la sorella e poi il proprio ritratto non è che fosse proprio eccelso,La mamma dice alla bambina che da grande farà l'artistico perché ironicamente ha disegnato un escremento rappresentante la sorella e il proprio ritratto non è eccelso.,La mamma dice alla bambina che da grande farà l'artistico perché ha disegnato un bellissimo ritratto di famiglia.
video100_causale_02,video100,video100.mp4,video100_causale,2,causale,Perché la mamma dice alla bambina che da grande farà l'artistico?,barbara,perchè è brava,La mamma dice alla bambina che da grande farà l'artistico perché è brava.,La mamma dice alla bambina che da grande farà l'artistico perché non è brava.
video100_causale_03,video100,video100.mp4,video100_causale,3,causale,Perché la mamma dice alla bambina che da grande farà l'artistico?,eli,perché si ironizza sulla sua bravura e sui disegni che realizza,La mamma dice alla bambina che da grande farà l'artistico perché si ironizza sulla sua bravura e sui disegni che realizza.,La mamma dice alla bambina che da grande farà l'artistico perché si lodano la sua bravura e i disegni che realizza.
video100_causale_04,video100,video100.mp4,video100_causale,4,causale,Perché la mamma dice alla bambina che da grande farà l'artistico?,michela,ironizza sui disegni che la bambina crea,La mamma ironizza sui disegni che la bambina crea.,La mamma si arrabbia per i disegni che la bambina crea.
video100_spaziale_01,video100,video100.mp4,video100_spaziale,1,spaziale,Dove si trova il cartello con le istruzioni per entrare?,Memmo,Appeso alla porta di camera.,Il cartello con le istruzioni per entrare è appeso alla porta di camera.,Il cartello con le istruzioni per entrare è appeso al muro del corridoio.
video100_spaziale_02,video100,video100.mp4,video100_spaziale,2,spaziale,Dove si trova il cartello con le istruzioni per entrare?,barbara,sulla porta,Il cartello con le istruzioni per entrare si trova sulla porta.,Il cartello con le istruzioni per entrare si trova sul tavolo.
video100_spaziale_03,video100,video100.mp4,video100_spaziale,3,spaziale,Dove si trova il cartello con le istruzioni per entrare?,eli,appeso alla porta d'ingresso della cameretta della bambina,Il cartello con le istruzioni è appeso alla porta d'ingresso della cameretta della bambina.,Il cartello con le istruzioni è appeso alla porta dell'ufficio.
video100_spaziale_04,video100,video100.mp4,video100_spaziale,4,spaziale,Dove si trova il cartello con le istruzioni per entrare?,michela,appeso sulla porta d'ingresso della cameretta della bambina,Il cartello con le istruzioni per entrare è appeso sulla porta d'ingresso della cameretta della bambina.,Il cartello con le istruzioni per entrare è appeso sulla parete del corridoio della cameretta della bambina.
video100_temporale_01,video100,video100.mp4,video100_temporale,1,temporale,Cosa mostra prima la bambina: il disegno che ritrae lei o quello che ritrae Vanessa?,Memmo,Quello di lei,Prima la bambina mostra il disegno che ritrae lei.,Dopo la bambina mostra il disegno che ritrae lei.
video100_temporale_02,video100,video100.mp4,video100_temporale,2,temporale,Cosa mostra prima la bambina: il disegno che ritrae lei o quello che ritrae Vanessa?,barbara,il suo,La bambina mostra prima il disegno che ritrae lei.,La bambina mostra dopo il disegno che ritrae lei.
video100_temporale_03,video100,video100.mp4,video100_temporale,3,temporale,Cosa mostra prima la bambina: il disegno che ritrae lei o quello che ritrae Vanessa?,eli,viene mostrato per primo il suo autoritratto,Nel video viene mostrato per primo il suo autoritratto.,Nel video viene mostrato per ultimo il suo autoritratto.
video100_temporale_04,video100,video100.mp4,video100_temporale,4,temporale,Cosa mostra prima la bambina: il disegno che ritrae lei o quello che ritrae Vanessa?,michela,prima il suo autoritratto,La bambina mostra prima il suo autoritratto.,La bambina mostra dopo il suo autoritratto.
