id,video_id,video_name,pool_id,pool_item,question_category,question,caption,foil,answer1,answer2,target,model,mode,raw_model_output,predicted_label,is_correct,result,error
video001_causale_01,video001,video001.mp4,video001_causale,1,causale,Perché il signore con gli occhiali balbetta?,Il signore con gli occhiali balbetta perché si è spaventato.,Il signore con gli occhiali balbetta perché è emozionato.,Il signore con gli occhiali balbetta perché è emozionato.,Il signore con gli occhiali balbetta perché si è spaventato.,1,gemma,only_video,1,1,1,correct,
video001_causale_02,video001,video001.mp4,video001_causale,2,causale,Perché il signore con gli occhiali balbetta?,Il signore con gli occhiali balbetta per paura.,Il signore con gli occhiali balbetta per il freddo.,Il signore con gli occhiali balbetta per paura.,Il signore con gli occhiali balbetta per il freddo.,0,gemma,only_video,0,0,1,correct,
video001_causale_03,video001,video001.mp4,video001_causale,3,causale,Perché il signore con gli occhiali balbetta?,"Il signore con gli occhiali balbetta perché il farmacista lo coglie di sorpresa e lo spaventa, provocandogli paura.",Il signore con gli occhiali balbetta perché è emozionato dall'incontro con il farmacista.,"Il signore con gli occhiali balbetta perché il farmacista lo coglie di sorpresa e lo spaventa, provocandogli paura.",Il signore con gli occhiali balbetta perché è emozionato dall'incontro con il farmacista.,0,gemma,only_video,0,0,1,correct,
video001_causale_04,video001,video001.mp4,video001_causale,4,causale,Perché il signore con gli occhiali balbetta?,Il signore con gli occhiali balbetta perché il farmacista lo ha spaventato.,Il signore con gli occhiali balbetta perché è emozionato.,Il signore con gli occhiali balbetta perché il farmacista lo ha spaventato.,Il signore con gli occhiali balbetta perché è emozionato.,0,gemma,only_video,0,0,1,correct,
video001_spaziale_01,video001,video001.mp4,video001_spaziale,1,spaziale,Dove cerca il rimedio al singhiozzo l'uomo con il camice?,L'uomo con il camice cerca il rimedio al singhiozzo sotto al bancone della farmacia.,L'uomo con il camice cerca il rimedio al singhiozzo sopra al bancone della farmacia.,L'uomo con il camice cerca il rimedio al singhiozzo sopra al bancone della farmacia.,L'uomo con il camice cerca il rimedio al singhiozzo sotto al bancone della farmacia.,1,gemma,only_video,0,0,0,wrong,
video001_spaziale_02,video001,video001.mp4,video001_spaziale,2,spaziale,Dove cerca il rimedio al singhiozzo l'uomo con il camice?,L'uomo con il camice cerca il rimedio al singhiozzo sotto il bancone.,L'uomo con il camice cerca il rimedio al singhiozzo sopra il bancone.,L'uomo con il camice cerca il rimedio al singhiozzo sopra il bancone.,L'uomo con il camice cerca il rimedio al singhiozzo sotto il bancone.,1,gemma,only_video,0,0,0,wrong,
video001_spaziale_03,video001,video001.mp4,video001_spaziale,3,spaziale,Dove cerca il rimedio al singhiozzo l'uomo con il camice?,"L'uomo con il camice cerca il rimedio al singhiozzo sul pavimento della farmacia, nella zona sotto il bancone.","L'uomo con il camice cerca il rimedio al singhiozzo nel retro della farmacia, nella zona dietro il bancone.","L'uomo con il camice cerca il rimedio al singhiozzo sul pavimento della farmacia, nella zona sotto il bancone.","L'uomo con il camice cerca il rimedio al singhiozzo nel retro della farmacia, nella zona dietro il bancone.",0,gemma,only_video,0,0,1,correct,
video001_spaziale_04,video001,video001.mp4,video001_spaziale,4,spaziale,Dove cerca il rimedio al singhiozzo l'uomo con il camice?,L'uomo con il camice cerca il rimedio al singhiozzo sul pavimento della farmacia.,L'uomo con il camice cerca il rimedio al singhiozzo sul bancone della farmacia.,L'uomo con il camice cerca il rimedio al singhiozzo sul bancone della farmacia.,L'uomo con il camice cerca il rimedio al singhiozzo sul pavimento della farmacia.,1,gemma,only_video,0,0,0,wrong,
video001_temporale_01,video001,video001.mp4,video001_temporale,1,temporale,L'uomo con gli occhiali urla prima o dopo che l'uomo dietro il bancone esca?,L'uomo con gli occhiali urla dopo che l'uomo dietro il bancone esce.,L'uomo con gli occhiali urla mentre l'uomo dietro il bancone esce.,L'uomo con gli occhiali urla dopo che l'uomo dietro il bancone esce.,L'uomo con gli occhiali urla mentre l'uomo dietro il bancone esce.,0,gemma,only_video,1,1,0,wrong,
video001_temporale_02,video001,video001.mp4,video001_temporale,2,temporale,L'uomo con gli occhiali urla prima o dopo che l'uomo dietro il bancone esca?,L'uomo con gli occhiali urla dopo che l'uomo dietro il bancone esce.,L'uomo con gli occhiali urla prima che l'uomo dietro il bancone esca.,L'uomo con gli occhiali urla dopo che l'uomo dietro il bancone esce.,L'uomo con gli occhiali urla prima che l'uomo dietro il bancone esca.,0,gemma,only_video,1,1,0,wrong,
video001_temporale_03,video001,video001.mp4,video001_temporale,3,temporale,L'uomo con gli occhiali urla prima o dopo che l'uomo dietro il bancone esca?,L'uomo con gli occhiali urla successivamente all'uscita improvvisa dell'uomo con la maschera.,L'uomo con gli occhiali urla prima dell'uscita improvvisa dell'uomo con la maschera.,L'uomo con gli occhiali urla prima dell'uscita improvvisa dell'uomo con la maschera.,L'uomo con gli occhiali urla successivamente all'uscita improvvisa dell'uomo con la maschera.,1,gemma,only_video,1,1,1,correct,
video001_temporale_04,video001,video001.mp4,video001_temporale,4,temporale,L'uomo con gli occhiali urla prima o dopo che l'uomo dietro il bancone esca?,L'uomo con gli occhiali urla dopo che l'uomo con la maschera salti fuori.,L'uomo con gli occhiali urla mentre l'uomo con la maschera salti fuori.,L'uomo con gli occhiali urla dopo che l'uomo con la maschera salti fuori.,L'uomo con gli occhiali urla mentre l'uomo con la maschera salti fuori.,0,gemma,only_video,1,1,0,wrong,
video002_causale_01,video002,video002.mp4,video002_causale,1,causale,Perché l'uomo con gli occhiali fa degli strani versi al telefono e lo allontana dall'orecchio?,L'uomo con gli occhiali fa strani versi al telefono e lo allontana dall'orecchio perché vuole far credere alla moglie di trovarsi in una strada trafficata e non con l'amante.,L'uomo con gli occhiali fa strani versi al telefono e lo allontana dall'orecchio perché vuole far credere alla moglie che il telefono non funzioni.,L'uomo con gli occhiali fa strani versi al telefono e lo allontana dall'orecchio perché vuole far credere alla moglie che il telefono non funzioni.,L'uomo con gli occhiali fa strani versi al telefono e lo allontana dall'orecchio perché vuole far credere alla moglie di trovarsi in una strada trafficata e non con l'amante.,1,gemma,only_video,1,1,1,correct,
video002_causale_02,video002,video002.mp4,video002_causale,2,causale,Perché l'uomo con gli occhiali fa degli strani versi al telefono e lo allontana dall'orecchio?,Nel video l'uomo con gli occhiali fa degli strani versi al telefono per depistare la moglie.,Nel video l'uomo con gli occhiali fa degli strani versi al telefono per divertire la moglie.,Nel video l'uomo con gli occhiali fa degli strani versi al telefono per divertire la moglie.,Nel video l'uomo con gli occhiali fa degli strani versi al telefono per depistare la moglie.,1,gemma,only_video,0,0,0,wrong,
video002_causale_03,video002,video002.mp4,video002_causale,3,causale,Perché l'uomo con gli occhiali fa degli strani versi al telefono e lo allontana dall'orecchio?,"L'uomo con gli occhiali fa degli strani versi al telefono per depistare la moglie, fingendo di essere alla guida della propria auto e di non poter parlare con lei.","L'uomo con gli occhiali fa degli strani versi al telefono per depistare la moglie, fingendo di essere impegnato in una riunione importante e quindi di non poter parlare con lei.","L'uomo con gli occhiali fa degli strani versi al telefono per depistare la moglie, fingendo di essere alla guida della propria auto e di non poter parlare con lei.","L'uomo con gli occhiali fa degli strani versi al telefono per depistare la moglie, fingendo di essere impegnato in una riunione importante e quindi di non poter parlare con lei.",0,gemma,only_video,0,0,1,correct,
video002_causale_04,video002,video002.mp4,video002_causale,4,causale,Perché l'uomo con gli occhiali fa degli strani versi al telefono e lo allontana dall'orecchio?,L'uomo con gli occhiali fa strani versi al telefono e lo allontana dall'orecchio perché finge di essere alla guida della sua auto e di non poter parlare.,L'uomo con gli occhiali fa strani versi al telefono e lo allontana dall'orecchio perché vuole far ridere la moglie.,L'uomo con gli occhiali fa strani versi al telefono e lo allontana dall'orecchio perché finge di essere alla guida della sua auto e di non poter parlare.,L'uomo con gli occhiali fa strani versi al telefono e lo allontana dall'orecchio perché vuole far ridere la moglie.,0,gemma,only_video,1,1,0,wrong,
video002_spaziale_01,video002,video002.mp4,video002_spaziale,1,spaziale,Dove si trova la moglie dell'uomo con gli occhiali?,La moglie dell'uomo con gli occhiali si trova in agguato dietro un muretto.,La moglie dell'uomo con gli occhiali si trova su una barca a vela.,La moglie dell'uomo con gli occhiali si trova in agguato dietro un muretto.,La moglie dell'uomo con gli occhiali si trova su una barca a vela.,0,gemma,only_video,0,0,1,correct,
video002_spaziale_02,video002,video002.mp4,video002_spaziale,2,spaziale,Dove si trova la moglie dell'uomo con gli occhiali?,La moglie dell'uomo con gli occhiali si trova dietro di lui.,La moglie dell'uomo con gli occhiali si trova davanti a lui.,La moglie dell'uomo con gli occhiali si trova davanti a lui.,La moglie dell'uomo con gli occhiali si trova dietro di lui.,1,gemma,only_video,1,1,1,correct,
video002_spaziale_03,video002,video002.mp4,video002_spaziale,3,spaziale,Dove si trova la moglie dell'uomo con gli occhiali?,"La moglie dell'uomo con gli occhiali si trova alle spalle della coppia, dietro l'uomo con gli occhiali.","La moglie dell'uomo con gli occhiali si trova davanti alla coppia, di fronte all'uomo con gli occhiali.","La moglie dell'uomo con gli occhiali si trova davanti alla coppia, di fronte all'uomo con gli occhiali.","La moglie dell'uomo con gli occhiali si trova alle spalle della coppia, dietro l'uomo con gli occhiali.",1,gemma,only_video,1,1,1,correct,
video002_spaziale_04,video002,video002.mp4,video002_spaziale,4,spaziale,Dove si trova la moglie dell'uomo con gli occhiali?,La moglie dell'uomo con gli occhiali si trova dietro la coppia.,La moglie dell'uomo con gli occhiali si trova davanti alla coppia.,La moglie dell'uomo con gli occhiali si trova davanti alla coppia.,La moglie dell'uomo con gli occhiali si trova dietro la coppia.,1,gemma,only_video,1,1,1,correct,
video002_temporale_01,video002,video002.mp4,video002_temporale,1,temporale,La donna bionda sbuffa prima o dopo che il telefono squilli?,La donna bionda sbuffa dopo che il telefono squilla.,La donna bionda sbuffa prima che il telefono squilli.,La donna bionda sbuffa prima che il telefono squilli.,La donna bionda sbuffa dopo che il telefono squilla.,1,gemma,only_video,0,0,0,wrong,
video002_temporale_02,video002,video002.mp4,video002_temporale,2,temporale,La donna bionda sbuffa prima o dopo che il telefono squilli?,La donna bionda sbuffa dopo che il telefono squilla.,La donna bionda sbuffa prima che il telefono squilli.,La donna bionda sbuffa dopo che il telefono squilla.,La donna bionda sbuffa prima che il telefono squilli.,0,gemma,only_video,0,0,1,correct,
video002_temporale_03,video002,video002.mp4,video002_temporale,3,temporale,La donna bionda sbuffa prima o dopo che il telefono squilli?,La donna bionda sbuffa in seguito alla scoperta che la donna al telefono è la moglie dell'uomo.,La donna bionda sbuffa prima della scoperta che la donna al telefono è la moglie dell'uomo.,La donna bionda sbuffa prima della scoperta che la donna al telefono è la moglie dell'uomo.,La donna bionda sbuffa in seguito alla scoperta che la donna al telefono è la moglie dell'uomo.,1,gemma,only_video,1,1,1,correct,
video002_temporale_04,video002,video002.mp4,video002_temporale,4,temporale,La donna bionda sbuffa prima o dopo che il telefono squilli?,La donna bionda sbuffa dopo aver capito che fosse la moglie di lui.,La donna bionda sbuffa mentre capiva che fosse la moglie di lui.,La donna bionda sbuffa dopo aver capito che fosse la moglie di lui.,La donna bionda sbuffa mentre capiva che fosse la moglie di lui.,0,gemma,only_video,1,1,0,wrong,
video003_causale_01,video003,video003.mp4,video003_causale,1,causale,Perché l'uomo con la maglietta gialla si preoccupa di cosa dirà allo zio?,L'uomo con la maglietta gialla si preoccupa perché probabilmente la macchina è dello zio.,L'uomo con la maglietta gialla si preoccupa perché probabilmente la macchina non funziona.,L'uomo con la maglietta gialla si preoccupa perché probabilmente la macchina non funziona.,L'uomo con la maglietta gialla si preoccupa perché probabilmente la macchina è dello zio.,1,gemma,only_video,0,0,0,wrong,
video003_causale_02,video003,video003.mp4,video003_causale,2,causale,Perché l'uomo con la maglietta gialla si preoccupa di cosa dirà allo zio?,L'uomo con la maglietta gialla si preoccupa di cosa dirà allo zio perché è la macchina dello zio.,L'uomo con la maglietta gialla si preoccupa di cosa dirà allo zio perché ha perso la macchina dello zio.,L'uomo con la maglietta gialla si preoccupa di cosa dirà allo zio perché ha perso la macchina dello zio.,L'uomo con la maglietta gialla si preoccupa di cosa dirà allo zio perché è la macchina dello zio.,1,gemma,only_video,1,1,1,correct,
video003_causale_03,video003,video003.mp4,video003_causale,3,causale,Perché l'uomo con la maglietta gialla si preoccupa di cosa dirà allo zio?,"L'uomo con la maglietta gialla si preoccupa perché l'auto rossa, ricevuta in prestito dallo zio, ha riportato dei danni.","L'uomo con la maglietta gialla si preoccupa perché l'auto rossa, ricevuta in prestito dallo zio, è rimasta senza benzina.","L'uomo con la maglietta gialla si preoccupa perché l'auto rossa, ricevuta in prestito dallo zio, ha riportato dei danni.","L'uomo con la maglietta gialla si preoccupa perché l'auto rossa, ricevuta in prestito dallo zio, è rimasta senza benzina.",0,gemma,only_video,0,0,1,correct,
video003_causale_04,video003,video003.mp4,video003_causale,4,causale,Perché l'uomo con la maglietta gialla si preoccupa di cosa dirà allo zio?,L'uomo con la maglietta gialla si preoccupa perché l'auto che lo zio gli ha prestato ha subito danni.,L'uomo con la maglietta gialla si preoccupa perché si è perso in una nuova città.,L'uomo con la maglietta gialla si preoccupa perché si è perso in una nuova città.,L'uomo con la maglietta gialla si preoccupa perché l'auto che lo zio gli ha prestato ha subito danni.,1,gemma,only_video,1,1,1,correct,
video003_spaziale_01,video003,video003.mp4,video003_spaziale,1,spaziale,"Quando l'uomo con la maglietta gialla dice: 'Ma chi c'ha messo qui?', dov'è il 'qui'?","Nel video, il 'qui' si riferisce al tettuccio dell'automobile Lancia.","Nel video, il 'qui' si riferisce al cofano dell'automobile Lancia.","Nel video, il 'qui' si riferisce al cofano dell'automobile Lancia.","Nel video, il 'qui' si riferisce al tettuccio dell'automobile Lancia.",1,gemma,only_video,1,1,1,correct,
video003_spaziale_02,video003,video003.mp4,video003_spaziale,2,spaziale,"Quando l'uomo con la maglietta gialla dice: 'Ma chi c'ha messo qui?', dov'è il 'qui'?","Nel video, il ""qui"" si riferisce alla macchina rossa.","Nel video, il ""qui"" si riferisce alla casa blu.","Nel video, il ""qui"" si riferisce alla macchina rossa.","Nel video, il ""qui"" si riferisce alla casa blu.",0,gemma,only_video,0,0,1,correct,
video003_spaziale_03,video003,video003.mp4,video003_spaziale,3,spaziale,"Quando l'uomo con la maglietta gialla dice: 'Ma chi c'ha messo qui?', dov'è il 'qui'?",Il 'qui' si riferisce al tettuccio sfondato dell'auto sportiva.,Il 'qui' si riferisce agli interni lussuosi dell'auto sportiva.,Il 'qui' si riferisce al tettuccio sfondato dell'auto sportiva.,Il 'qui' si riferisce agli interni lussuosi dell'auto sportiva.,0,gemma,only_video,0,0,1,correct,
video003_spaziale_04,video003,video003.mp4,video003_spaziale,4,spaziale,"Quando l'uomo con la maglietta gialla dice: 'Ma chi c'ha messo qui?', dov'è il 'qui'?","L'uomo con la maglietta gialla si riferisce al tettuccio della macchina rossa quando dice ""qui"".","L'uomo con la maglietta gialla si riferisce alla ruota della macchina rossa quando dice ""qui"".","L'uomo con la maglietta gialla si riferisce al tettuccio della macchina rossa quando dice ""qui"".","L'uomo con la maglietta gialla si riferisce alla ruota della macchina rossa quando dice ""qui"".",0,gemma,only_video,1,1,0,wrong,
video003_temporale_01,video003,video003.mp4,video003_temporale,1,temporale,La finestra del balcone viene chiusa prima o dopo che l'uomo urli 'barbone'?,La finestra del balcone viene chiusa dopo che l'uomo urli 'barbone'.,La finestra del balcone viene chiusa prima che l'uomo urli 'barbone'.,La finestra del balcone viene chiusa prima che l'uomo urli 'barbone'.,La finestra del balcone viene chiusa dopo che l'uomo urli 'barbone'.,1,gemma,only_video,1,1,1,correct,
video003_temporale_02,video003,video003.mp4,video003_temporale,2,temporale,La finestra del balcone viene chiusa prima o dopo che l'uomo urli 'barbone'?,La finestra del balcone viene chiusa dopo che l'uomo urli 'barbone'.,La finestra del balcone viene chiusa prima che l'uomo urli 'barbone'.,La finestra del balcone viene chiusa prima che l'uomo urli 'barbone'.,La finestra del balcone viene chiusa dopo che l'uomo urli 'barbone'.,1,gemma,only_video,1,1,1,correct,
video003_temporale_03,video003,video003.mp4,video003_temporale,3,temporale,La finestra del balcone viene chiusa prima o dopo che l'uomo urli 'barbone'?,La finestra del balcone viene chiusa successivamente al momento in cui l'uomo spinge la televisione verso il basso.,La finestra del balcone viene chiusa prima che l'uomo spinga la televisione verso il basso.,La finestra del balcone viene chiusa prima che l'uomo spinga la televisione verso il basso.,La finestra del balcone viene chiusa successivamente al momento in cui l'uomo spinge la televisione verso il basso.,1,gemma,only_video,1,1,1,correct,
video003_temporale_04,video003,video003.mp4,video003_temporale,4,temporale,La finestra del balcone viene chiusa prima o dopo che l'uomo urli 'barbone'?,La finestra del balcone viene chiusa dopo che l'uomo spinge la TV di sotto.,La finestra del balcone viene chiusa prima che l'uomo spinge la TV di sotto.,La finestra del balcone viene chiusa prima che l'uomo spinge la TV di sotto.,La finestra del balcone viene chiusa dopo che l'uomo spinge la TV di sotto.,1,gemma,only_video,0,0,0,wrong,
video004_causale_01,video004,video004.mp4,video004_causale,1,causale,Perché il padrone dice al cane 'incrocia bene'?,"Il padrone dice al cane ""incrocia bene"" perché non aveva incrociato bene le zampe al primo comando.","Il padrone dice al cane ""incrocia bene"" perché aveva incrociato bene le zampe al primo comando.","Il padrone dice al cane ""incrocia bene"" perché non aveva incrociato bene le zampe al primo comando.","Il padrone dice al cane ""incrocia bene"" perché aveva incrociato bene le zampe al primo comando.",0,gemma,only_video,1,1,0,wrong,
video004_causale_02,video004,video004.mp4,video004_causale,2,causale,Perché il padrone dice al cane 'incrocia bene'?,Il padrone dice al cane 'incrocia bene' per fargli eseguire meglio il comando.,Il padrone dice al cane 'incrocia bene' per fargli interrompere il comando.,Il padrone dice al cane 'incrocia bene' per fargli interrompere il comando.,Il padrone dice al cane 'incrocia bene' per fargli eseguire meglio il comando.,1,gemma,only_video,0,0,0,wrong,
video004_causale_03,video004,video004.mp4,video004_causale,3,causale,Perché il padrone dice al cane 'incrocia bene'?,"Il padrone dice al cane 'incrocia bene' per correggere l'esecuzione del comando, che inizialmente non era stata svolta correttamente.","Il padrone dice al cane 'incrocia bene' per rinforzare l'esecuzione del comando, che inizialmente era stata svolta alla perfezione.","Il padrone dice al cane 'incrocia bene' per rinforzare l'esecuzione del comando, che inizialmente era stata svolta alla perfezione.","Il padrone dice al cane 'incrocia bene' per correggere l'esecuzione del comando, che inizialmente non era stata svolta correttamente.",1,gemma,only_video,0,0,0,wrong,
video004_causale_04,video004,video004.mp4,video004_causale,4,causale,Perché il padrone dice al cane 'incrocia bene'?,Il padrone dice al cane 'incrocia bene' perché il comando non era stato eseguito correttamente.,Il padrone dice al cane 'incrocia bene' perché aveva paura che il cane scappasse.,Il padrone dice al cane 'incrocia bene' perché aveva paura che il cane scappasse.,Il padrone dice al cane 'incrocia bene' perché il comando non era stato eseguito correttamente.,1,gemma,only_video,0,0,0,wrong,
video004_spaziale_01,video004,video004.mp4,video004_spaziale,1,spaziale,Dove si trova il cane quando viene dato il comando 'dietro'?,Il cane si trova più avanti rispetto all'inquadratura quando viene dato il comando 'dietro'.,Il cane si trova indietro rispetto all'inquadratura quando viene dato il comando 'dietro'.,Il cane si trova più avanti rispetto all'inquadratura quando viene dato il comando 'dietro'.,Il cane si trova indietro rispetto all'inquadratura quando viene dato il comando 'dietro'.,0,gemma,only_video,1,1,0,wrong,
video004_spaziale_02,video004,video004.mp4,video004_spaziale,2,spaziale,Dove si trova il cane quando viene dato il comando 'dietro'?,Il cane è davanti all'uomo quando viene dato il comando 'dietro'.,Il cane è dietro all'uomo quando viene dato il comando 'dietro'.,Il cane è davanti all'uomo quando viene dato il comando 'dietro'.,Il cane è dietro all'uomo quando viene dato il comando 'dietro'.,0,gemma,only_video,1,1,0,wrong,
video004_spaziale_03,video004,video004.mp4,video004_spaziale,3,spaziale,Dove si trova il cane quando viene dato il comando 'dietro'?,"Quando viene dato il comando 'dietro', il cane si trova sul prato, di fronte all'uomo.","Quando viene dato il comando 'dietro', il cane si trova sul pavimento, accanto all'uomo.","Quando viene dato il comando 'dietro', il cane si trova sul pavimento, accanto all'uomo.","Quando viene dato il comando 'dietro', il cane si trova sul prato, di fronte all'uomo.",1,gemma,only_video,1,1,1,correct,
video004_spaziale_04,video004,video004.mp4,video004_spaziale,4,spaziale,Dove si trova il cane quando viene dato il comando 'dietro'?,"Quando viene dato il comando 'dietro', il cane si trova sul prato.","Quando viene dato il comando 'dietro', il cane si trova sul divano.","Quando viene dato il comando 'dietro', il cane si trova sul prato.","Quando viene dato il comando 'dietro', il cane si trova sul divano.",0,gemma,only_video,0,0,1,correct,
video004_temporale_01,video004,video004.mp4,video004_temporale,1,temporale,"Cosa viene ordinato prima al cane, 'due' o 'spin'?","Prima al cane viene ordinato ""indietro"", poi ""spin"" e infine ""due"".","Prima al cane viene ordinato ""spin"", poi ""due"" e infine ""indietro"".","Prima al cane viene ordinato ""indietro"", poi ""spin"" e infine ""due"".","Prima al cane viene ordinato ""spin"", poi ""due"" e infine ""indietro"".",0,gemma,only_video,0,0,1,correct,
video004_temporale_02,video004,video004.mp4,video004_temporale,2,temporale,"Cosa viene ordinato prima al cane, 'due' o 'spin'?","Al cane viene ordinato prima ""spin"".","Al cane viene ordinato dopo ""spin"".","Al cane viene ordinato dopo ""spin"".","Al cane viene ordinato prima ""spin"".",1,gemma,only_video,1,1,1,correct,
video004_temporale_03,video004,video004.mp4,video004_temporale,3,temporale,"Cosa viene ordinato prima al cane, 'due' o 'spin'?",Nel video il cane esegue prima una rotazione completa su se stesso e successivamente abbaia due volte.,Nel video il cane abbaia due volte e successivamente esegue una rotazione completa su se stesso.,Nel video il cane abbaia due volte e successivamente esegue una rotazione completa su se stesso.,Nel video il cane esegue prima una rotazione completa su se stesso e successivamente abbaia due volte.,1,gemma,only_video,1,1,1,correct,
video004_temporale_04,video004,video004.mp4,video004_temporale,4,temporale,"Cosa viene ordinato prima al cane, 'due' o 'spin'?",Il cane prima esegue un giro su se stesso e poi abbaia due volte.,Il cane esegue un giro su se stesso mentre abbaia due volte.,Il cane esegue un giro su se stesso mentre abbaia due volte.,Il cane prima esegue un giro su se stesso e poi abbaia due volte.,1,gemma,only_video,1,1,1,correct,
video005_causale_01,video005,video005.mp4,video005_causale,1,causale,Perché il massaggio all'orecchio del cane produce un suono?,"Il suono prodotto dal massaggio all'orecchio del cane è dovuto al liquido dentro che si muove, simile a un ""ciaf ciaf"" nell'acqua.","Il suono prodotto dal massaggio all'orecchio del cane è dovuto all'aria che si sposta, simile a un ""ciaf ciaf"" nell'acqua.","Il suono prodotto dal massaggio all'orecchio del cane è dovuto al liquido dentro che si muove, simile a un ""ciaf ciaf"" nell'acqua.","Il suono prodotto dal massaggio all'orecchio del cane è dovuto all'aria che si sposta, simile a un ""ciaf ciaf"" nell'acqua.",0,gemma,only_video,0,0,1,correct,
video005_causale_02,video005,video005.mp4,video005_causale,2,causale,Perché il massaggio all'orecchio del cane produce un suono?,Il massaggio all'orecchio del cane produce un suono perché nell'orecchio vi è un liquido.,Il massaggio all'orecchio del cane produce un suono perché l'orecchio è asciutto.,Il massaggio all'orecchio del cane produce un suono perché l'orecchio è asciutto.,Il massaggio all'orecchio del cane produce un suono perché nell'orecchio vi è un liquido.,1,gemma,only_video,1,1,1,correct,
video005_causale_03,video005,video005.mp4,video005_causale,3,causale,Perché il massaggio all'orecchio del cane produce un suono?,Il suono è prodotto perché nell'orecchio è stato applicato un liquido detergente che deve avere il tempo di agire.,Il suono è prodotto perché nell'orecchio è entrata dell'acqua durante la doccia.,Il suono è prodotto perché nell'orecchio è stato applicato un liquido detergente che deve avere il tempo di agire.,Il suono è prodotto perché nell'orecchio è entrata dell'acqua durante la doccia.,0,gemma,only_video,0,0,1,correct,
video005_causale_04,video005,video005.mp4,video005_causale,4,causale,Perché il massaggio all'orecchio del cane produce un suono?,Il suono è prodotto perché è stato inserito un liquido per pulire le orecchie e serve per fargli fare effetto.,Il suono è prodotto perché c'è una musica che sta suonando nelle vicinanze e serve per rilassare l'ambiente.,Il suono è prodotto perché è stato inserito un liquido per pulire le orecchie e serve per fargli fare effetto.,Il suono è prodotto perché c'è una musica che sta suonando nelle vicinanze e serve per rilassare l'ambiente.,0,gemma,only_video,0,0,1,correct,
video005_spaziale_01,video005,video005.mp4,video005_spaziale,1,spaziale,Dove viene inserito il beccuccio della lozione?,Il beccuccio della lozione viene inserito nell'orecchio del cane.,Il beccuccio della lozione viene inserito nel naso del cane.,Il beccuccio della lozione viene inserito nel naso del cane.,Il beccuccio della lozione viene inserito nell'orecchio del cane.,1,gemma,only_video,1,1,1,correct,
video005_spaziale_02,video005,video005.mp4,video005_spaziale,2,spaziale,Dove viene inserito il beccuccio della lozione?,Il beccuccio della lozione viene inserito nell'orecchio.,Il beccuccio della lozione viene inserito nel naso.,Il beccuccio della lozione viene inserito nell'orecchio.,Il beccuccio della lozione viene inserito nel naso.,0,gemma,only_video,0,0,1,correct,
video005_spaziale_03,video005,video005.mp4,video005_spaziale,3,spaziale,Dove viene inserito il beccuccio della lozione?,Il beccuccio della lozione viene inserito all'interno dell'orecchio del gatto e del cane.,Il beccuccio della lozione viene inserito all'esterno dell'orecchio del gatto e del cane.,Il beccuccio della lozione viene inserito all'esterno dell'orecchio del gatto e del cane.,Il beccuccio della lozione viene inserito all'interno dell'orecchio del gatto e del cane.,1,gemma,only_video,1,1,1,correct,
video005_spaziale_04,video005,video005.mp4,video005_spaziale,4,spaziale,Dove viene inserito il beccuccio della lozione?,Il beccuccio della lozione viene inserito nell'orecchio del gatto.,Il beccuccio della lozione viene inserito nel naso del gatto.,Il beccuccio della lozione viene inserito nell'orecchio del gatto.,Il beccuccio della lozione viene inserito nel naso del gatto.,0,gemma,only_video,0,0,1,correct,
video005_temporale_01,video005,video005.mp4,video005_temporale,1,temporale,Il massaggio viene fatto prima o dopo l'applicazione del detergente auricolare?,Il massaggio viene fatto dopo l'applicazione del detergente auricolare.,Il massaggio viene fatto prima dell'applicazione del detergente auricolare.,Il massaggio viene fatto dopo l'applicazione del detergente auricolare.,Il massaggio viene fatto prima dell'applicazione del detergente auricolare.,0,gemma,only_video,0,0,1,correct,
video005_temporale_02,video005,video005.mp4,video005_temporale,2,temporale,Il massaggio viene fatto prima o dopo l'applicazione del detergente auricolare?,Il massaggio viene fatto dopo l'applicazione del detergente auricolare.,Il massaggio viene fatto prima dell'applicazione del detergente auricolare.,Il massaggio viene fatto dopo l'applicazione del detergente auricolare.,Il massaggio viene fatto prima dell'applicazione del detergente auricolare.,0,gemma,only_video,0,0,1,correct,
video005_temporale_03,video005,video005.mp4,video005_temporale,3,temporale,Il massaggio viene fatto prima o dopo l'applicazione del detergente auricolare?,Il massaggio viene fatto in seguito alla spremitura della confezione e all'applicazione del prodotto.,Il massaggio viene fatto prima della spremitura della confezione e dell'applicazione del prodotto.,Il massaggio viene fatto in seguito alla spremitura della confezione e all'applicazione del prodotto.,Il massaggio viene fatto prima della spremitura della confezione e dell'applicazione del prodotto.,0,gemma,only_video,0,0,1,correct,
video005_temporale_04,video005,video005.mp4,video005_temporale,4,temporale,Il massaggio viene fatto prima o dopo l'applicazione del detergente auricolare?,Il massaggio viene fatto dopo aver spremuto la confezione del detergente auricolare.,Il massaggio viene fatto prima di spremere la confezione del detergente auricolare.,Il massaggio viene fatto prima di spremere la confezione del detergente auricolare.,Il massaggio viene fatto dopo aver spremuto la confezione del detergente auricolare.,1,gemma,only_video,0,0,0,wrong,
video006_causale_01,video006,video006.mp4,video006_causale,1,causale,Perché l'uomo decide di non pagare il ragazzo?,L'uomo decide di non pagare il ragazzo perché è arrivato in ritardo in facoltà di speedy pizza.,L'uomo decide di non pagare il ragazzo perché ha sbagliato a consegnare l'ordine.,L'uomo decide di non pagare il ragazzo perché ha sbagliato a consegnare l'ordine.,L'uomo decide di non pagare il ragazzo perché è arrivato in ritardo in facoltà di speedy pizza.,1,gemma,only_video,0,0,0,wrong,
video006_causale_02,video006,video006.mp4,video006_causale,2,causale,Perché l'uomo decide di non pagare il ragazzo?,L'uomo decide di non pagare il ragazzo perché le pizze sono consegnate in ritardo.,L'uomo decide di non pagare il ragazzo perché le pizze sono fredde.,L'uomo decide di non pagare il ragazzo perché le pizze sono consegnate in ritardo.,L'uomo decide di non pagare il ragazzo perché le pizze sono fredde.,0,gemma,only_video,0,0,1,correct,
video006_causale_03,video006,video006.mp4,video006_causale,3,causale,Perché l'uomo decide di non pagare il ragazzo?,L'uomo decide di non pagare il ragazzo perché si rende conto che il rider sta effettuando la consegna delle pizze in ritardo.,L'uomo decide di non pagare il ragazzo perché si accorge che le pizze sono fredde.,L'uomo decide di non pagare il ragazzo perché si accorge che le pizze sono fredde.,L'uomo decide di non pagare il ragazzo perché si rende conto che il rider sta effettuando la consegna delle pizze in ritardo.,1,gemma,only_video,0,0,0,wrong,
video006_causale_04,video006,video006.mp4,video006_causale,4,causale,Perché l'uomo decide di non pagare il ragazzo?,L'uomo decide di non pagare il ragazzo perché si è accorto che il rider è in ritardo con la consegna.,L'uomo decide di non pagare il ragazzo perché si è accorto che il rider ha portato l'ordine sbagliato.,L'uomo decide di non pagare il ragazzo perché si è accorto che il rider è in ritardo con la consegna.,L'uomo decide di non pagare il ragazzo perché si è accorto che il rider ha portato l'ordine sbagliato.,0,gemma,only_video,0,0,1,correct,
video006_spaziale_01,video006,video006.mp4,video006_spaziale,1,spaziale,Dove parla il ragazzo che dice 'pizza'?,Il ragazzo che dice 'pizza' parla davanti al citofono all'ingresso del palazzo.,"Il ragazzo che dice 'pizza' parla all'interno dell'appartamento, lontano dal citofono.","Il ragazzo che dice 'pizza' parla all'interno dell'appartamento, lontano dal citofono.",Il ragazzo che dice 'pizza' parla davanti al citofono all'ingresso del palazzo.,1,gemma,only_video,1,1,1,correct,
video006_spaziale_02,video006,video006.mp4,video006_spaziale,2,spaziale,Dove parla il ragazzo che dice 'pizza'?,Il ragazzo dice 'pizza' davanti al citofono all'ingresso del palazzo.,"Il ragazzo dice 'pizza' all'interno dell'appartamento, lontano dal citofono.",Il ragazzo dice 'pizza' davanti al citofono all'ingresso del palazzo.,"Il ragazzo dice 'pizza' all'interno dell'appartamento, lontano dal citofono.",0,gemma,only_video,0,0,1,correct,
video006_spaziale_03,video006,video006.mp4,video006_spaziale,3,spaziale,Dove parla il ragazzo che dice 'pizza'?,Il ragazzo dice 'pizza' al citofono del palazzo presso cui deve effettuare la consegna.,Il ragazzo dice 'pizza' al citofono di un altro palazzo.,Il ragazzo dice 'pizza' al citofono di un altro palazzo.,Il ragazzo dice 'pizza' al citofono del palazzo presso cui deve effettuare la consegna.,1,gemma,only_video,0,0,0,wrong,
video006_spaziale_04,video006,video006.mp4,video006_spaziale,4,spaziale,Dove parla il ragazzo che dice 'pizza'?,Il ragazzo parla nel citofono del palazzo dove deve consegnare.,Il ragazzo parla nel citofono del negozio dove deve consegnare.,Il ragazzo parla nel citofono del negozio dove deve consegnare.,Il ragazzo parla nel citofono del palazzo dove deve consegnare.,1,gemma,only_video,1,1,1,correct,
video006_temporale_01,video006,video006.mp4,video006_temporale,1,temporale,"Chi saluta per primo, l'uomo con la maglia bianca o quello con la maglia verde?","Nel video, l'uomo con la maglia verde saluta prima dell'uomo con la maglia bianca.","Nel video, l'uomo con la maglia bianca saluta prima dell'uomo con la maglia verde.","Nel video, l'uomo con la maglia bianca saluta prima dell'uomo con la maglia verde.","Nel video, l'uomo con la maglia verde saluta prima dell'uomo con la maglia bianca.",1,gemma,only_video,1,1,1,correct,
video006_temporale_02,video006,video006.mp4,video006_temporale,2,temporale,"Chi saluta per primo, l'uomo con la maglia bianca o quello con la maglia verde?",L'uomo con la maglia bianca saluta per primo nel video.,L'uomo con la maglia bianca saluta per ultimo nel video.,L'uomo con la maglia bianca saluta per ultimo nel video.,L'uomo con la maglia bianca saluta per primo nel video.,1,gemma,only_video,1,1,1,correct,
video006_temporale_03,video006,video006.mp4,video006_temporale,3,temporale,"Chi saluta per primo, l'uomo con la maglia bianca o quello con la maglia verde?",L'uomo con la maglia bianca saluta prima dell'uomo con la maglia verde.,L'uomo con la maglia bianca saluta dopo l'uomo con la maglia verde.,L'uomo con la maglia bianca saluta prima dell'uomo con la maglia verde.,L'uomo con la maglia bianca saluta dopo l'uomo con la maglia verde.,0,gemma,only_video,1,1,0,wrong,
video006_temporale_04,video006,video006.mp4,video006_temporale,4,temporale,"Chi saluta per primo, l'uomo con la maglia bianca o quello con la maglia verde?",Saluta per primo l'uomo che sta consegnando le pizze.,Saluta l'uomo che arriva dopo a consegnare le pizze.,Saluta per primo l'uomo che sta consegnando le pizze.,Saluta l'uomo che arriva dopo a consegnare le pizze.,0,gemma,only_video,0,0,1,correct,
video007_causale_01,video007,video007.mp4,video007_causale,1,causale,Perché Anastasia piange?,Anastasia piange perché è inciampata sul tappeto facendosi male.,Anastasia piange perché ha litigato con un amico.,Anastasia piange perché è inciampata sul tappeto facendosi male.,Anastasia piange perché ha litigato con un amico.,0,gemma,only_video,0,0,1,correct,
video007_causale_02,video007,video007.mp4,video007_causale,2,causale,Perché Anastasia piange?,Anastasia piange perché è caduta.,Anastasia piange perché è felice.,Anastasia piange perché è caduta.,Anastasia piange perché è felice.,0,gemma,only_video,1,1,0,wrong,
video007_causale_03,video007,video007.mp4,video007_causale,3,causale,Perché Anastasia piange?,Anastasia piange perché inciampa sul tappeto e finisce a terra.,Anastasia piange perché ha ricevuto una brutta notizia.,Anastasia piange perché inciampa sul tappeto e finisce a terra.,Anastasia piange perché ha ricevuto una brutta notizia.,0,gemma,only_video,0,0,1,correct,
video007_causale_04,video007,video007.mp4,video007_causale,4,causale,Perché Anastasia piange?,Anastasia piange perché è inciampata sul tappeto.,Anastasia piange perché ha ricevuto una bella notizia.,Anastasia piange perché è inciampata sul tappeto.,Anastasia piange perché ha ricevuto una bella notizia.,0,gemma,only_video,0,0,1,correct,
video007_spaziale_01,video007,video007.mp4,video007_spaziale,1,spaziale,Dove si trova Anastasia quando inizia a piangere?,Anastasia si trova caduta in terra a causa dell'inciampo sul tappeto quando inizia a piangere.,Anastasia si trova caduta sulla sedia a causa dell'inciampo sul tappeto quando inizia a piangere.,Anastasia si trova caduta in terra a causa dell'inciampo sul tappeto quando inizia a piangere.,Anastasia si trova caduta sulla sedia a causa dell'inciampo sul tappeto quando inizia a piangere.,0,gemma,only_video,0,0,1,correct,
video007_spaziale_02,video007,video007.mp4,video007_spaziale,2,spaziale,Dove si trova Anastasia quando inizia a piangere?,Anastasia si trova per terra quando inizia a piangere.,Anastasia si trova su una sedia quando inizia a piangere.,Anastasia si trova su una sedia quando inizia a piangere.,Anastasia si trova per terra quando inizia a piangere.,1,gemma,only_video,1,1,1,correct,
video007_spaziale_03,video007,video007.mp4,video007_spaziale,3,spaziale,Dove si trova Anastasia quando inizia a piangere?,"Anastasia si trova a terra, sdraiata ai piedi del letto quando inizia a piangere.","Anastasia si trova sul divano, seduta comodamente quando inizia a piangere.","Anastasia si trova sul divano, seduta comodamente quando inizia a piangere.","Anastasia si trova a terra, sdraiata ai piedi del letto quando inizia a piangere.",1,gemma,only_video,1,1,1,correct,
video007_spaziale_04,video007,video007.mp4,video007_spaziale,4,spaziale,Dove si trova Anastasia quando inizia a piangere?,Anastasia si trova sdraiata ai piedi del letto in terra quando inizia a piangere.,Anastasia si trova sdraiata sopra il letto quando inizia a piangere.,Anastasia si trova sdraiata sopra il letto quando inizia a piangere.,Anastasia si trova sdraiata ai piedi del letto in terra quando inizia a piangere.,1,gemma,only_video,1,1,1,correct,
video007_temporale_01,video007,video007.mp4,video007_temporale,1,temporale,La bambina ride prima o dopo essere caduta?,La bambina ride prima di cadere.,La bambina ride dopo essere caduta.,La bambina ride prima di cadere.,La bambina ride dopo essere caduta.,0,gemma,only_video,0,0,1,correct,
video007_temporale_02,video007,video007.mp4,video007_temporale,2,temporale,La bambina ride prima o dopo essere caduta?,La bambina ride prima di cadere nel video.,La bambina ride dopo essere caduta nel video.,La bambina ride prima di cadere nel video.,La bambina ride dopo essere caduta nel video.,0,gemma,only_video,0,0,1,correct,
video007_temporale_03,video007,video007.mp4,video007_temporale,3,temporale,La bambina ride prima o dopo essere caduta?,La bambina ride prima di cadere.,La bambina ride dopo essere caduta.,La bambina ride prima di cadere.,La bambina ride dopo essere caduta.,0,gemma,only_video,0,0,1,correct,
video007_temporale_04,video007,video007.mp4,video007_temporale,4,temporale,La bambina ride prima o dopo essere caduta?,La bambina ride prima di cadere.,La bambina ride dopo essere caduta.,La bambina ride dopo essere caduta.,La bambina ride prima di cadere.,1,gemma,only_video,0,0,0,wrong,
video008_causale_01,video008,video008.mp4,video008_causale,1,causale,Perché l'uomo con il completo grigio è preoccupato di finire 'elemosinaro'?,L'uomo con il completo grigio è preoccupato di finire 'elemosinaro' perché ha paura di essere arrestato per furto.,L'uomo con il completo grigio è preoccupato di finire 'elemosinaro' perché non riesce a trovare un lavoro stabile.,L'uomo con il completo grigio è preoccupato di finire 'elemosinaro' perché non riesce a trovare un lavoro stabile.,L'uomo con il completo grigio è preoccupato di finire 'elemosinaro' perché ha paura di essere arrestato per furto.,1,gemma,only_video,0,0,0,wrong,
video008_causale_02,video008,video008.mp4,video008_causale,2,causale,Perché l'uomo con il completo grigio è preoccupato di finire 'elemosinaro'?,L'uomo con il completo grigio è preoccupato di finire 'elemosinaro' perché sta rubando.,L'uomo con il completo grigio è preoccupato di finire 'elemosinaro' perché ha perso il lavoro.,L'uomo con il completo grigio è preoccupato di finire 'elemosinaro' perché ha perso il lavoro.,L'uomo con il completo grigio è preoccupato di finire 'elemosinaro' perché sta rubando.,1,gemma,only_video,1,1,1,correct,
video008_causale_03,video008,video008.mp4,video008_causale,3,causale,Perché l'uomo con il completo grigio è preoccupato di finire 'elemosinaro'?,L'uomo con il completo grigio è preoccupato di finire 'elemosinaro' perché partecipa al furto dopo essere stato convinto dall'amico e la situazione lo spaventa.,L'uomo con il completo grigio è preoccupato di finire 'elemosinaro' perché ha perso il lavoro e la situazione lo spaventa.,L'uomo con il completo grigio è preoccupato di finire 'elemosinaro' perché ha perso il lavoro e la situazione lo spaventa.,L'uomo con il completo grigio è preoccupato di finire 'elemosinaro' perché partecipa al furto dopo essere stato convinto dall'amico e la situazione lo spaventa.,1,gemma,only_video,1,1,1,correct,
video008_causale_04,video008,video008.mp4,video008_causale,4,causale,Perché l'uomo con il completo grigio è preoccupato di finire 'elemosinaro'?,L'uomo con il completo grigio è preoccupato di finire 'elemosinaro' perché l'amico lo ha convinto a rubare e lui è spaventato.,L'uomo con il completo grigio è preoccupato di finire 'elemosinaro' perché ha perso il lavoro e lui è spaventato.,L'uomo con il completo grigio è preoccupato di finire 'elemosinaro' perché ha perso il lavoro e lui è spaventato.,L'uomo con il completo grigio è preoccupato di finire 'elemosinaro' perché l'amico lo ha convinto a rubare e lui è spaventato.,1,gemma,only_video,1,1,1,correct,
video008_spaziale_01,video008,video008.mp4,video008_spaziale,1,spaziale,Dove mette 'spesa proletaria' l'uomo con la fascia rossa?,L'uomo con la fascia rossa mette 'spesa proletaria' dentro la canottiera.,L'uomo con la fascia rossa mette 'spesa proletaria' sopra la canottiera.,L'uomo con la fascia rossa mette 'spesa proletaria' dentro la canottiera.,L'uomo con la fascia rossa mette 'spesa proletaria' sopra la canottiera.,0,gemma,only_video,0,0,1,correct,
video008_spaziale_02,video008,video008.mp4,video008_spaziale,2,spaziale,Dove mette 'spesa proletaria' l'uomo con la fascia rossa?,L'uomo con la fascia rossa mette la 'spesa proletaria' nel gilet.,L'uomo con la fascia rossa mette la 'spesa proletaria' nel carrello.,L'uomo con la fascia rossa mette la 'spesa proletaria' nel carrello.,L'uomo con la fascia rossa mette la 'spesa proletaria' nel gilet.,1,gemma,only_video,1,1,1,correct,
video008_spaziale_03,video008,video008.mp4,video008_spaziale,3,spaziale,Dove mette 'spesa proletaria' l'uomo con la fascia rossa?,"L'uomo con la fascia rossa mette 'spesa proletaria' nascosto sul petto, all'interno del gilet.","L'uomo con la fascia rossa mette 'spesa proletaria' nascosto nella tasca dei pantaloni, invece del gilet.","L'uomo con la fascia rossa mette 'spesa proletaria' nascosto sul petto, all'interno del gilet.","L'uomo con la fascia rossa mette 'spesa proletaria' nascosto nella tasca dei pantaloni, invece del gilet.",0,gemma,only_video,0,0,1,correct,
video008_spaziale_04,video008,video008.mp4,video008_spaziale,4,spaziale,Dove mette 'spesa proletaria' l'uomo con la fascia rossa?,"L'uomo con la fascia rossa nasconde la 'spesa proletaria' sul petto, dentro il gilet.",L'uomo con la fascia rossa nasconde la 'spesa proletaria' nella tasca dei pantaloni.,L'uomo con la fascia rossa nasconde la 'spesa proletaria' nella tasca dei pantaloni.,"L'uomo con la fascia rossa nasconde la 'spesa proletaria' sul petto, dentro il gilet.",1,gemma,only_video,1,1,1,correct,
video008_temporale_01,video008,video008.mp4,video008_temporale,1,temporale,La donna con il grembiule rosso arriva prima o dopo che l'uomo con il gilet nero spieghi il piano di fuga all'uomo col completo?,La donna con il grembiule rosso arriva dopo che l'uomo con il gilet nero spieghi il piano di fuga all'uomo col completo.,La donna con il grembiule rosso arriva prima che l'uomo con il gilet nero spieghi il piano di fuga all'uomo col completo.,La donna con il grembiule rosso arriva prima che l'uomo con il gilet nero spieghi il piano di fuga all'uomo col completo.,La donna con il grembiule rosso arriva dopo che l'uomo con il gilet nero spieghi il piano di fuga all'uomo col completo.,1,gemma,only_video,1,1,1,correct,
video008_temporale_02,video008,video008.mp4,video008_temporale,2,temporale,La donna con il grembiule rosso arriva prima o dopo che l'uomo con il gilet nero spieghi il piano di fuga all'uomo col completo?,La donna con il grembiule rosso arriva dopo che l'uomo con il gilet nero spieghi il piano di fuga all'uomo col completo.,La donna con il grembiule rosso arriva prima che l'uomo con il gilet nero spieghi il piano di fuga all'uomo col completo.,La donna con il grembiule rosso arriva dopo che l'uomo con il gilet nero spieghi il piano di fuga all'uomo col completo.,La donna con il grembiule rosso arriva prima che l'uomo con il gilet nero spieghi il piano di fuga all'uomo col completo.,0,gemma,only_video,1,1,0,wrong,
video008_temporale_03,video008,video008.mp4,video008_temporale,3,temporale,La donna con il grembiule rosso arriva prima o dopo che l'uomo con il gilet nero spieghi il piano di fuga all'uomo col completo?,La donna con il grembiule rosso arriva in seguito e si accorge che è in corso un furto.,La donna con il grembiule rosso arriva prima e si accorge che è in corso un furto.,La donna con il grembiule rosso arriva prima e si accorge che è in corso un furto.,La donna con il grembiule rosso arriva in seguito e si accorge che è in corso un furto.,1,gemma,only_video,1,1,1,correct,
video008_temporale_04,video008,video008.mp4,video008_temporale,4,temporale,La donna con il grembiule rosso arriva prima o dopo che l'uomo con il gilet nero spieghi il piano di fuga all'uomo col completo?,"La donna con il grembiule rosso arriva dopo, quando si accorge che stanno rubando.","La donna con il grembiule rosso arriva prima, quando si accorge che stanno rubando.","La donna con il grembiule rosso arriva prima, quando si accorge che stanno rubando.","La donna con il grembiule rosso arriva dopo, quando si accorge che stanno rubando.",1,gemma,only_video,1,1,1,correct,
video009_causale_01,video009,video009.mp4,video009_causale,1,causale,Perché l'uomo con il cappello peloso urla 'a me non piacciono gli uomini'?,L'uomo con il cappello peloso urla perché è stato scambiato per omosessuale.,L'uomo con il cappello peloso urla perché ha visto un animale pericoloso.,L'uomo con il cappello peloso urla perché ha visto un animale pericoloso.,L'uomo con il cappello peloso urla perché è stato scambiato per omosessuale.,1,gemma,only_video,1,1,1,correct,
video009_causale_02,video009,video009.mp4,video009_causale,2,causale,Perché l'uomo con il cappello peloso urla 'a me non piacciono gli uomini'?,L'uomo con il cappello peloso urla 'a me non piacciono gli uomini' perché non è omosessuale.,L'uomo con il cappello peloso urla 'a me non piacciono gli uomini' perché è arrabbiato.,L'uomo con il cappello peloso urla 'a me non piacciono gli uomini' perché è arrabbiato.,L'uomo con il cappello peloso urla 'a me non piacciono gli uomini' perché non è omosessuale.,1,gemma,only_video,0,0,0,wrong,
video009_causale_03,video009,video009.mp4,video009_causale,3,causale,Perché l'uomo con il cappello peloso urla 'a me non piacciono gli uomini'?,L'uomo con il cappello peloso urla perché si arrabbia quando il receptionist presume erroneamente che lui e suo genero siano una coppia.,L'uomo con il cappello peloso urla perché si arrabbia quando il receptionist ignora la loro presenza.,L'uomo con il cappello peloso urla perché si arrabbia quando il receptionist presume erroneamente che lui e suo genero siano una coppia.,L'uomo con il cappello peloso urla perché si arrabbia quando il receptionist ignora la loro presenza.,0,gemma,only_video,0,0,1,correct,
video009_causale_04,video009,video009.mp4,video009_causale,4,causale,Perché l'uomo con il cappello peloso urla 'a me non piacciono gli uomini'?,L'uomo con il cappello peloso urla perché è arrabbiato che il receptionist abbia assunto che lui e suo genero siano una coppia.,L'uomo con il cappello peloso urla perché è felice che il receptionist abbia riconosciuto il suo legame con il genero.,L'uomo con il cappello peloso urla perché è arrabbiato che il receptionist abbia assunto che lui e suo genero siano una coppia.,L'uomo con il cappello peloso urla perché è felice che il receptionist abbia riconosciuto il suo legame con il genero.,0,gemma,only_video,0,0,1,correct,
video009_spaziale_01,video009,video009.mp4,video009_spaziale,1,spaziale,Dove mette i 100 dollari l'uomo col cappello peloso?,L'uomo col cappello peloso mette i 100 dollari in bocca al receptionist.,L'uomo col cappello peloso mette i 100 dollari in tasca al receptionist.,L'uomo col cappello peloso mette i 100 dollari in bocca al receptionist.,L'uomo col cappello peloso mette i 100 dollari in tasca al receptionist.,0,gemma,only_video,1,1,0,wrong,
video009_spaziale_02,video009,video009.mp4,video009_spaziale,2,spaziale,Dove mette i 100 dollari l'uomo col cappello peloso?,L'uomo col cappello peloso mette i 100 dollari in bocca al portiere.,L'uomo col cappello peloso mette i 100 dollari in tasca al portiere.,L'uomo col cappello peloso mette i 100 dollari in bocca al portiere.,L'uomo col cappello peloso mette i 100 dollari in tasca al portiere.,0,gemma,only_video,1,1,0,wrong,
video009_spaziale_03,video009,video009.mp4,video009_spaziale,3,spaziale,Dove mette i 100 dollari l'uomo col cappello peloso?,"L'uomo col cappello peloso mette i cento dollari vicino al receptionist, dopo averli tenuti in mano e poi consegnati a lui.","L'uomo col cappello peloso mette i cento dollari sopra un tavolo, dopo averli tenuti in mano e poi consegnati a lui.","L'uomo col cappello peloso mette i cento dollari sopra un tavolo, dopo averli tenuti in mano e poi consegnati a lui.","L'uomo col cappello peloso mette i cento dollari vicino al receptionist, dopo averli tenuti in mano e poi consegnati a lui.",1,gemma,only_video,1,1,1,correct,
video009_spaziale_04,video009,video009.mp4,video009_spaziale,4,spaziale,Dove mette i 100 dollari l'uomo col cappello peloso?,L'uomo col cappello peloso mette i 100 dollari nella mano prima di darli al receptionist.,L'uomo col cappello peloso mette i 100 dollari sul bancone prima di darli al receptionist.,L'uomo col cappello peloso mette i 100 dollari sul bancone prima di darli al receptionist.,L'uomo col cappello peloso mette i 100 dollari nella mano prima di darli al receptionist.,1,gemma,only_video,1,1,1,correct,
video009_temporale_01,video009,video009.mp4,video009_temporale,1,temporale,L'uomo con il cappello peloso viene scambiato per omosessuale prima o dopo aver chiesto il cambio di camera?,L'uomo con il cappello peloso viene scambiato per omosessuale fin da subito.,L'uomo con il cappello peloso viene scambiato per omosessuale solo più tardi.,L'uomo con il cappello peloso viene scambiato per omosessuale solo più tardi.,L'uomo con il cappello peloso viene scambiato per omosessuale fin da subito.,1,gemma,only_video,1,1,1,correct,
video009_temporale_02,video009,video009.mp4,video009_temporale,2,temporale,L'uomo con il cappello peloso viene scambiato per omosessuale prima o dopo aver chiesto il cambio di camera?,L'uomo con il cappello peloso viene scambiato per omosessuale dopo aver chiesto il cambio di camera.,L'uomo con il cappello peloso viene scambiato per omosessuale prima di chiedere il cambio di camera.,L'uomo con il cappello peloso viene scambiato per omosessuale dopo aver chiesto il cambio di camera.,L'uomo con il cappello peloso viene scambiato per omosessuale prima di chiedere il cambio di camera.,0,gemma,only_video,1,1,0,wrong,
video009_temporale_03,video009,video009.mp4,video009_temporale,3,temporale,L'uomo con il cappello peloso viene scambiato per omosessuale prima o dopo aver chiesto il cambio di camera?,L'uomo con il cappello peloso viene scambiato per omosessuale prima di chiedere il cambio di stanza.,L'uomo con il cappello peloso viene scambiato per omosessuale dopo aver richiesto il cambio di stanza.,L'uomo con il cappello peloso viene scambiato per omosessuale prima di chiedere il cambio di stanza.,L'uomo con il cappello peloso viene scambiato per omosessuale dopo aver richiesto il cambio di stanza.,0,gemma,only_video,0,0,1,correct,
video009_temporale_04,video009,video009.mp4,video009_temporale,4,temporale,L'uomo con il cappello peloso viene scambiato per omosessuale prima o dopo aver chiesto il cambio di camera?,L'uomo con il cappello peloso viene scambiato per omosessuale prima di chiedere il cambio di stanza.,L'uomo con il cappello peloso viene scambiato per omosessuale dopo aver chiesto il cambio di stanza.,L'uomo con il cappello peloso viene scambiato per omosessuale dopo aver chiesto il cambio di stanza.,L'uomo con il cappello peloso viene scambiato per omosessuale prima di chiedere il cambio di stanza.,1,gemma,only_video,1,1,1,correct,
video010_causale_01,video010,video010.mp4,video010_causale,1,causale,Perché i pazienti e i familiari sono arrabbiati?,I pazienti e i familiari sono arrabbiati perché le infrastrutture sono fallaci e ci piove dentro.,I pazienti e i familiari sono arrabbiati perché il personale medico è scortese.,I pazienti e i familiari sono arrabbiati perché il personale medico è scortese.,I pazienti e i familiari sono arrabbiati perché le infrastrutture sono fallaci e ci piove dentro.,1,gemma,only_video,1,1,1,correct,
video010_causale_02,video010,video010.mp4,video010_causale,2,causale,Perché i pazienti e i familiari sono arrabbiati?,I pazienti e i familiari sono arrabbiati perché il controsoffitto è caduto e piove nel reparto.,I pazienti e i familiari sono arrabbiati perché il riscaldamento non funziona e fa freddo nel reparto.,I pazienti e i familiari sono arrabbiati perché il riscaldamento non funziona e fa freddo nel reparto.,I pazienti e i familiari sono arrabbiati perché il controsoffitto è caduto e piove nel reparto.,1,gemma,only_video,1,1,1,correct,
video010_causale_03,video010,video010.mp4,video010_causale,3,causale,Perché i pazienti e i familiari sono arrabbiati?,"I pazienti e i familiari sono arrabbiati perché il controsoffitto ha ceduto, l'acqua entra nel reparto e l'area di malattie infettive risulta danneggiata.",I pazienti e i familiari sono arrabbiati perché il sistema di ventilazione è guasto e l'area di malattie infettive risulta danneggiata.,"I pazienti e i familiari sono arrabbiati perché il controsoffitto ha ceduto, l'acqua entra nel reparto e l'area di malattie infettive risulta danneggiata.",I pazienti e i familiari sono arrabbiati perché il sistema di ventilazione è guasto e l'area di malattie infettive risulta danneggiata.,0,gemma,only_video,0,0,1,correct,
video010_causale_04,video010,video010.mp4,video010_causale,4,causale,Perché i pazienti e i familiari sono arrabbiati?,I pazienti e i familiari sono arrabbiati perché il reparto di malattie infettive è danneggiato.,I pazienti e i familiari sono arrabbiati perché il personale medico è scortese.,I pazienti e i familiari sono arrabbiati perché il personale medico è scortese.,I pazienti e i familiari sono arrabbiati perché il reparto di malattie infettive è danneggiato.,1,gemma,only_video,1,1,1,correct,
video010_spaziale_01,video010,video010.mp4,video010_spaziale,1,spaziale,Da dove scende l'acqua?,L'acqua scende dai diroccamenti dell'ospedale.,L'acqua scende dai diroccamenti del castello.,L'acqua scende dai diroccamenti dell'ospedale.,L'acqua scende dai diroccamenti del castello.,0,gemma,only_video,0,0,1,correct,
video010_spaziale_02,video010,video010.mp4,video010_spaziale,2,spaziale,Da dove scende l'acqua?,L'acqua scende dal controsoffitto.,L'acqua scende dai muri laterali.,L'acqua scende dal controsoffitto.,L'acqua scende dai muri laterali.,0,gemma,only_video,0,0,1,correct,
video010_spaziale_03,video010,video010.mp4,video010_spaziale,3,spaziale,Da dove scende l'acqua?,"L'acqua scende dalla parte interna del tetto dell'ospedale, attraverso il controsoffitto.","L'acqua scende dalla parte esterna del tetto dell'ospedale, attraverso il controsoffitto.","L'acqua scende dalla parte esterna del tetto dell'ospedale, attraverso il controsoffitto.","L'acqua scende dalla parte interna del tetto dell'ospedale, attraverso il controsoffitto.",1,gemma,only_video,1,1,1,correct,
video010_spaziale_04,video010,video010.mp4,video010_spaziale,4,spaziale,Da dove scende l'acqua?,L'acqua scende dall'intero tetto dell'ospedale.,L'acqua scende dal balcone del teatro.,L'acqua scende dall'intero tetto dell'ospedale.,L'acqua scende dal balcone del teatro.,0,gemma,only_video,0,0,1,correct,
video010_temporale_01,video010,video010.mp4,video010_temporale,1,temporale,I familiari dei pazienti denunciano i danni all'ospedale prima o dopo che piova?,I familiari dei pazienti denunciano i danni all'ospedale dopo che piova.,I familiari dei pazienti denunciano i danni all'ospedale prima che piova.,I familiari dei pazienti denunciano i danni all'ospedale prima che piova.,I familiari dei pazienti denunciano i danni all'ospedale dopo che piova.,1,gemma,only_video,1,1,1,correct,
video010_temporale_02,video010,video010.mp4,video010_temporale,2,temporale,I familiari dei pazienti denunciano i danni all'ospedale prima o dopo che piova?,I familiari dei pazienti denunciano i danni all'ospedale dopo che piova.,I familiari dei pazienti denunciano i danni all'ospedale prima che piova.,I familiari dei pazienti denunciano i danni all'ospedale dopo che piova.,I familiari dei pazienti denunciano i danni all'ospedale prima che piova.,0,gemma,only_video,0,0,1,correct,
video010_temporale_03,video010,video010.mp4,video010_temporale,3,temporale,I familiari dei pazienti denunciano i danni all'ospedale prima o dopo che piova?,I familiari dei pazienti denunciano i danni all'ospedale successivamente alla pioggia torrenziale.,I familiari dei pazienti denunciano i danni all'ospedale prima della pioggia torrenziale.,I familiari dei pazienti denunciano i danni all'ospedale successivamente alla pioggia torrenziale.,I familiari dei pazienti denunciano i danni all'ospedale prima della pioggia torrenziale.,0,gemma,only_video,0,0,1,correct,
video010_temporale_04,video010,video010.mp4,video010_temporale,4,temporale,I familiari dei pazienti denunciano i danni all'ospedale prima o dopo che piova?,I familiari dei pazienti denunciano i danni all'ospedale dopo la pioggia torrenziale.,I familiari dei pazienti denunciano i danni all'ospedale prima della pioggia torrenziale.,I familiari dei pazienti denunciano i danni all'ospedale prima della pioggia torrenziale.,I familiari dei pazienti denunciano i danni all'ospedale dopo la pioggia torrenziale.,1,gemma,only_video,1,1,1,correct,
video011_causale_01,video011,video011.mp4,video011_causale,1,causale,Perché la figlia dice al padre 'scandaloso'?,La figlia dice 'scandaloso' al padre perché sta giocando piuttosto che lavorare come aveva detto.,La figlia dice 'scandaloso' al padre perché sta mangiando piuttosto che giocare come aveva detto.,La figlia dice 'scandaloso' al padre perché sta mangiando piuttosto che giocare come aveva detto.,La figlia dice 'scandaloso' al padre perché sta giocando piuttosto che lavorare come aveva detto.,1,gemma,only_video,0,0,0,wrong,
video011_causale_02,video011,video011.mp4,video011_causale,2,causale,Perché la figlia dice al padre 'scandaloso'?,La figlia dice 'scandaloso' al padre perchè dice una bugia.,La figlia dice 'scandaloso' al padre perchè ha scoperto la verità.,La figlia dice 'scandaloso' al padre perchè ha scoperto la verità.,La figlia dice 'scandaloso' al padre perchè dice una bugia.,1,gemma,only_video,1,1,1,correct,
video011_causale_03,video011,video011.mp4,video011_causale,3,causale,Perché la figlia dice al padre 'scandaloso'?,La figlia dice 'scandaloso' al padre perché è sconcertata dal suo comportamento: le dice una bugia e preferisce giocare al telefono invece di raggiungerla.,La figlia dice 'scandaloso' al padre perché è scontenta del suo regalo: le ha promesso un viaggio ma l'ha portata a una cena noiosa.,La figlia dice 'scandaloso' al padre perché è scontenta del suo regalo: le ha promesso un viaggio ma l'ha portata a una cena noiosa.,La figlia dice 'scandaloso' al padre perché è sconcertata dal suo comportamento: le dice una bugia e preferisce giocare al telefono invece di raggiungerla.,1,gemma,only_video,1,1,1,correct,
video011_causale_04,video011,video011.mp4,video011_causale,4,causale,Perché la figlia dice al padre 'scandaloso'?,La figlia dice 'scandaloso' al padre perché è sconcertata dal fatto che preferisca giocare con il telefono anziché andare da lei che lo chiama.,La figlia dice 'scandaloso' al padre perché è arrabbiata che abbia dimenticato il suo compleanno.,La figlia dice 'scandaloso' al padre perché è arrabbiata che abbia dimenticato il suo compleanno.,La figlia dice 'scandaloso' al padre perché è sconcertata dal fatto che preferisca giocare con il telefono anziché andare da lei che lo chiama.,1,gemma,only_video,1,1,1,correct,
video011_spaziale_01,video011,video011.mp4,video011_spaziale,1,spaziale,Dove si trova il cellulare?,Il cellulare si trova in mano al padre.,Il cellulare si trova sul tavolo.,Il cellulare si trova in mano al padre.,Il cellulare si trova sul tavolo.,0,gemma,only_video,0,0,1,correct,
video011_spaziale_02,video011,video011.mp4,video011_spaziale,2,spaziale,Dove si trova il cellulare?,Il cellulare si trova nelle mani di papà.,Il cellulare si trova sul tavolo.,Il cellulare si trova sul tavolo.,Il cellulare si trova nelle mani di papà.,1,gemma,only_video,1,1,1,correct,
video011_spaziale_03,video011,video011.mp4,video011_spaziale,3,spaziale,Dove si trova il cellulare?,Il cellulare si trova tra le mani del padre con il maglione verde.,Il cellulare si trova sul tavolo davanti al padre con il maglione verde.,Il cellulare si trova sul tavolo davanti al padre con il maglione verde.,Il cellulare si trova tra le mani del padre con il maglione verde.,1,gemma,only_video,1,1,1,correct,
video011_spaziale_04,video011,video011.mp4,video011_spaziale,4,spaziale,Dove si trova il cellulare?,Il cellulare si trova davanti all'uomo con il maglione verde.,Il cellulare si trova dietro all'uomo con il maglione verde.,Il cellulare si trova dietro all'uomo con il maglione verde.,Il cellulare si trova davanti all'uomo con il maglione verde.,1,gemma,only_video,1,1,1,correct,
video011_temporale_01,video011,video011.mp4,video011_temporale,1,temporale,La figlia si arrabbia prima o dopo aver chiamato il padre?,La figlia si arrabbia subito dopo aver chiamato il padre.,La figlia si arrabbia prima di chiamare il padre.,La figlia si arrabbia subito dopo aver chiamato il padre.,La figlia si arrabbia prima di chiamare il padre.,0,gemma,only_video,0,0,1,correct,
video011_temporale_02,video011,video011.mp4,video011_temporale,2,temporale,La figlia si arrabbia prima o dopo aver chiamato il padre?,La figlia si arrabbia dopo aver chiamato il padre.,La figlia si arrabbia prima di chiamare il padre.,La figlia si arrabbia prima di chiamare il padre.,La figlia si arrabbia dopo aver chiamato il padre.,1,gemma,only_video,0,0,0,wrong,
video011_temporale_03,video011,video011.mp4,video011_temporale,3,temporale,La figlia si arrabbia prima o dopo aver chiamato il padre?,La figlia si arrabbia dopo aver chiamato il padre.,La figlia si arrabbia prima di chiamare il padre.,La figlia si arrabbia dopo aver chiamato il padre.,La figlia si arrabbia prima di chiamare il padre.,0,gemma,only_video,1,1,0,wrong,
video011_temporale_04,video011,video011.mp4,video011_temporale,4,temporale,La figlia si arrabbia prima o dopo aver chiamato il padre?,La figlia si arrabbia dopo aver chiamato il padre ed essersi accorta che sta al cellulare a giocare.,La figlia si arrabbia prima di chiamare il padre ed accorgersi che sta al cellulare a giocare.,La figlia si arrabbia dopo aver chiamato il padre ed essersi accorta che sta al cellulare a giocare.,La figlia si arrabbia prima di chiamare il padre ed accorgersi che sta al cellulare a giocare.,0,gemma,only_video,1,1,0,wrong,
video012_causale_01,video012,video012.mp4,video012_causale,1,causale,Perché la donna decide di non partire dal fondotinta?,La decisione della donna di non partire dal fondotinta è per neutralizzare la base.,La decisione della donna di non partire dal fondotinta è per evitare irritazioni.,La decisione della donna di non partire dal fondotinta è per neutralizzare la base.,La decisione della donna di non partire dal fondotinta è per evitare irritazioni.,0,gemma,only_video,0,0,1,correct,
video012_causale_02,video012,video012.mp4,video012_causale,2,causale,Perché la donna decide di non partire dal fondotinta?,La donna decide di non partire dal fondotinta per evitare di rovinarlo.,La donna decide di non partire dal fondotinta perchè non ne aveva a disposizione.,La donna decide di non partire dal fondotinta perchè non ne aveva a disposizione.,La donna decide di non partire dal fondotinta per evitare di rovinarlo.,1,gemma,only_video,0,0,0,wrong,
video012_causale_03,video012,video012.mp4,video012_causale,3,causale,Perché la donna decide di non partire dal fondotinta?,La donna decide di non partire dal fondotinta per proteggere il fondotinta e evitare che i glitter dell'ombretto lo rovinino durante la sfumatura.,La donna decide di partire dal fondotinta per evitare che l'ombretto risalti troppo sul viso.,La donna decide di partire dal fondotinta per evitare che l'ombretto risalti troppo sul viso.,La donna decide di non partire dal fondotinta per proteggere il fondotinta e evitare che i glitter dell'ombretto lo rovinino durante la sfumatura.,1,gemma,only_video,1,1,1,correct,
video012_causale_04,video012,video012.mp4,video012_causale,4,causale,Perché la donna decide di non partire dal fondotinta?,La donna decide di non partire dal fondotinta perché teme che sfumando l'ombretto il fondotinta possa rovinarsi con i glitter che le cadono.,La donna decide di non partire dal fondotinta perché teme che sfumando l'ombretto possa macchiarsi le mani.,La donna decide di non partire dal fondotinta perché teme che sfumando l'ombretto il fondotinta possa rovinarsi con i glitter che le cadono.,La donna decide di non partire dal fondotinta perché teme che sfumando l'ombretto possa macchiarsi le mani.,0,gemma,only_video,1,1,0,wrong,
video012_spaziale_01,video012,video012.mp4,video012_spaziale,1,spaziale,Dove viene applicato l'ombretto dorato?,L'ombretto dorato viene applicato sopra la base.,L'ombretto dorato viene applicato sotto la base.,L'ombretto dorato viene applicato sotto la base.,L'ombretto dorato viene applicato sopra la base.,1,gemma,only_video,1,1,1,correct,
video012_spaziale_02,video012,video012.mp4,video012_spaziale,2,spaziale,Dove viene applicato l'ombretto dorato?,L'ombretto dorato viene applicato su tutta la palpebra mobile.,L'ombretto dorato viene applicato solo sull'angolo esterno dell'occhio.,L'ombretto dorato viene applicato su tutta la palpebra mobile.,L'ombretto dorato viene applicato solo sull'angolo esterno dell'occhio.,0,gemma,only_video,0,0,1,correct,
video012_spaziale_03,video012,video012.mp4,video012_spaziale,3,spaziale,Dove viene applicato l'ombretto dorato?,L'ombretto dorato viene applicato sull'intera superficie della palpebra mobile.,L'ombretto dorato viene applicato solo sull'angolo esterno della palpebra mobile.,L'ombretto dorato viene applicato solo sull'angolo esterno della palpebra mobile.,L'ombretto dorato viene applicato sull'intera superficie della palpebra mobile.,1,gemma,only_video,1,1,1,correct,
video012_spaziale_04,video012,video012.mp4,video012_spaziale,4,spaziale,Dove viene applicato l'ombretto dorato?,L'ombretto dorato viene applicato sulla palpebra mobile.,L'ombretto dorato viene applicato sopra l'arcata sopraccigliare.,L'ombretto dorato viene applicato sopra l'arcata sopraccigliare.,L'ombretto dorato viene applicato sulla palpebra mobile.,1,gemma,only_video,1,1,1,correct,
video012_temporale_01,video012,video012.mp4,video012_temporale,1,temporale,La base viene stesa prima o dopo l'ombretto sulla palpebra?,La base viene stesa prima dell'ombretto sulla palpebra.,La base viene stesa dopo l'ombretto sulla palpebra.,La base viene stesa dopo l'ombretto sulla palpebra.,La base viene stesa prima dell'ombretto sulla palpebra.,1,gemma,only_video,1,1,1,correct,
video012_temporale_02,video012,video012.mp4,video012_temporale,2,temporale,La base viene stesa prima o dopo l'ombretto sulla palpebra?,La base viene stesa prima dell'ombretto sulla palpebra.,La base viene stesa dopo l'ombretto sulla palpebra.,La base viene stesa dopo l'ombretto sulla palpebra.,La base viene stesa prima dell'ombretto sulla palpebra.,1,gemma,only_video,1,1,1,correct,
video012_temporale_03,video012,video012.mp4,video012_temporale,3,temporale,La base viene stesa prima o dopo l'ombretto sulla palpebra?,La base color crema viene stesa in precedenza per facilitare la successiva sfumatura.,La base color crema viene stesa successivamente per facilitare la successiva sfumatura.,La base color crema viene stesa successivamente per facilitare la successiva sfumatura.,La base color crema viene stesa in precedenza per facilitare la successiva sfumatura.,1,gemma,only_video,1,1,1,correct,
video012_temporale_04,video012,video012.mp4,video012_temporale,4,temporale,La base viene stesa prima o dopo l'ombretto sulla palpebra?,La base color crema viene stesa prima dell'ombretto per rendere più facile la sfumatura.,L'ombretto viene applicato prima della base color crema per rendere più facile la sfumatura.,L'ombretto viene applicato prima della base color crema per rendere più facile la sfumatura.,La base color crema viene stesa prima dell'ombretto per rendere più facile la sfumatura.,1,gemma,only_video,1,1,1,correct,
video013_causale_01,video013,video013.mp4,video013_causale,1,causale,Perché la farina viene messa dopo lo zucchero?,La farina viene messa dopo lo zucchero perché prima vanno montate le uova.,La farina viene messa dopo lo zucchero perché prima va sciolto il burro.,La farina viene messa dopo lo zucchero perché prima va sciolto il burro.,La farina viene messa dopo lo zucchero perché prima vanno montate le uova.,1,gemma,only_video,1,1,1,correct,
video013_causale_02,video013,video013.mp4,video013_causale,2,causale,Perché la farina viene messa dopo lo zucchero?,La farina viene messa dopo lo zucchero perché bisogna aspettare che il composto diventi spumoso.,La farina viene messa dopo lo zucchero perché bisogna evitare che il composto diventi spumoso.,La farina viene messa dopo lo zucchero perché bisogna aspettare che il composto diventi spumoso.,La farina viene messa dopo lo zucchero perché bisogna evitare che il composto diventi spumoso.,0,gemma,only_video,1,1,0,wrong,
video013_causale_03,video013,video013.mp4,video013_causale,3,causale,Perché la farina viene messa dopo lo zucchero?,La farina viene messa dopo lo zucchero perché bisogna attendere e mescolare finché il composto diventa spumoso.,La farina viene messa dopo lo zucchero perché il composto deve rimanere liquido e non diventare spumoso.,La farina viene messa dopo lo zucchero perché bisogna attendere e mescolare finché il composto diventa spumoso.,La farina viene messa dopo lo zucchero perché il composto deve rimanere liquido e non diventare spumoso.,0,gemma,only_video,0,0,1,correct,
video013_causale_04,video013,video013.mp4,video013_causale,4,causale,Perché la farina viene messa dopo lo zucchero?,La farina viene messa dopo lo zucchero perché il composto deve essere mescolato fino ad essere spumoso.,La farina viene messa dopo lo zucchero perché il composto deve cambiare colore.,La farina viene messa dopo lo zucchero perché il composto deve essere mescolato fino ad essere spumoso.,La farina viene messa dopo lo zucchero perché il composto deve cambiare colore.,0,gemma,only_video,0,0,1,correct,
video013_spaziale_01,video013,video013.mp4,video013_spaziale,1,spaziale,Dove vengono aggiunti i due cucchiai in più di farina?,I due cucchiai in più di farina vengono aggiunti nel recipiente contenente il composto.,I due cucchiai in più di farina vengono aggiunti in un piatto separato.,I due cucchiai in più di farina vengono aggiunti nel recipiente contenente il composto.,I due cucchiai in più di farina vengono aggiunti in un piatto separato.,0,gemma,only_video,0,0,1,correct,
video013_spaziale_02,video013,video013.mp4,video013_spaziale,2,spaziale,Dove vengono aggiunti i due cucchiai in più di farina?,I due cucchiai in più di farina vengono aggiunti nel bicchiere.,I due cucchiai in più di farina vengono aggiunti nella ciotola.,I due cucchiai in più di farina vengono aggiunti nel bicchiere.,I due cucchiai in più di farina vengono aggiunti nella ciotola.,0,gemma,only_video,1,1,0,wrong,
video013_spaziale_03,video013,video013.mp4,video013_spaziale,3,spaziale,Dove vengono aggiunti i due cucchiai in più di farina?,I due cucchiai in più di farina vengono aggiunti gradualmente nel recipiente contenente il composto.,I due cucchiai in più di farina vengono aggiunti gradualmente nella padella contenente il composto.,I due cucchiai in più di farina vengono aggiunti gradualmente nella padella contenente il composto.,I due cucchiai in più di farina vengono aggiunti gradualmente nel recipiente contenente il composto.,1,gemma,only_video,1,1,1,correct,
video013_spaziale_04,video013,video013.mp4,video013_spaziale,4,spaziale,Dove vengono aggiunti i due cucchiai in più di farina?,I due cucchiai di farina vengono aggiunti dentro la ciotola con il composto a poco a poco.,I due cucchiai di farina vengono aggiunti sopra la ciotola con il composto a poco a poco.,I due cucchiai di farina vengono aggiunti sopra la ciotola con il composto a poco a poco.,I due cucchiai di farina vengono aggiunti dentro la ciotola con il composto a poco a poco.,1,gemma,only_video,1,1,1,correct,
video013_temporale_01,video013,video013.mp4,video013_temporale,1,temporale,La donna parla dello zucchero di canna prima o dopo aver rotto le uova?,La donna parla dello zucchero di canna dopo aver rotto le uova.,La donna parla dello zucchero di canna prima di rompere le uova.,La donna parla dello zucchero di canna dopo aver rotto le uova.,La donna parla dello zucchero di canna prima di rompere le uova.,0,gemma,only_video,0,0,1,correct,
video013_temporale_02,video013,video013.mp4,video013_temporale,2,temporale,La donna parla dello zucchero di canna prima o dopo aver rotto le uova?,La donna parla dello zucchero di canna dopo aver rotto le uova.,La donna parla dello zucchero di canna prima di rompere le uova.,La donna parla dello zucchero di canna dopo aver rotto le uova.,La donna parla dello zucchero di canna prima di rompere le uova.,0,gemma,only_video,0,0,1,correct,
video013_temporale_03,video013,video013.mp4,video013_temporale,3,temporale,La donna parla dello zucchero di canna prima o dopo aver rotto le uova?,La donna parla dello zucchero di canna dopo aver rotto le uova ma prima di aggiungerlo.,La donna parla dello zucchero di canna prima di rompere le uova ma dopo averlo aggiunto.,La donna parla dello zucchero di canna prima di rompere le uova ma dopo averlo aggiunto.,La donna parla dello zucchero di canna dopo aver rotto le uova ma prima di aggiungerlo.,1,gemma,only_video,0,0,0,wrong,
video013_temporale_04,video013,video013.mp4,video013_temporale,4,temporale,La donna parla dello zucchero di canna prima o dopo aver rotto le uova?,La donna parla dello zucchero di canna dopo aver rotto le uova e prima di metterlo nella ciotola.,La donna parla dello zucchero di canna prima di rompere le uova e dopo averlo messo nella ciotola.,La donna parla dello zucchero di canna dopo aver rotto le uova e prima di metterlo nella ciotola.,La donna parla dello zucchero di canna prima di rompere le uova e dopo averlo messo nella ciotola.,0,gemma,only_video,0,0,1,correct,
video014_causale_01,video014,video014.mp4,video014_causale,1,causale,Perché la tecnica di trapiantare solo due dita va bene sulla piantina mostrata?,"La tecnica di trapiantare solo due dita va bene sulla piantina mostrata perché è una lattuga, una delle poche piante per cui questa regola è indicata.",La tecnica di trapiantare solo due dita va bene sulla piantina mostrata perché questa regola si applica indistintamente a tutte le piante.,La tecnica di trapiantare solo due dita va bene sulla piantina mostrata perché questa regola si applica indistintamente a tutte le piante.,"La tecnica di trapiantare solo due dita va bene sulla piantina mostrata perché è una lattuga, una delle poche piante per cui questa regola è indicata.",1,gemma,only_video,0,0,0,wrong,
video014_causale_02,video014,video014.mp4,video014_causale,2,causale,Perché la tecnica di trapiantare solo due dita va bene sulla piantina mostrata?,"La tecnica di trapiantare solo due dita va bene sulla piantina mostrata perché è una lattuga, per cui si utilizza questa pratica.","La tecnica di trapiantare solo due dita va bene sulla piantina mostrata perché è una carota, per cui si utilizza questa pratica.","La tecnica di trapiantare solo due dita va bene sulla piantina mostrata perché è una lattuga, per cui si utilizza questa pratica.","La tecnica di trapiantare solo due dita va bene sulla piantina mostrata perché è una carota, per cui si utilizza questa pratica.",0,gemma,only_video,1,1,0,wrong,
video014_causale_03,video014,video014.mp4,video014_causale,3,causale,Perché la tecnica di trapiantare solo due dita va bene sulla piantina mostrata?,"La tecnica di trapiantare solo due dita è adatta perché la piantina mostrata è lattuga, un tipo di pianta per cui questa tecnica funziona bene.","La tecnica di trapiantare solo due dita è adatta perché la piantina mostrata è lattuga, un tipo di pianta che richiede un'altra tecnica per crescere bene.","La tecnica di trapiantare solo due dita è adatta perché la piantina mostrata è lattuga, un tipo di pianta che richiede un'altra tecnica per crescere bene.","La tecnica di trapiantare solo due dita è adatta perché la piantina mostrata è lattuga, un tipo di pianta per cui questa tecnica funziona bene.",1,gemma,only_video,1,1,1,correct,
video014_causale_04,video014,video014.mp4,video014_causale,4,causale,Perché la tecnica di trapiantare solo due dita va bene sulla piantina mostrata?,La tecnica di trapiantare solo due dita va bene sulla piantina mostrata perché è una piantina di lattuga.,La tecnica di trapiantare solo due dita va bene sulla piantina mostrata perché è una piantina di pomodoro.,La tecnica di trapiantare solo due dita va bene sulla piantina mostrata perché è una piantina di lattuga.,La tecnica di trapiantare solo due dita va bene sulla piantina mostrata perché è una piantina di pomodoro.,0,gemma,only_video,0,0,1,correct,
video014_spaziale_01,video014,video014.mp4,video014_spaziale,1,spaziale,Dove va messa la piantina?,La piantina va messa in terra alzata di due centimetri.,La piantina va messa in terra abbassata di due centimetri.,La piantina va messa in terra abbassata di due centimetri.,La piantina va messa in terra alzata di due centimetri.,1,gemma,only_video,0,0,0,wrong,
video014_spaziale_02,video014,video014.mp4,video014_spaziale,2,spaziale,Dove va messa la piantina?,La piantina va messa nel terreno.,La piantina va messa in un vaso.,La piantina va messa in un vaso.,La piantina va messa nel terreno.,1,gemma,only_video,1,1,1,correct,
video014_spaziale_03,video014,video014.mp4,video014_spaziale,3,spaziale,Dove va messa la piantina?,"La piantina va messa nel terreno, circa due dita sotto la superficie e vicino al tubo di irrigazione.","La piantina va messa in un vaso, circa due dita sopra la superficie e lontano dal tubo di irrigazione.","La piantina va messa in un vaso, circa due dita sopra la superficie e lontano dal tubo di irrigazione.","La piantina va messa nel terreno, circa due dita sotto la superficie e vicino al tubo di irrigazione.",1,gemma,only_video,1,1,1,correct,
video014_spaziale_04,video014,video014.mp4,video014_spaziale,4,spaziale,Dove va messa la piantina?,La piantina va messa vicino al tubo di irrigazione a due dita sotto terra.,La piantina va messa lontano dal tubo di irrigazione a due dita sotto terra.,La piantina va messa lontano dal tubo di irrigazione a due dita sotto terra.,La piantina va messa vicino al tubo di irrigazione a due dita sotto terra.,1,gemma,only_video,1,1,1,correct,
video014_temporale_01,video014,video014.mp4,video014_temporale,1,temporale,L'uomo trova l'animale trasparente prima o dopo aver piantato la lattuga?,L'uomo trova l'animale trasparente dopo aver piantato la lattuga.,"Prima di piantare la lattuga, l'uomo trova l'animale trasparente.",L'uomo trova l'animale trasparente dopo aver piantato la lattuga.,"Prima di piantare la lattuga, l'uomo trova l'animale trasparente.",0,gemma,only_video,0,0,1,correct,
video014_temporale_02,video014,video014.mp4,video014_temporale,2,temporale,L'uomo trova l'animale trasparente prima o dopo aver piantato la lattuga?,L'uomo trova l'animale trasparente prima di piantare la lattuga.,L'uomo trova l'animale trasparente dopo aver piantato la lattuga.,L'uomo trova l'animale trasparente dopo aver piantato la lattuga.,L'uomo trova l'animale trasparente prima di piantare la lattuga.,1,gemma,only_video,0,0,0,wrong,
video014_temporale_03,video014,video014.mp4,video014_temporale,3,temporale,L'uomo trova l'animale trasparente prima o dopo aver piantato la lattuga?,"L'uomo trova l'animale trasparente durante lo scavo della terra, prima delle fasi successive.","L'uomo trova l'animale trasparente durante lo scavo della terra, dopo le fasi successive.","L'uomo trova l'animale trasparente durante lo scavo della terra, prima delle fasi successive.","L'uomo trova l'animale trasparente durante lo scavo della terra, dopo le fasi successive.",0,gemma,only_video,0,0,1,correct,
video014_temporale_04,video014,video014.mp4,video014_temporale,4,temporale,L'uomo trova l'animale trasparente prima o dopo aver piantato la lattuga?,"L'uomo trova l'animale trasparente mentre scava la terra, prima di piantare la lattuga.",L'uomo trova l'animale trasparente dopo aver piantato la lattuga.,L'uomo trova l'animale trasparente dopo aver piantato la lattuga.,"L'uomo trova l'animale trasparente mentre scava la terra, prima di piantare la lattuga.",1,gemma,only_video,1,1,1,correct,
video015_causale_01,video015,video015.mp4,video015_causale,1,causale,Perché Alice Caldora è stata premiata nel 2016?,Alice Caldora è stata premiata nel 2016 perché è vicecampionessa italiana.,Alice Caldora è stata premiata nel 2016 perché è la più giovane partecipante.,Alice Caldora è stata premiata nel 2016 perché è la più giovane partecipante.,Alice Caldora è stata premiata nel 2016 perché è vicecampionessa italiana.,1,gemma,only_video,0,0,0,wrong,
video015_causale_02,video015,video015.mp4,video015_causale,2,causale,Perché Alice Caldora è stata premiata nel 2016?,Alice Caldora è stata premiata nel 2016 perché è rientrata nella finalissima.,Alice Caldora è stata premiata nel 2016 perché ha vinto il concorso.,Alice Caldora è stata premiata nel 2016 perché è rientrata nella finalissima.,Alice Caldora è stata premiata nel 2016 perché ha vinto il concorso.,0,gemma,only_video,0,0,1,correct,
video015_causale_03,video015,video015.mp4,video015_causale,3,causale,Perché Alice Caldora è stata premiata nel 2016?,"Alice Caldora è stata premiata nel 2016 perché era arrivata alla finalissima, concludendo come vicecampionessa italiana al nastro.",Alice Caldora è stata premiata nel 2016 perché aveva scritto un libro di successo.,Alice Caldora è stata premiata nel 2016 perché aveva scritto un libro di successo.,"Alice Caldora è stata premiata nel 2016 perché era arrivata alla finalissima, concludendo come vicecampionessa italiana al nastro.",1,gemma,only_video,1,1,1,correct,
video015_causale_04,video015,video015.mp4,video015_causale,4,causale,Perché Alice Caldora è stata premiata nel 2016?,Alice Caldora è stata premiata nel 2016 perché è stata vicecampionessa italiana di nastro.,Alice Caldora è stata premiata nel 2016 perché ha inventato una nuova routine di nastro.,Alice Caldora è stata premiata nel 2016 perché ha inventato una nuova routine di nastro.,Alice Caldora è stata premiata nel 2016 perché è stata vicecampionessa italiana di nastro.,1,gemma,only_video,0,0,0,wrong,
video015_spaziale_01,video015,video015.mp4,video015_spaziale,1,spaziale,Dove fanno esercizi le ginnaste dell'Eterea?,Le ginnaste dell'Eterea fanno esercizi in palestra.,Le ginnaste dell'Eterea fanno esercizi al parco.,Le ginnaste dell'Eterea fanno esercizi al parco.,Le ginnaste dell'Eterea fanno esercizi in palestra.,1,gemma,only_video,1,1,1,correct,
video015_spaziale_02,video015,video015.mp4,video015_spaziale,2,spaziale,Dove fanno esercizi le ginnaste dell'Eterea?,Le ginnaste dell'Eterea fanno esercizi in un palazzetto dello sport.,Le ginnaste dell'Eterea fanno esercizi in un parco.,Le ginnaste dell'Eterea fanno esercizi in un parco.,Le ginnaste dell'Eterea fanno esercizi in un palazzetto dello sport.,1,gemma,only_video,1,1,1,correct,
video015_spaziale_03,video015,video015.mp4,video015_spaziale,3,spaziale,Dove fanno esercizi le ginnaste dell'Eterea?,Le ginnaste dell'Eterea fanno esercizi sulla pedana di una palestra all'interno di un palazzetto dello sport.,Le ginnaste dell'Eterea fanno esercizi su una spiaggia all'aperto.,Le ginnaste dell'Eterea fanno esercizi sulla pedana di una palestra all'interno di un palazzetto dello sport.,Le ginnaste dell'Eterea fanno esercizi su una spiaggia all'aperto.,0,gemma,only_video,0,0,1,correct,
video015_spaziale_04,video015,video015.mp4,video015_spaziale,4,spaziale,Dove fanno esercizi le ginnaste dell'Eterea?,Le ginnaste dell'Eterea fanno esercizi sulla pedana nella palestra.,Le ginnaste dell'Eterea fanno esercizi nel cortile della palestra.,Le ginnaste dell'Eterea fanno esercizi sulla pedana nella palestra.,Le ginnaste dell'Eterea fanno esercizi nel cortile della palestra.,0,gemma,only_video,0,0,1,correct,
video015_temporale_01,video015,video015.mp4,video015_temporale,1,temporale,Quando si è qualificata alla fase nazionale la squadra di ginnaste?,La squadra di ginnaste si è qualificata alla fase nazionale lo scorso anno.,La squadra di ginnaste si è qualificata alla fase nazionale quest'anno.,La squadra di ginnaste si è qualificata alla fase nazionale lo scorso anno.,La squadra di ginnaste si è qualificata alla fase nazionale quest'anno.,0,gemma,only_video,0,0,1,correct,
video015_temporale_02,video015,video015.mp4,video015_temporale,2,temporale,Quando si è qualificata alla fase nazionale la squadra di ginnaste?,La squadra di ginnaste si è qualificata alla fase nazionale lo scorso anno.,La squadra di ginnaste si è qualificata alla fase nazionale quest'anno.,La squadra di ginnaste si è qualificata alla fase nazionale lo scorso anno.,La squadra di ginnaste si è qualificata alla fase nazionale quest'anno.,0,gemma,only_video,0,0,1,correct,
video015_temporale_03,video015,video015.mp4,video015_temporale,3,temporale,Quando si è qualificata alla fase nazionale la squadra di ginnaste?,La squadra di ginnaste si è qualificata alla fase nazionale nell'anno precedente.,La squadra di ginnaste si è qualificata alla fase nazionale quest'anno.,La squadra di ginnaste si è qualificata alla fase nazionale nell'anno precedente.,La squadra di ginnaste si è qualificata alla fase nazionale quest'anno.,0,gemma,only_video,0,0,1,correct,
video015_temporale_04,video015,video015.mp4,video015_temporale,4,temporale,Quando si è qualificata alla fase nazionale la squadra di ginnaste?,La squadra di ginnaste si è qualificata alla fase nazionale lo scorso anno.,La squadra di ginnaste si è qualificata alla fase nazionale questo mese.,La squadra di ginnaste si è qualificata alla fase nazionale questo mese.,La squadra di ginnaste si è qualificata alla fase nazionale lo scorso anno.,1,gemma,only_video,0,0,0,wrong,
video016_causale_01,video016,video016.mp4,video016_causale,1,causale,Perché l'uomo taglia una quantità superiore di sedano?,L'uomo taglia una quantità superiore di sedano perché preferisce personalmente usarne di più nella ricetta.,L'uomo taglia una quantità superiore di sedano perché la ricetta impone di usarne di più.,L'uomo taglia una quantità superiore di sedano perché preferisce personalmente usarne di più nella ricetta.,L'uomo taglia una quantità superiore di sedano perché la ricetta impone di usarne di più.,0,gemma,only_video,1,1,0,wrong,
video016_causale_02,video016,video016.mp4,video016_causale,2,causale,Perché l'uomo taglia una quantità superiore di sedano?,Nel video l'uomo taglia una quantità superiore di sedano perché è una sua preferenza.,Nel video l'uomo taglia una quantità superiore di sedano perché lo richiede la ricetta.,Nel video l'uomo taglia una quantità superiore di sedano perché lo richiede la ricetta.,Nel video l'uomo taglia una quantità superiore di sedano perché è una sua preferenza.,1,gemma,only_video,0,0,0,wrong,
video016_causale_03,video016,video016.mp4,video016_causale,3,causale,Perché l'uomo taglia una quantità superiore di sedano?,"L'uomo taglia una quantità superiore di sedano per una preferenza personale del cuoco, che nella ricetta gradisce una quantità maggiore di sedano.","L'uomo taglia una quantità superiore di sedano per un errore nella ricetta, che richiede in realtà una quantità minore di sedano.","L'uomo taglia una quantità superiore di sedano per una preferenza personale del cuoco, che nella ricetta gradisce una quantità maggiore di sedano.","L'uomo taglia una quantità superiore di sedano per un errore nella ricetta, che richiede in realtà una quantità minore di sedano.",0,gemma,only_video,0,0,1,correct,
video016_causale_04,video016,video016.mp4,video016_causale,4,causale,Perché l'uomo taglia una quantità superiore di sedano?,L'uomo taglia una quantità superiore di sedano perché al cuoco piace averne di più nella sua ricetta.,L'uomo taglia una quantità superiore di sedano perché ha inavvertitamente comprato troppo sedano.,L'uomo taglia una quantità superiore di sedano perché al cuoco piace averne di più nella sua ricetta.,L'uomo taglia una quantità superiore di sedano perché ha inavvertitamente comprato troppo sedano.,0,gemma,only_video,0,0,1,correct,
video016_spaziale_01,video016,video016.mp4,video016_spaziale,1,spaziale,Dove viene messo il pepe macinato al momento?,Il pepe macinato al momento viene messo sopra la pietanza.,Il pepe macinato al momento viene messo sotto la pietanza.,Il pepe macinato al momento viene messo sopra la pietanza.,Il pepe macinato al momento viene messo sotto la pietanza.,0,gemma,only_video,0,0,1,correct,
video016_spaziale_02,video016,video016.mp4,video016_spaziale,2,spaziale,Dove viene messo il pepe macinato al momento?,Il pepe macinato al momento viene messo sopra.,Il pepe macinato al momento viene messo sotto.,Il pepe macinato al momento viene messo sotto.,Il pepe macinato al momento viene messo sopra.,1,gemma,only_video,0,0,0,wrong,
video016_spaziale_03,video016,video016.mp4,video016_spaziale,3,spaziale,Dove viene messo il pepe macinato al momento?,"Il pepe macinato al momento viene messo sopra il pezzo di carne, davanti al tagliere.","Il pepe macinato al momento viene messo sopra il pezzo di carne, accanto al tagliere.","Il pepe macinato al momento viene messo sopra il pezzo di carne, davanti al tagliere.","Il pepe macinato al momento viene messo sopra il pezzo di carne, accanto al tagliere.",0,gemma,only_video,0,0,1,correct,
video016_spaziale_04,video016,video016.mp4,video016_spaziale,4,spaziale,Dove viene messo il pepe macinato al momento?,Il pepe viene macinato sopra il pezzo di carne davanti al tagliere nel video.,Il pepe viene macinato sopra il pezzo di carne accanto al tagliere nel video.,Il pepe viene macinato sopra il pezzo di carne accanto al tagliere nel video.,Il pepe viene macinato sopra il pezzo di carne davanti al tagliere nel video.,1,gemma,only_video,1,1,1,correct,
video016_temporale_01,video016,video016.mp4,video016_temporale,1,temporale,Il pepe viene macinato prima o dopo che si mette a fare il brodo vegetale?,Il pepe viene macinato dopo che si mette a fare il brodo vegetale.,Il pepe viene macinato prima che si metta a fare il brodo vegetale.,Il pepe viene macinato dopo che si mette a fare il brodo vegetale.,Il pepe viene macinato prima che si metta a fare il brodo vegetale.,0,gemma,only_video,0,0,1,correct,
video016_temporale_02,video016,video016.mp4,video016_temporale,2,temporale,Il pepe viene macinato prima o dopo che si mette a fare il brodo vegetale?,Il pepe viene macinato dopo che si mette a fare il brodo vegetale.,Il pepe viene macinato prima di mettersi a fare il brodo vegetale.,Il pepe viene macinato prima di mettersi a fare il brodo vegetale.,Il pepe viene macinato dopo che si mette a fare il brodo vegetale.,1,gemma,only_video,0,0,0,wrong,
video016_temporale_03,video016,video016.mp4,video016_temporale,3,temporale,Il pepe viene macinato prima o dopo che si mette a fare il brodo vegetale?,Il pepe viene macinato in un momento successivo alla preparazione del brodo vegetale.,Il pepe viene macinato in un momento precedente alla preparazione del brodo vegetale.,Il pepe viene macinato in un momento successivo alla preparazione del brodo vegetale.,Il pepe viene macinato in un momento precedente alla preparazione del brodo vegetale.,0,gemma,only_video,0,0,1,correct,
video016_temporale_04,video016,video016.mp4,video016_temporale,4,temporale,Il pepe viene macinato prima o dopo che si mette a fare il brodo vegetale?,Il brodo vegetale era già stato messo a fare prima di macinare il pepe.,Il brodo vegetale è stato messo a fare dopo aver macinato il pepe.,Il brodo vegetale è stato messo a fare dopo aver macinato il pepe.,Il brodo vegetale era già stato messo a fare prima di macinare il pepe.,1,gemma,only_video,0,0,0,wrong,
video017_causale_01,video017,video017.mp4,video017_causale,1,causale,Perché il padre ironizza sul futuro da architetto del figlio?,Il padre ironizza sul futuro da architetto del figlio perché ha fatto un castello di sabbia molto bello.,Il padre ironizza sul futuro da architetto del figlio perché ha disegnato una casa su un foglio.,Il padre ironizza sul futuro da architetto del figlio perché ha fatto un castello di sabbia molto bello.,Il padre ironizza sul futuro da architetto del figlio perché ha disegnato una casa su un foglio.,0,gemma,only_video,1,1,0,wrong,
video017_causale_02,video017,video017.mp4,video017_causale,2,causale,Perché il padre ironizza sul futuro da architetto del figlio?,Il padre ironizza sul futuro da architetto del figlio perché costruisce castelli di sabbia.,Il padre ironizza sul futuro da architetto del figlio perché disegna case sui quaderni.,Il padre ironizza sul futuro da architetto del figlio perché costruisce castelli di sabbia.,Il padre ironizza sul futuro da architetto del figlio perché disegna case sui quaderni.,0,gemma,only_video,1,1,0,wrong,
video017_causale_03,video017,video017.mp4,video017_causale,3,causale,Perché il padre ironizza sul futuro da architetto del figlio?,Il padre ironizza sul futuro da architetto del figlio perché il bambino ha costruito un castello di sabbia molto grande sulla spiaggia.,Il padre ironizza sul futuro da architetto del figlio perché il bambino ha costruito un piccolo castello di sabbia sulla spiaggia.,Il padre ironizza sul futuro da architetto del figlio perché il bambino ha costruito un piccolo castello di sabbia sulla spiaggia.,Il padre ironizza sul futuro da architetto del figlio perché il bambino ha costruito un castello di sabbia molto grande sulla spiaggia.,1,gemma,only_video,0,0,0,wrong,
video017_causale_04,video017,video017.mp4,video017_causale,4,causale,Perché il padre ironizza sul futuro da architetto del figlio?,Il padre ironizza sul futuro da architetto del figlio perché il bambino in riva al mare ha costruito un castello di sabbia molto grande.,Il padre ironizza sul futuro da architetto del figlio perché il bambino in riva al mare ha distrutto un castello di sabbia molto grande.,Il padre ironizza sul futuro da architetto del figlio perché il bambino in riva al mare ha costruito un castello di sabbia molto grande.,Il padre ironizza sul futuro da architetto del figlio perché il bambino in riva al mare ha distrutto un castello di sabbia molto grande.,0,gemma,only_video,1,1,0,wrong,
video017_spaziale_01,video017,video017.mp4,video017_spaziale,1,spaziale,Dove si trovano le biglie?,Le biglie si trovano sotto la sabbia.,Le biglie si trovano sopra un tavolo.,Le biglie si trovano sopra un tavolo.,Le biglie si trovano sotto la sabbia.,1,gemma,only_video,1,1,1,correct,
video017_spaziale_02,video017,video017.mp4,video017_spaziale,2,spaziale,Dove si trovano le biglie?,Le biglie si trovano sotto la sabbia.,Le biglie si trovano sopra la sabbia.,Le biglie si trovano sotto la sabbia.,Le biglie si trovano sopra la sabbia.,0,gemma,only_video,1,1,0,wrong,
video017_spaziale_03,video017,video017.mp4,video017_spaziale,3,spaziale,Dove si trovano le biglie?,"Le biglie si trovano nella sabbia, vicino al bambino.","Le biglie si trovano sull'erba, lontano dal bambino.","Le biglie si trovano sull'erba, lontano dal bambino.","Le biglie si trovano nella sabbia, vicino al bambino.",1,gemma,only_video,1,1,1,correct,
video017_spaziale_04,video017,video017.mp4,video017_spaziale,4,spaziale,Dove si trovano le biglie?,Le biglie si trovano vicino al bambino nel video.,Le biglie si trovano lontano dal bambino nel video.,Le biglie si trovano lontano dal bambino nel video.,Le biglie si trovano vicino al bambino nel video.,1,gemma,only_video,1,1,1,correct,
video017_temporale_01,video017,video017.mp4,video017_temporale,1,temporale,La donna guarda la foto prima o dopo aver chiuso il manuale?,La donna guarda la foto dopo aver chiuso il manuale.,La donna guarda la foto prima di aprire il manuale.,La donna guarda la foto dopo aver chiuso il manuale.,La donna guarda la foto prima di aprire il manuale.,0,gemma,only_video,0,0,1,correct,
video017_temporale_02,video017,video017.mp4,video017_temporale,2,temporale,La donna guarda la foto prima o dopo aver chiuso il manuale?,La donna guarda la foto dopo aver chiuso il manuale.,La donna guarda la foto prima di aprire il manuale.,La donna guarda la foto dopo aver chiuso il manuale.,La donna guarda la foto prima di aprire il manuale.,0,gemma,only_video,0,0,1,correct,
video017_temporale_03,video017,video017.mp4,video017_temporale,3,temporale,La donna guarda la foto prima o dopo aver chiuso il manuale?,La donna guarda la foto dopo la chiusura del libro e prima che la madre osservi la fotografia del figlio.,La donna guarda la foto prima dell'apertura del libro e dopo che la madre osserva la fotografia del figlio.,La donna guarda la foto dopo la chiusura del libro e prima che la madre osservi la fotografia del figlio.,La donna guarda la foto prima dell'apertura del libro e dopo che la madre osserva la fotografia del figlio.,0,gemma,only_video,0,0,1,correct,
video017_temporale_04,video017,video017.mp4,video017_temporale,4,temporale,La donna guarda la foto prima o dopo aver chiuso il manuale?,La mamma chiude il libro prima di guardare la foto del figlio.,La mamma chiude il libro dopo aver guardato la foto del figlio.,La mamma chiude il libro prima di guardare la foto del figlio.,La mamma chiude il libro dopo aver guardato la foto del figlio.,0,gemma,only_video,1,1,0,wrong,
video018_causale_01,video018,video018.mp4,video018_causale,1,causale,Perché la donna crede che l'uomo voglia stare solo?,La donna crede che l'uomo voglia stare solo per il destino di una donna chiamata Luise.,La donna crede che l'uomo voglia stare solo per il suo bisogno di solitudine.,La donna crede che l'uomo voglia stare solo per il destino di una donna chiamata Luise.,La donna crede che l'uomo voglia stare solo per il suo bisogno di solitudine.,0,gemma,only_video,0,0,1,correct,
video018_causale_02,video018,video018.mp4,video018_causale,2,causale,Perché la donna crede che l'uomo voglia stare solo?,La donna crede che l'uomo voglia stare solo perché è angosciato dal destino di Eloise.,La donna crede che l'uomo voglia stare solo perché è arrabbiato con Eloise.,La donna crede che l'uomo voglia stare solo perché è angosciato dal destino di Eloise.,La donna crede che l'uomo voglia stare solo perché è arrabbiato con Eloise.,0,gemma,only_video,0,0,1,correct,
video018_causale_03,video018,video018.mp4,video018_causale,3,causale,Perché la donna crede che l'uomo voglia stare solo?,"La donna crede che l'uomo voglia stare solo perché percepisce che è angosciato e preoccupato per il destino di Eloise, anche se lui sostiene il contrario.","La donna crede che l'uomo voglia stare solo perché percepisce che è arrabbiato e infastidito da qualcosa, anche se lui sostiene il contrario.","La donna crede che l'uomo voglia stare solo perché percepisce che è arrabbiato e infastidito da qualcosa, anche se lui sostiene il contrario.","La donna crede che l'uomo voglia stare solo perché percepisce che è angosciato e preoccupato per il destino di Eloise, anche se lui sostiene il contrario.",1,gemma,only_video,1,1,1,correct,
video018_causale_04,video018,video018.mp4,video018_causale,4,causale,Perché la donna crede che l'uomo voglia stare solo?,"La donna crede che l'uomo voglia stare solo perché lo percepisce preoccupato per il destino di Eloise, anche se lui afferma diversamente.","La donna crede che l'uomo voglia stare solo perché lo percepisce arrabbiato con Eloise, anche se lui afferma diversamente.","La donna crede che l'uomo voglia stare solo perché lo percepisce arrabbiato con Eloise, anche se lui afferma diversamente.","La donna crede che l'uomo voglia stare solo perché lo percepisce preoccupato per il destino di Eloise, anche se lui afferma diversamente.",1,gemma,only_video,1,1,1,correct,
video018_spaziale_01,video018,video018.mp4,video018_spaziale,1,spaziale,Dove si siede l'uomo per lavorare?,L'uomo si siede alla sua scrivania per lavorare.,L'uomo si siede su una panchina per lavorare.,L'uomo si siede alla sua scrivania per lavorare.,L'uomo si siede su una panchina per lavorare.,0,gemma,only_video,1,1,0,wrong,
video018_spaziale_02,video018,video018.mp4,video018_spaziale,2,spaziale,Dove si siede l'uomo per lavorare?,L'uomo si siede alla sua scrivania per lavorare.,L'uomo si siede sul divano per lavorare.,L'uomo si siede sul divano per lavorare.,L'uomo si siede alla sua scrivania per lavorare.,1,gemma,only_video,1,1,1,correct,
video018_spaziale_03,video018,video018.mp4,video018_spaziale,3,spaziale,Dove si siede l'uomo per lavorare?,L'uomo si siede alla scrivania posta davanti alla finestra per lavorare.,L'uomo si siede alla scrivania posta accanto alla porta per lavorare.,L'uomo si siede alla scrivania posta accanto alla porta per lavorare.,L'uomo si siede alla scrivania posta davanti alla finestra per lavorare.,1,gemma,only_video,1,1,1,correct,
