id,video_id,video_name,pool_id,pool_item,question_category,question,caption,foil,answer1,answer2,target,model,mode,raw_model_output,predicted_label,is_correct,result,error
video001_causale_01,video001,video001.mp4,video001_causale,1,causale,Perché il signore con gli occhiali balbetta?,Il signore con gli occhiali balbetta perché si è spaventato.,Il signore con gli occhiali balbetta perché è emozionato.,Il signore con gli occhiali balbetta perché è emozionato.,Il signore con gli occhiali balbetta perché si è spaventato.,1,gemma-4-12B,only_video,0,0,0,wrong,
video001_causale_02,video001,video001.mp4,video001_causale,2,causale,Perché il signore con gli occhiali balbetta?,Il signore con gli occhiali balbetta per paura.,Il signore con gli occhiali balbetta per il freddo.,Il signore con gli occhiali balbetta per paura.,Il signore con gli occhiali balbetta per il freddo.,0,gemma-4-12B,only_video,0,0,1,correct,
video001_causale_03,video001,video001.mp4,video001_causale,3,causale,Perché il signore con gli occhiali balbetta?,"Il signore con gli occhiali balbetta perché il farmacista lo coglie di sorpresa e lo spaventa, provocandogli paura.",Il signore con gli occhiali balbetta perché è emozionato dall'incontro con il farmacista.,"Il signore con gli occhiali balbetta perché il farmacista lo coglie di sorpresa e lo spaventa, provocandogli paura.",Il signore con gli occhiali balbetta perché è emozionato dall'incontro con il farmacista.,0,gemma-4-12B,only_video,0,0,1,correct,
video001_causale_04,video001,video001.mp4,video001_causale,4,causale,Perché il signore con gli occhiali balbetta?,Il signore con gli occhiali balbetta perché il farmacista lo ha spaventato.,Il signore con gli occhiali balbetta perché è emozionato.,Il signore con gli occhiali balbetta perché il farmacista lo ha spaventato.,Il signore con gli occhiali balbetta perché è emozionato.,0,gemma-4-12B,only_video,0,0,1,correct,
video001_spaziale_01,video001,video001.mp4,video001_spaziale,1,spaziale,Dove cerca il rimedio al singhiozzo l'uomo con il camice?,L'uomo con il camice cerca il rimedio al singhiozzo sotto al bancone della farmacia.,L'uomo con il camice cerca il rimedio al singhiozzo sopra al bancone della farmacia.,L'uomo con il camice cerca il rimedio al singhiozzo sopra al bancone della farmacia.,L'uomo con il camice cerca il rimedio al singhiozzo sotto al bancone della farmacia.,1,gemma-4-12B,only_video,0,0,0,wrong,
video001_spaziale_02,video001,video001.mp4,video001_spaziale,2,spaziale,Dove cerca il rimedio al singhiozzo l'uomo con il camice?,L'uomo con il camice cerca il rimedio al singhiozzo sotto il bancone.,L'uomo con il camice cerca il rimedio al singhiozzo sopra il bancone.,L'uomo con il camice cerca il rimedio al singhiozzo sopra il bancone.,L'uomo con il camice cerca il rimedio al singhiozzo sotto il bancone.,1,gemma-4-12B,only_video,0,0,0,wrong,
video001_spaziale_03,video001,video001.mp4,video001_spaziale,3,spaziale,Dove cerca il rimedio al singhiozzo l'uomo con il camice?,"L'uomo con il camice cerca il rimedio al singhiozzo sul pavimento della farmacia, nella zona sotto il bancone.","L'uomo con il camice cerca il rimedio al singhiozzo nel retro della farmacia, nella zona dietro il bancone.","L'uomo con il camice cerca il rimedio al singhiozzo sul pavimento della farmacia, nella zona sotto il bancone.","L'uomo con il camice cerca il rimedio al singhiozzo nel retro della farmacia, nella zona dietro il bancone.",0,gemma-4-12B,only_video,1,1,0,wrong,
video001_spaziale_04,video001,video001.mp4,video001_spaziale,4,spaziale,Dove cerca il rimedio al singhiozzo l'uomo con il camice?,L'uomo con il camice cerca il rimedio al singhiozzo sul pavimento della farmacia.,L'uomo con il camice cerca il rimedio al singhiozzo sul bancone della farmacia.,L'uomo con il camice cerca il rimedio al singhiozzo sul bancone della farmacia.,L'uomo con il camice cerca il rimedio al singhiozzo sul pavimento della farmacia.,1,gemma-4-12B,only_video,0,0,0,wrong,
video001_temporale_01,video001,video001.mp4,video001_temporale,1,temporale,L'uomo con gli occhiali urla prima o dopo che l'uomo dietro il bancone esca?,L'uomo con gli occhiali urla dopo che l'uomo dietro il bancone esce.,L'uomo con gli occhiali urla mentre l'uomo dietro il bancone esce.,L'uomo con gli occhiali urla dopo che l'uomo dietro il bancone esce.,L'uomo con gli occhiali urla mentre l'uomo dietro il bancone esce.,0,gemma-4-12B,only_video,0,0,1,correct,
video001_temporale_02,video001,video001.mp4,video001_temporale,2,temporale,L'uomo con gli occhiali urla prima o dopo che l'uomo dietro il bancone esca?,L'uomo con gli occhiali urla dopo che l'uomo dietro il bancone esce.,L'uomo con gli occhiali urla prima che l'uomo dietro il bancone esca.,L'uomo con gli occhiali urla dopo che l'uomo dietro il bancone esce.,L'uomo con gli occhiali urla prima che l'uomo dietro il bancone esca.,0,gemma-4-12B,only_video,0,0,1,correct,
video001_temporale_03,video001,video001.mp4,video001_temporale,3,temporale,L'uomo con gli occhiali urla prima o dopo che l'uomo dietro il bancone esca?,L'uomo con gli occhiali urla successivamente all'uscita improvvisa dell'uomo con la maschera.,L'uomo con gli occhiali urla prima dell'uscita improvvisa dell'uomo con la maschera.,L'uomo con gli occhiali urla prima dell'uscita improvvisa dell'uomo con la maschera.,L'uomo con gli occhiali urla successivamente all'uscita improvvisa dell'uomo con la maschera.,1,gemma-4-12B,only_video,0,0,0,wrong,
video001_temporale_04,video001,video001.mp4,video001_temporale,4,temporale,L'uomo con gli occhiali urla prima o dopo che l'uomo dietro il bancone esca?,L'uomo con gli occhiali urla dopo che l'uomo con la maschera salti fuori.,L'uomo con gli occhiali urla mentre l'uomo con la maschera salti fuori.,L'uomo con gli occhiali urla dopo che l'uomo con la maschera salti fuori.,L'uomo con gli occhiali urla mentre l'uomo con la maschera salti fuori.,0,gemma-4-12B,only_video,1,1,0,wrong,
video002_causale_01,video002,video002.mp4,video002_causale,1,causale,Perché l'uomo con gli occhiali fa degli strani versi al telefono e lo allontana dall'orecchio?,L'uomo con gli occhiali fa strani versi al telefono e lo allontana dall'orecchio perché vuole far credere alla moglie di trovarsi in una strada trafficata e non con l'amante.,L'uomo con gli occhiali fa strani versi al telefono e lo allontana dall'orecchio perché vuole far credere alla moglie che il telefono non funzioni.,L'uomo con gli occhiali fa strani versi al telefono e lo allontana dall'orecchio perché vuole far credere alla moglie che il telefono non funzioni.,L'uomo con gli occhiali fa strani versi al telefono e lo allontana dall'orecchio perché vuole far credere alla moglie di trovarsi in una strada trafficata e non con l'amante.,1,gemma-4-12B,only_video,0,0,0,wrong,
video002_causale_02,video002,video002.mp4,video002_causale,2,causale,Perché l'uomo con gli occhiali fa degli strani versi al telefono e lo allontana dall'orecchio?,Nel video l'uomo con gli occhiali fa degli strani versi al telefono per depistare la moglie.,Nel video l'uomo con gli occhiali fa degli strani versi al telefono per divertire la moglie.,Nel video l'uomo con gli occhiali fa degli strani versi al telefono per divertire la moglie.,Nel video l'uomo con gli occhiali fa degli strani versi al telefono per depistare la moglie.,1,gemma-4-12B,only_video,0,0,0,wrong,
video002_causale_03,video002,video002.mp4,video002_causale,3,causale,Perché l'uomo con gli occhiali fa degli strani versi al telefono e lo allontana dall'orecchio?,"L'uomo con gli occhiali fa degli strani versi al telefono per depistare la moglie, fingendo di essere alla guida della propria auto e di non poter parlare con lei.","L'uomo con gli occhiali fa degli strani versi al telefono per depistare la moglie, fingendo di essere impegnato in una riunione importante e quindi di non poter parlare con lei.","L'uomo con gli occhiali fa degli strani versi al telefono per depistare la moglie, fingendo di essere alla guida della propria auto e di non poter parlare con lei.","L'uomo con gli occhiali fa degli strani versi al telefono per depistare la moglie, fingendo di essere impegnato in una riunione importante e quindi di non poter parlare con lei.",0,gemma-4-12B,only_video,0,0,1,correct,
video002_causale_04,video002,video002.mp4,video002_causale,4,causale,Perché l'uomo con gli occhiali fa degli strani versi al telefono e lo allontana dall'orecchio?,L'uomo con gli occhiali fa strani versi al telefono e lo allontana dall'orecchio perché finge di essere alla guida della sua auto e di non poter parlare.,L'uomo con gli occhiali fa strani versi al telefono e lo allontana dall'orecchio perché vuole far ridere la moglie.,L'uomo con gli occhiali fa strani versi al telefono e lo allontana dall'orecchio perché finge di essere alla guida della sua auto e di non poter parlare.,L'uomo con gli occhiali fa strani versi al telefono e lo allontana dall'orecchio perché vuole far ridere la moglie.,0,gemma-4-12B,only_video,1,1,0,wrong,
video002_spaziale_01,video002,video002.mp4,video002_spaziale,1,spaziale,Dove si trova la moglie dell'uomo con gli occhiali?,La moglie dell'uomo con gli occhiali si trova in agguato dietro un muretto.,La moglie dell'uomo con gli occhiali si trova su una barca a vela.,La moglie dell'uomo con gli occhiali si trova in agguato dietro un muretto.,La moglie dell'uomo con gli occhiali si trova su una barca a vela.,0,gemma-4-12B,only_video,0,0,1,correct,
video002_spaziale_02,video002,video002.mp4,video002_spaziale,2,spaziale,Dove si trova la moglie dell'uomo con gli occhiali?,La moglie dell'uomo con gli occhiali si trova dietro di lui.,La moglie dell'uomo con gli occhiali si trova davanti a lui.,La moglie dell'uomo con gli occhiali si trova davanti a lui.,La moglie dell'uomo con gli occhiali si trova dietro di lui.,1,gemma-4-12B,only_video,0,0,0,wrong,
video002_spaziale_03,video002,video002.mp4,video002_spaziale,3,spaziale,Dove si trova la moglie dell'uomo con gli occhiali?,"La moglie dell'uomo con gli occhiali si trova alle spalle della coppia, dietro l'uomo con gli occhiali.","La moglie dell'uomo con gli occhiali si trova davanti alla coppia, di fronte all'uomo con gli occhiali.","La moglie dell'uomo con gli occhiali si trova davanti alla coppia, di fronte all'uomo con gli occhiali.","La moglie dell'uomo con gli occhiali si trova alle spalle della coppia, dietro l'uomo con gli occhiali.",1,gemma-4-12B,only_video,0,0,0,wrong,
video002_spaziale_04,video002,video002.mp4,video002_spaziale,4,spaziale,Dove si trova la moglie dell'uomo con gli occhiali?,La moglie dell'uomo con gli occhiali si trova dietro la coppia.,La moglie dell'uomo con gli occhiali si trova davanti alla coppia.,La moglie dell'uomo con gli occhiali si trova davanti alla coppia.,La moglie dell'uomo con gli occhiali si trova dietro la coppia.,1,gemma-4-12B,only_video,0,0,0,wrong,
video002_temporale_01,video002,video002.mp4,video002_temporale,1,temporale,La donna bionda sbuffa prima o dopo che il telefono squilli?,La donna bionda sbuffa dopo che il telefono squilla.,La donna bionda sbuffa prima che il telefono squilli.,La donna bionda sbuffa prima che il telefono squilli.,La donna bionda sbuffa dopo che il telefono squilla.,1,gemma-4-12B,only_video,0,0,0,wrong,
video002_temporale_02,video002,video002.mp4,video002_temporale,2,temporale,La donna bionda sbuffa prima o dopo che il telefono squilli?,La donna bionda sbuffa dopo che il telefono squilla.,La donna bionda sbuffa prima che il telefono squilli.,La donna bionda sbuffa dopo che il telefono squilla.,La donna bionda sbuffa prima che il telefono squilli.,0,gemma-4-12B,only_video,0,0,1,correct,
video002_temporale_03,video002,video002.mp4,video002_temporale,3,temporale,La donna bionda sbuffa prima o dopo che il telefono squilli?,La donna bionda sbuffa in seguito alla scoperta che la donna al telefono è la moglie dell'uomo.,La donna bionda sbuffa prima della scoperta che la donna al telefono è la moglie dell'uomo.,La donna bionda sbuffa prima della scoperta che la donna al telefono è la moglie dell'uomo.,La donna bionda sbuffa in seguito alla scoperta che la donna al telefono è la moglie dell'uomo.,1,gemma-4-12B,only_video,0,0,0,wrong,
video002_temporale_04,video002,video002.mp4,video002_temporale,4,temporale,La donna bionda sbuffa prima o dopo che il telefono squilli?,La donna bionda sbuffa dopo aver capito che fosse la moglie di lui.,La donna bionda sbuffa mentre capiva che fosse la moglie di lui.,La donna bionda sbuffa dopo aver capito che fosse la moglie di lui.,La donna bionda sbuffa mentre capiva che fosse la moglie di lui.,0,gemma-4-12B,only_video,0,0,1,correct,
video003_causale_01,video003,video003.mp4,video003_causale,1,causale,Perché l'uomo con la maglietta gialla si preoccupa di cosa dirà allo zio?,L'uomo con la maglietta gialla si preoccupa perché probabilmente la macchina è dello zio.,L'uomo con la maglietta gialla si preoccupa perché probabilmente la macchina non funziona.,L'uomo con la maglietta gialla si preoccupa perché probabilmente la macchina non funziona.,L'uomo con la maglietta gialla si preoccupa perché probabilmente la macchina è dello zio.,1,gemma-4-12B,only_video,0,0,0,wrong,
video003_causale_02,video003,video003.mp4,video003_causale,2,causale,Perché l'uomo con la maglietta gialla si preoccupa di cosa dirà allo zio?,L'uomo con la maglietta gialla si preoccupa di cosa dirà allo zio perché è la macchina dello zio.,L'uomo con la maglietta gialla si preoccupa di cosa dirà allo zio perché ha perso la macchina dello zio.,L'uomo con la maglietta gialla si preoccupa di cosa dirà allo zio perché ha perso la macchina dello zio.,L'uomo con la maglietta gialla si preoccupa di cosa dirà allo zio perché è la macchina dello zio.,1,gemma-4-12B,only_video,1,1,1,correct,
video003_causale_03,video003,video003.mp4,video003_causale,3,causale,Perché l'uomo con la maglietta gialla si preoccupa di cosa dirà allo zio?,"L'uomo con la maglietta gialla si preoccupa perché l'auto rossa, ricevuta in prestito dallo zio, ha riportato dei danni.","L'uomo con la maglietta gialla si preoccupa perché l'auto rossa, ricevuta in prestito dallo zio, è rimasta senza benzina.","L'uomo con la maglietta gialla si preoccupa perché l'auto rossa, ricevuta in prestito dallo zio, ha riportato dei danni.","L'uomo con la maglietta gialla si preoccupa perché l'auto rossa, ricevuta in prestito dallo zio, è rimasta senza benzina.",0,gemma-4-12B,only_video,0,0,1,correct,
video003_causale_04,video003,video003.mp4,video003_causale,4,causale,Perché l'uomo con la maglietta gialla si preoccupa di cosa dirà allo zio?,L'uomo con la maglietta gialla si preoccupa perché l'auto che lo zio gli ha prestato ha subito danni.,L'uomo con la maglietta gialla si preoccupa perché si è perso in una nuova città.,L'uomo con la maglietta gialla si preoccupa perché si è perso in una nuova città.,L'uomo con la maglietta gialla si preoccupa perché l'auto che lo zio gli ha prestato ha subito danni.,1,gemma-4-12B,only_video,0,0,0,wrong,
video003_spaziale_01,video003,video003.mp4,video003_spaziale,1,spaziale,"Quando l'uomo con la maglietta gialla dice: 'Ma chi c'ha messo qui?', dov'è il 'qui'?","Nel video, il 'qui' si riferisce al tettuccio dell'automobile Lancia.","Nel video, il 'qui' si riferisce al cofano dell'automobile Lancia.","Nel video, il 'qui' si riferisce al cofano dell'automobile Lancia.","Nel video, il 'qui' si riferisce al tettuccio dell'automobile Lancia.",1,gemma-4-12B,only_video,1,1,1,correct,
video003_spaziale_02,video003,video003.mp4,video003_spaziale,2,spaziale,"Quando l'uomo con la maglietta gialla dice: 'Ma chi c'ha messo qui?', dov'è il 'qui'?","Nel video, il ""qui"" si riferisce alla macchina rossa.","Nel video, il ""qui"" si riferisce alla casa blu.","Nel video, il ""qui"" si riferisce alla macchina rossa.","Nel video, il ""qui"" si riferisce alla casa blu.",0,gemma-4-12B,only_video,0,0,1,correct,
video003_spaziale_03,video003,video003.mp4,video003_spaziale,3,spaziale,"Quando l'uomo con la maglietta gialla dice: 'Ma chi c'ha messo qui?', dov'è il 'qui'?",Il 'qui' si riferisce al tettuccio sfondato dell'auto sportiva.,Il 'qui' si riferisce agli interni lussuosi dell'auto sportiva.,Il 'qui' si riferisce al tettuccio sfondato dell'auto sportiva.,Il 'qui' si riferisce agli interni lussuosi dell'auto sportiva.,0,gemma-4-12B,only_video,0,0,1,correct,
video003_spaziale_04,video003,video003.mp4,video003_spaziale,4,spaziale,"Quando l'uomo con la maglietta gialla dice: 'Ma chi c'ha messo qui?', dov'è il 'qui'?","L'uomo con la maglietta gialla si riferisce al tettuccio della macchina rossa quando dice ""qui"".","L'uomo con la maglietta gialla si riferisce alla ruota della macchina rossa quando dice ""qui"".","L'uomo con la maglietta gialla si riferisce al tettuccio della macchina rossa quando dice ""qui"".","L'uomo con la maglietta gialla si riferisce alla ruota della macchina rossa quando dice ""qui"".",0,gemma-4-12B,only_video,0,0,1,correct,
video003_temporale_01,video003,video003.mp4,video003_temporale,1,temporale,La finestra del balcone viene chiusa prima o dopo che l'uomo urli 'barbone'?,La finestra del balcone viene chiusa dopo che l'uomo urli 'barbone'.,La finestra del balcone viene chiusa prima che l'uomo urli 'barbone'.,La finestra del balcone viene chiusa prima che l'uomo urli 'barbone'.,La finestra del balcone viene chiusa dopo che l'uomo urli 'barbone'.,1,gemma-4-12B,only_video,0,0,0,wrong,
video003_temporale_02,video003,video003.mp4,video003_temporale,2,temporale,La finestra del balcone viene chiusa prima o dopo che l'uomo urli 'barbone'?,La finestra del balcone viene chiusa dopo che l'uomo urli 'barbone'.,La finestra del balcone viene chiusa prima che l'uomo urli 'barbone'.,La finestra del balcone viene chiusa prima che l'uomo urli 'barbone'.,La finestra del balcone viene chiusa dopo che l'uomo urli 'barbone'.,1,gemma-4-12B,only_video,0,0,0,wrong,
video003_temporale_03,video003,video003.mp4,video003_temporale,3,temporale,La finestra del balcone viene chiusa prima o dopo che l'uomo urli 'barbone'?,La finestra del balcone viene chiusa successivamente al momento in cui l'uomo spinge la televisione verso il basso.,La finestra del balcone viene chiusa prima che l'uomo spinga la televisione verso il basso.,La finestra del balcone viene chiusa prima che l'uomo spinga la televisione verso il basso.,La finestra del balcone viene chiusa successivamente al momento in cui l'uomo spinge la televisione verso il basso.,1,gemma-4-12B,only_video,1,1,1,correct,
video003_temporale_04,video003,video003.mp4,video003_temporale,4,temporale,La finestra del balcone viene chiusa prima o dopo che l'uomo urli 'barbone'?,La finestra del balcone viene chiusa dopo che l'uomo spinge la TV di sotto.,La finestra del balcone viene chiusa prima che l'uomo spinge la TV di sotto.,La finestra del balcone viene chiusa prima che l'uomo spinge la TV di sotto.,La finestra del balcone viene chiusa dopo che l'uomo spinge la TV di sotto.,1,gemma-4-12B,only_video,1,1,1,correct,
video004_causale_01,video004,video004.mp4,video004_causale,1,causale,Perché il padrone dice al cane 'incrocia bene'?,"Il padrone dice al cane ""incrocia bene"" perché non aveva incrociato bene le zampe al primo comando.","Il padrone dice al cane ""incrocia bene"" perché aveva incrociato bene le zampe al primo comando.","Il padrone dice al cane ""incrocia bene"" perché non aveva incrociato bene le zampe al primo comando.","Il padrone dice al cane ""incrocia bene"" perché aveva incrociato bene le zampe al primo comando.",0,gemma-4-12B,only_video,0,0,1,correct,
video004_causale_02,video004,video004.mp4,video004_causale,2,causale,Perché il padrone dice al cane 'incrocia bene'?,Il padrone dice al cane 'incrocia bene' per fargli eseguire meglio il comando.,Il padrone dice al cane 'incrocia bene' per fargli interrompere il comando.,Il padrone dice al cane 'incrocia bene' per fargli interrompere il comando.,Il padrone dice al cane 'incrocia bene' per fargli eseguire meglio il comando.,1,gemma-4-12B,only_video,0,0,0,wrong,
video004_causale_03,video004,video004.mp4,video004_causale,3,causale,Perché il padrone dice al cane 'incrocia bene'?,"Il padrone dice al cane 'incrocia bene' per correggere l'esecuzione del comando, che inizialmente non era stata svolta correttamente.","Il padrone dice al cane 'incrocia bene' per rinforzare l'esecuzione del comando, che inizialmente era stata svolta alla perfezione.","Il padrone dice al cane 'incrocia bene' per rinforzare l'esecuzione del comando, che inizialmente era stata svolta alla perfezione.","Il padrone dice al cane 'incrocia bene' per correggere l'esecuzione del comando, che inizialmente non era stata svolta correttamente.",1,gemma-4-12B,only_video,1,1,1,correct,
video004_causale_04,video004,video004.mp4,video004_causale,4,causale,Perché il padrone dice al cane 'incrocia bene'?,Il padrone dice al cane 'incrocia bene' perché il comando non era stato eseguito correttamente.,Il padrone dice al cane 'incrocia bene' perché aveva paura che il cane scappasse.,Il padrone dice al cane 'incrocia bene' perché aveva paura che il cane scappasse.,Il padrone dice al cane 'incrocia bene' perché il comando non era stato eseguito correttamente.,1,gemma-4-12B,only_video,1,1,1,correct,
video004_spaziale_01,video004,video004.mp4,video004_spaziale,1,spaziale,Dove si trova il cane quando viene dato il comando 'dietro'?,Il cane si trova più avanti rispetto all'inquadratura quando viene dato il comando 'dietro'.,Il cane si trova indietro rispetto all'inquadratura quando viene dato il comando 'dietro'.,Il cane si trova più avanti rispetto all'inquadratura quando viene dato il comando 'dietro'.,Il cane si trova indietro rispetto all'inquadratura quando viene dato il comando 'dietro'.,0,gemma-4-12B,only_video,1,1,0,wrong,
video004_spaziale_02,video004,video004.mp4,video004_spaziale,2,spaziale,Dove si trova il cane quando viene dato il comando 'dietro'?,Il cane è davanti all'uomo quando viene dato il comando 'dietro'.,Il cane è dietro all'uomo quando viene dato il comando 'dietro'.,Il cane è davanti all'uomo quando viene dato il comando 'dietro'.,Il cane è dietro all'uomo quando viene dato il comando 'dietro'.,0,gemma-4-12B,only_video,0,0,1,correct,
video004_spaziale_03,video004,video004.mp4,video004_spaziale,3,spaziale,Dove si trova il cane quando viene dato il comando 'dietro'?,"Quando viene dato il comando 'dietro', il cane si trova sul prato, di fronte all'uomo.","Quando viene dato il comando 'dietro', il cane si trova sul pavimento, accanto all'uomo.","Quando viene dato il comando 'dietro', il cane si trova sul pavimento, accanto all'uomo.","Quando viene dato il comando 'dietro', il cane si trova sul prato, di fronte all'uomo.",1,gemma-4-12B,only_video,1,1,1,correct,
video004_spaziale_04,video004,video004.mp4,video004_spaziale,4,spaziale,Dove si trova il cane quando viene dato il comando 'dietro'?,"Quando viene dato il comando 'dietro', il cane si trova sul prato.","Quando viene dato il comando 'dietro', il cane si trova sul divano.","Quando viene dato il comando 'dietro', il cane si trova sul prato.","Quando viene dato il comando 'dietro', il cane si trova sul divano.",0,gemma-4-12B,only_video,0,0,1,correct,
video004_temporale_01,video004,video004.mp4,video004_temporale,1,temporale,"Cosa viene ordinato prima al cane, 'due' o 'spin'?","Prima al cane viene ordinato ""indietro"", poi ""spin"" e infine ""due"".","Prima al cane viene ordinato ""spin"", poi ""due"" e infine ""indietro"".","Prima al cane viene ordinato ""indietro"", poi ""spin"" e infine ""due"".","Prima al cane viene ordinato ""spin"", poi ""due"" e infine ""indietro"".",0,gemma-4-12B,only_video,0,0,1,correct,
video004_temporale_02,video004,video004.mp4,video004_temporale,2,temporale,"Cosa viene ordinato prima al cane, 'due' o 'spin'?","Al cane viene ordinato prima ""spin"".","Al cane viene ordinato dopo ""spin"".","Al cane viene ordinato dopo ""spin"".","Al cane viene ordinato prima ""spin"".",1,gemma-4-12B,only_video,0,0,0,wrong,
video004_temporale_03,video004,video004.mp4,video004_temporale,3,temporale,"Cosa viene ordinato prima al cane, 'due' o 'spin'?",Nel video il cane esegue prima una rotazione completa su se stesso e successivamente abbaia due volte.,Nel video il cane abbaia due volte e successivamente esegue una rotazione completa su se stesso.,Nel video il cane abbaia due volte e successivamente esegue una rotazione completa su se stesso.,Nel video il cane esegue prima una rotazione completa su se stesso e successivamente abbaia due volte.,1,gemma-4-12B,only_video,0,0,0,wrong,
video004_temporale_04,video004,video004.mp4,video004_temporale,4,temporale,"Cosa viene ordinato prima al cane, 'due' o 'spin'?",Il cane prima esegue un giro su se stesso e poi abbaia due volte.,Il cane esegue un giro su se stesso mentre abbaia due volte.,Il cane esegue un giro su se stesso mentre abbaia due volte.,Il cane prima esegue un giro su se stesso e poi abbaia due volte.,1,gemma-4-12B,only_video,0,0,0,wrong,
video005_causale_01,video005,video005.mp4,video005_causale,1,causale,Perché il massaggio all'orecchio del cane produce un suono?,"Il suono prodotto dal massaggio all'orecchio del cane è dovuto al liquido dentro che si muove, simile a un ""ciaf ciaf"" nell'acqua.","Il suono prodotto dal massaggio all'orecchio del cane è dovuto all'aria che si sposta, simile a un ""ciaf ciaf"" nell'acqua.","Il suono prodotto dal massaggio all'orecchio del cane è dovuto al liquido dentro che si muove, simile a un ""ciaf ciaf"" nell'acqua.","Il suono prodotto dal massaggio all'orecchio del cane è dovuto all'aria che si sposta, simile a un ""ciaf ciaf"" nell'acqua.",0,gemma-4-12B,only_video,0,0,1,correct,
video005_causale_02,video005,video005.mp4,video005_causale,2,causale,Perché il massaggio all'orecchio del cane produce un suono?,Il massaggio all'orecchio del cane produce un suono perché nell'orecchio vi è un liquido.,Il massaggio all'orecchio del cane produce un suono perché l'orecchio è asciutto.,Il massaggio all'orecchio del cane produce un suono perché l'orecchio è asciutto.,Il massaggio all'orecchio del cane produce un suono perché nell'orecchio vi è un liquido.,1,gemma-4-12B,only_video,1,1,1,correct,
video005_causale_03,video005,video005.mp4,video005_causale,3,causale,Perché il massaggio all'orecchio del cane produce un suono?,Il suono è prodotto perché nell'orecchio è stato applicato un liquido detergente che deve avere il tempo di agire.,Il suono è prodotto perché nell'orecchio è entrata dell'acqua durante la doccia.,Il suono è prodotto perché nell'orecchio è stato applicato un liquido detergente che deve avere il tempo di agire.,Il suono è prodotto perché nell'orecchio è entrata dell'acqua durante la doccia.,0,gemma-4-12B,only_video,0,0,1,correct,
video005_causale_04,video005,video005.mp4,video005_causale,4,causale,Perché il massaggio all'orecchio del cane produce un suono?,Il suono è prodotto perché è stato inserito un liquido per pulire le orecchie e serve per fargli fare effetto.,Il suono è prodotto perché c'è una musica che sta suonando nelle vicinanze e serve per rilassare l'ambiente.,Il suono è prodotto perché è stato inserito un liquido per pulire le orecchie e serve per fargli fare effetto.,Il suono è prodotto perché c'è una musica che sta suonando nelle vicinanze e serve per rilassare l'ambiente.,0,gemma-4-12B,only_video,0,0,1,correct,
video005_spaziale_01,video005,video005.mp4,video005_spaziale,1,spaziale,Dove viene inserito il beccuccio della lozione?,Il beccuccio della lozione viene inserito nell'orecchio del cane.,Il beccuccio della lozione viene inserito nel naso del cane.,Il beccuccio della lozione viene inserito nel naso del cane.,Il beccuccio della lozione viene inserito nell'orecchio del cane.,1,gemma-4-12B,only_video,1,1,1,correct,
video005_spaziale_02,video005,video005.mp4,video005_spaziale,2,spaziale,Dove viene inserito il beccuccio della lozione?,Il beccuccio della lozione viene inserito nell'orecchio.,Il beccuccio della lozione viene inserito nel naso.,Il beccuccio della lozione viene inserito nell'orecchio.,Il beccuccio della lozione viene inserito nel naso.,0,gemma-4-12B,only_video,0,0,1,correct,
video005_spaziale_03,video005,video005.mp4,video005_spaziale,3,spaziale,Dove viene inserito il beccuccio della lozione?,Il beccuccio della lozione viene inserito all'interno dell'orecchio del gatto e del cane.,Il beccuccio della lozione viene inserito all'esterno dell'orecchio del gatto e del cane.,Il beccuccio della lozione viene inserito all'esterno dell'orecchio del gatto e del cane.,Il beccuccio della lozione viene inserito all'interno dell'orecchio del gatto e del cane.,1,gemma-4-12B,only_video,1,1,1,correct,
video005_spaziale_04,video005,video005.mp4,video005_spaziale,4,spaziale,Dove viene inserito il beccuccio della lozione?,Il beccuccio della lozione viene inserito nell'orecchio del gatto.,Il beccuccio della lozione viene inserito nel naso del gatto.,Il beccuccio della lozione viene inserito nell'orecchio del gatto.,Il beccuccio della lozione viene inserito nel naso del gatto.,0,gemma-4-12B,only_video,0,0,1,correct,
video005_temporale_01,video005,video005.mp4,video005_temporale,1,temporale,Il massaggio viene fatto prima o dopo l'applicazione del detergente auricolare?,Il massaggio viene fatto dopo l'applicazione del detergente auricolare.,Il massaggio viene fatto prima dell'applicazione del detergente auricolare.,Il massaggio viene fatto dopo l'applicazione del detergente auricolare.,Il massaggio viene fatto prima dell'applicazione del detergente auricolare.,0,gemma-4-12B,only_video,0,0,1,correct,
video005_temporale_02,video005,video005.mp4,video005_temporale,2,temporale,Il massaggio viene fatto prima o dopo l'applicazione del detergente auricolare?,Il massaggio viene fatto dopo l'applicazione del detergente auricolare.,Il massaggio viene fatto prima dell'applicazione del detergente auricolare.,Il massaggio viene fatto dopo l'applicazione del detergente auricolare.,Il massaggio viene fatto prima dell'applicazione del detergente auricolare.,0,gemma-4-12B,only_video,0,0,1,correct,
video005_temporale_03,video005,video005.mp4,video005_temporale,3,temporale,Il massaggio viene fatto prima o dopo l'applicazione del detergente auricolare?,Il massaggio viene fatto in seguito alla spremitura della confezione e all'applicazione del prodotto.,Il massaggio viene fatto prima della spremitura della confezione e dell'applicazione del prodotto.,Il massaggio viene fatto in seguito alla spremitura della confezione e all'applicazione del prodotto.,Il massaggio viene fatto prima della spremitura della confezione e dell'applicazione del prodotto.,0,gemma-4-12B,only_video,0,0,1,correct,
video005_temporale_04,video005,video005.mp4,video005_temporale,4,temporale,Il massaggio viene fatto prima o dopo l'applicazione del detergente auricolare?,Il massaggio viene fatto dopo aver spremuto la confezione del detergente auricolare.,Il massaggio viene fatto prima di spremere la confezione del detergente auricolare.,Il massaggio viene fatto prima di spremere la confezione del detergente auricolare.,Il massaggio viene fatto dopo aver spremuto la confezione del detergente auricolare.,1,gemma-4-12B,only_video,1,1,1,correct,
video006_causale_01,video006,video006.mp4,video006_causale,1,causale,Perché l'uomo decide di non pagare il ragazzo?,L'uomo decide di non pagare il ragazzo perché è arrivato in ritardo in facoltà di speedy pizza.,L'uomo decide di non pagare il ragazzo perché ha sbagliato a consegnare l'ordine.,L'uomo decide di non pagare il ragazzo perché ha sbagliato a consegnare l'ordine.,L'uomo decide di non pagare il ragazzo perché è arrivato in ritardo in facoltà di speedy pizza.,1,gemma-4-12B,only_video,0,0,0,wrong,
video006_causale_02,video006,video006.mp4,video006_causale,2,causale,Perché l'uomo decide di non pagare il ragazzo?,L'uomo decide di non pagare il ragazzo perché le pizze sono consegnate in ritardo.,L'uomo decide di non pagare il ragazzo perché le pizze sono fredde.,L'uomo decide di non pagare il ragazzo perché le pizze sono consegnate in ritardo.,L'uomo decide di non pagare il ragazzo perché le pizze sono fredde.,0,gemma-4-12B,only_video,0,0,1,correct,
video006_causale_03,video006,video006.mp4,video006_causale,3,causale,Perché l'uomo decide di non pagare il ragazzo?,L'uomo decide di non pagare il ragazzo perché si rende conto che il rider sta effettuando la consegna delle pizze in ritardo.,L'uomo decide di non pagare il ragazzo perché si accorge che le pizze sono fredde.,L'uomo decide di non pagare il ragazzo perché si accorge che le pizze sono fredde.,L'uomo decide di non pagare il ragazzo perché si rende conto che il rider sta effettuando la consegna delle pizze in ritardo.,1,gemma-4-12B,only_video,0,0,0,wrong,
video006_causale_04,video006,video006.mp4,video006_causale,4,causale,Perché l'uomo decide di non pagare il ragazzo?,L'uomo decide di non pagare il ragazzo perché si è accorto che il rider è in ritardo con la consegna.,L'uomo decide di non pagare il ragazzo perché si è accorto che il rider ha portato l'ordine sbagliato.,L'uomo decide di non pagare il ragazzo perché si è accorto che il rider è in ritardo con la consegna.,L'uomo decide di non pagare il ragazzo perché si è accorto che il rider ha portato l'ordine sbagliato.,0,gemma-4-12B,only_video,0,0,1,correct,
video006_spaziale_01,video006,video006.mp4,video006_spaziale,1,spaziale,Dove parla il ragazzo che dice 'pizza'?,Il ragazzo che dice 'pizza' parla davanti al citofono all'ingresso del palazzo.,"Il ragazzo che dice 'pizza' parla all'interno dell'appartamento, lontano dal citofono.","Il ragazzo che dice 'pizza' parla all'interno dell'appartamento, lontano dal citofono.",Il ragazzo che dice 'pizza' parla davanti al citofono all'ingresso del palazzo.,1,gemma-4-12B,only_video,1,1,1,correct,
video006_spaziale_02,video006,video006.mp4,video006_spaziale,2,spaziale,Dove parla il ragazzo che dice 'pizza'?,Il ragazzo dice 'pizza' davanti al citofono all'ingresso del palazzo.,"Il ragazzo dice 'pizza' all'interno dell'appartamento, lontano dal citofono.",Il ragazzo dice 'pizza' davanti al citofono all'ingresso del palazzo.,"Il ragazzo dice 'pizza' all'interno dell'appartamento, lontano dal citofono.",0,gemma-4-12B,only_video,0,0,1,correct,
video006_spaziale_03,video006,video006.mp4,video006_spaziale,3,spaziale,Dove parla il ragazzo che dice 'pizza'?,Il ragazzo dice 'pizza' al citofono del palazzo presso cui deve effettuare la consegna.,Il ragazzo dice 'pizza' al citofono di un altro palazzo.,Il ragazzo dice 'pizza' al citofono di un altro palazzo.,Il ragazzo dice 'pizza' al citofono del palazzo presso cui deve effettuare la consegna.,1,gemma-4-12B,only_video,1,1,1,correct,
video006_spaziale_04,video006,video006.mp4,video006_spaziale,4,spaziale,Dove parla il ragazzo che dice 'pizza'?,Il ragazzo parla nel citofono del palazzo dove deve consegnare.,Il ragazzo parla nel citofono del negozio dove deve consegnare.,Il ragazzo parla nel citofono del negozio dove deve consegnare.,Il ragazzo parla nel citofono del palazzo dove deve consegnare.,1,gemma-4-12B,only_video,1,1,1,correct,
video006_temporale_01,video006,video006.mp4,video006_temporale,1,temporale,"Chi saluta per primo, l'uomo con la maglia bianca o quello con la maglia verde?","Nel video, l'uomo con la maglia verde saluta prima dell'uomo con la maglia bianca.","Nel video, l'uomo con la maglia bianca saluta prima dell'uomo con la maglia verde.","Nel video, l'uomo con la maglia bianca saluta prima dell'uomo con la maglia verde.","Nel video, l'uomo con la maglia verde saluta prima dell'uomo con la maglia bianca.",1,gemma-4-12B,only_video,0,0,0,wrong,
video006_temporale_02,video006,video006.mp4,video006_temporale,2,temporale,"Chi saluta per primo, l'uomo con la maglia bianca o quello con la maglia verde?",L'uomo con la maglia bianca saluta per primo nel video.,L'uomo con la maglia bianca saluta per ultimo nel video.,L'uomo con la maglia bianca saluta per ultimo nel video.,L'uomo con la maglia bianca saluta per primo nel video.,1,gemma-4-12B,only_video,1,1,1,correct,
video006_temporale_03,video006,video006.mp4,video006_temporale,3,temporale,"Chi saluta per primo, l'uomo con la maglia bianca o quello con la maglia verde?",L'uomo con la maglia bianca saluta prima dell'uomo con la maglia verde.,L'uomo con la maglia bianca saluta dopo l'uomo con la maglia verde.,L'uomo con la maglia bianca saluta prima dell'uomo con la maglia verde.,L'uomo con la maglia bianca saluta dopo l'uomo con la maglia verde.,0,gemma-4-12B,only_video,0,0,1,correct,
video006_temporale_04,video006,video006.mp4,video006_temporale,4,temporale,"Chi saluta per primo, l'uomo con la maglia bianca o quello con la maglia verde?",Saluta per primo l'uomo che sta consegnando le pizze.,Saluta l'uomo che arriva dopo a consegnare le pizze.,Saluta per primo l'uomo che sta consegnando le pizze.,Saluta l'uomo che arriva dopo a consegnare le pizze.,0,gemma-4-12B,only_video,0,0,1,correct,
video007_causale_01,video007,video007.mp4,video007_causale,1,causale,Perché Anastasia piange?,Anastasia piange perché è inciampata sul tappeto facendosi male.,Anastasia piange perché ha litigato con un amico.,Anastasia piange perché è inciampata sul tappeto facendosi male.,Anastasia piange perché ha litigato con un amico.,0,gemma-4-12B,only_video,0,0,1,correct,
video007_causale_02,video007,video007.mp4,video007_causale,2,causale,Perché Anastasia piange?,Anastasia piange perché è caduta.,Anastasia piange perché è felice.,Anastasia piange perché è caduta.,Anastasia piange perché è felice.,0,gemma-4-12B,only_video,0,0,1,correct,
video007_causale_03,video007,video007.mp4,video007_causale,3,causale,Perché Anastasia piange?,Anastasia piange perché inciampa sul tappeto e finisce a terra.,Anastasia piange perché ha ricevuto una brutta notizia.,Anastasia piange perché inciampa sul tappeto e finisce a terra.,Anastasia piange perché ha ricevuto una brutta notizia.,0,gemma-4-12B,only_video,0,0,1,correct,
video007_causale_04,video007,video007.mp4,video007_causale,4,causale,Perché Anastasia piange?,Anastasia piange perché è inciampata sul tappeto.,Anastasia piange perché ha ricevuto una bella notizia.,Anastasia piange perché è inciampata sul tappeto.,Anastasia piange perché ha ricevuto una bella notizia.,0,gemma-4-12B,only_video,0,0,1,correct,
video007_spaziale_01,video007,video007.mp4,video007_spaziale,1,spaziale,Dove si trova Anastasia quando inizia a piangere?,Anastasia si trova caduta in terra a causa dell'inciampo sul tappeto quando inizia a piangere.,Anastasia si trova caduta sulla sedia a causa dell'inciampo sul tappeto quando inizia a piangere.,Anastasia si trova caduta in terra a causa dell'inciampo sul tappeto quando inizia a piangere.,Anastasia si trova caduta sulla sedia a causa dell'inciampo sul tappeto quando inizia a piangere.,0,gemma-4-12B,only_video,0,0,1,correct,
video007_spaziale_02,video007,video007.mp4,video007_spaziale,2,spaziale,Dove si trova Anastasia quando inizia a piangere?,Anastasia si trova per terra quando inizia a piangere.,Anastasia si trova su una sedia quando inizia a piangere.,Anastasia si trova su una sedia quando inizia a piangere.,Anastasia si trova per terra quando inizia a piangere.,1,gemma-4-12B,only_video,1,1,1,correct,
video007_spaziale_03,video007,video007.mp4,video007_spaziale,3,spaziale,Dove si trova Anastasia quando inizia a piangere?,"Anastasia si trova a terra, sdraiata ai piedi del letto quando inizia a piangere.","Anastasia si trova sul divano, seduta comodamente quando inizia a piangere.","Anastasia si trova sul divano, seduta comodamente quando inizia a piangere.","Anastasia si trova a terra, sdraiata ai piedi del letto quando inizia a piangere.",1,gemma-4-12B,only_video,1,1,1,correct,
video007_spaziale_04,video007,video007.mp4,video007_spaziale,4,spaziale,Dove si trova Anastasia quando inizia a piangere?,Anastasia si trova sdraiata ai piedi del letto in terra quando inizia a piangere.,Anastasia si trova sdraiata sopra il letto quando inizia a piangere.,Anastasia si trova sdraiata sopra il letto quando inizia a piangere.,Anastasia si trova sdraiata ai piedi del letto in terra quando inizia a piangere.,1,gemma-4-12B,only_video,1,1,1,correct,
video007_temporale_01,video007,video007.mp4,video007_temporale,1,temporale,La bambina ride prima o dopo essere caduta?,La bambina ride prima di cadere.,La bambina ride dopo essere caduta.,La bambina ride prima di cadere.,La bambina ride dopo essere caduta.,0,gemma-4-12B,only_video,0,0,1,correct,
video007_temporale_02,video007,video007.mp4,video007_temporale,2,temporale,La bambina ride prima o dopo essere caduta?,La bambina ride prima di cadere nel video.,La bambina ride dopo essere caduta nel video.,La bambina ride prima di cadere nel video.,La bambina ride dopo essere caduta nel video.,0,gemma-4-12B,only_video,0,0,1,correct,
video007_temporale_03,video007,video007.mp4,video007_temporale,3,temporale,La bambina ride prima o dopo essere caduta?,La bambina ride prima di cadere.,La bambina ride dopo essere caduta.,La bambina ride prima di cadere.,La bambina ride dopo essere caduta.,0,gemma-4-12B,only_video,0,0,1,correct,
video007_temporale_04,video007,video007.mp4,video007_temporale,4,temporale,La bambina ride prima o dopo essere caduta?,La bambina ride prima di cadere.,La bambina ride dopo essere caduta.,La bambina ride dopo essere caduta.,La bambina ride prima di cadere.,1,gemma-4-12B,only_video,1,1,1,correct,
video008_causale_01,video008,video008.mp4,video008_causale,1,causale,Perché l'uomo con il completo grigio è preoccupato di finire 'elemosinaro'?,L'uomo con il completo grigio è preoccupato di finire 'elemosinaro' perché ha paura di essere arrestato per furto.,L'uomo con il completo grigio è preoccupato di finire 'elemosinaro' perché non riesce a trovare un lavoro stabile.,L'uomo con il completo grigio è preoccupato di finire 'elemosinaro' perché non riesce a trovare un lavoro stabile.,L'uomo con il completo grigio è preoccupato di finire 'elemosinaro' perché ha paura di essere arrestato per furto.,1,gemma-4-12B,only_video,0,0,0,wrong,
video008_causale_02,video008,video008.mp4,video008_causale,2,causale,Perché l'uomo con il completo grigio è preoccupato di finire 'elemosinaro'?,L'uomo con il completo grigio è preoccupato di finire 'elemosinaro' perché sta rubando.,L'uomo con il completo grigio è preoccupato di finire 'elemosinaro' perché ha perso il lavoro.,L'uomo con il completo grigio è preoccupato di finire 'elemosinaro' perché ha perso il lavoro.,L'uomo con il completo grigio è preoccupato di finire 'elemosinaro' perché sta rubando.,1,gemma-4-12B,only_video,0,0,0,wrong,
video008_causale_03,video008,video008.mp4,video008_causale,3,causale,Perché l'uomo con il completo grigio è preoccupato di finire 'elemosinaro'?,L'uomo con il completo grigio è preoccupato di finire 'elemosinaro' perché partecipa al furto dopo essere stato convinto dall'amico e la situazione lo spaventa.,L'uomo con il completo grigio è preoccupato di finire 'elemosinaro' perché ha perso il lavoro e la situazione lo spaventa.,L'uomo con il completo grigio è preoccupato di finire 'elemosinaro' perché ha perso il lavoro e la situazione lo spaventa.,L'uomo con il completo grigio è preoccupato di finire 'elemosinaro' perché partecipa al furto dopo essere stato convinto dall'amico e la situazione lo spaventa.,1,gemma-4-12B,only_video,1,1,1,correct,
video008_causale_04,video008,video008.mp4,video008_causale,4,causale,Perché l'uomo con il completo grigio è preoccupato di finire 'elemosinaro'?,L'uomo con il completo grigio è preoccupato di finire 'elemosinaro' perché l'amico lo ha convinto a rubare e lui è spaventato.,L'uomo con il completo grigio è preoccupato di finire 'elemosinaro' perché ha perso il lavoro e lui è spaventato.,L'uomo con il completo grigio è preoccupato di finire 'elemosinaro' perché ha perso il lavoro e lui è spaventato.,L'uomo con il completo grigio è preoccupato di finire 'elemosinaro' perché l'amico lo ha convinto a rubare e lui è spaventato.,1,gemma-4-12B,only_video,0,0,0,wrong,
video008_spaziale_01,video008,video008.mp4,video008_spaziale,1,spaziale,Dove mette 'spesa proletaria' l'uomo con la fascia rossa?,L'uomo con la fascia rossa mette 'spesa proletaria' dentro la canottiera.,L'uomo con la fascia rossa mette 'spesa proletaria' sopra la canottiera.,L'uomo con la fascia rossa mette 'spesa proletaria' dentro la canottiera.,L'uomo con la fascia rossa mette 'spesa proletaria' sopra la canottiera.,0,gemma-4-12B,only_video,0,0,1,correct,
video008_spaziale_02,video008,video008.mp4,video008_spaziale,2,spaziale,Dove mette 'spesa proletaria' l'uomo con la fascia rossa?,L'uomo con la fascia rossa mette la 'spesa proletaria' nel gilet.,L'uomo con la fascia rossa mette la 'spesa proletaria' nel carrello.,L'uomo con la fascia rossa mette la 'spesa proletaria' nel carrello.,L'uomo con la fascia rossa mette la 'spesa proletaria' nel gilet.,1,gemma-4-12B,only_video,0,0,0,wrong,
video008_spaziale_03,video008,video008.mp4,video008_spaziale,3,spaziale,Dove mette 'spesa proletaria' l'uomo con la fascia rossa?,"L'uomo con la fascia rossa mette 'spesa proletaria' nascosto sul petto, all'interno del gilet.","L'uomo con la fascia rossa mette 'spesa proletaria' nascosto nella tasca dei pantaloni, invece del gilet.","L'uomo con la fascia rossa mette 'spesa proletaria' nascosto sul petto, all'interno del gilet.","L'uomo con la fascia rossa mette 'spesa proletaria' nascosto nella tasca dei pantaloni, invece del gilet.",0,gemma-4-12B,only_video,0,0,1,correct,
video008_spaziale_04,video008,video008.mp4,video008_spaziale,4,spaziale,Dove mette 'spesa proletaria' l'uomo con la fascia rossa?,"L'uomo con la fascia rossa nasconde la 'spesa proletaria' sul petto, dentro il gilet.",L'uomo con la fascia rossa nasconde la 'spesa proletaria' nella tasca dei pantaloni.,L'uomo con la fascia rossa nasconde la 'spesa proletaria' nella tasca dei pantaloni.,"L'uomo con la fascia rossa nasconde la 'spesa proletaria' sul petto, dentro il gilet.",1,gemma-4-12B,only_video,1,1,1,correct,
video008_temporale_01,video008,video008.mp4,video008_temporale,1,temporale,La donna con il grembiule rosso arriva prima o dopo che l'uomo con il gilet nero spieghi il piano di fuga all'uomo col completo?,La donna con il grembiule rosso arriva dopo che l'uomo con il gilet nero spieghi il piano di fuga all'uomo col completo.,La donna con il grembiule rosso arriva prima che l'uomo con il gilet nero spieghi il piano di fuga all'uomo col completo.,La donna con il grembiule rosso arriva prima che l'uomo con il gilet nero spieghi il piano di fuga all'uomo col completo.,La donna con il grembiule rosso arriva dopo che l'uomo con il gilet nero spieghi il piano di fuga all'uomo col completo.,1,gemma-4-12B,only_video,1,1,1,correct,
video008_temporale_02,video008,video008.mp4,video008_temporale,2,temporale,La donna con il grembiule rosso arriva prima o dopo che l'uomo con il gilet nero spieghi il piano di fuga all'uomo col completo?,La donna con il grembiule rosso arriva dopo che l'uomo con il gilet nero spieghi il piano di fuga all'uomo col completo.,La donna con il grembiule rosso arriva prima che l'uomo con il gilet nero spieghi il piano di fuga all'uomo col completo.,La donna con il grembiule rosso arriva dopo che l'uomo con il gilet nero spieghi il piano di fuga all'uomo col completo.,La donna con il grembiule rosso arriva prima che l'uomo con il gilet nero spieghi il piano di fuga all'uomo col completo.,0,gemma-4-12B,only_video,0,0,1,correct,
video008_temporale_03,video008,video008.mp4,video008_temporale,3,temporale,La donna con il grembiule rosso arriva prima o dopo che l'uomo con il gilet nero spieghi il piano di fuga all'uomo col completo?,La donna con il grembiule rosso arriva in seguito e si accorge che è in corso un furto.,La donna con il grembiule rosso arriva prima e si accorge che è in corso un furto.,La donna con il grembiule rosso arriva prima e si accorge che è in corso un furto.,La donna con il grembiule rosso arriva in seguito e si accorge che è in corso un furto.,1,gemma-4-12B,only_video,1,1,1,correct,
video008_temporale_04,video008,video008.mp4,video008_temporale,4,temporale,La donna con il grembiule rosso arriva prima o dopo che l'uomo con il gilet nero spieghi il piano di fuga all'uomo col completo?,"La donna con il grembiule rosso arriva dopo, quando si accorge che stanno rubando.","La donna con il grembiule rosso arriva prima, quando si accorge che stanno rubando.","La donna con il grembiule rosso arriva prima, quando si accorge che stanno rubando.","La donna con il grembiule rosso arriva dopo, quando si accorge che stanno rubando.",1,gemma-4-12B,only_video,1,1,1,correct,
video009_causale_01,video009,video009.mp4,video009_causale,1,causale,Perché l'uomo con il cappello peloso urla 'a me non piacciono gli uomini'?,L'uomo con il cappello peloso urla perché è stato scambiato per omosessuale.,L'uomo con il cappello peloso urla perché ha visto un animale pericoloso.,L'uomo con il cappello peloso urla perché ha visto un animale pericoloso.,L'uomo con il cappello peloso urla perché è stato scambiato per omosessuale.,1,gemma-4-12B,only_video,0,0,0,wrong,
video009_causale_02,video009,video009.mp4,video009_causale,2,causale,Perché l'uomo con il cappello peloso urla 'a me non piacciono gli uomini'?,L'uomo con il cappello peloso urla 'a me non piacciono gli uomini' perché non è omosessuale.,L'uomo con il cappello peloso urla 'a me non piacciono gli uomini' perché è arrabbiato.,L'uomo con il cappello peloso urla 'a me non piacciono gli uomini' perché è arrabbiato.,L'uomo con il cappello peloso urla 'a me non piacciono gli uomini' perché non è omosessuale.,1,gemma-4-12B,only_video,0,0,0,wrong,
video009_causale_03,video009,video009.mp4,video009_causale,3,causale,Perché l'uomo con il cappello peloso urla 'a me non piacciono gli uomini'?,L'uomo con il cappello peloso urla perché si arrabbia quando il receptionist presume erroneamente che lui e suo genero siano una coppia.,L'uomo con il cappello peloso urla perché si arrabbia quando il receptionist ignora la loro presenza.,L'uomo con il cappello peloso urla perché si arrabbia quando il receptionist presume erroneamente che lui e suo genero siano una coppia.,L'uomo con il cappello peloso urla perché si arrabbia quando il receptionist ignora la loro presenza.,0,gemma-4-12B,only_video,0,0,1,correct,
video009_causale_04,video009,video009.mp4,video009_causale,4,causale,Perché l'uomo con il cappello peloso urla 'a me non piacciono gli uomini'?,L'uomo con il cappello peloso urla perché è arrabbiato che il receptionist abbia assunto che lui e suo genero siano una coppia.,L'uomo con il cappello peloso urla perché è felice che il receptionist abbia riconosciuto il suo legame con il genero.,L'uomo con il cappello peloso urla perché è arrabbiato che il receptionist abbia assunto che lui e suo genero siano una coppia.,L'uomo con il cappello peloso urla perché è felice che il receptionist abbia riconosciuto il suo legame con il genero.,0,gemma-4-12B,only_video,0,0,1,correct,
video009_spaziale_01,video009,video009.mp4,video009_spaziale,1,spaziale,Dove mette i 100 dollari l'uomo col cappello peloso?,L'uomo col cappello peloso mette i 100 dollari in bocca al receptionist.,L'uomo col cappello peloso mette i 100 dollari in tasca al receptionist.,L'uomo col cappello peloso mette i 100 dollari in bocca al receptionist.,L'uomo col cappello peloso mette i 100 dollari in tasca al receptionist.,0,gemma-4-12B,only_video,0,0,1,correct,
video009_spaziale_02,video009,video009.mp4,video009_spaziale,2,spaziale,Dove mette i 100 dollari l'uomo col cappello peloso?,L'uomo col cappello peloso mette i 100 dollari in bocca al portiere.,L'uomo col cappello peloso mette i 100 dollari in tasca al portiere.,L'uomo col cappello peloso mette i 100 dollari in bocca al portiere.,L'uomo col cappello peloso mette i 100 dollari in tasca al portiere.,0,gemma-4-12B,only_video,0,0,1,correct,
video009_spaziale_03,video009,video009.mp4,video009_spaziale,3,spaziale,Dove mette i 100 dollari l'uomo col cappello peloso?,"L'uomo col cappello peloso mette i cento dollari vicino al receptionist, dopo averli tenuti in mano e poi consegnati a lui.","L'uomo col cappello peloso mette i cento dollari sopra un tavolo, dopo averli tenuti in mano e poi consegnati a lui.","L'uomo col cappello peloso mette i cento dollari sopra un tavolo, dopo averli tenuti in mano e poi consegnati a lui.","L'uomo col cappello peloso mette i cento dollari vicino al receptionist, dopo averli tenuti in mano e poi consegnati a lui.",1,gemma-4-12B,only_video,1,1,1,correct,
video009_spaziale_04,video009,video009.mp4,video009_spaziale,4,spaziale,Dove mette i 100 dollari l'uomo col cappello peloso?,L'uomo col cappello peloso mette i 100 dollari nella mano prima di darli al receptionist.,L'uomo col cappello peloso mette i 100 dollari sul bancone prima di darli al receptionist.,L'uomo col cappello peloso mette i 100 dollari sul bancone prima di darli al receptionist.,L'uomo col cappello peloso mette i 100 dollari nella mano prima di darli al receptionist.,1,gemma-4-12B,only_video,1,1,1,correct,
video009_temporale_01,video009,video009.mp4,video009_temporale,1,temporale,L'uomo con il cappello peloso viene scambiato per omosessuale prima o dopo aver chiesto il cambio di camera?,L'uomo con il cappello peloso viene scambiato per omosessuale fin da subito.,L'uomo con il cappello peloso viene scambiato per omosessuale solo più tardi.,L'uomo con il cappello peloso viene scambiato per omosessuale solo più tardi.,L'uomo con il cappello peloso viene scambiato per omosessuale fin da subito.,1,gemma-4-12B,only_video,0,0,0,wrong,
video009_temporale_02,video009,video009.mp4,video009_temporale,2,temporale,L'uomo con il cappello peloso viene scambiato per omosessuale prima o dopo aver chiesto il cambio di camera?,L'uomo con il cappello peloso viene scambiato per omosessuale dopo aver chiesto il cambio di camera.,L'uomo con il cappello peloso viene scambiato per omosessuale prima di chiedere il cambio di camera.,L'uomo con il cappello peloso viene scambiato per omosessuale dopo aver chiesto il cambio di camera.,L'uomo con il cappello peloso viene scambiato per omosessuale prima di chiedere il cambio di camera.,0,gemma-4-12B,only_video,0,0,1,correct,
video009_temporale_03,video009,video009.mp4,video009_temporale,3,temporale,L'uomo con il cappello peloso viene scambiato per omosessuale prima o dopo aver chiesto il cambio di camera?,L'uomo con il cappello peloso viene scambiato per omosessuale prima di chiedere il cambio di stanza.,L'uomo con il cappello peloso viene scambiato per omosessuale dopo aver richiesto il cambio di stanza.,L'uomo con il cappello peloso viene scambiato per omosessuale prima di chiedere il cambio di stanza.,L'uomo con il cappello peloso viene scambiato per omosessuale dopo aver richiesto il cambio di stanza.,0,gemma-4-12B,only_video,0,0,1,correct,
video009_temporale_04,video009,video009.mp4,video009_temporale,4,temporale,L'uomo con il cappello peloso viene scambiato per omosessuale prima o dopo aver chiesto il cambio di camera?,L'uomo con il cappello peloso viene scambiato per omosessuale prima di chiedere il cambio di stanza.,L'uomo con il cappello peloso viene scambiato per omosessuale dopo aver chiesto il cambio di stanza.,L'uomo con il cappello peloso viene scambiato per omosessuale dopo aver chiesto il cambio di stanza.,L'uomo con il cappello peloso viene scambiato per omosessuale prima di chiedere il cambio di stanza.,1,gemma-4-12B,only_video,0,0,0,wrong,
video010_causale_01,video010,video010.mp4,video010_causale,1,causale,Perché i pazienti e i familiari sono arrabbiati?,I pazienti e i familiari sono arrabbiati perché le infrastrutture sono fallaci e ci piove dentro.,I pazienti e i familiari sono arrabbiati perché il personale medico è scortese.,I pazienti e i familiari sono arrabbiati perché il personale medico è scortese.,I pazienti e i familiari sono arrabbiati perché le infrastrutture sono fallaci e ci piove dentro.,1,gemma-4-12B,only_video,1,1,1,correct,
video010_causale_02,video010,video010.mp4,video010_causale,2,causale,Perché i pazienti e i familiari sono arrabbiati?,I pazienti e i familiari sono arrabbiati perché il controsoffitto è caduto e piove nel reparto.,I pazienti e i familiari sono arrabbiati perché il riscaldamento non funziona e fa freddo nel reparto.,I pazienti e i familiari sono arrabbiati perché il riscaldamento non funziona e fa freddo nel reparto.,I pazienti e i familiari sono arrabbiati perché il controsoffitto è caduto e piove nel reparto.,1,gemma-4-12B,only_video,1,1,1,correct,
video010_causale_03,video010,video010.mp4,video010_causale,3,causale,Perché i pazienti e i familiari sono arrabbiati?,"I pazienti e i familiari sono arrabbiati perché il controsoffitto ha ceduto, l'acqua entra nel reparto e l'area di malattie infettive risulta danneggiata.",I pazienti e i familiari sono arrabbiati perché il sistema di ventilazione è guasto e l'area di malattie infettive risulta danneggiata.,"I pazienti e i familiari sono arrabbiati perché il controsoffitto ha ceduto, l'acqua entra nel reparto e l'area di malattie infettive risulta danneggiata.",I pazienti e i familiari sono arrabbiati perché il sistema di ventilazione è guasto e l'area di malattie infettive risulta danneggiata.,0,gemma-4-12B,only_video,0,0,1,correct,
video010_causale_04,video010,video010.mp4,video010_causale,4,causale,Perché i pazienti e i familiari sono arrabbiati?,I pazienti e i familiari sono arrabbiati perché il reparto di malattie infettive è danneggiato.,I pazienti e i familiari sono arrabbiati perché il personale medico è scortese.,I pazienti e i familiari sono arrabbiati perché il personale medico è scortese.,I pazienti e i familiari sono arrabbiati perché il reparto di malattie infettive è danneggiato.,1,gemma-4-12B,only_video,1,1,1,correct,
video010_spaziale_01,video010,video010.mp4,video010_spaziale,1,spaziale,Da dove scende l'acqua?,L'acqua scende dai diroccamenti dell'ospedale.,L'acqua scende dai diroccamenti del castello.,L'acqua scende dai diroccamenti dell'ospedale.,L'acqua scende dai diroccamenti del castello.,0,gemma-4-12B,only_video,0,0,1,correct,
video010_spaziale_02,video010,video010.mp4,video010_spaziale,2,spaziale,Da dove scende l'acqua?,L'acqua scende dal controsoffitto.,L'acqua scende dai muri laterali.,L'acqua scende dal controsoffitto.,L'acqua scende dai muri laterali.,0,gemma-4-12B,only_video,0,0,1,correct,
video010_spaziale_03,video010,video010.mp4,video010_spaziale,3,spaziale,Da dove scende l'acqua?,"L'acqua scende dalla parte interna del tetto dell'ospedale, attraverso il controsoffitto.","L'acqua scende dalla parte esterna del tetto dell'ospedale, attraverso il controsoffitto.","L'acqua scende dalla parte esterna del tetto dell'ospedale, attraverso il controsoffitto.","L'acqua scende dalla parte interna del tetto dell'ospedale, attraverso il controsoffitto.",1,gemma-4-12B,only_video,1,1,1,correct,
video010_spaziale_04,video010,video010.mp4,video010_spaziale,4,spaziale,Da dove scende l'acqua?,L'acqua scende dall'intero tetto dell'ospedale.,L'acqua scende dal balcone del teatro.,L'acqua scende dall'intero tetto dell'ospedale.,L'acqua scende dal balcone del teatro.,0,gemma-4-12B,only_video,0,0,1,correct,
video010_temporale_01,video010,video010.mp4,video010_temporale,1,temporale,I familiari dei pazienti denunciano i danni all'ospedale prima o dopo che piova?,I familiari dei pazienti denunciano i danni all'ospedale dopo che piova.,I familiari dei pazienti denunciano i danni all'ospedale prima che piova.,I familiari dei pazienti denunciano i danni all'ospedale prima che piova.,I familiari dei pazienti denunciano i danni all'ospedale dopo che piova.,1,gemma-4-12B,only_video,0,0,0,wrong,
video010_temporale_02,video010,video010.mp4,video010_temporale,2,temporale,I familiari dei pazienti denunciano i danni all'ospedale prima o dopo che piova?,I familiari dei pazienti denunciano i danni all'ospedale dopo che piova.,I familiari dei pazienti denunciano i danni all'ospedale prima che piova.,I familiari dei pazienti denunciano i danni all'ospedale dopo che piova.,I familiari dei pazienti denunciano i danni all'ospedale prima che piova.,0,gemma-4-12B,only_video,0,0,1,correct,
video010_temporale_03,video010,video010.mp4,video010_temporale,3,temporale,I familiari dei pazienti denunciano i danni all'ospedale prima o dopo che piova?,I familiari dei pazienti denunciano i danni all'ospedale successivamente alla pioggia torrenziale.,I familiari dei pazienti denunciano i danni all'ospedale prima della pioggia torrenziale.,I familiari dei pazienti denunciano i danni all'ospedale successivamente alla pioggia torrenziale.,I familiari dei pazienti denunciano i danni all'ospedale prima della pioggia torrenziale.,0,gemma-4-12B,only_video,0,0,1,correct,
video010_temporale_04,video010,video010.mp4,video010_temporale,4,temporale,I familiari dei pazienti denunciano i danni all'ospedale prima o dopo che piova?,I familiari dei pazienti denunciano i danni all'ospedale dopo la pioggia torrenziale.,I familiari dei pazienti denunciano i danni all'ospedale prima della pioggia torrenziale.,I familiari dei pazienti denunciano i danni all'ospedale prima della pioggia torrenziale.,I familiari dei pazienti denunciano i danni all'ospedale dopo la pioggia torrenziale.,1,gemma-4-12B,only_video,1,1,1,correct,
video011_causale_01,video011,video011.mp4,video011_causale,1,causale,Perché la figlia dice al padre 'scandaloso'?,La figlia dice 'scandaloso' al padre perché sta giocando piuttosto che lavorare come aveva detto.,La figlia dice 'scandaloso' al padre perché sta mangiando piuttosto che giocare come aveva detto.,La figlia dice 'scandaloso' al padre perché sta mangiando piuttosto che giocare come aveva detto.,La figlia dice 'scandaloso' al padre perché sta giocando piuttosto che lavorare come aveva detto.,1,gemma-4-12B,only_video,0,0,0,wrong,
video011_causale_02,video011,video011.mp4,video011_causale,2,causale,Perché la figlia dice al padre 'scandaloso'?,La figlia dice 'scandaloso' al padre perchè dice una bugia.,La figlia dice 'scandaloso' al padre perchè ha scoperto la verità.,La figlia dice 'scandaloso' al padre perchè ha scoperto la verità.,La figlia dice 'scandaloso' al padre perchè dice una bugia.,1,gemma-4-12B,only_video,0,0,0,wrong,
video011_causale_03,video011,video011.mp4,video011_causale,3,causale,Perché la figlia dice al padre 'scandaloso'?,La figlia dice 'scandaloso' al padre perché è sconcertata dal suo comportamento: le dice una bugia e preferisce giocare al telefono invece di raggiungerla.,La figlia dice 'scandaloso' al padre perché è scontenta del suo regalo: le ha promesso un viaggio ma l'ha portata a una cena noiosa.,La figlia dice 'scandaloso' al padre perché è scontenta del suo regalo: le ha promesso un viaggio ma l'ha portata a una cena noiosa.,La figlia dice 'scandaloso' al padre perché è sconcertata dal suo comportamento: le dice una bugia e preferisce giocare al telefono invece di raggiungerla.,1,gemma-4-12B,only_video,1,1,1,correct,
video011_causale_04,video011,video011.mp4,video011_causale,4,causale,Perché la figlia dice al padre 'scandaloso'?,La figlia dice 'scandaloso' al padre perché è sconcertata dal fatto che preferisca giocare con il telefono anziché andare da lei che lo chiama.,La figlia dice 'scandaloso' al padre perché è arrabbiata che abbia dimenticato il suo compleanno.,La figlia dice 'scandaloso' al padre perché è arrabbiata che abbia dimenticato il suo compleanno.,La figlia dice 'scandaloso' al padre perché è sconcertata dal fatto che preferisca giocare con il telefono anziché andare da lei che lo chiama.,1,gemma-4-12B,only_video,1,1,1,correct,
video011_spaziale_01,video011,video011.mp4,video011_spaziale,1,spaziale,Dove si trova il cellulare?,Il cellulare si trova in mano al padre.,Il cellulare si trova sul tavolo.,Il cellulare si trova in mano al padre.,Il cellulare si trova sul tavolo.,0,gemma-4-12B,only_video,0,0,1,correct,
video011_spaziale_02,video011,video011.mp4,video011_spaziale,2,spaziale,Dove si trova il cellulare?,Il cellulare si trova nelle mani di papà.,Il cellulare si trova sul tavolo.,Il cellulare si trova sul tavolo.,Il cellulare si trova nelle mani di papà.,1,gemma-4-12B,only_video,1,1,1,correct,
video011_spaziale_03,video011,video011.mp4,video011_spaziale,3,spaziale,Dove si trova il cellulare?,Il cellulare si trova tra le mani del padre con il maglione verde.,Il cellulare si trova sul tavolo davanti al padre con il maglione verde.,Il cellulare si trova sul tavolo davanti al padre con il maglione verde.,Il cellulare si trova tra le mani del padre con il maglione verde.,1,gemma-4-12B,only_video,1,1,1,correct,
video011_spaziale_04,video011,video011.mp4,video011_spaziale,4,spaziale,Dove si trova il cellulare?,Il cellulare si trova davanti all'uomo con il maglione verde.,Il cellulare si trova dietro all'uomo con il maglione verde.,Il cellulare si trova dietro all'uomo con il maglione verde.,Il cellulare si trova davanti all'uomo con il maglione verde.,1,gemma-4-12B,only_video,1,1,1,correct,
video011_temporale_01,video011,video011.mp4,video011_temporale,1,temporale,La figlia si arrabbia prima o dopo aver chiamato il padre?,La figlia si arrabbia subito dopo aver chiamato il padre.,La figlia si arrabbia prima di chiamare il padre.,La figlia si arrabbia subito dopo aver chiamato il padre.,La figlia si arrabbia prima di chiamare il padre.,0,gemma-4-12B,only_video,0,0,1,correct,
video011_temporale_02,video011,video011.mp4,video011_temporale,2,temporale,La figlia si arrabbia prima o dopo aver chiamato il padre?,La figlia si arrabbia dopo aver chiamato il padre.,La figlia si arrabbia prima di chiamare il padre.,La figlia si arrabbia prima di chiamare il padre.,La figlia si arrabbia dopo aver chiamato il padre.,1,gemma-4-12B,only_video,0,0,0,wrong,
video011_temporale_03,video011,video011.mp4,video011_temporale,3,temporale,La figlia si arrabbia prima o dopo aver chiamato il padre?,La figlia si arrabbia dopo aver chiamato il padre.,La figlia si arrabbia prima di chiamare il padre.,La figlia si arrabbia dopo aver chiamato il padre.,La figlia si arrabbia prima di chiamare il padre.,0,gemma-4-12B,only_video,0,0,1,correct,
video011_temporale_04,video011,video011.mp4,video011_temporale,4,temporale,La figlia si arrabbia prima o dopo aver chiamato il padre?,La figlia si arrabbia dopo aver chiamato il padre ed essersi accorta che sta al cellulare a giocare.,La figlia si arrabbia prima di chiamare il padre ed accorgersi che sta al cellulare a giocare.,La figlia si arrabbia dopo aver chiamato il padre ed essersi accorta che sta al cellulare a giocare.,La figlia si arrabbia prima di chiamare il padre ed accorgersi che sta al cellulare a giocare.,0,gemma-4-12B,only_video,0,0,1,correct,
video012_causale_01,video012,video012.mp4,video012_causale,1,causale,Perché la donna decide di non partire dal fondotinta?,La decisione della donna di non partire dal fondotinta è per neutralizzare la base.,La decisione della donna di non partire dal fondotinta è per evitare irritazioni.,La decisione della donna di non partire dal fondotinta è per neutralizzare la base.,La decisione della donna di non partire dal fondotinta è per evitare irritazioni.,0,gemma-4-12B,only_video,0,0,1,correct,
video012_causale_02,video012,video012.mp4,video012_causale,2,causale,Perché la donna decide di non partire dal fondotinta?,La donna decide di non partire dal fondotinta per evitare di rovinarlo.,La donna decide di non partire dal fondotinta perchè non ne aveva a disposizione.,La donna decide di non partire dal fondotinta perchè non ne aveva a disposizione.,La donna decide di non partire dal fondotinta per evitare di rovinarlo.,1,gemma-4-12B,only_video,0,0,0,wrong,
video012_causale_03,video012,video012.mp4,video012_causale,3,causale,Perché la donna decide di non partire dal fondotinta?,La donna decide di non partire dal fondotinta per proteggere il fondotinta e evitare che i glitter dell'ombretto lo rovinino durante la sfumatura.,La donna decide di partire dal fondotinta per evitare che l'ombretto risalti troppo sul viso.,La donna decide di partire dal fondotinta per evitare che l'ombretto risalti troppo sul viso.,La donna decide di non partire dal fondotinta per proteggere il fondotinta e evitare che i glitter dell'ombretto lo rovinino durante la sfumatura.,1,gemma-4-12B,only_video,1,1,1,correct,
video012_causale_04,video012,video012.mp4,video012_causale,4,causale,Perché la donna decide di non partire dal fondotinta?,La donna decide di non partire dal fondotinta perché teme che sfumando l'ombretto il fondotinta possa rovinarsi con i glitter che le cadono.,La donna decide di non partire dal fondotinta perché teme che sfumando l'ombretto possa macchiarsi le mani.,La donna decide di non partire dal fondotinta perché teme che sfumando l'ombretto il fondotinta possa rovinarsi con i glitter che le cadono.,La donna decide di non partire dal fondotinta perché teme che sfumando l'ombretto possa macchiarsi le mani.,0,gemma-4-12B,only_video,0,0,1,correct,
video012_spaziale_01,video012,video012.mp4,video012_spaziale,1,spaziale,Dove viene applicato l'ombretto dorato?,L'ombretto dorato viene applicato sopra la base.,L'ombretto dorato viene applicato sotto la base.,L'ombretto dorato viene applicato sotto la base.,L'ombretto dorato viene applicato sopra la base.,1,gemma-4-12B,only_video,1,1,1,correct,
video012_spaziale_02,video012,video012.mp4,video012_spaziale,2,spaziale,Dove viene applicato l'ombretto dorato?,L'ombretto dorato viene applicato su tutta la palpebra mobile.,L'ombretto dorato viene applicato solo sull'angolo esterno dell'occhio.,L'ombretto dorato viene applicato su tutta la palpebra mobile.,L'ombretto dorato viene applicato solo sull'angolo esterno dell'occhio.,0,gemma-4-12B,only_video,0,0,1,correct,
video012_spaziale_03,video012,video012.mp4,video012_spaziale,3,spaziale,Dove viene applicato l'ombretto dorato?,L'ombretto dorato viene applicato sull'intera superficie della palpebra mobile.,L'ombretto dorato viene applicato solo sull'angolo esterno della palpebra mobile.,L'ombretto dorato viene applicato solo sull'angolo esterno della palpebra mobile.,L'ombretto dorato viene applicato sull'intera superficie della palpebra mobile.,1,gemma-4-12B,only_video,1,1,1,correct,
video012_spaziale_04,video012,video012.mp4,video012_spaziale,4,spaziale,Dove viene applicato l'ombretto dorato?,L'ombretto dorato viene applicato sulla palpebra mobile.,L'ombretto dorato viene applicato sopra l'arcata sopraccigliare.,L'ombretto dorato viene applicato sopra l'arcata sopraccigliare.,L'ombretto dorato viene applicato sulla palpebra mobile.,1,gemma-4-12B,only_video,1,1,1,correct,
video012_temporale_01,video012,video012.mp4,video012_temporale,1,temporale,La base viene stesa prima o dopo l'ombretto sulla palpebra?,La base viene stesa prima dell'ombretto sulla palpebra.,La base viene stesa dopo l'ombretto sulla palpebra.,La base viene stesa dopo l'ombretto sulla palpebra.,La base viene stesa prima dell'ombretto sulla palpebra.,1,gemma-4-12B,only_video,1,1,1,correct,
video012_temporale_02,video012,video012.mp4,video012_temporale,2,temporale,La base viene stesa prima o dopo l'ombretto sulla palpebra?,La base viene stesa prima dell'ombretto sulla palpebra.,La base viene stesa dopo l'ombretto sulla palpebra.,La base viene stesa dopo l'ombretto sulla palpebra.,La base viene stesa prima dell'ombretto sulla palpebra.,1,gemma-4-12B,only_video,1,1,1,correct,
video012_temporale_03,video012,video012.mp4,video012_temporale,3,temporale,La base viene stesa prima o dopo l'ombretto sulla palpebra?,La base color crema viene stesa in precedenza per facilitare la successiva sfumatura.,La base color crema viene stesa successivamente per facilitare la successiva sfumatura.,La base color crema viene stesa successivamente per facilitare la successiva sfumatura.,La base color crema viene stesa in precedenza per facilitare la successiva sfumatura.,1,gemma-4-12B,only_video,1,1,1,correct,
video012_temporale_04,video012,video012.mp4,video012_temporale,4,temporale,La base viene stesa prima o dopo l'ombretto sulla palpebra?,La base color crema viene stesa prima dell'ombretto per rendere più facile la sfumatura.,L'ombretto viene applicato prima della base color crema per rendere più facile la sfumatura.,L'ombretto viene applicato prima della base color crema per rendere più facile la sfumatura.,La base color crema viene stesa prima dell'ombretto per rendere più facile la sfumatura.,1,gemma-4-12B,only_video,1,1,1,correct,
video013_causale_01,video013,video013.mp4,video013_causale,1,causale,Perché la farina viene messa dopo lo zucchero?,La farina viene messa dopo lo zucchero perché prima vanno montate le uova.,La farina viene messa dopo lo zucchero perché prima va sciolto il burro.,La farina viene messa dopo lo zucchero perché prima va sciolto il burro.,La farina viene messa dopo lo zucchero perché prima vanno montate le uova.,1,gemma-4-12B,only_video,1,1,1,correct,
video013_causale_02,video013,video013.mp4,video013_causale,2,causale,Perché la farina viene messa dopo lo zucchero?,La farina viene messa dopo lo zucchero perché bisogna aspettare che il composto diventi spumoso.,La farina viene messa dopo lo zucchero perché bisogna evitare che il composto diventi spumoso.,La farina viene messa dopo lo zucchero perché bisogna aspettare che il composto diventi spumoso.,La farina viene messa dopo lo zucchero perché bisogna evitare che il composto diventi spumoso.,0,gemma-4-12B,only_video,0,0,1,correct,
video013_causale_03,video013,video013.mp4,video013_causale,3,causale,Perché la farina viene messa dopo lo zucchero?,La farina viene messa dopo lo zucchero perché bisogna attendere e mescolare finché il composto diventa spumoso.,La farina viene messa dopo lo zucchero perché il composto deve rimanere liquido e non diventare spumoso.,La farina viene messa dopo lo zucchero perché bisogna attendere e mescolare finché il composto diventa spumoso.,La farina viene messa dopo lo zucchero perché il composto deve rimanere liquido e non diventare spumoso.,0,gemma-4-12B,only_video,0,0,1,correct,
video013_causale_04,video013,video013.mp4,video013_causale,4,causale,Perché la farina viene messa dopo lo zucchero?,La farina viene messa dopo lo zucchero perché il composto deve essere mescolato fino ad essere spumoso.,La farina viene messa dopo lo zucchero perché il composto deve cambiare colore.,La farina viene messa dopo lo zucchero perché il composto deve essere mescolato fino ad essere spumoso.,La farina viene messa dopo lo zucchero perché il composto deve cambiare colore.,0,gemma-4-12B,only_video,0,0,1,correct,
video013_spaziale_01,video013,video013.mp4,video013_spaziale,1,spaziale,Dove vengono aggiunti i due cucchiai in più di farina?,I due cucchiai in più di farina vengono aggiunti nel recipiente contenente il composto.,I due cucchiai in più di farina vengono aggiunti in un piatto separato.,I due cucchiai in più di farina vengono aggiunti nel recipiente contenente il composto.,I due cucchiai in più di farina vengono aggiunti in un piatto separato.,0,gemma-4-12B,only_video,0,0,1,correct,
video013_spaziale_02,video013,video013.mp4,video013_spaziale,2,spaziale,Dove vengono aggiunti i due cucchiai in più di farina?,I due cucchiai in più di farina vengono aggiunti nel bicchiere.,I due cucchiai in più di farina vengono aggiunti nella ciotola.,I due cucchiai in più di farina vengono aggiunti nel bicchiere.,I due cucchiai in più di farina vengono aggiunti nella ciotola.,0,gemma-4-12B,only_video,1,1,0,wrong,
video013_spaziale_03,video013,video013.mp4,video013_spaziale,3,spaziale,Dove vengono aggiunti i due cucchiai in più di farina?,I due cucchiai in più di farina vengono aggiunti gradualmente nel recipiente contenente il composto.,I due cucchiai in più di farina vengono aggiunti gradualmente nella padella contenente il composto.,I due cucchiai in più di farina vengono aggiunti gradualmente nella padella contenente il composto.,I due cucchiai in più di farina vengono aggiunti gradualmente nel recipiente contenente il composto.,1,gemma-4-12B,only_video,1,1,1,correct,
video013_spaziale_04,video013,video013.mp4,video013_spaziale,4,spaziale,Dove vengono aggiunti i due cucchiai in più di farina?,I due cucchiai di farina vengono aggiunti dentro la ciotola con il composto a poco a poco.,I due cucchiai di farina vengono aggiunti sopra la ciotola con il composto a poco a poco.,I due cucchiai di farina vengono aggiunti sopra la ciotola con il composto a poco a poco.,I due cucchiai di farina vengono aggiunti dentro la ciotola con il composto a poco a poco.,1,gemma-4-12B,only_video,1,1,1,correct,
video013_temporale_01,video013,video013.mp4,video013_temporale,1,temporale,La donna parla dello zucchero di canna prima o dopo aver rotto le uova?,La donna parla dello zucchero di canna dopo aver rotto le uova.,La donna parla dello zucchero di canna prima di rompere le uova.,La donna parla dello zucchero di canna dopo aver rotto le uova.,La donna parla dello zucchero di canna prima di rompere le uova.,0,gemma-4-12B,only_video,0,0,1,correct,
video013_temporale_02,video013,video013.mp4,video013_temporale,2,temporale,La donna parla dello zucchero di canna prima o dopo aver rotto le uova?,La donna parla dello zucchero di canna dopo aver rotto le uova.,La donna parla dello zucchero di canna prima di rompere le uova.,La donna parla dello zucchero di canna dopo aver rotto le uova.,La donna parla dello zucchero di canna prima di rompere le uova.,0,gemma-4-12B,only_video,0,0,1,correct,
video013_temporale_03,video013,video013.mp4,video013_temporale,3,temporale,La donna parla dello zucchero di canna prima o dopo aver rotto le uova?,La donna parla dello zucchero di canna dopo aver rotto le uova ma prima di aggiungerlo.,La donna parla dello zucchero di canna prima di rompere le uova ma dopo averlo aggiunto.,La donna parla dello zucchero di canna prima di rompere le uova ma dopo averlo aggiunto.,La donna parla dello zucchero di canna dopo aver rotto le uova ma prima di aggiungerlo.,1,gemma-4-12B,only_video,1,1,1,correct,
video013_temporale_04,video013,video013.mp4,video013_temporale,4,temporale,La donna parla dello zucchero di canna prima o dopo aver rotto le uova?,La donna parla dello zucchero di canna dopo aver rotto le uova e prima di metterlo nella ciotola.,La donna parla dello zucchero di canna prima di rompere le uova e dopo averlo messo nella ciotola.,La donna parla dello zucchero di canna dopo aver rotto le uova e prima di metterlo nella ciotola.,La donna parla dello zucchero di canna prima di rompere le uova e dopo averlo messo nella ciotola.,0,gemma-4-12B,only_video,0,0,1,correct,
video014_causale_01,video014,video014.mp4,video014_causale,1,causale,Perché la tecnica di trapiantare solo due dita va bene sulla piantina mostrata?,"La tecnica di trapiantare solo due dita va bene sulla piantina mostrata perché è una lattuga, una delle poche piante per cui questa regola è indicata.",La tecnica di trapiantare solo due dita va bene sulla piantina mostrata perché questa regola si applica indistintamente a tutte le piante.,La tecnica di trapiantare solo due dita va bene sulla piantina mostrata perché questa regola si applica indistintamente a tutte le piante.,"La tecnica di trapiantare solo due dita va bene sulla piantina mostrata perché è una lattuga, una delle poche piante per cui questa regola è indicata.",1,gemma-4-12B,only_video,1,1,1,correct,
video014_causale_02,video014,video014.mp4,video014_causale,2,causale,Perché la tecnica di trapiantare solo due dita va bene sulla piantina mostrata?,"La tecnica di trapiantare solo due dita va bene sulla piantina mostrata perché è una lattuga, per cui si utilizza questa pratica.","La tecnica di trapiantare solo due dita va bene sulla piantina mostrata perché è una carota, per cui si utilizza questa pratica.","La tecnica di trapiantare solo due dita va bene sulla piantina mostrata perché è una lattuga, per cui si utilizza questa pratica.","La tecnica di trapiantare solo due dita va bene sulla piantina mostrata perché è una carota, per cui si utilizza questa pratica.",0,gemma-4-12B,only_video,0,0,1,correct,
video014_causale_03,video014,video014.mp4,video014_causale,3,causale,Perché la tecnica di trapiantare solo due dita va bene sulla piantina mostrata?,"La tecnica di trapiantare solo due dita è adatta perché la piantina mostrata è lattuga, un tipo di pianta per cui questa tecnica funziona bene.","La tecnica di trapiantare solo due dita è adatta perché la piantina mostrata è lattuga, un tipo di pianta che richiede un'altra tecnica per crescere bene.","La tecnica di trapiantare solo due dita è adatta perché la piantina mostrata è lattuga, un tipo di pianta che richiede un'altra tecnica per crescere bene.","La tecnica di trapiantare solo due dita è adatta perché la piantina mostrata è lattuga, un tipo di pianta per cui questa tecnica funziona bene.",1,gemma-4-12B,only_video,1,1,1,correct,
video014_causale_04,video014,video014.mp4,video014_causale,4,causale,Perché la tecnica di trapiantare solo due dita va bene sulla piantina mostrata?,La tecnica di trapiantare solo due dita va bene sulla piantina mostrata perché è una piantina di lattuga.,La tecnica di trapiantare solo due dita va bene sulla piantina mostrata perché è una piantina di pomodoro.,La tecnica di trapiantare solo due dita va bene sulla piantina mostrata perché è una piantina di lattuga.,La tecnica di trapiantare solo due dita va bene sulla piantina mostrata perché è una piantina di pomodoro.,0,gemma-4-12B,only_video,0,0,1,correct,
video014_spaziale_01,video014,video014.mp4,video014_spaziale,1,spaziale,Dove va messa la piantina?,La piantina va messa in terra alzata di due centimetri.,La piantina va messa in terra abbassata di due centimetri.,La piantina va messa in terra abbassata di due centimetri.,La piantina va messa in terra alzata di due centimetri.,1,gemma-4-12B,only_video,0,0,0,wrong,
video014_spaziale_02,video014,video014.mp4,video014_spaziale,2,spaziale,Dove va messa la piantina?,La piantina va messa nel terreno.,La piantina va messa in un vaso.,La piantina va messa in un vaso.,La piantina va messa nel terreno.,1,gemma-4-12B,only_video,1,1,1,correct,
video014_spaziale_03,video014,video014.mp4,video014_spaziale,3,spaziale,Dove va messa la piantina?,"La piantina va messa nel terreno, circa due dita sotto la superficie e vicino al tubo di irrigazione.","La piantina va messa in un vaso, circa due dita sopra la superficie e lontano dal tubo di irrigazione.","La piantina va messa in un vaso, circa due dita sopra la superficie e lontano dal tubo di irrigazione.","La piantina va messa nel terreno, circa due dita sotto la superficie e vicino al tubo di irrigazione.",1,gemma-4-12B,only_video,1,1,1,correct,
video014_spaziale_04,video014,video014.mp4,video014_spaziale,4,spaziale,Dove va messa la piantina?,La piantina va messa vicino al tubo di irrigazione a due dita sotto terra.,La piantina va messa lontano dal tubo di irrigazione a due dita sotto terra.,La piantina va messa lontano dal tubo di irrigazione a due dita sotto terra.,La piantina va messa vicino al tubo di irrigazione a due dita sotto terra.,1,gemma-4-12B,only_video,1,1,1,correct,
video014_temporale_01,video014,video014.mp4,video014_temporale,1,temporale,L'uomo trova l'animale trasparente prima o dopo aver piantato la lattuga?,L'uomo trova l'animale trasparente dopo aver piantato la lattuga.,"Prima di piantare la lattuga, l'uomo trova l'animale trasparente.",L'uomo trova l'animale trasparente dopo aver piantato la lattuga.,"Prima di piantare la lattuga, l'uomo trova l'animale trasparente.",0,gemma-4-12B,only_video,0,0,1,correct,
video014_temporale_02,video014,video014.mp4,video014_temporale,2,temporale,L'uomo trova l'animale trasparente prima o dopo aver piantato la lattuga?,L'uomo trova l'animale trasparente prima di piantare la lattuga.,L'uomo trova l'animale trasparente dopo aver piantato la lattuga.,L'uomo trova l'animale trasparente dopo aver piantato la lattuga.,L'uomo trova l'animale trasparente prima di piantare la lattuga.,1,gemma-4-12B,only_video,0,0,0,wrong,
video014_temporale_03,video014,video014.mp4,video014_temporale,3,temporale,L'uomo trova l'animale trasparente prima o dopo aver piantato la lattuga?,"L'uomo trova l'animale trasparente durante lo scavo della terra, prima delle fasi successive.","L'uomo trova l'animale trasparente durante lo scavo della terra, dopo le fasi successive.","L'uomo trova l'animale trasparente durante lo scavo della terra, prima delle fasi successive.","L'uomo trova l'animale trasparente durante lo scavo della terra, dopo le fasi successive.",0,gemma-4-12B,only_video,0,0,1,correct,
video014_temporale_04,video014,video014.mp4,video014_temporale,4,temporale,L'uomo trova l'animale trasparente prima o dopo aver piantato la lattuga?,"L'uomo trova l'animale trasparente mentre scava la terra, prima di piantare la lattuga.",L'uomo trova l'animale trasparente dopo aver piantato la lattuga.,L'uomo trova l'animale trasparente dopo aver piantato la lattuga.,"L'uomo trova l'animale trasparente mentre scava la terra, prima di piantare la lattuga.",1,gemma-4-12B,only_video,0,0,0,wrong,
video015_causale_01,video015,video015.mp4,video015_causale,1,causale,Perché Alice Caldora è stata premiata nel 2016?,Alice Caldora è stata premiata nel 2016 perché è vicecampionessa italiana.,Alice Caldora è stata premiata nel 2016 perché è la più giovane partecipante.,Alice Caldora è stata premiata nel 2016 perché è la più giovane partecipante.,Alice Caldora è stata premiata nel 2016 perché è vicecampionessa italiana.,1,gemma-4-12B,only_video,0,0,0,wrong,
video015_causale_02,video015,video015.mp4,video015_causale,2,causale,Perché Alice Caldora è stata premiata nel 2016?,Alice Caldora è stata premiata nel 2016 perché è rientrata nella finalissima.,Alice Caldora è stata premiata nel 2016 perché ha vinto il concorso.,Alice Caldora è stata premiata nel 2016 perché è rientrata nella finalissima.,Alice Caldora è stata premiata nel 2016 perché ha vinto il concorso.,0,gemma-4-12B,only_video,0,0,1,correct,
video015_causale_03,video015,video015.mp4,video015_causale,3,causale,Perché Alice Caldora è stata premiata nel 2016?,"Alice Caldora è stata premiata nel 2016 perché era arrivata alla finalissima, concludendo come vicecampionessa italiana al nastro.",Alice Caldora è stata premiata nel 2016 perché aveva scritto un libro di successo.,Alice Caldora è stata premiata nel 2016 perché aveva scritto un libro di successo.,"Alice Caldora è stata premiata nel 2016 perché era arrivata alla finalissima, concludendo come vicecampionessa italiana al nastro.",1,gemma-4-12B,only_video,1,1,1,correct,
video015_causale_04,video015,video015.mp4,video015_causale,4,causale,Perché Alice Caldora è stata premiata nel 2016?,Alice Caldora è stata premiata nel 2016 perché è stata vicecampionessa italiana di nastro.,Alice Caldora è stata premiata nel 2016 perché ha inventato una nuova routine di nastro.,Alice Caldora è stata premiata nel 2016 perché ha inventato una nuova routine di nastro.,Alice Caldora è stata premiata nel 2016 perché è stata vicecampionessa italiana di nastro.,1,gemma-4-12B,only_video,0,0,0,wrong,
video015_spaziale_01,video015,video015.mp4,video015_spaziale,1,spaziale,Dove fanno esercizi le ginnaste dell'Eterea?,Le ginnaste dell'Eterea fanno esercizi in palestra.,Le ginnaste dell'Eterea fanno esercizi al parco.,Le ginnaste dell'Eterea fanno esercizi al parco.,Le ginnaste dell'Eterea fanno esercizi in palestra.,1,gemma-4-12B,only_video,1,1,1,correct,
video015_spaziale_02,video015,video015.mp4,video015_spaziale,2,spaziale,Dove fanno esercizi le ginnaste dell'Eterea?,Le ginnaste dell'Eterea fanno esercizi in un palazzetto dello sport.,Le ginnaste dell'Eterea fanno esercizi in un parco.,Le ginnaste dell'Eterea fanno esercizi in un parco.,Le ginnaste dell'Eterea fanno esercizi in un palazzetto dello sport.,1,gemma-4-12B,only_video,1,1,1,correct,
video015_spaziale_03,video015,video015.mp4,video015_spaziale,3,spaziale,Dove fanno esercizi le ginnaste dell'Eterea?,Le ginnaste dell'Eterea fanno esercizi sulla pedana di una palestra all'interno di un palazzetto dello sport.,Le ginnaste dell'Eterea fanno esercizi su una spiaggia all'aperto.,Le ginnaste dell'Eterea fanno esercizi sulla pedana di una palestra all'interno di un palazzetto dello sport.,Le ginnaste dell'Eterea fanno esercizi su una spiaggia all'aperto.,0,gemma-4-12B,only_video,0,0,1,correct,
video015_spaziale_04,video015,video015.mp4,video015_spaziale,4,spaziale,Dove fanno esercizi le ginnaste dell'Eterea?,Le ginnaste dell'Eterea fanno esercizi sulla pedana nella palestra.,Le ginnaste dell'Eterea fanno esercizi nel cortile della palestra.,Le ginnaste dell'Eterea fanno esercizi sulla pedana nella palestra.,Le ginnaste dell'Eterea fanno esercizi nel cortile della palestra.,0,gemma-4-12B,only_video,0,0,1,correct,
video015_temporale_01,video015,video015.mp4,video015_temporale,1,temporale,Quando si è qualificata alla fase nazionale la squadra di ginnaste?,La squadra di ginnaste si è qualificata alla fase nazionale lo scorso anno.,La squadra di ginnaste si è qualificata alla fase nazionale quest'anno.,La squadra di ginnaste si è qualificata alla fase nazionale lo scorso anno.,La squadra di ginnaste si è qualificata alla fase nazionale quest'anno.,0,gemma-4-12B,only_video,0,0,1,correct,
video015_temporale_02,video015,video015.mp4,video015_temporale,2,temporale,Quando si è qualificata alla fase nazionale la squadra di ginnaste?,La squadra di ginnaste si è qualificata alla fase nazionale lo scorso anno.,La squadra di ginnaste si è qualificata alla fase nazionale quest'anno.,La squadra di ginnaste si è qualificata alla fase nazionale lo scorso anno.,La squadra di ginnaste si è qualificata alla fase nazionale quest'anno.,0,gemma-4-12B,only_video,0,0,1,correct,
video015_temporale_03,video015,video015.mp4,video015_temporale,3,temporale,Quando si è qualificata alla fase nazionale la squadra di ginnaste?,La squadra di ginnaste si è qualificata alla fase nazionale nell'anno precedente.,La squadra di ginnaste si è qualificata alla fase nazionale quest'anno.,La squadra di ginnaste si è qualificata alla fase nazionale nell'anno precedente.,La squadra di ginnaste si è qualificata alla fase nazionale quest'anno.,0,gemma-4-12B,only_video,0,0,1,correct,
video015_temporale_04,video015,video015.mp4,video015_temporale,4,temporale,Quando si è qualificata alla fase nazionale la squadra di ginnaste?,La squadra di ginnaste si è qualificata alla fase nazionale lo scorso anno.,La squadra di ginnaste si è qualificata alla fase nazionale questo mese.,La squadra di ginnaste si è qualificata alla fase nazionale questo mese.,La squadra di ginnaste si è qualificata alla fase nazionale lo scorso anno.,1,gemma-4-12B,only_video,0,0,0,wrong,
video016_causale_01,video016,video016.mp4,video016_causale,1,causale,Perché l'uomo taglia una quantità superiore di sedano?,L'uomo taglia una quantità superiore di sedano perché preferisce personalmente usarne di più nella ricetta.,L'uomo taglia una quantità superiore di sedano perché la ricetta impone di usarne di più.,L'uomo taglia una quantità superiore di sedano perché preferisce personalmente usarne di più nella ricetta.,L'uomo taglia una quantità superiore di sedano perché la ricetta impone di usarne di più.,0,gemma-4-12B,only_video,0,0,1,correct,
video016_causale_02,video016,video016.mp4,video016_causale,2,causale,Perché l'uomo taglia una quantità superiore di sedano?,Nel video l'uomo taglia una quantità superiore di sedano perché è una sua preferenza.,Nel video l'uomo taglia una quantità superiore di sedano perché lo richiede la ricetta.,Nel video l'uomo taglia una quantità superiore di sedano perché lo richiede la ricetta.,Nel video l'uomo taglia una quantità superiore di sedano perché è una sua preferenza.,1,gemma-4-12B,only_video,0,0,0,wrong,
video016_causale_03,video016,video016.mp4,video016_causale,3,causale,Perché l'uomo taglia una quantità superiore di sedano?,"L'uomo taglia una quantità superiore di sedano per una preferenza personale del cuoco, che nella ricetta gradisce una quantità maggiore di sedano.","L'uomo taglia una quantità superiore di sedano per un errore nella ricetta, che richiede in realtà una quantità minore di sedano.","L'uomo taglia una quantità superiore di sedano per una preferenza personale del cuoco, che nella ricetta gradisce una quantità maggiore di sedano.","L'uomo taglia una quantità superiore di sedano per un errore nella ricetta, che richiede in realtà una quantità minore di sedano.",0,gemma-4-12B,only_video,0,0,1,correct,
video016_causale_04,video016,video016.mp4,video016_causale,4,causale,Perché l'uomo taglia una quantità superiore di sedano?,L'uomo taglia una quantità superiore di sedano perché al cuoco piace averne di più nella sua ricetta.,L'uomo taglia una quantità superiore di sedano perché ha inavvertitamente comprato troppo sedano.,L'uomo taglia una quantità superiore di sedano perché al cuoco piace averne di più nella sua ricetta.,L'uomo taglia una quantità superiore di sedano perché ha inavvertitamente comprato troppo sedano.,0,gemma-4-12B,only_video,0,0,1,correct,
video016_spaziale_01,video016,video016.mp4,video016_spaziale,1,spaziale,Dove viene messo il pepe macinato al momento?,Il pepe macinato al momento viene messo sopra la pietanza.,Il pepe macinato al momento viene messo sotto la pietanza.,Il pepe macinato al momento viene messo sopra la pietanza.,Il pepe macinato al momento viene messo sotto la pietanza.,0,gemma-4-12B,only_video,0,0,1,correct,
video016_spaziale_02,video016,video016.mp4,video016_spaziale,2,spaziale,Dove viene messo il pepe macinato al momento?,Il pepe macinato al momento viene messo sopra.,Il pepe macinato al momento viene messo sotto.,Il pepe macinato al momento viene messo sotto.,Il pepe macinato al momento viene messo sopra.,1,gemma-4-12B,only_video,1,1,1,correct,
video016_spaziale_03,video016,video016.mp4,video016_spaziale,3,spaziale,Dove viene messo il pepe macinato al momento?,"Il pepe macinato al momento viene messo sopra il pezzo di carne, davanti al tagliere.","Il pepe macinato al momento viene messo sopra il pezzo di carne, accanto al tagliere.","Il pepe macinato al momento viene messo sopra il pezzo di carne, davanti al tagliere.","Il pepe macinato al momento viene messo sopra il pezzo di carne, accanto al tagliere.",0,gemma-4-12B,only_video,0,0,1,correct,
video016_spaziale_04,video016,video016.mp4,video016_spaziale,4,spaziale,Dove viene messo il pepe macinato al momento?,Il pepe viene macinato sopra il pezzo di carne davanti al tagliere nel video.,Il pepe viene macinato sopra il pezzo di carne accanto al tagliere nel video.,Il pepe viene macinato sopra il pezzo di carne accanto al tagliere nel video.,Il pepe viene macinato sopra il pezzo di carne davanti al tagliere nel video.,1,gemma-4-12B,only_video,1,1,1,correct,
video016_temporale_01,video016,video016.mp4,video016_temporale,1,temporale,Il pepe viene macinato prima o dopo che si mette a fare il brodo vegetale?,Il pepe viene macinato dopo che si mette a fare il brodo vegetale.,Il pepe viene macinato prima che si metta a fare il brodo vegetale.,Il pepe viene macinato dopo che si mette a fare il brodo vegetale.,Il pepe viene macinato prima che si metta a fare il brodo vegetale.,0,gemma-4-12B,only_video,1,1,0,wrong,
video016_temporale_02,video016,video016.mp4,video016_temporale,2,temporale,Il pepe viene macinato prima o dopo che si mette a fare il brodo vegetale?,Il pepe viene macinato dopo che si mette a fare il brodo vegetale.,Il pepe viene macinato prima di mettersi a fare il brodo vegetale.,Il pepe viene macinato prima di mettersi a fare il brodo vegetale.,Il pepe viene macinato dopo che si mette a fare il brodo vegetale.,1,gemma-4-12B,only_video,0,0,0,wrong,
video016_temporale_03,video016,video016.mp4,video016_temporale,3,temporale,Il pepe viene macinato prima o dopo che si mette a fare il brodo vegetale?,Il pepe viene macinato in un momento successivo alla preparazione del brodo vegetale.,Il pepe viene macinato in un momento precedente alla preparazione del brodo vegetale.,Il pepe viene macinato in un momento successivo alla preparazione del brodo vegetale.,Il pepe viene macinato in un momento precedente alla preparazione del brodo vegetale.,0,gemma-4-12B,only_video,0,0,1,correct,
video016_temporale_04,video016,video016.mp4,video016_temporale,4,temporale,Il pepe viene macinato prima o dopo che si mette a fare il brodo vegetale?,Il brodo vegetale era già stato messo a fare prima di macinare il pepe.,Il brodo vegetale è stato messo a fare dopo aver macinato il pepe.,Il brodo vegetale è stato messo a fare dopo aver macinato il pepe.,Il brodo vegetale era già stato messo a fare prima di macinare il pepe.,1,gemma-4-12B,only_video,1,1,1,correct,
video017_causale_01,video017,video017.mp4,video017_causale,1,causale,Perché il padre ironizza sul futuro da architetto del figlio?,Il padre ironizza sul futuro da architetto del figlio perché ha fatto un castello di sabbia molto bello.,Il padre ironizza sul futuro da architetto del figlio perché ha disegnato una casa su un foglio.,Il padre ironizza sul futuro da architetto del figlio perché ha fatto un castello di sabbia molto bello.,Il padre ironizza sul futuro da architetto del figlio perché ha disegnato una casa su un foglio.,0,gemma-4-12B,only_video,0,0,1,correct,
video017_causale_02,video017,video017.mp4,video017_causale,2,causale,Perché il padre ironizza sul futuro da architetto del figlio?,Il padre ironizza sul futuro da architetto del figlio perché costruisce castelli di sabbia.,Il padre ironizza sul futuro da architetto del figlio perché disegna case sui quaderni.,Il padre ironizza sul futuro da architetto del figlio perché costruisce castelli di sabbia.,Il padre ironizza sul futuro da architetto del figlio perché disegna case sui quaderni.,0,gemma-4-12B,only_video,0,0,1,correct,
video017_causale_03,video017,video017.mp4,video017_causale,3,causale,Perché il padre ironizza sul futuro da architetto del figlio?,Il padre ironizza sul futuro da architetto del figlio perché il bambino ha costruito un castello di sabbia molto grande sulla spiaggia.,Il padre ironizza sul futuro da architetto del figlio perché il bambino ha costruito un piccolo castello di sabbia sulla spiaggia.,Il padre ironizza sul futuro da architetto del figlio perché il bambino ha costruito un piccolo castello di sabbia sulla spiaggia.,Il padre ironizza sul futuro da architetto del figlio perché il bambino ha costruito un castello di sabbia molto grande sulla spiaggia.,1,gemma-4-12B,only_video,0,0,0,wrong,
video017_causale_04,video017,video017.mp4,video017_causale,4,causale,Perché il padre ironizza sul futuro da architetto del figlio?,Il padre ironizza sul futuro da architetto del figlio perché il bambino in riva al mare ha costruito un castello di sabbia molto grande.,Il padre ironizza sul futuro da architetto del figlio perché il bambino in riva al mare ha distrutto un castello di sabbia molto grande.,Il padre ironizza sul futuro da architetto del figlio perché il bambino in riva al mare ha costruito un castello di sabbia molto grande.,Il padre ironizza sul futuro da architetto del figlio perché il bambino in riva al mare ha distrutto un castello di sabbia molto grande.,0,gemma-4-12B,only_video,0,0,1,correct,
video017_spaziale_01,video017,video017.mp4,video017_spaziale,1,spaziale,Dove si trovano le biglie?,Le biglie si trovano sotto la sabbia.,Le biglie si trovano sopra un tavolo.,Le biglie si trovano sopra un tavolo.,Le biglie si trovano sotto la sabbia.,1,gemma-4-12B,only_video,0,0,0,wrong,
video017_spaziale_02,video017,video017.mp4,video017_spaziale,2,spaziale,Dove si trovano le biglie?,Le biglie si trovano sotto la sabbia.,Le biglie si trovano sopra la sabbia.,Le biglie si trovano sotto la sabbia.,Le biglie si trovano sopra la sabbia.,0,gemma-4-12B,only_video,0,0,1,correct,
video017_spaziale_03,video017,video017.mp4,video017_spaziale,3,spaziale,Dove si trovano le biglie?,"Le biglie si trovano nella sabbia, vicino al bambino.","Le biglie si trovano sull'erba, lontano dal bambino.","Le biglie si trovano sull'erba, lontano dal bambino.","Le biglie si trovano nella sabbia, vicino al bambino.",1,gemma-4-12B,only_video,1,1,1,correct,
video017_spaziale_04,video017,video017.mp4,video017_spaziale,4,spaziale,Dove si trovano le biglie?,Le biglie si trovano vicino al bambino nel video.,Le biglie si trovano lontano dal bambino nel video.,Le biglie si trovano lontano dal bambino nel video.,Le biglie si trovano vicino al bambino nel video.,1,gemma-4-12B,only_video,1,1,1,correct,
video017_temporale_01,video017,video017.mp4,video017_temporale,1,temporale,La donna guarda la foto prima o dopo aver chiuso il manuale?,La donna guarda la foto dopo aver chiuso il manuale.,La donna guarda la foto prima di aprire il manuale.,La donna guarda la foto dopo aver chiuso il manuale.,La donna guarda la foto prima di aprire il manuale.,0,gemma-4-12B,only_video,0,0,1,correct,
video017_temporale_02,video017,video017.mp4,video017_temporale,2,temporale,La donna guarda la foto prima o dopo aver chiuso il manuale?,La donna guarda la foto dopo aver chiuso il manuale.,La donna guarda la foto prima di aprire il manuale.,La donna guarda la foto dopo aver chiuso il manuale.,La donna guarda la foto prima di aprire il manuale.,0,gemma-4-12B,only_video,0,0,1,correct,
video017_temporale_03,video017,video017.mp4,video017_temporale,3,temporale,La donna guarda la foto prima o dopo aver chiuso il manuale?,La donna guarda la foto dopo la chiusura del libro e prima che la madre osservi la fotografia del figlio.,La donna guarda la foto prima dell'apertura del libro e dopo che la madre osserva la fotografia del figlio.,La donna guarda la foto dopo la chiusura del libro e prima che la madre osservi la fotografia del figlio.,La donna guarda la foto prima dell'apertura del libro e dopo che la madre osserva la fotografia del figlio.,0,gemma-4-12B,only_video,0,0,1,correct,
video017_temporale_04,video017,video017.mp4,video017_temporale,4,temporale,La donna guarda la foto prima o dopo aver chiuso il manuale?,La mamma chiude il libro prima di guardare la foto del figlio.,La mamma chiude il libro dopo aver guardato la foto del figlio.,La mamma chiude il libro prima di guardare la foto del figlio.,La mamma chiude il libro dopo aver guardato la foto del figlio.,0,gemma-4-12B,only_video,1,1,0,wrong,
video018_causale_01,video018,video018.mp4,video018_causale,1,causale,Perché la donna crede che l'uomo voglia stare solo?,La donna crede che l'uomo voglia stare solo per il destino di una donna chiamata Luise.,La donna crede che l'uomo voglia stare solo per il suo bisogno di solitudine.,La donna crede che l'uomo voglia stare solo per il destino di una donna chiamata Luise.,La donna crede che l'uomo voglia stare solo per il suo bisogno di solitudine.,0,gemma-4-12B,only_video,0,0,1,correct,
video018_causale_02,video018,video018.mp4,video018_causale,2,causale,Perché la donna crede che l'uomo voglia stare solo?,La donna crede che l'uomo voglia stare solo perché è angosciato dal destino di Eloise.,La donna crede che l'uomo voglia stare solo perché è arrabbiato con Eloise.,La donna crede che l'uomo voglia stare solo perché è angosciato dal destino di Eloise.,La donna crede che l'uomo voglia stare solo perché è arrabbiato con Eloise.,0,gemma-4-12B,only_video,0,0,1,correct,
video018_causale_03,video018,video018.mp4,video018_causale,3,causale,Perché la donna crede che l'uomo voglia stare solo?,"La donna crede che l'uomo voglia stare solo perché percepisce che è angosciato e preoccupato per il destino di Eloise, anche se lui sostiene il contrario.","La donna crede che l'uomo voglia stare solo perché percepisce che è arrabbiato e infastidito da qualcosa, anche se lui sostiene il contrario.","La donna crede che l'uomo voglia stare solo perché percepisce che è arrabbiato e infastidito da qualcosa, anche se lui sostiene il contrario.","La donna crede che l'uomo voglia stare solo perché percepisce che è angosciato e preoccupato per il destino di Eloise, anche se lui sostiene il contrario.",1,gemma-4-12B,only_video,0,0,0,wrong,
video018_causale_04,video018,video018.mp4,video018_causale,4,causale,Perché la donna crede che l'uomo voglia stare solo?,"La donna crede che l'uomo voglia stare solo perché lo percepisce preoccupato per il destino di Eloise, anche se lui afferma diversamente.","La donna crede che l'uomo voglia stare solo perché lo percepisce arrabbiato con Eloise, anche se lui afferma diversamente.","La donna crede che l'uomo voglia stare solo perché lo percepisce arrabbiato con Eloise, anche se lui afferma diversamente.","La donna crede che l'uomo voglia stare solo perché lo percepisce preoccupato per il destino di Eloise, anche se lui afferma diversamente.",1,gemma-4-12B,only_video,0,0,0,wrong,
video018_spaziale_01,video018,video018.mp4,video018_spaziale,1,spaziale,Dove si siede l'uomo per lavorare?,L'uomo si siede alla sua scrivania per lavorare.,L'uomo si siede su una panchina per lavorare.,L'uomo si siede alla sua scrivania per lavorare.,L'uomo si siede su una panchina per lavorare.,0,gemma-4-12B,only_video,0,0,1,correct,
video018_spaziale_02,video018,video018.mp4,video018_spaziale,2,spaziale,Dove si siede l'uomo per lavorare?,L'uomo si siede alla sua scrivania per lavorare.,L'uomo si siede sul divano per lavorare.,L'uomo si siede sul divano per lavorare.,L'uomo si siede alla sua scrivania per lavorare.,1,gemma-4-12B,only_video,1,1,1,correct,
video018_spaziale_03,video018,video018.mp4,video018_spaziale,3,spaziale,Dove si siede l'uomo per lavorare?,L'uomo si siede alla scrivania posta davanti alla finestra per lavorare.,L'uomo si siede alla scrivania posta accanto alla porta per lavorare.,L'uomo si siede alla scrivania posta accanto alla porta per lavorare.,L'uomo si siede alla scrivania posta davanti alla finestra per lavorare.,1,gemma-4-12B,only_video,1,1,1,correct,
video018_spaziale_04,video018,video018.mp4,video018_spaziale,4,spaziale,Dove si siede l'uomo per lavorare?,L'uomo si siede alla scrivania davanti la finestra per lavorare.,L'uomo si siede alla scrivania in giardino per lavorare.,L'uomo si siede alla scrivania davanti la finestra per lavorare.,L'uomo si siede alla scrivania in giardino per lavorare.,0,gemma-4-12B,only_video,0,0,1,correct,
video018_temporale_01,video018,video018.mp4,video018_temporale,1,temporale,L'uomo dà i suoi omaggi alla donna prima o dopo essersi seduto?,L'uomo dà i suoi omaggi alla donna dopo essersi seduto.,L'uomo dà i suoi omaggi alla donna prima di sedersi.,L'uomo dà i suoi omaggi alla donna prima di sedersi.,L'uomo dà i suoi omaggi alla donna dopo essersi seduto.,1,gemma-4-12B,only_video,1,1,1,correct,
video018_temporale_02,video018,video018.mp4,video018_temporale,2,temporale,L'uomo dà i suoi omaggi alla donna prima o dopo essersi seduto?,L'uomo dà i suoi omaggi alla donna dopo essersi seduto.,L'uomo dà i suoi omaggi alla donna prima di sedersi.,L'uomo dà i suoi omaggi alla donna prima di sedersi.,L'uomo dà i suoi omaggi alla donna dopo essersi seduto.,1,gemma-4-12B,only_video,1,1,1,correct,
video018_temporale_03,video018,video018.mp4,video018_temporale,3,temporale,L'uomo dà i suoi omaggi alla donna prima o dopo essersi seduto?,"L'uomo dà i suoi omaggi alla donna dopo essersi seduto, nel momento in cui la saluta.","L'uomo dà i suoi omaggi alla donna prima di sedersi, nel momento in cui la saluta.","L'uomo dà i suoi omaggi alla donna dopo essersi seduto, nel momento in cui la saluta.","L'uomo dà i suoi omaggi alla donna prima di sedersi, nel momento in cui la saluta.",0,gemma-4-12B,only_video,0,0,1,correct,
video018_temporale_04,video018,video018.mp4,video018_temporale,4,temporale,L'uomo dà i suoi omaggi alla donna prima o dopo essersi seduto?,L'uomo si siede e poi saluta la donna nel video.,L'uomo saluta la donna e poi si siede.,L'uomo si siede e poi saluta la donna nel video.,L'uomo saluta la donna e poi si siede.,0,gemma-4-12B,only_video,0,0,1,correct,
video019_causale_01,video019,video019.mp4,video019_causale,1,causale,Perché l'uomo dice alla bambina di guardare le figure?,L'uomo dice alla bambina di guardare le figure perché la bambina non sa leggere.,L'uomo dice alla bambina di guardare le figure perché le storie scritte sono noiose.,L'uomo dice alla bambina di guardare le figure perché la bambina non sa leggere.,L'uomo dice alla bambina di guardare le figure perché le storie scritte sono noiose.,0,gemma-4-12B,only_video,0,0,1,correct,
video019_causale_02,video019,video019.mp4,video019_causale,2,causale,Perché l'uomo dice alla bambina di guardare le figure?,L'uomo dice alla bambina di guardare le figure perché non sa leggere.,L'uomo dice alla bambina di guardare le figure perché le figure sono belle.,L'uomo dice alla bambina di guardare le figure perché non sa leggere.,L'uomo dice alla bambina di guardare le figure perché le figure sono belle.,0,gemma-4-12B,only_video,0,0,1,correct,
video019_causale_03,video019,video019.mp4,video019_causale,3,causale,Perché l'uomo dice alla bambina di guardare le figure?,L'uomo dice alla bambina di guardare le figure perché la bambina fa notare di non saper leggere quando riceve il libro.,L'uomo dice alla bambina di guardare le figure perché le figure sono più colorate del testo.,L'uomo dice alla bambina di guardare le figure perché le figure sono più colorate del testo.,L'uomo dice alla bambina di guardare le figure perché la bambina fa notare di non saper leggere quando riceve il libro.,1,gemma-4-12B,only_video,1,1,1,correct,
video019_causale_04,video019,video019.mp4,video019_causale,4,causale,Perché l'uomo dice alla bambina di guardare le figure?,"L'uomo dice alla bambina di guardare le figure perché quando le porge il libro lei ribatte con ""ma io non so leggere"".",L'uomo dice alla bambina di guardare le figure perché lei trova le parole noiose.,L'uomo dice alla bambina di guardare le figure perché lei trova le parole noiose.,"L'uomo dice alla bambina di guardare le figure perché quando le porge il libro lei ribatte con ""ma io non so leggere"".",1,gemma-4-12B,only_video,1,1,1,correct,
video019_spaziale_01,video019,video019.mp4,video019_spaziale,1,spaziale,Dove appoggia il libro il padre?,Il padre appoggia il libro in mano alla bambina.,Il padre appoggia il libro sul tavolo accanto alla bambina.,Il padre appoggia il libro sul tavolo accanto alla bambina.,Il padre appoggia il libro in mano alla bambina.,1,gemma-4-12B,only_video,1,1,1,correct,
video019_spaziale_02,video019,video019.mp4,video019_spaziale,2,spaziale,Dove appoggia il libro il padre?,Il padre appoggia il libro sulle gambe della bambina.,Il padre appoggia il libro sul tavolo accanto alla bambina.,Il padre appoggia il libro sulle gambe della bambina.,Il padre appoggia il libro sul tavolo accanto alla bambina.,0,gemma-4-12B,only_video,0,0,1,correct,
video019_spaziale_03,video019,video019.mp4,video019_spaziale,3,spaziale,Dove appoggia il libro il padre?,"Il padre porge il libro alla bambina, appoggiandoglielo sulle gambe.","Il padre porge il libro alla bambina, appoggiandoglielo sulla testa.","Il padre porge il libro alla bambina, appoggiandoglielo sulla testa.","Il padre porge il libro alla bambina, appoggiandoglielo sulle gambe.",1,gemma-4-12B,only_video,1,1,1,correct,
video019_spaziale_04,video019,video019.mp4,video019_spaziale,4,spaziale,Dove appoggia il libro il padre?,Il padre mette il libro in mano alla bambina.,Il padre mette il libro sulla scrivania.,Il padre mette il libro sulla scrivania.,Il padre mette il libro in mano alla bambina.,1,gemma-4-12B,only_video,1,1,1,correct,
video019_temporale_01,video019,video019.mp4,video019_temporale,1,temporale,Si mangerà prima o dopo che il papà avrà lavorato?,Si mangerà dopo che il papà avrà lavorato.,Si mangerà prima che il papà abbia lavorato.,Si mangerà prima che il papà abbia lavorato.,Si mangerà dopo che il papà avrà lavorato.,1,gemma-4-12B,only_video,0,0,0,wrong,
video019_temporale_02,video019,video019.mp4,video019_temporale,2,temporale,Si mangerà prima o dopo che il papà avrà lavorato?,Si mangerà dopo che il papà avrà lavorato.,Si mangerà prima che il papà avrà lavorato.,Si mangerà dopo che il papà avrà lavorato.,Si mangerà prima che il papà avrà lavorato.,0,gemma-4-12B,only_video,0,0,1,correct,
video019_temporale_03,video019,video019.mp4,video019_temporale,3,temporale,Si mangerà prima o dopo che il papà avrà lavorato?,"Si mangerà successivamente, dato che il padre spiega che deve prima finire di lavorare.","Si mangerà immediatamente, dato che il padre spiega che ha già finito di lavorare.","Si mangerà successivamente, dato che il padre spiega che deve prima finire di lavorare.","Si mangerà immediatamente, dato che il padre spiega che ha già finito di lavorare.",0,gemma-4-12B,only_video,0,0,1,correct,
video019_temporale_04,video019,video019.mp4,video019_temporale,4,temporale,Si mangerà prima o dopo che il papà avrà lavorato?,Si mangerà dopo che il padre avrà finito di lavorare.,Si mangerà prima che il padre inizi a lavorare.,Si mangerà prima che il padre inizi a lavorare.,Si mangerà dopo che il padre avrà finito di lavorare.,1,gemma-4-12B,only_video,0,0,0,wrong,
video020_causale_01,video020,video020.mp4,video020_causale,1,causale,Perché accorre il collaboratore scolastico preoccupato?,Il collaboratore scolastico accorre preoccupato perché ha sentito la botta e non sa cosa può essere successo.,Il collaboratore scolastico accorre preoccupato perché ha visto un'ombra sospetta nel corridoio.,Il collaboratore scolastico accorre preoccupato perché ha visto un'ombra sospetta nel corridoio.,Il collaboratore scolastico accorre preoccupato perché ha sentito la botta e non sa cosa può essere successo.,1,gemma-4-12B,only_video,1,1,1,correct,
video020_causale_02,video020,video020.mp4,video020_causale,2,causale,Perché accorre il collaboratore scolastico preoccupato?,Il collaboratore scolastico accorre preoccupato perché ha sentito il botto.,Il collaboratore scolastico accorre preoccupato perché ha visto del fumo.,Il collaboratore scolastico accorre preoccupato perché ha sentito il botto.,Il collaboratore scolastico accorre preoccupato perché ha visto del fumo.,0,gemma-4-12B,only_video,0,0,1,correct,
video020_causale_03,video020,video020.mp4,video020_causale,3,causale,Perché accorre il collaboratore scolastico preoccupato?,Il collaboratore scolastico accorre preoccupato perché sente il forte botto del petardo e vuole capire cosa stia succedendo in classe.,Il collaboratore scolastico accorre preoccupato perché vuole consegnare un messaggio urgente alla classe.,Il collaboratore scolastico accorre preoccupato perché sente il forte botto del petardo e vuole capire cosa stia succedendo in classe.,Il collaboratore scolastico accorre preoccupato perché vuole consegnare un messaggio urgente alla classe.,0,gemma-4-12B,only_video,0,0,1,correct,
video020_causale_04,video020,video020.mp4,video020_causale,4,causale,Perché accorre il collaboratore scolastico preoccupato?,Il collaboratore scolastico accorre preoccupato perché il petardo ha generato un forte frastuono e vuole vedere cosa stia accadendo nella classe.,Il collaboratore scolastico accorre preoccupato perché ha sentito delle grida e vuole vedere cosa stia accadendo nella classe.,Il collaboratore scolastico accorre preoccupato perché il petardo ha generato un forte frastuono e vuole vedere cosa stia accadendo nella classe.,Il collaboratore scolastico accorre preoccupato perché ha sentito delle grida e vuole vedere cosa stia accadendo nella classe.,0,gemma-4-12B,only_video,0,0,1,correct,
video020_spaziale_01,video020,video020.mp4,video020_spaziale,1,spaziale,Da dove è caduto 'Caruso' secondo il professore?,"Secondo il professore, 'Caruso' è caduto dalla sedia.","Secondo il professore, 'Caruso' è caduto dal tavolo.","Secondo il professore, 'Caruso' è caduto dalla sedia.","Secondo il professore, 'Caruso' è caduto dal tavolo.",0,gemma-4-12B,only_video,0,0,1,correct,
video020_spaziale_02,video020,video020.mp4,video020_spaziale,2,spaziale,Da dove è caduto 'Caruso' secondo il professore?,"Secondo il professore, 'Caruso' è caduto dalla sedia.","Secondo il professore, 'Caruso' è salito sulla sedia.","Secondo il professore, 'Caruso' è caduto dalla sedia.","Secondo il professore, 'Caruso' è salito sulla sedia.",0,gemma-4-12B,only_video,0,0,1,correct,
video020_spaziale_03,video020,video020.mp4,video020_spaziale,3,spaziale,Da dove è caduto 'Caruso' secondo il professore?,"Secondo il professore, 'Caruso' è caduto dalla sedia.","Secondo il professore, 'Caruso' è caduto dal tavolo.","Secondo il professore, 'Caruso' è caduto dalla sedia.","Secondo il professore, 'Caruso' è caduto dal tavolo.",0,gemma-4-12B,only_video,0,0,1,correct,
video020_spaziale_04,video020,video020.mp4,video020_spaziale,4,spaziale,Da dove è caduto 'Caruso' secondo il professore?,"Secondo il professore, 'Caruso' è caduto dalla sedia.","Secondo il professore, 'Caruso' è caduto dal tavolo.","Secondo il professore, 'Caruso' è caduto dal tavolo.","Secondo il professore, 'Caruso' è caduto dalla sedia.",1,gemma-4-12B,only_video,0,0,0,wrong,
video020_temporale_01,video020,video020.mp4,video020_temporale,1,temporale,La classe fa casino prima o dopo il botto?,La classe fa casino prima del botto.,La classe fa casino dopo il botto.,La classe fa casino dopo il botto.,La classe fa casino prima del botto.,1,gemma-4-12B,only_video,0,0,0,wrong,
video020_temporale_02,video020,video020.mp4,video020_temporale,2,temporale,La classe fa casino prima o dopo il botto?,Il casino in classe avviene prima del botto.,Il casino in classe avviene dopo il botto.,Il casino in classe avviene dopo il botto.,Il casino in classe avviene prima del botto.,1,gemma-4-12B,only_video,0,0,0,wrong,
video020_temporale_03,video020,video020.mp4,video020_temporale,3,temporale,La classe fa casino prima o dopo il botto?,"Nel video, il petardo viene fatto esplodere prima che la classe smetta di fare confusione.","Nel video, il petardo viene fatto esplodere dopo che la classe smette di fare confusione.","Nel video, il petardo viene fatto esplodere dopo che la classe smette di fare confusione.","Nel video, il petardo viene fatto esplodere prima che la classe smetta di fare confusione.",1,gemma-4-12B,only_video,1,1,1,correct,
video020_temporale_04,video020,video020.mp4,video020_temporale,4,temporale,La classe fa casino prima o dopo il botto?,La classe smette di fare casino quando il professore scoppia il petardo.,La classe smette di fare casino prima che il professore scoppia il petardo.,La classe smette di fare casino prima che il professore scoppia il petardo.,La classe smette di fare casino quando il professore scoppia il petardo.,1,gemma-4-12B,only_video,0,0,0,wrong,
video021_causale_01,video021,video021.mp4,video021_causale,1,causale,Perché la donna si arrabbia con Italo?,La donna si arrabbia con Italo perché deve riportare a casa i figli.,La donna si arrabbia con Italo perché ha perso le chiavi di casa.,La donna si arrabbia con Italo perché deve riportare a casa i figli.,La donna si arrabbia con Italo perché ha perso le chiavi di casa.,0,gemma-4-12B,only_video,0,0,1,correct,
video021_causale_02,video021,video021.mp4,video021_causale,2,causale,Perché la donna si arrabbia con Italo?,La donna si arrabbia con Italo perché lui deve riportarli a casa.,La donna si arrabbia con Italo perché lui ha dimenticato il loro anniversario.,La donna si arrabbia con Italo perché lui deve riportarli a casa.,La donna si arrabbia con Italo perché lui ha dimenticato il loro anniversario.,0,gemma-4-12B,only_video,0,0,1,correct,
video021_causale_03,video021,video021.mp4,video021_causale,3,causale,Perché la donna si arrabbia con Italo?,La donna si arrabbia con Italo perché alla donna sono stati portati via i figli e lui deve riportarli a casa.,La donna si arrabbia con Italo perché Italo ha deciso di non riportare a casa i figli.,La donna si arrabbia con Italo perché Italo ha deciso di non riportare a casa i figli.,La donna si arrabbia con Italo perché alla donna sono stati portati via i figli e lui deve riportarli a casa.,1,gemma-4-12B,only_video,1,1,1,correct,
video021_causale_04,video021,video021.mp4,video021_causale,4,causale,Perché la donna si arrabbia con Italo?,La donna si arrabbia con Italo perché le sono stati portati via i figli.,La donna si arrabbia con Italo perché lui è arrivato in ritardo.,La donna si arrabbia con Italo perché lui è arrivato in ritardo.,La donna si arrabbia con Italo perché le sono stati portati via i figli.,1,gemma-4-12B,only_video,1,1,1,correct,
video021_spaziale_01,video021,video021.mp4,video021_spaziale,1,spaziale,Dove è rivolto lo sguardo di Italo quando la donna lo rimprovera di guardarla?,"Quando la donna lo rimprovera, lo sguardo di Italo è rivolto verso il basso.","Quando la donna lo rimprovera, lo sguardo di Italo è rivolto verso l'alto.","Quando la donna lo rimprovera, lo sguardo di Italo è rivolto verso l'alto.","Quando la donna lo rimprovera, lo sguardo di Italo è rivolto verso il basso.",1,gemma-4-12B,only_video,1,1,1,correct,
video021_spaziale_02,video021,video021.mp4,video021_spaziale,2,spaziale,Dove è rivolto lo sguardo di Italo quando la donna lo rimprovera di guardarla?,Lo sguardo di Italo è rivolto in basso quando la donna lo rimprovera di guardarla.,Lo sguardo di Italo è rivolto in alto quando la donna lo rimprovera di guardarla.,Lo sguardo di Italo è rivolto in basso quando la donna lo rimprovera di guardarla.,Lo sguardo di Italo è rivolto in alto quando la donna lo rimprovera di guardarla.,0,gemma-4-12B,only_video,0,0,1,correct,
video021_spaziale_03,video021,video021.mp4,video021_spaziale,3,spaziale,Dove è rivolto lo sguardo di Italo quando la donna lo rimprovera di guardarla?,"Lo sguardo di Italo è rivolto in una posizione più in basso, e non sopra la donna.","Lo sguardo di Italo è rivolto in una posizione più in alto, e non sotto la donna.","Lo sguardo di Italo è rivolto in una posizione più in basso, e non sopra la donna.","Lo sguardo di Italo è rivolto in una posizione più in alto, e non sotto la donna.",0,gemma-4-12B,only_video,0,0,1,correct,
video021_spaziale_04,video021,video021.mp4,video021_spaziale,4,spaziale,Dove è rivolto lo sguardo di Italo quando la donna lo rimprovera di guardarla?,"Quando viene rimproverato, lo sguardo di Italo è rivolto verso il basso e non verso la donna.","Quando viene rimproverato, lo sguardo di Italo è rivolto direttamente verso la donna.","Quando viene rimproverato, lo sguardo di Italo è rivolto direttamente verso la donna.","Quando viene rimproverato, lo sguardo di Italo è rivolto verso il basso e non verso la donna.",1,gemma-4-12B,only_video,1,1,1,correct,
video021_temporale_01,video021,video021.mp4,video021_temporale,1,temporale,Cosa deve fare Italo prima di 'rimettere piede' in casa?,Prima di 'rimettere piede' in casa Italo deve riportare a casa i figli.,Dopo essere 'rientrato' in casa Italo deve riportare a casa i figli.,Prima di 'rimettere piede' in casa Italo deve riportare a casa i figli.,Dopo essere 'rientrato' in casa Italo deve riportare a casa i figli.,0,gemma-4-12B,only_video,0,0,1,correct,
video021_temporale_02,video021,video021.mp4,video021_temporale,2,temporale,Cosa deve fare Italo prima di 'rimettere piede' in casa?,Italo deve riportare a casa i due ragazzi prima di rimettere piede in casa.,Italo deve riportare a casa i due ragazzi dopo aver rimesso piede in casa.,Italo deve riportare a casa i due ragazzi dopo aver rimesso piede in casa.,Italo deve riportare a casa i due ragazzi prima di rimettere piede in casa.,1,gemma-4-12B,only_video,0,0,0,wrong,
video021_temporale_03,video021,video021.mp4,video021_temporale,3,temporale,Cosa deve fare Italo prima di 'rimettere piede' in casa?,Italo deve riportare a casa i due ragazzi prima di 'rimettere piede' in casa.,Italo deve riportare a casa i due ragazzi dopo aver 'rimesso piede' in casa.,Italo deve riportare a casa i due ragazzi prima di 'rimettere piede' in casa.,Italo deve riportare a casa i due ragazzi dopo aver 'rimesso piede' in casa.,0,gemma-4-12B,only_video,0,0,1,correct,
video021_temporale_04,video021,video021.mp4,video021_temporale,4,temporale,Cosa deve fare Italo prima di 'rimettere piede' in casa?,"Prima di 'rimettere piede' in casa, Italo deve riportare i figli a casa come richiesto dalla donna.","Dopo aver 'rimesso piede' in casa, Italo deve riportare i figli a casa come richiesto dalla donna.","Dopo aver 'rimesso piede' in casa, Italo deve riportare i figli a casa come richiesto dalla donna.","Prima di 'rimettere piede' in casa, Italo deve riportare i figli a casa come richiesto dalla donna.",1,gemma-4-12B,only_video,0,0,0,wrong,
video022_causale_01,video022,video022.mp4,video022_causale,1,causale,Perché Scott è triste mentre guarda i fogli in prigione?,Scott è triste mentre guarda i fogli in prigione probabilmente perché sono i fogli del divorzio.,Scott è triste mentre guarda i fogli in prigione probabilmente perché non può uscire.,Scott è triste mentre guarda i fogli in prigione probabilmente perché non può uscire.,Scott è triste mentre guarda i fogli in prigione probabilmente perché sono i fogli del divorzio.,1,gemma-4-12B,only_video,0,0,0,wrong,
video022_causale_02,video022,video022.mp4,video022_causale,2,causale,Perché Scott è triste mentre guarda i fogli in prigione?,Scott è triste in prigione perché sta guardando i fogli del divorzio.,Scott è triste in prigione perché ha ricevuto una lettera dalla famiglia.,Scott è triste in prigione perché sta guardando i fogli del divorzio.,Scott è triste in prigione perché ha ricevuto una lettera dalla famiglia.,0,gemma-4-12B,only_video,0,0,1,correct,
video022_causale_03,video022,video022.mp4,video022_causale,3,causale,Perché Scott è triste mentre guarda i fogli in prigione?,"Scott è triste mentre guarda i fogli in prigione perché si tratta dei documenti inviati dalla moglie, che intende divorziare.","Scott è triste mentre guarda i fogli in prigione perché si tratta dei documenti del suo processo, che è andato male.","Scott è triste mentre guarda i fogli in prigione perché si tratta dei documenti inviati dalla moglie, che intende divorziare.","Scott è triste mentre guarda i fogli in prigione perché si tratta dei documenti del suo processo, che è andato male.",0,gemma-4-12B,only_video,0,0,1,correct,
video022_causale_04,video022,video022.mp4,video022_causale,4,causale,Perché Scott è triste mentre guarda i fogli in prigione?,Scott è triste mentre guarda i fogli in prigione perché sono i documenti che gli ha mandato la moglie che vuole divorziare.,Scott è triste mentre guarda i fogli in prigione perché sono i documenti che gli annunciano una condanna più lunga.,Scott è triste mentre guarda i fogli in prigione perché sono i documenti che gli annunciano una condanna più lunga.,Scott è triste mentre guarda i fogli in prigione perché sono i documenti che gli ha mandato la moglie che vuole divorziare.,1,gemma-4-12B,only_video,0,0,0,wrong,
video022_spaziale_01,video022,video022.mp4,video022_spaziale,1,spaziale,Dove si sono incontrati Scott e Luis per la prima volta?,Scott e Luis si sono incontrati per la prima volta in prigione.,Scott e Luis si sono incontrati per la prima volta in un parco.,Scott e Luis si sono incontrati per la prima volta in prigione.,Scott e Luis si sono incontrati per la prima volta in un parco.,0,gemma-4-12B,only_video,0,0,1,correct,
video022_spaziale_02,video022,video022.mp4,video022_spaziale,2,spaziale,Dove si sono incontrati Scott e Luis per la prima volta?,Scott e Luis si sono incontrati per la prima volta in prigione.,Scott e Luis si sono incontrati per la prima volta in un parco.,Scott e Luis si sono incontrati per la prima volta in prigione.,Scott e Luis si sono incontrati per la prima volta in un parco.,0,gemma-4-12B,only_video,0,0,1,correct,
video022_spaziale_03,video022,video022.mp4,video022_spaziale,3,spaziale,Dove si sono incontrati Scott e Luis per la prima volta?,Scott e Luis si sono incontrati per la prima volta nella cella della prigione in cui sono finiti entrambi.,Scott e Luis si sono incontrati per la prima volta nella palestra della prigione in cui sono finiti entrambi.,Scott e Luis si sono incontrati per la prima volta nella cella della prigione in cui sono finiti entrambi.,Scott e Luis si sono incontrati per la prima volta nella palestra della prigione in cui sono finiti entrambi.,0,gemma-4-12B,only_video,0,0,1,correct,
video022_spaziale_04,video022,video022.mp4,video022_spaziale,4,spaziale,Dove si sono incontrati Scott e Luis per la prima volta?,Scott e Luis si sono incontrati per la prima volta nella cella di prigione dove sono finiti entrambi.,Scott e Luis si sono incontrati per la prima volta al caffè dove sono finiti entrambi.,Scott e Luis si sono incontrati per la prima volta nella cella di prigione dove sono finiti entrambi.,Scott e Luis si sono incontrati per la prima volta al caffè dove sono finiti entrambi.,0,gemma-4-12B,only_video,0,0,1,correct,
video022_temporale_01,video022,video022.mp4,video022_temporale,1,temporale,La moglie di Scott lo ha lasciato prima o dopo che Scott incontrasse Luis per la prima volta?,La moglie di Scott lo ha lasciato prima che Scott incontrasse Luis per la prima volta.,La moglie di Scott lo ha lasciato dopo che Scott ha incontrato Luis per la prima volta.,La moglie di Scott lo ha lasciato dopo che Scott ha incontrato Luis per la prima volta.,La moglie di Scott lo ha lasciato prima che Scott incontrasse Luis per la prima volta.,1,gemma-4-12B,only_video,0,0,0,wrong,
video022_temporale_02,video022,video022.mp4,video022_temporale,2,temporale,La moglie di Scott lo ha lasciato prima o dopo che Scott incontrasse Luis per la prima volta?,La moglie di Scott lo ha lasciato prima che incontrasse Luis per la prima volta.,La moglie di Scott lo ha lasciato dopo che ha incontrato Luis per la prima volta.,La moglie di Scott lo ha lasciato prima che incontrasse Luis per la prima volta.,La moglie di Scott lo ha lasciato dopo che ha incontrato Luis per la prima volta.,0,gemma-4-12B,only_video,0,0,1,correct,
video022_temporale_03,video022,video022.mp4,video022_temporale,3,temporale,La moglie di Scott lo ha lasciato prima o dopo che Scott incontrasse Luis per la prima volta?,"La moglie di Scott lo ha lasciato in precedenza, quando gli ha fatto recapitare i documenti del divorzio da firmare.","La moglie di Scott lo ha lasciato in seguito, quando gli ha fatto recapitare i documenti del divorzio da firmare.","La moglie di Scott lo ha lasciato in precedenza, quando gli ha fatto recapitare i documenti del divorzio da firmare.","La moglie di Scott lo ha lasciato in seguito, quando gli ha fatto recapitare i documenti del divorzio da firmare.",0,gemma-4-12B,only_video,0,0,1,correct,
video022_temporale_04,video022,video022.mp4,video022_temporale,4,temporale,La moglie di Scott lo ha lasciato prima o dopo che Scott incontrasse Luis per la prima volta?,La moglie di Scott gli ha fatto avere i fogli del divorzio da firmare.,"Prima che Scott incontrasse sua moglie, lei gli ha fatto avere i fogli del divorzio da firmare.","Prima che Scott incontrasse sua moglie, lei gli ha fatto avere i fogli del divorzio da firmare.",La moglie di Scott gli ha fatto avere i fogli del divorzio da firmare.,1,gemma-4-12B,only_video,0,0,0,wrong,
video023_causale_01,video023,video023.mp4,video023_causale,1,causale,Perché la donna ringrazia Anastasia?,La donna ringrazia Anastasia ironicamente perché Anastasia l'ha bagnata.,La donna ringrazia Anastasia ironicamente perché Anastasia l'ha aiutata.,La donna ringrazia Anastasia ironicamente perché Anastasia l'ha bagnata.,La donna ringrazia Anastasia ironicamente perché Anastasia l'ha aiutata.,0,gemma-4-12B,only_video,0,0,1,correct,
video023_causale_02,video023,video023.mp4,video023_causale,2,causale,Perché la donna ringrazia Anastasia?,La donna ringrazia Anastasia perché Anastasia l'ha bagnata.,La donna ringrazia Anastasia perché Anastasia le ha regalato un ombrello.,La donna ringrazia Anastasia perché Anastasia le ha regalato un ombrello.,La donna ringrazia Anastasia perché Anastasia l'ha bagnata.,1,gemma-4-12B,only_video,0,0,0,wrong,
video023_causale_03,video023,video023.mp4,video023_causale,3,causale,Perché la donna ringrazia Anastasia?,"La donna ringrazia Anastasia perché la bambina, salendo sul gonfiabile, l'ha bagnata.","La donna ringrazia Anastasia perché la bambina, salendo sul gonfiabile, le ha pulito le scarpe.","La donna ringrazia Anastasia perché la bambina, salendo sul gonfiabile, le ha pulito le scarpe.","La donna ringrazia Anastasia perché la bambina, salendo sul gonfiabile, l'ha bagnata.",1,gemma-4-12B,only_video,0,0,0,wrong,
video023_causale_04,video023,video023.mp4,video023_causale,4,causale,Perché la donna ringrazia Anastasia?,La donna ringrazia Anastasia perchè la bambina l'ha bagnata salendo sul gonfiabile.,La donna ringrazia Anastasia perchè la bambina l'ha fatta ridere con una battuta.,La donna ringrazia Anastasia perchè la bambina l'ha fatta ridere con una battuta.,La donna ringrazia Anastasia perchè la bambina l'ha bagnata salendo sul gonfiabile.,1,gemma-4-12B,only_video,0,0,0,wrong,
video023_spaziale_01,video023,video023.mp4,video023_spaziale,1,spaziale,Da dove cade la bambina?,La bambina cade in acqua.,La bambina cade su un prato.,La bambina cade su un prato.,La bambina cade in acqua.,1,gemma-4-12B,only_video,1,1,1,correct,
video023_spaziale_02,video023,video023.mp4,video023_spaziale,2,spaziale,Da dove cade la bambina?,La bambina cade dal bordo della piscina.,La bambina cade dal bordo del letto.,La bambina cade dal bordo della piscina.,La bambina cade dal bordo del letto.,0,gemma-4-12B,only_video,0,0,1,correct,
video023_spaziale_03,video023,video023.mp4,video023_spaziale,3,spaziale,Da dove cade la bambina?,"La bambina cade dal gonfiabile a forma di coda di sirena, posto vicino al bordo della piscina.","La bambina cade dal gonfiabile a forma di coda di sirena, posto al centro del giardino.","La bambina cade dal gonfiabile a forma di coda di sirena, posto vicino al bordo della piscina.","La bambina cade dal gonfiabile a forma di coda di sirena, posto al centro del giardino.",0,gemma-4-12B,only_video,0,0,1,correct,
video023_spaziale_04,video023,video023.mp4,video023_spaziale,4,spaziale,Da dove cade la bambina?,La bambina cade dal gonfiabile a forma di coda di sirena.,La bambina cade dalla scaletta della piscina.,La bambina cade dalla scaletta della piscina.,La bambina cade dal gonfiabile a forma di coda di sirena.,1,gemma-4-12B,only_video,1,1,1,correct,
video023_temporale_01,video023,video023.mp4,video023_temporale,1,temporale,La donna dice ad 'Ani' di salire prima o dopo essere scesa nell'acqua?,La donna dice ad 'Ani' di salire dopo essere scesa nell'acqua.,La donna dice ad 'Ani' di salire prima di scendere nell'acqua.,La donna dice ad 'Ani' di salire prima di scendere nell'acqua.,La donna dice ad 'Ani' di salire dopo essere scesa nell'acqua.,1,gemma-4-12B,only_video,0,0,0,wrong,
video023_temporale_02,video023,video023.mp4,video023_temporale,2,temporale,La donna dice ad 'Ani' di salire prima o dopo essere scesa nell'acqua?,La donna dice ad 'Ani' di salire prima di entrare nell'acqua.,La donna dice ad 'Ani' di salire dopo essere entrata nell'acqua.,La donna dice ad 'Ani' di salire dopo essere entrata nell'acqua.,La donna dice ad 'Ani' di salire prima di entrare nell'acqua.,1,gemma-4-12B,only_video,0,0,0,wrong,
video023_temporale_03,video023,video023.mp4,video023_temporale,3,temporale,La donna dice ad 'Ani' di salire prima o dopo essere scesa nell'acqua?,"La donna dice ad 'Ani' di salire prima di entrare in acqua, nel momento in cui deve scendere.","La donna dice ad 'Ani' di salire dopo essere entrata in acqua, nel momento in cui deve scendere.","La donna dice ad 'Ani' di salire prima di entrare in acqua, nel momento in cui deve scendere.","La donna dice ad 'Ani' di salire dopo essere entrata in acqua, nel momento in cui deve scendere.",0,gemma-4-12B,only_video,0,0,1,correct,
video023_temporale_04,video023,video023.mp4,video023_temporale,4,temporale,La donna dice ad 'Ani' di salire prima o dopo essere scesa nell'acqua?,La donna dice ad 'Ani' di salire prima che lei entri nell'acqua.,La donna dice ad 'Ani' di salire dopo che lei è uscita dall'acqua.,La donna dice ad 'Ani' di salire prima che lei entri nell'acqua.,La donna dice ad 'Ani' di salire dopo che lei è uscita dall'acqua.,0,gemma-4-12B,only_video,0,0,1,correct,
video024_causale_01,video024,video024.mp4,video024_causale,1,causale,Perché la nonna porta la mascherina sugli occhi?,La nonna porta la mascherina sugli occhi perchè stanno giocando a moscacieca.,La nonna porta la mascherina sugli occhi perchè la luce del sole è troppo forte.,La nonna porta la mascherina sugli occhi perchè la luce del sole è troppo forte.,La nonna porta la mascherina sugli occhi perchè stanno giocando a moscacieca.,1,gemma-4-12B,only_video,0,0,0,wrong,
video024_causale_02,video024,video024.mp4,video024_causale,2,causale,Perché la nonna porta la mascherina sugli occhi?,La nonna porta la mascherina sugli occhi per bendarsi.,La nonna porta la mascherina sugli occhi per proteggersi dal sole.,La nonna porta la mascherina sugli occhi per bendarsi.,La nonna porta la mascherina sugli occhi per proteggersi dal sole.,0,gemma-4-12B,only_video,0,0,1,correct,
video024_causale_03,video024,video024.mp4,video024_causale,3,causale,Perché la nonna porta la mascherina sugli occhi?,La nonna porta la mascherina sugli occhi perché deve bendarsi per fare la mosca e cercare di prendere le altre bambine.,La nonna porta la mascherina sugli occhi perché ha dimenticato gli occhiali a casa.,La nonna porta la mascherina sugli occhi perché deve bendarsi per fare la mosca e cercare di prendere le altre bambine.,La nonna porta la mascherina sugli occhi perché ha dimenticato gli occhiali a casa.,0,gemma-4-12B,only_video,0,0,1,correct,
video024_causale_04,video024,video024.mp4,video024_causale,4,causale,Perché la nonna porta la mascherina sugli occhi?,La nonna porta la mascherina sugli occhi perché è la mosca che deve acchiappare le bambine.,La nonna porta la mascherina sugli occhi perché c'è troppo sole.,La nonna porta la mascherina sugli occhi perché è la mosca che deve acchiappare le bambine.,La nonna porta la mascherina sugli occhi perché c'è troppo sole.,0,gemma-4-12B,only_video,0,0,1,correct,
video024_spaziale_01,video024,video024.mp4,video024_spaziale,1,spaziale,Le bambine e la nonna stanno giocando dentro casa o fuori in giardino?,Le bambine e la nonna stanno giocando dentro casa.,Le bambine e la nonna stanno giocando fuori casa.,Le bambine e la nonna stanno giocando fuori casa.,Le bambine e la nonna stanno giocando dentro casa.,1,gemma-4-12B,only_video,1,1,1,correct,
video024_spaziale_02,video024,video024.mp4,video024_spaziale,2,spaziale,Le bambine e la nonna stanno giocando dentro casa o fuori in giardino?,Le bambine e la nonna stanno giocando dentro casa.,Le bambine e la nonna stanno giocando fuori casa.,Le bambine e la nonna stanno giocando dentro casa.,Le bambine e la nonna stanno giocando fuori casa.,0,gemma-4-12B,only_video,0,0,1,correct,
video024_spaziale_03,video024,video024.mp4,video024_spaziale,3,spaziale,Le bambine e la nonna stanno giocando dentro casa o fuori in giardino?,"Le bambine e la nonna stanno giocando all'interno della casa, nella zona in cui le bambine stanno giocando a mosca cieca.","Le bambine e la nonna stanno giocando nel giardino, nella zona in cui le bambine stanno giocando a mosca cieca.","Le bambine e la nonna stanno giocando all'interno della casa, nella zona in cui le bambine stanno giocando a mosca cieca.","Le bambine e la nonna stanno giocando nel giardino, nella zona in cui le bambine stanno giocando a mosca cieca.",0,gemma-4-12B,only_video,0,0,1,correct,
video024_spaziale_04,video024,video024.mp4,video024_spaziale,4,spaziale,Le bambine e la nonna stanno giocando dentro casa o fuori in giardino?,Le bambine e la nonna stanno giocando a mosca cieca dentro casa.,Le bambine e la nonna stanno giocando a mosca cieca fuori in giardino.,Le bambine e la nonna stanno giocando a mosca cieca fuori in giardino.,Le bambine e la nonna stanno giocando a mosca cieca dentro casa.,1,gemma-4-12B,only_video,1,1,1,correct,
video024_temporale_01,video024,video024.mp4,video024_temporale,1,temporale,Alla nonna gira la testa prima o dopo essersi coperta gli occhi?,Alla nonna gira la testa dopo essersi coperta gli occhi.,Alla nonna gira la testa prima di essersi coperta gli occhi.,Alla nonna gira la testa prima di essersi coperta gli occhi.,Alla nonna gira la testa dopo essersi coperta gli occhi.,1,gemma-4-12B,only_video,0,0,0,wrong,
video024_temporale_02,video024,video024.mp4,video024_temporale,2,temporale,Alla nonna gira la testa prima o dopo essersi coperta gli occhi?,Alla nonna gira la testa dopo essersi coperta gli occhi.,Alla nonna gira la testa prima di coprirsi gli occhi.,Alla nonna gira la testa dopo essersi coperta gli occhi.,Alla nonna gira la testa prima di coprirsi gli occhi.,0,gemma-4-12B,only_video,0,0,1,correct,
video024_temporale_03,video024,video024.mp4,video024_temporale,3,temporale,Alla nonna gira la testa prima o dopo essersi coperta gli occhi?,Alla nonna gira la testa successivamente all'inizio del gioco della mosca cieca.,Alla nonna gira la testa prima dell'inizio del gioco della mosca cieca.,Alla nonna gira la testa successivamente all'inizio del gioco della mosca cieca.,Alla nonna gira la testa prima dell'inizio del gioco della mosca cieca.,0,gemma-4-12B,only_video,0,0,1,correct,
video024_temporale_04,video024,video024.mp4,video024_temporale,4,temporale,Alla nonna gira la testa prima o dopo essersi coperta gli occhi?,Alla nonna gira la testa dopo che hanno iniziato a giocare a mosca cieca.,Alla nonna gira la testa prima che abbiano iniziato a giocare a mosca cieca.,Alla nonna gira la testa dopo che hanno iniziato a giocare a mosca cieca.,Alla nonna gira la testa prima che abbiano iniziato a giocare a mosca cieca.,0,gemma-4-12B,only_video,0,0,1,correct,
video025_causale_01,video025,video025.mp4,video025_causale,1,causale,Perché la mamma fa i complimenti alla bambina?,La mamma fa i complimenti alla bambina perché ha costruito una grande buca nella sabbia.,La mamma fa i complimenti alla bambina perché ha costruito un castello di sabbia.,La mamma fa i complimenti alla bambina perché ha costruito una grande buca nella sabbia.,La mamma fa i complimenti alla bambina perché ha costruito un castello di sabbia.,0,gemma-4-12B,only_video,0,0,1,correct,
video025_causale_02,video025,video025.mp4,video025_causale,2,causale,Perché la mamma fa i complimenti alla bambina?,La mamma fa i complimenti alla bambina perché ha fatto una buca grande e bella.,La mamma fa i complimenti alla bambina perché ha fatto un bel disegno.,La mamma fa i complimenti alla bambina perché ha fatto un bel disegno.,La mamma fa i complimenti alla bambina perché ha fatto una buca grande e bella.,1,gemma-4-12B,only_video,0,0,0,wrong,
video025_causale_03,video025,video025.mp4,video025_causale,3,causale,Perché la mamma fa i complimenti alla bambina?,"La mamma fa i complimenti alla bambina perché ha scavato nella sabbia una buca enorme e molto bella, grande quasi quanto una piscina.","La mamma fa i complimenti alla bambina perché ha costruito un castello di sabbia enorme e molto bello, grande quasi quanto una piscina.","La mamma fa i complimenti alla bambina perché ha costruito un castello di sabbia enorme e molto bello, grande quasi quanto una piscina.","La mamma fa i complimenti alla bambina perché ha scavato nella sabbia una buca enorme e molto bella, grande quasi quanto una piscina.",1,gemma-4-12B,only_video,1,1,1,correct,
video025_causale_04,video025,video025.mp4,video025_causale,4,causale,Perché la mamma fa i complimenti alla bambina?,"La mamma fa i complimenti alla bambina perché ha fatto un buco enorme nella sabbia, grande quanto una piscina.",La mamma fa i complimenti alla bambina perché ha costruito un bellissimo castello di sabbia.,"La mamma fa i complimenti alla bambina perché ha fatto un buco enorme nella sabbia, grande quanto una piscina.",La mamma fa i complimenti alla bambina perché ha costruito un bellissimo castello di sabbia.,0,gemma-4-12B,only_video,0,0,1,correct,
video025_spaziale_01,video025,video025.mp4,video025_spaziale,1,spaziale,Dove si trova lo scivolo?,Lo scivolo si trova tra la buca e il mare.,Lo scivolo si trova sopra una collina.,Lo scivolo si trova sopra una collina.,Lo scivolo si trova tra la buca e il mare.,1,gemma-4-12B,only_video,1,1,1,correct,
video025_spaziale_02,video025,video025.mp4,video025_spaziale,2,spaziale,Dove si trova lo scivolo?,Lo scivolo si trova davanti alla buca verso il mare.,Lo scivolo si trova dietro alla buca verso il mare.,Lo scivolo si trova davanti alla buca verso il mare.,Lo scivolo si trova dietro alla buca verso il mare.,0,gemma-4-12B,only_video,0,0,1,correct,
video025_spaziale_03,video025,video025.mp4,video025_spaziale,3,spaziale,Dove si trova lo scivolo?,"Lo scivolo si trova sul bagnasciuga, davanti alla grande buca scavata verso il mare.","Lo scivolo si trova nel parco giochi, lontano dalla grande buca scavata verso il mare.","Lo scivolo si trova sul bagnasciuga, davanti alla grande buca scavata verso il mare.","Lo scivolo si trova nel parco giochi, lontano dalla grande buca scavata verso il mare.",0,gemma-4-12B,only_video,0,0,1,correct,
video025_spaziale_04,video025,video025.mp4,video025_spaziale,4,spaziale,Dove si trova lo scivolo?,"Lo scivolo si trova sul bagnasciuga, inventato dalla bambina.","Lo scivolo si trova nel parco giochi, inventato dalla bambina.","Lo scivolo si trova nel parco giochi, inventato dalla bambina.","Lo scivolo si trova sul bagnasciuga, inventato dalla bambina.",1,gemma-4-12B,only_video,1,1,1,correct,
video025_temporale_01,video025,video025.mp4,video025_temporale,1,temporale,La bambina con il costume azzurro va sullo scivolo prima o dopo che Aria saluti la donna?,La bambina con il costume azzurro va sullo scivolo dopo che Aria saluta la donna.,La bambina con il costume azzurro va sullo scivolo prima che Aria saluti la donna.,La bambina con il costume azzurro va sullo scivolo prima che Aria saluti la donna.,La bambina con il costume azzurro va sullo scivolo dopo che Aria saluta la donna.,1,gemma-4-12B,only_video,0,0,0,wrong,
video025_temporale_02,video025,video025.mp4,video025_temporale,2,temporale,La bambina con il costume azzurro va sullo scivolo prima o dopo che Aria saluti la donna?,La bambina con il costume azzurro va sullo scivolo dopo che Aria saluta la donna.,La bambina con il costume azzurro va sullo scivolo prima che Aria saluti la donna.,La bambina con il costume azzurro va sullo scivolo dopo che Aria saluta la donna.,La bambina con il costume azzurro va sullo scivolo prima che Aria saluti la donna.,0,gemma-4-12B,only_video,0,0,1,correct,
video025_temporale_03,video025,video025.mp4,video025_temporale,3,temporale,La bambina con il costume azzurro va sullo scivolo prima o dopo che Aria saluti la donna?,La bambina con il costume azzurro va sullo scivolo dopo che la persona che riprende ha salutato le bambine.,La bambina con il costume azzurro va sullo scivolo prima che la persona che riprende saluti le bambine.,La bambina con il costume azzurro va sullo scivolo dopo che la persona che riprende ha salutato le bambine.,La bambina con il costume azzurro va sullo scivolo prima che la persona che riprende saluti le bambine.,0,gemma-4-12B,only_video,0,0,1,correct,
video025_temporale_04,video025,video025.mp4,video025_temporale,4,temporale,La bambina con il costume azzurro va sullo scivolo prima o dopo che Aria saluti la donna?,La bambina con il costume azzurro va sullo scivolo dopo che la cameramen ha salutato le bambine.,La bambina con il costume azzurro va sullo scivolo prima che la cameramen ha salutato le bambine.,La bambina con il costume azzurro va sullo scivolo prima che la cameramen ha salutato le bambine.,La bambina con il costume azzurro va sullo scivolo dopo che la cameramen ha salutato le bambine.,1,gemma-4-12B,only_video,0,0,0,wrong,
video026_causale_01,video026,video026.mp4,video026_causale,1,causale,Perché l'uomo in piedi dice che 'ora è bello per lo spotter'?,L'uomo dice che 'ora è bello per lo spotter' perché gli può dare una mano.,L'uomo dice che 'ora è bello per lo spotter' perché può vincere un premio.,L'uomo dice che 'ora è bello per lo spotter' perché gli può dare una mano.,L'uomo dice che 'ora è bello per lo spotter' perché può vincere un premio.,0,gemma-4-12B,only_video,0,0,1,correct,
video026_causale_02,video026,video026.mp4,video026_causale,2,causale,Perché l'uomo in piedi dice che 'ora è bello per lo spotter'?,"L'uomo in piedi dice che ""ora è bello per lo spotter"" perché dà un aiuto.","L'uomo in piedi dice che ""ora è bello per lo spotter"" perché crea confusione.","L'uomo in piedi dice che ""ora è bello per lo spotter"" perché dà un aiuto.","L'uomo in piedi dice che ""ora è bello per lo spotter"" perché crea confusione.",0,gemma-4-12B,only_video,0,0,1,correct,
video026_causale_03,video026,video026.mp4,video026_causale,3,causale,Perché l'uomo in piedi dice che 'ora è bello per lo spotter'?,L'uomo in piedi dice che 'ora è bello per lo spotter' perché in quel momento lo spotter può intervenire e fornire assistenza durante l'esercizio.,L'uomo in piedi dice che 'ora è bello per lo spotter' perché in quel momento lo spotter non deve intervenire né fornire assistenza.,L'uomo in piedi dice che 'ora è bello per lo spotter' perché in quel momento lo spotter non deve intervenire né fornire assistenza.,L'uomo in piedi dice che 'ora è bello per lo spotter' perché in quel momento lo spotter può intervenire e fornire assistenza durante l'esercizio.,1,gemma-4-12B,only_video,1,1,1,correct,
video026_causale_04,video026,video026.mp4,video026_causale,4,causale,Perché l'uomo in piedi dice che 'ora è bello per lo spotter'?,"L'uomo in piedi dice che ""ora è bello per lo spotter"" perché può finalmente dare assistenza aiutando accarezzando il macchinario.","L'uomo in piedi dice che ""ora è bello per lo spotter"" perché il macchinario si è finalmente fermato e non richiede più assistenza.","L'uomo in piedi dice che ""ora è bello per lo spotter"" perché il macchinario si è finalmente fermato e non richiede più assistenza.","L'uomo in piedi dice che ""ora è bello per lo spotter"" perché può finalmente dare assistenza aiutando accarezzando il macchinario.",1,gemma-4-12B,only_video,0,0,0,wrong,
video026_spaziale_01,video026,video026.mp4,video026_spaziale,1,spaziale,Dove deve rilasciare liberi i pesi l'uomo sull'attrezzo?,L'uomo deve rilasciare liberi i pesi a fine corsa dell'ultima ripetizione.,L'uomo deve rilasciare liberi i pesi a metà corsa dell'ultima ripetizione.,L'uomo deve rilasciare liberi i pesi a metà corsa dell'ultima ripetizione.,L'uomo deve rilasciare liberi i pesi a fine corsa dell'ultima ripetizione.,1,gemma-4-12B,only_video,0,0,0,wrong,
video026_spaziale_02,video026,video026.mp4,video026_spaziale,2,spaziale,Dove deve rilasciare liberi i pesi l'uomo sull'attrezzo?,L'uomo deve rilasciare liberi i pesi quando sono giù.,L'uomo deve rilasciare liberi i pesi quando sono su.,L'uomo deve rilasciare liberi i pesi quando sono giù.,L'uomo deve rilasciare liberi i pesi quando sono su.,0,gemma-4-12B,only_video,0,0,1,correct,
video026_spaziale_03,video026,video026.mp4,video026_spaziale,3,spaziale,Dove deve rilasciare liberi i pesi l'uomo sull'attrezzo?,"L'uomo sull'attrezzo deve rilasciare i pesi verso il basso, seguendo la discesa del macchinario.","L'uomo sull'attrezzo deve rilasciare i pesi verso l'alto, seguendo la salita del macchinario.","L'uomo sull'attrezzo deve rilasciare i pesi verso l'alto, seguendo la salita del macchinario.","L'uomo sull'attrezzo deve rilasciare i pesi verso il basso, seguendo la discesa del macchinario.",1,gemma-4-12B,only_video,1,1,1,correct,
video026_spaziale_04,video026,video026.mp4,video026_spaziale,4,spaziale,Dove deve rilasciare liberi i pesi l'uomo sull'attrezzo?,L'uomo deve rilasciare liberi i pesi verso il basso seguendo il movimento del macchinario.,L'uomo deve rilasciare liberi i pesi verso l'alto seguendo il movimento del macchinario.,L'uomo deve rilasciare liberi i pesi verso l'alto seguendo il movimento del macchinario.,L'uomo deve rilasciare liberi i pesi verso il basso seguendo il movimento del macchinario.,1,gemma-4-12B,only_video,1,1,1,correct,
video026_temporale_01,video026,video026.mp4,video026_temporale,1,temporale,Dopo quale ripetizione il pelato dà assistenza?,L'assistenza viene data dal pelato dopo la 4^ ripetizione.,L'assistenza viene data dal pelato prima della 4^ ripetizione.,L'assistenza viene data dal pelato prima della 4^ ripetizione.,L'assistenza viene data dal pelato dopo la 4^ ripetizione.,1,gemma-4-12B,only_video,0,0,0,wrong,
video026_temporale_02,video026,video026.mp4,video026_temporale,2,temporale,Dopo quale ripetizione il pelato dà assistenza?,L'assistenza viene data dopo la quinta ripetizione.,L'assistenza viene data prima della quinta ripetizione.,L'assistenza viene data prima della quinta ripetizione.,L'assistenza viene data dopo la quinta ripetizione.,1,gemma-4-12B,only_video,0,0,0,wrong,
video026_temporale_03,video026,video026.mp4,video026_temporale,3,temporale,Dopo quale ripetizione il pelato dà assistenza?,"Il pelato fornisce assistenza immediatamente dopo la quarta ripetizione, alla quinta.","Il pelato fornisce assistenza immediatamente prima della quarta ripetizione, alla terza.","Il pelato fornisce assistenza immediatamente dopo la quarta ripetizione, alla quinta.","Il pelato fornisce assistenza immediatamente prima della quarta ripetizione, alla terza.",0,gemma-4-12B,only_video,1,1,0,wrong,
video026_temporale_04,video026,video026.mp4,video026_temporale,4,temporale,Dopo quale ripetizione il pelato dà assistenza?,Il pelato dà assistenza dopo la quarta ripetizione.,Il pelato dà assistenza prima della quarta ripetizione.,Il pelato dà assistenza dopo la quarta ripetizione.,Il pelato dà assistenza prima della quarta ripetizione.,0,gemma-4-12B,only_video,0,0,1,correct,
video027_causale_01,video027,video027.mp4,video027_causale,1,causale,Perché la ragazza trova la situazione divertente?,La ragazza trova la situazione divertente perché al posto di una camera da letto c'è la cucina.,La ragazza trova la situazione divertente perché al posto di una cucina c'è la camera da letto.,La ragazza trova la situazione divertente perché al posto di una cucina c'è la camera da letto.,La ragazza trova la situazione divertente perché al posto di una camera da letto c'è la cucina.,1,gemma-4-12B,only_video,1,1,1,correct,
video027_causale_02,video027,video027.mp4,video027_causale,2,causale,Perché la ragazza trova la situazione divertente?,La ragazza trova la situazione divertente perché l'uomo dice di dormire in cucina.,La ragazza trova la situazione divertente perché l'uomo dice di dormire in camera da letto.,La ragazza trova la situazione divertente perché l'uomo dice di dormire in cucina.,La ragazza trova la situazione divertente perché l'uomo dice di dormire in camera da letto.,0,gemma-4-12B,only_video,0,0,1,correct,
video027_causale_03,video027,video027.mp4,video027_causale,3,causale,Perché la ragazza trova la situazione divertente?,La ragazza trova la situazione divertente perché lo zio dice di dormire in cucina.,La ragazza trova la situazione divertente perché lo zio racconta una barzelletta.,La ragazza trova la situazione divertente perché lo zio dice di dormire in cucina.,La ragazza trova la situazione divertente perché lo zio racconta una barzelletta.,0,gemma-4-12B,only_video,0,0,1,correct,
video027_causale_04,video027,video027.mp4,video027_causale,4,causale,Perché la ragazza trova la situazione divertente?,La ragazza trova la situazione divertente perché lo zio dice che dorme in cucina.,La ragazza trova la situazione divertente perché lo zio dice che cucina mentre dorme.,La ragazza trova la situazione divertente perché lo zio dice che cucina mentre dorme.,La ragazza trova la situazione divertente perché lo zio dice che dorme in cucina.,1,gemma-4-12B,only_video,0,0,0,wrong,
video027_spaziale_01,video027,video027.mp4,video027_spaziale,1,spaziale,Dove indica di dormire l'uomo?,L'uomo indica di dormire in cucina.,L'uomo indica di dormire in giardino.,L'uomo indica di dormire in cucina.,L'uomo indica di dormire in giardino.,0,gemma-4-12B,only_video,0,0,1,correct,
video027_spaziale_02,video027,video027.mp4,video027_spaziale,2,spaziale,Dove indica di dormire l'uomo?,L'uomo indica di dormire in cucina.,L'uomo indica di dormire in salotto.,L'uomo indica di dormire in salotto.,L'uomo indica di dormire in cucina.,1,gemma-4-12B,only_video,1,1,1,correct,
video027_spaziale_03,video027,video027.mp4,video027_spaziale,3,spaziale,Dove indica di dormire l'uomo?,"L'uomo indica di dormire in cucina, vicino alla porta alle spalle della ragazza con il maglione blu.","L'uomo indica di dormire in soggiorno, vicino alla finestra alle spalle della ragazza con il maglione blu.","L'uomo indica di dormire in cucina, vicino alla porta alle spalle della ragazza con il maglione blu.","L'uomo indica di dormire in soggiorno, vicino alla finestra alle spalle della ragazza con il maglione blu.",0,gemma-4-12B,only_video,0,0,1,correct,
video027_spaziale_04,video027,video027.mp4,video027_spaziale,4,spaziale,Dove indica di dormire l'uomo?,L'uomo indica di dormire nella porta dietro la ragazza con il maglione blu.,L'uomo indica di dormire nella porta davanti alla ragazza con il maglione blu.,L'uomo indica di dormire nella porta dietro la ragazza con il maglione blu.,L'uomo indica di dormire nella porta davanti alla ragazza con il maglione blu.,0,gemma-4-12B,only_video,0,0,1,correct,
video027_temporale_01,video027,video027.mp4,video027_temporale,1,temporale,La ragazza ride prima o dopo aver aperto la porta?,La ragazza ride dopo aver aperto la porta.,La ragazza ride prima di aprire la porta.,La ragazza ride dopo aver aperto la porta.,La ragazza ride prima di aprire la porta.,0,gemma-4-12B,only_video,0,0,1,correct,
video027_temporale_02,video027,video027.mp4,video027_temporale,2,temporale,La ragazza ride prima o dopo aver aperto la porta?,La ragazza ride dopo aver aperto la porta.,La ragazza ride prima di aprire la porta.,La ragazza ride dopo aver aperto la porta.,La ragazza ride prima di aprire la porta.,0,gemma-4-12B,only_video,0,0,1,correct,
video027_temporale_03,video027,video027.mp4,video027_temporale,3,temporale,La ragazza ride prima o dopo aver aperto la porta?,La ragazza comincia a ridere dopo aver aperto la porta.,La ragazza comincia a ridere prima di aprire la porta.,La ragazza comincia a ridere prima di aprire la porta.,La ragazza comincia a ridere dopo aver aperto la porta.,1,gemma-4-12B,only_video,1,1,1,correct,
video027_temporale_04,video027,video027.mp4,video027_temporale,4,temporale,La ragazza ride prima o dopo aver aperto la porta?,La ragazza inizia a ridere dopo aver aperto la porta.,La ragazza inizia a ridere prima di aprire la porta.,La ragazza inizia a ridere dopo aver aperto la porta.,La ragazza inizia a ridere prima di aprire la porta.,0,gemma-4-12B,only_video,0,0,1,correct,
video028_causale_01,video028,video028.mp4,video028_causale,1,causale,Perché l'uomo con gli occhiali chiede le banane all'uomo con il grembiule giallo?,L'uomo con gli occhiali chiede le banane perché l'uomo con il grembiule giallo è l'addetto del negozio che si occupa di servire i clienti.,L'uomo con gli occhiali chiede le banane perché l'uomo con il grembiule giallo è un cliente abituale del negozio.,L'uomo con gli occhiali chiede le banane perché l'uomo con il grembiule giallo è l'addetto del negozio che si occupa di servire i clienti.,L'uomo con gli occhiali chiede le banane perché l'uomo con il grembiule giallo è un cliente abituale del negozio.,0,gemma-4-12B,only_video,0,0,1,correct,
video028_causale_02,video028,video028.mp4,video028_causale,2,causale,Perché l'uomo con gli occhiali chiede le banane all'uomo con il grembiule giallo?,L'uomo con gli occhiali chiede le banane all'uomo con il grembiule giallo perché è il commesso.,L'uomo con gli occhiali chiede le banane all'uomo con il grembiule giallo perché è un cliente.,L'uomo con gli occhiali chiede le banane all'uomo con il grembiule giallo perché è un cliente.,L'uomo con gli occhiali chiede le banane all'uomo con il grembiule giallo perché è il commesso.,1,gemma-4-12B,only_video,1,1,1,correct,
video028_causale_03,video028,video028.mp4,video028_causale,3,causale,Perché l'uomo con gli occhiali chiede le banane all'uomo con il grembiule giallo?,L'uomo con gli occhiali chiede le banane all'uomo con il grembiule giallo perché è il commesso che imbusta i prodotti che vogliono acquistare.,L'uomo con gli occhiali chiede le banane all'uomo con il grembiule giallo perché è un suo vecchio amico.,L'uomo con gli occhiali chiede le banane all'uomo con il grembiule giallo perché è un suo vecchio amico.,L'uomo con gli occhiali chiede le banane all'uomo con il grembiule giallo perché è il commesso che imbusta i prodotti che vogliono acquistare.,1,gemma-4-12B,only_video,1,1,1,correct,
video028_causale_04,video028,video028.mp4,video028_causale,4,causale,Perché l'uomo con gli occhiali chiede le banane all'uomo con il grembiule giallo?,L'uomo con gli occhiali chiede le banane all'uomo con il grembiule giallo perché è il commerciante che si occupa di imbustare i prodotti acquistati.,L'uomo con gli occhiali chiede le banane all'uomo con il grembiule giallo perché vuole chiedergli indicazioni stradali.,L'uomo con gli occhiali chiede le banane all'uomo con il grembiule giallo perché vuole chiedergli indicazioni stradali.,L'uomo con gli occhiali chiede le banane all'uomo con il grembiule giallo perché è il commerciante che si occupa di imbustare i prodotti acquistati.,1,gemma-4-12B,only_video,1,1,1,correct,
video028_spaziale_01,video028,video028.mp4,video028_spaziale,1,spaziale,Dove vengono messe le banane?,Le banane vengono messe in una busta alimentare.,Le banane vengono messe in una scatola di cartone.,Le banane vengono messe in una busta alimentare.,Le banane vengono messe in una scatola di cartone.,0,gemma-4-12B,only_video,0,0,1,correct,
video028_spaziale_02,video028,video028.mp4,video028_spaziale,2,spaziale,Dove vengono messe le banane?,Le banane vengono messe in un sacchetto di carta.,Le banane vengono messe in una ciotola di vetro.,Le banane vengono messe in una ciotola di vetro.,Le banane vengono messe in un sacchetto di carta.,1,gemma-4-12B,only_video,1,1,1,correct,
video028_spaziale_03,video028,video028.mp4,video028_spaziale,3,spaziale,Dove vengono messe le banane?,Le banane vengono messe all'interno di un sacchetto di carta.,Le banane vengono messe all'interno di una scatola di plastica.,Le banane vengono messe all'interno di un sacchetto di carta.,Le banane vengono messe all'interno di una scatola di plastica.,0,gemma-4-12B,only_video,0,0,1,correct,
video028_spaziale_04,video028,video028.mp4,video028_spaziale,4,spaziale,Dove vengono messe le banane?,Le banane vengono messe in un sacchetto di carta.,Le banane vengono messe in un cestino di plastica.,Le banane vengono messe in un sacchetto di carta.,Le banane vengono messe in un cestino di plastica.,0,gemma-4-12B,only_video,0,0,1,correct,
video028_temporale_01,video028,video028.mp4,video028_temporale,1,temporale,I due uomini con gli occhiali si accordano su cosa prendere prima o dopo aver salutato l'uomo con il grembiule giallo?,I due uomini con gli occhiali si accordano su cosa prendere prima di salutare l'uomo con il grembiule giallo.,"Dopo aver salutato l'uomo con il grembiule giallo, i due uomini con gli occhiali si accordano su cosa prendere.","Dopo aver salutato l'uomo con il grembiule giallo, i due uomini con gli occhiali si accordano su cosa prendere.",I due uomini con gli occhiali si accordano su cosa prendere prima di salutare l'uomo con il grembiule giallo.,1,gemma-4-12B,only_video,1,1,1,correct,
video028_temporale_02,video028,video028.mp4,video028_temporale,2,temporale,I due uomini con gli occhiali si accordano su cosa prendere prima o dopo aver salutato l'uomo con il grembiule giallo?,I due uomini con gli occhiali si accordano su cosa prendere prima di salutare l'uomo con il grembiule giallo.,I due uomini con gli occhiali si accordano su cosa prendere dopo aver salutato l'uomo con il grembiule giallo.,I due uomini con gli occhiali si accordano su cosa prendere dopo aver salutato l'uomo con il grembiule giallo.,I due uomini con gli occhiali si accordano su cosa prendere prima di salutare l'uomo con il grembiule giallo.,1,gemma-4-12B,only_video,0,0,0,wrong,
video028_temporale_03,video028,video028.mp4,video028_temporale,3,temporale,I due uomini con gli occhiali si accordano su cosa prendere prima o dopo aver salutato l'uomo con il grembiule giallo?,I due uomini con gli occhiali decidono di acquistare le banane prima di salutare il fruttivendolo.,I due uomini con gli occhiali decidono di acquistare le banane dopo aver salutato il fruttivendolo.,I due uomini con gli occhiali decidono di acquistare le banane prima di salutare il fruttivendolo.,I due uomini con gli occhiali decidono di acquistare le banane dopo aver salutato il fruttivendolo.,0,gemma-4-12B,only_video,0,0,1,correct,
video028_temporale_04,video028,video028.mp4,video028_temporale,4,temporale,I due uomini con gli occhiali si accordano su cosa prendere prima o dopo aver salutato l'uomo con il grembiule giallo?,I due uomini decidono di comprare le banane prima di salutare l'uomo con il grembiule giallo.,I due uomini decidono di comprare le banane dopo aver salutato l'uomo con il grembiule giallo.,I due uomini decidono di comprare le banane dopo aver salutato l'uomo con il grembiule giallo.,I due uomini decidono di comprare le banane prima di salutare l'uomo con il grembiule giallo.,1,gemma-4-12B,only_video,0,0,0,wrong,
video029_causale_01,video029,video029.mp4,video029_causale,1,causale,Perché il signore con la camicia bianca urla al tabaccaio?,Il signore con la camicia bianca urla al tabaccaio perché gli è stato detto che era sordo.,Il signore con la camicia bianca urla al tabaccaio perché si è arrabbiato per il prezzo delle sigarette.,Il signore con la camicia bianca urla al tabaccaio perché si è arrabbiato per il prezzo delle sigarette.,Il signore con la camicia bianca urla al tabaccaio perché gli è stato detto che era sordo.,1,gemma-4-12B,only_video,0,0,0,wrong,
video029_causale_02,video029,video029.mp4,video029_causale,2,causale,Perché il signore con la camicia bianca urla al tabaccaio?,Il signore urla al tabaccaio perché gli dice che è sordo.,Il signore urla al tabaccaio perché gli ha dato il resto sbagliato.,Il signore urla al tabaccaio perché gli ha dato il resto sbagliato.,Il signore urla al tabaccaio perché gli dice che è sordo.,1,gemma-4-12B,only_video,1,1,1,correct,
video029_causale_03,video029,video029.mp4,video029_causale,3,causale,Perché il signore con la camicia bianca urla al tabaccaio?,Il signore con la camicia bianca urla al tabaccaio perché gli era stato detto che fosse sordo o sentisse poco.,Il signore con la camicia bianca urla al tabaccaio perché era arrabbiato.,Il signore con la camicia bianca urla al tabaccaio perché gli era stato detto che fosse sordo o sentisse poco.,Il signore con la camicia bianca urla al tabaccaio perché era arrabbiato.,0,gemma-4-12B,only_video,1,1,0,wrong,
video029_causale_04,video029,video029.mp4,video029_causale,4,causale,Perché il signore con la camicia bianca urla al tabaccaio?,Urla al tabaccaio perché gli era stato detto che ci sentisse poco.,Urla al tabaccaio perché aveva perso il portafoglio.,Urla al tabaccaio perché gli era stato detto che ci sentisse poco.,Urla al tabaccaio perché aveva perso il portafoglio.,0,gemma-4-12B,only_video,0,0,1,correct,
video029_spaziale_01,video029,video029.mp4,video029_spaziale,1,spaziale,Dove si trova il tabaccaio?,Il tabaccaio si trova dietro il muretto dove è appoggiato l'uomo che dà indicazioni.,Il tabaccaio si trova di fronte al muretto dove è appoggiato l'uomo che dà indicazioni.,Il tabaccaio si trova dietro il muretto dove è appoggiato l'uomo che dà indicazioni.,Il tabaccaio si trova di fronte al muretto dove è appoggiato l'uomo che dà indicazioni.,0,gemma-4-12B,only_video,0,0,1,correct,
video029_spaziale_02,video029,video029.mp4,video029_spaziale,2,spaziale,Dove si trova il tabaccaio?,"Nel video, il tabaccaio si trova dietro.","Nel video, il tabaccaio si trova davanti.","Nel video, il tabaccaio si trova dietro.","Nel video, il tabaccaio si trova davanti.",0,gemma-4-12B,only_video,1,1,0,wrong,
video029_spaziale_03,video029,video029.mp4,video029_spaziale,3,spaziale,Dove si trova il tabaccaio?,"Il tabaccaio si trova dietro l'angolo, nella zona in cui si trova l'anziano con il maglione a righe.","Il tabaccaio si trova di fronte alla piazza, nella zona in cui si trova l'anziano con il maglione a righe.","Il tabaccaio si trova di fronte alla piazza, nella zona in cui si trova l'anziano con il maglione a righe.","Il tabaccaio si trova dietro l'angolo, nella zona in cui si trova l'anziano con il maglione a righe.",1,gemma-4-12B,only_video,0,0,0,wrong,
video029_spaziale_04,video029,video029.mp4,video029_spaziale,4,spaziale,Dove si trova il tabaccaio?,Il tabaccaio si trova dietro l'angolo dove si trova l'anziano con il maglione a righe.,Il tabaccaio si trova di fronte all'angolo dove si trova l'anziano con il maglione a righe.,Il tabaccaio si trova di fronte all'angolo dove si trova l'anziano con il maglione a righe.,Il tabaccaio si trova dietro l'angolo dove si trova l'anziano con il maglione a righe.,1,gemma-4-12B,only_video,0,0,0,wrong,
video029_temporale_01,video029,video029.mp4,video029_temporale,1,temporale,Il tabaccaio si arrabbia prima o dopo che il signore con la maglia a righe dia indicazioni?,Il tabaccaio si arrabbia mentre il signore con la maglia a righe dà indicazioni.,Il tabaccaio si arrabbia prima che il signore con la maglia a righe dia indicazioni.,Il tabaccaio si arrabbia prima che il signore con la maglia a righe dia indicazioni.,Il tabaccaio si arrabbia mentre il signore con la maglia a righe dà indicazioni.,1,gemma-4-12B,only_video,0,0,0,wrong,
video029_temporale_02,video029,video029.mp4,video029_temporale,2,temporale,Il tabaccaio si arrabbia prima o dopo che il signore con la maglia a righe dia indicazioni?,Il tabaccaio si arrabbia dopo che il signore con la maglia a righe dà indicazioni.,Il tabaccaio si arrabbia prima che il signore con la maglia a righe dia indicazioni.,Il tabaccaio si arrabbia dopo che il signore con la maglia a righe dà indicazioni.,Il tabaccaio si arrabbia prima che il signore con la maglia a righe dia indicazioni.,0,gemma-4-12B,only_video,0,0,1,correct,
video029_temporale_03,video029,video029.mp4,video029_temporale,3,temporale,Il tabaccaio si arrabbia prima o dopo che il signore con la maglia a righe dia indicazioni?,Il tabaccaio si arrabbia dopo che l'uomo in camicia bianca entra in tabaccheria seguendo le indicazioni dell'uomo con il maglione a righe.,Il tabaccaio si arrabbia prima che l'uomo in camicia bianca entri in tabaccheria seguendo le indicazioni dell'uomo con il maglione a righe.,Il tabaccaio si arrabbia dopo che l'uomo in camicia bianca entra in tabaccheria seguendo le indicazioni dell'uomo con il maglione a righe.,Il tabaccaio si arrabbia prima che l'uomo in camicia bianca entri in tabaccheria seguendo le indicazioni dell'uomo con il maglione a righe.,0,gemma-4-12B,only_video,0,0,1,correct,
video029_temporale_04,video029,video029.mp4,video029_temporale,4,temporale,Il tabaccaio si arrabbia prima o dopo che il signore con la maglia a righe dia indicazioni?,Il tabaccaio si arrabbia dopo che l'uomo con la camicia bianca è entrato in tabaccheria seguendo le indicazioni del signore con la maglia a righe.,Il tabaccaio si arrabbia prima che l'uomo con la camicia bianca entri in tabaccheria seguendo le indicazioni del signore con la maglia a righe.,Il tabaccaio si arrabbia dopo che l'uomo con la camicia bianca è entrato in tabaccheria seguendo le indicazioni del signore con la maglia a righe.,Il tabaccaio si arrabbia prima che l'uomo con la camicia bianca entri in tabaccheria seguendo le indicazioni del signore con la maglia a righe.,0,gemma-4-12B,only_video,0,0,1,correct,
video030_causale_01,video030,video030.mp4,video030_causale,1,causale,Perché la bambina con la maglietta bianca urla?,La bambina con la maglietta bianca urla perché l'acqua è freddina.,La bambina con la maglietta bianca urla perché ha visto un insetto.,La bambina con la maglietta bianca urla perché l'acqua è freddina.,La bambina con la maglietta bianca urla perché ha visto un insetto.,0,gemma-4-12B,only_video,0,0,1,correct,
video030_causale_02,video030,video030.mp4,video030_causale,2,causale,Perché la bambina con la maglietta bianca urla?,La bambina con la maglietta bianca urla a causa dell'acqua fredda.,La bambina con la maglietta bianca urla a causa del forte vento.,La bambina con la maglietta bianca urla a causa del forte vento.,La bambina con la maglietta bianca urla a causa dell'acqua fredda.,1,gemma-4-12B,only_video,1,1,1,correct,
video030_causale_03,video030,video030.mp4,video030_causale,3,causale,Perché la bambina con la maglietta bianca urla?,"La bambina con la maglietta bianca urla perché, dopo aver immerso il piede nella piscina, si accorge che l'acqua è molto fredda.",La bambina con la maglietta bianca urla perché viene improvvisamente bagnata da uno schizzo d'acqua.,La bambina con la maglietta bianca urla perché viene improvvisamente bagnata da uno schizzo d'acqua.,"La bambina con la maglietta bianca urla perché, dopo aver immerso il piede nella piscina, si accorge che l'acqua è molto fredda.",1,gemma-4-12B,only_video,0,0,0,wrong,
video030_causale_04,video030,video030.mp4,video030_causale,4,causale,Perché la bambina con la maglietta bianca urla?,"La bambina con la maglietta bianca urla perché dopo aver messo il piede nell'acqua della piscina, questa è molto fredda.","La bambina con la maglietta bianca urla perché dopo aver messo il piede nell'acqua della piscina, questa è molto calda.","La bambina con la maglietta bianca urla perché dopo aver messo il piede nell'acqua della piscina, questa è molto fredda.","La bambina con la maglietta bianca urla perché dopo aver messo il piede nell'acqua della piscina, questa è molto calda.",0,gemma-4-12B,only_video,0,0,1,correct,
video030_spaziale_01,video030,video030.mp4,video030_spaziale,1,spaziale,Dove vuole mettere i gonfiabili la donna fuori campo?,La donna fuori campo vuole mettere i gonfiabili dentro la piscinetta.,La donna fuori campo vuole mettere i gonfiabili sopra la piscinetta.,La donna fuori campo vuole mettere i gonfiabili dentro la piscinetta.,La donna fuori campo vuole mettere i gonfiabili sopra la piscinetta.,0,gemma-4-12B,only_video,0,0,1,correct,
video030_spaziale_02,video030,video030.mp4,video030_spaziale,2,spaziale,Dove vuole mettere i gonfiabili la donna fuori campo?,La donna fuori campo vuole mettere i gonfiabili dentro la piscina.,La donna fuori campo vuole mettere i gonfiabili sopra la piscina.,La donna fuori campo vuole mettere i gonfiabili dentro la piscina.,La donna fuori campo vuole mettere i gonfiabili sopra la piscina.,0,gemma-4-12B,only_video,0,0,1,correct,
video030_spaziale_03,video030,video030.mp4,video030_spaziale,3,spaziale,Dove vuole mettere i gonfiabili la donna fuori campo?,La signora fuori campo vorrebbe sistemare i gonfiabili all'interno della piscina.,La signora fuori campo vorrebbe sistemare i gonfiabili all'esterno della piscina.,La signora fuori campo vorrebbe sistemare i gonfiabili all'interno della piscina.,La signora fuori campo vorrebbe sistemare i gonfiabili all'esterno della piscina.,0,gemma-4-12B,only_video,0,0,1,correct,
video030_spaziale_04,video030,video030.mp4,video030_spaziale,4,spaziale,Dove vuole mettere i gonfiabili la donna fuori campo?,La signora vorrebbe mettere i gonfiabili nella piscina.,La signora vorrebbe mettere i gonfiabili nel giardino.,La signora vorrebbe mettere i gonfiabili nella piscina.,La signora vorrebbe mettere i gonfiabili nel giardino.,0,gemma-4-12B,only_video,0,0,1,correct,
video030_temporale_01,video030,video030.mp4,video030_temporale,1,temporale,La bambina con la maglia rosa ha cenato prima di mettere il piede in piscina o ha messo il piede in piscina prima di cenare?,La bambina con la maglia rosa ha cenato dopo aver messo il piede in piscina.,La bambina con la maglia rosa ha cenato prima di mettere il piede in piscina.,La bambina con la maglia rosa ha cenato dopo aver messo il piede in piscina.,La bambina con la maglia rosa ha cenato prima di mettere il piede in piscina.,0,gemma-4-12B,only_video,0,0,1,correct,
video030_temporale_02,video030,video030.mp4,video030_temporale,2,temporale,La bambina con la maglia rosa ha cenato prima di mettere il piede in piscina o ha messo il piede in piscina prima di cenare?,"Nel video, la bambina con la maglia rosa mette i piedi in piscina prima di cenare.","Nel video, la bambina con la maglia rosa mette i piedi in piscina dopo aver cenato.","Nel video, la bambina con la maglia rosa mette i piedi in piscina dopo aver cenato.","Nel video, la bambina con la maglia rosa mette i piedi in piscina prima di cenare.",1,gemma-4-12B,only_video,0,0,0,wrong,
video030_temporale_03,video030,video030.mp4,video030_temporale,3,temporale,La bambina con la maglia rosa ha cenato prima di mettere il piede in piscina o ha messo il piede in piscina prima di cenare?,La bambina con la maglia rosa mette il piede nell'acqua prima di cenare.,La bambina con la maglia rosa mette il piede nell'acqua dopo cena.,La bambina con la maglia rosa mette il piede nell'acqua prima di cenare.,La bambina con la maglia rosa mette il piede nell'acqua dopo cena.,0,gemma-4-12B,only_video,0,0,1,correct,
video030_temporale_04,video030,video030.mp4,video030_temporale,4,temporale,La bambina con la maglia rosa ha cenato prima di mettere il piede in piscina o ha messo il piede in piscina prima di cenare?,"La bambina con la maglia rosa non ha ancora cenato, per questo può mettere il piede in acqua.","La bambina con la maglia rosa ha già cenato, per questo può mettere il piede in acqua.","La bambina con la maglia rosa non ha ancora cenato, per questo può mettere il piede in acqua.","La bambina con la maglia rosa ha già cenato, per questo può mettere il piede in acqua.",0,gemma-4-12B,only_video,0,0,1,correct,
video031_causale_01,video031,video031.mp4,video031_causale,1,causale,Perché la bambina urla?,La bambina urla perché le fa schifo l'avocado.,La bambina urla perché le è caduto l'avocado.,La bambina urla perché le è caduto l'avocado.,La bambina urla perché le fa schifo l'avocado.,1,gemma-4-12B,only_video,1,1,1,correct,
video031_causale_02,video031,video031.mp4,video031_causale,2,causale,Perché la bambina urla?,La bambina urla perché non le piace.,La bambina urla perché è felice.,La bambina urla perché non le piace.,La bambina urla perché è felice.,0,gemma-4-12B,only_video,0,0,1,correct,
video031_causale_03,video031,video031.mp4,video031_causale,3,causale,Perché la bambina urla?,La bambina urla perché il cibo che le è stato messo in bocca non le piace affatto.,La bambina urla perché il cibo che le è stato messo in bocca è troppo caldo.,La bambina urla perché il cibo che le è stato messo in bocca è troppo caldo.,La bambina urla perché il cibo che le è stato messo in bocca non le piace affatto.,1,gemma-4-12B,only_video,1,1,1,correct,
video031_causale_04,video031,video031.mp4,video031_causale,4,causale,Perché la bambina urla?,La bambina urla perché non le piace affatto il cibo che la donna le ha messo in bocca.,La bambina urla perché vuole mangiare di più il cibo che la donna le ha messo in bocca.,La bambina urla perché vuole mangiare di più il cibo che la donna le ha messo in bocca.,La bambina urla perché non le piace affatto il cibo che la donna le ha messo in bocca.,1,gemma-4-12B,only_video,1,1,1,correct,
video031_spaziale_01,video031,video031.mp4,video031_spaziale,1,spaziale,Dove mette la donna fuori campo l'avocado per farlo assaggiare alla bambina?,La donna fuori campo mette l'avocado in un piatto e poi in bocca alla bambina.,La donna fuori campo mette l'avocado in un piatto e poi sul tavolo davanti alla bambina.,La donna fuori campo mette l'avocado in un piatto e poi sul tavolo davanti alla bambina.,La donna fuori campo mette l'avocado in un piatto e poi in bocca alla bambina.,1,gemma-4-12B,only_video,1,1,1,correct,
video031_spaziale_02,video031,video031.mp4,video031_spaziale,2,spaziale,Dove mette la donna fuori campo l'avocado per farlo assaggiare alla bambina?,La donna fuori campo mette l'avocado in mano alla bambina per farlo assaggiare.,La donna fuori campo mette l'avocado sul piatto davanti alla bambina per farlo assaggiare.,La donna fuori campo mette l'avocado sul piatto davanti alla bambina per farlo assaggiare.,La donna fuori campo mette l'avocado in mano alla bambina per farlo assaggiare.,1,gemma-4-12B,only_video,0,0,0,wrong,
video031_spaziale_03,video031,video031.mp4,video031_spaziale,3,spaziale,Dove mette la donna fuori campo l'avocado per farlo assaggiare alla bambina?,La donna fuori campo mette l'avocado direttamente nella bocca della bambina usando la mano.,La donna fuori campo mette l'avocado direttamente nel piatto davanti alla bambina usando la mano.,La donna fuori campo mette l'avocado direttamente nel piatto davanti alla bambina usando la mano.,La donna fuori campo mette l'avocado direttamente nella bocca della bambina usando la mano.,1,gemma-4-12B,only_video,1,1,1,correct,
video031_spaziale_04,video031,video031.mp4,video031_spaziale,4,spaziale,Dove mette la donna fuori campo l'avocado per farlo assaggiare alla bambina?,La donna fuori campo mette l'avocado con la mano direttamente nella bocca della bambina.,La donna fuori campo mette l'avocado con la mano direttamente nel piatto della bambina.,La donna fuori campo mette l'avocado con la mano direttamente nella bocca della bambina.,La donna fuori campo mette l'avocado con la mano direttamente nel piatto della bambina.,0,gemma-4-12B,only_video,1,1,0,wrong,
video031_temporale_01,video031,video031.mp4,video031_temporale,1,temporale,La bambina acconsente a mangiare il frutto prima o dopo che la donna dica 'dai prova amore'?,"La bambina acconsente a mangiare il frutto dopo che la donna dice ""dai prova amore"".","La bambina acconsente a mangiare il frutto prima che la donna dica ""dai prova amore"".","La bambina acconsente a mangiare il frutto dopo che la donna dice ""dai prova amore"".","La bambina acconsente a mangiare il frutto prima che la donna dica ""dai prova amore"".",0,gemma-4-12B,only_video,0,0,1,correct,
video031_temporale_02,video031,video031.mp4,video031_temporale,2,temporale,La bambina acconsente a mangiare il frutto prima o dopo che la donna dica 'dai prova amore'?,La bambina acconsente a mangiare il frutto dopo che la donna dice 'dai prova amore'.,La bambina acconsente a mangiare il frutto prima che la donna dica 'dai prova amore'.,La bambina acconsente a mangiare il frutto prima che la donna dica 'dai prova amore'.,La bambina acconsente a mangiare il frutto dopo che la donna dice 'dai prova amore'.,1,gemma-4-12B,only_video,1,1,1,correct,
video031_temporale_03,video031,video031.mp4,video031_temporale,3,temporale,La bambina acconsente a mangiare il frutto prima o dopo che la donna dica 'dai prova amore'?,"La bambina acconsente a mangiare il frutto dopo che l'avocado è già stato messo in bocca, quando la donna la incoraggia a provarlo.","La bambina acconsente a mangiare il frutto prima che l'avocado sia messo in bocca, quando la donna la incoraggia a provarlo.","La bambina acconsente a mangiare il frutto dopo che l'avocado è già stato messo in bocca, quando la donna la incoraggia a provarlo.","La bambina acconsente a mangiare il frutto prima che l'avocado sia messo in bocca, quando la donna la incoraggia a provarlo.",0,gemma-4-12B,only_video,0,0,1,correct,
video031_temporale_04,video031,video031.mp4,video031_temporale,4,temporale,La bambina acconsente a mangiare il frutto prima o dopo che la donna dica 'dai prova amore'?,"La bambina aveva l'avocado già in bocca quando la donna le dice ""dai prova amore"".","Prima che la bambina avesse l'avocado in bocca, la donna le dice ""dai prova amore"".","Prima che la bambina avesse l'avocado in bocca, la donna le dice ""dai prova amore"".","La bambina aveva l'avocado già in bocca quando la donna le dice ""dai prova amore"".",1,gemma-4-12B,only_video,0,0,0,wrong,
video032_causale_01,video032,video032.mp4,video032_causale,1,causale,Perché la bambina con la maglietta rosa dice di 'no'?,La bambina con la maglietta rosa dice di 'no' perché l'altra bambina con la maglietta rossa e bianca ha avuto la sua occasione di prendere il cibo prima.,La bambina con la maglietta rosa dice di 'no' perché non aveva più fame.,La bambina con la maglietta rosa dice di 'no' perché l'altra bambina con la maglietta rossa e bianca ha avuto la sua occasione di prendere il cibo prima.,La bambina con la maglietta rosa dice di 'no' perché non aveva più fame.,0,gemma-4-12B,only_video,0,0,1,correct,
video032_causale_02,video032,video032.mp4,video032_causale,2,causale,Perché la bambina con la maglietta rosa dice di 'no'?,La bambina con la maglietta rosa dice di 'no' perché l'altra bimba se la poteva prendere prima la pasta.,La bambina con la maglietta rosa dice di 'no' perché non aveva più fame.,La bambina con la maglietta rosa dice di 'no' perché l'altra bimba se la poteva prendere prima la pasta.,La bambina con la maglietta rosa dice di 'no' perché non aveva più fame.,0,gemma-4-12B,only_video,0,0,1,correct,
video032_causale_03,video032,video032.mp4,video032_causale,3,causale,Perché la bambina con la maglietta rosa dice di 'no'?,La bambina con la maglietta rosa dice di 'no' perché non vuole condividere la pasta e teme che l'altra bambina possa prenderla prima.,La bambina con la maglietta rosa dice di 'no' perché è stanca e vuole andare a dormire.,La bambina con la maglietta rosa dice di 'no' perché non vuole condividere la pasta e teme che l'altra bambina possa prenderla prima.,La bambina con la maglietta rosa dice di 'no' perché è stanca e vuole andare a dormire.,0,gemma-4-12B,only_video,0,0,1,correct,
video032_causale_04,video032,video032.mp4,video032_causale,4,causale,Perché la bambina con la maglietta rosa dice di 'no'?,La bambina con la maglietta rosa dice di 'no' perché non vuole condividere la pasta.,La bambina con la maglietta rosa dice di 'no' perché non le piace la pasta.,La bambina con la maglietta rosa dice di 'no' perché non vuole condividere la pasta.,La bambina con la maglietta rosa dice di 'no' perché non le piace la pasta.,0,gemma-4-12B,only_video,0,0,1,correct,
video032_spaziale_01,video032,video032.mp4,video032_spaziale,1,spaziale,Dove si trova l'oggetto che vuole la bambina con la maglietta rossa e bianca?,"L'oggetto desiderato dalla bambina con la maglietta rossa e bianca è nel piatto, ma si tratta di cibo.","L'oggetto desiderato dalla bambina con la maglietta rossa e bianca è nel bicchiere, ma si tratta di cibo.","L'oggetto desiderato dalla bambina con la maglietta rossa e bianca è nel piatto, ma si tratta di cibo.","L'oggetto desiderato dalla bambina con la maglietta rossa e bianca è nel bicchiere, ma si tratta di cibo.",0,gemma-4-12B,only_video,0,0,1,correct,
video032_spaziale_02,video032,video032.mp4,video032_spaziale,2,spaziale,Dove si trova l'oggetto che vuole la bambina con la maglietta rossa e bianca?,L'oggetto che la bambina con la maglietta rossa e bianca vuole si trova nel piatto.,L'oggetto che la bambina con la maglietta rossa e bianca vuole si trova sotto il tavolo.,L'oggetto che la bambina con la maglietta rossa e bianca vuole si trova sotto il tavolo.,L'oggetto che la bambina con la maglietta rossa e bianca vuole si trova nel piatto.,1,gemma-4-12B,only_video,1,1,1,correct,
video032_spaziale_03,video032,video032.mp4,video032_spaziale,3,spaziale,Dove si trova l'oggetto che vuole la bambina con la maglietta rossa e bianca?,L'oggetto che la bambina con la maglietta rossa e bianca vuole si trova nel piatto appoggiato sul tavolo.,L'oggetto che la bambina con la maglietta rossa e bianca vuole si trova nella credenza.,L'oggetto che la bambina con la maglietta rossa e bianca vuole si trova nel piatto appoggiato sul tavolo.,L'oggetto che la bambina con la maglietta rossa e bianca vuole si trova nella credenza.,0,gemma-4-12B,only_video,0,0,1,correct,
video032_spaziale_04,video032,video032.mp4,video032_spaziale,4,spaziale,Dove si trova l'oggetto che vuole la bambina con la maglietta rossa e bianca?,L'oggetto che la bambina con la maglietta rossa e bianca vuole si trova nel piatto sul tavolo.,L'oggetto che la bambina con la maglietta rossa e bianca vuole si trova sulla mensola in cucina.,L'oggetto che la bambina con la maglietta rossa e bianca vuole si trova nel piatto sul tavolo.,L'oggetto che la bambina con la maglietta rossa e bianca vuole si trova sulla mensola in cucina.,0,gemma-4-12B,only_video,0,0,1,correct,
video032_temporale_01,video032,video032.mp4,video032_temporale,1,temporale,La bambina con la maglietta rossa e bianca prende la forchetta in mano prima o dopo che la bambina con la maglia rosa dica 'no'?,La bambina con la maglietta rossa e bianca prende la forchetta in mano dopo che la bambina con la maglia rosa dica 'no'.,La bambina con la maglietta rossa e bianca prende la forchetta in mano prima che la bambina con la maglia rosa dica 'no'.,La bambina con la maglietta rossa e bianca prende la forchetta in mano prima che la bambina con la maglia rosa dica 'no'.,La bambina con la maglietta rossa e bianca prende la forchetta in mano dopo che la bambina con la maglia rosa dica 'no'.,1,gemma-4-12B,only_video,0,0,0,wrong,
video032_temporale_02,video032,video032.mp4,video032_temporale,2,temporale,La bambina con la maglietta rossa e bianca prende la forchetta in mano prima o dopo che la bambina con la maglia rosa dica 'no'?,La bambina con la maglietta rossa e bianca prende la forchetta in mano dopo che la bambina con la maglia rosa dice 'no'.,La bambina con la maglietta rossa e bianca prende la forchetta in mano prima che la bambina con la maglia rosa dica 'no'.,La bambina con la maglietta rossa e bianca prende la forchetta in mano prima che la bambina con la maglia rosa dica 'no'.,La bambina con la maglietta rossa e bianca prende la forchetta in mano dopo che la bambina con la maglia rosa dice 'no'.,1,gemma-4-12B,only_video,0,0,0,wrong,
video032_temporale_03,video032,video032.mp4,video032_temporale,3,temporale,La bambina con la maglietta rossa e bianca prende la forchetta in mano prima o dopo che la bambina con la maglia rosa dica 'no'?,"La bambina con la maglietta rossa e bianca prende la forchetta in mano successivamente, quando l'altra bambina non sta guardando.","La bambina con la maglietta rossa e bianca prende la forchetta in mano contemporaneamente, mentre l'altra bambina non sta guardando.","La bambina con la maglietta rossa e bianca prende la forchetta in mano successivamente, quando l'altra bambina non sta guardando.","La bambina con la maglietta rossa e bianca prende la forchetta in mano contemporaneamente, mentre l'altra bambina non sta guardando.",0,gemma-4-12B,only_video,0,0,1,correct,
