model,video_id,question_order,question,principal_dimension,principal_label,diagnostic_label,complexity_level,entity_required,event_required,inference_required,objective_criterion,evidence_scope,evidence_units,information_explicitness,temporal_dependency,dimension_combination,score_entita,score_eventi,score_inferenza,score_comprensione,livello,evidenza_recuperata,evidenza_mancante,motivazione
gemma,video001,1,Dove cerca il rimedio al singhiozzo l'uomo con il camice?,spaziale,S1,S1|T0,1,uomo con il camice; rimedio al singhiozzo,ricerca del rimedio al singhiozzo da parte dell'uomo con il camice,"riconoscere l'evento o la relazione spaziale pertinente; allineare il referente all'intervallo locale; recuperare origine, destinazione, direzione, supporto o posizione richiesta",una relazione spaziale esplicita o una localizzazione condizionata da un singolo evento osservabile nello stesso intervallo locale,local_interval,1,esplicita,moderata,"[""spaziale"", ""temporale""]",0,0,0,0,insufficiente,[],"['uomo con il camice', 'rimedio al singhiozzo', 'ricerca del rimedio al singhiozzo', 'relazione spaziale o localizzazione del rimedio']","La rappresentazione del modello non include alcuna informazione riguardante un uomo con il camice o la ricerca di un rimedio al singhiozzo. Non sono presenti eventi o relazioni spaziali che possano essere collegati alla domanda. Pertanto, nessun requisito necessario per rispondere alla domanda è stato recuperato."
gemma,video001,2,L'uomo con gli occhiali urla prima o dopo che l'uomo dietro il bancone esca?,temporale,T1,T1,1,uomo con gli occhiali; uomo dietro il bancone,evento A: l'uomo con gli occhiali urla; evento B: l'uomo dietro il bancone esce,"riconoscere i due eventi oppure l'evento e l'ancora temporale; localizzarli nella sequenza; determinare la relazione prima/dopo, primo/secondo, corrente/precedente o il momento richiesto",localizzazione rispetto a un'ancora temporale esplicita oppure ordinamento pairwise tra due eventi/stati direttamente identificabili,two_intervals,2,esplicita,alta,"[""temporale""]",50,30,20,25,insufficiente,"['Presenza di un uomo con occhiali identificato in vari segmenti.', 'Presenza di un uomo dietro il bancone identificato come commesso.']","[""Evento specifico in cui l'uomo con gli occhiali urla."", ""Evento specifico in cui l'uomo dietro il bancone esce."", ""Relazione temporale tra l'urlo e l'uscita.""]","Il modello ha identificato le entità principali, ma non ha recuperato gli eventi specifici richiesti (urlo e uscita) né la loro relazione temporale. Mancano quindi elementi fondamentali per rispondere alla domanda."
gemma,video001,3,Perché il signore con gli occhiali balbetta?,causale,C2,C2|T1,2,signore con gli occhiali,effetto da spiegare: il signore con gli occhiali balbetta; causa/antecedente: da identificare nell'evidenza disponibile,riconoscere l'effetto o comportamento da spiegare; recuperare il contesto pertinente; inferire la causa/intenzione/motivazione solo se supportata dalle evidenze; evitare di colmare lacune con conoscenza non presente nel video,"la risposta richiede almeno un passaggio inferenziale implicito su motivazione, intenzione, stato mentale, valutazione sociale, finalità procedurale o relazione causale non direttamente osservabile",two_intervals,2,implicita,moderata,"[""causale"", ""temporale""]",50,60,40,45,parziale,"['Presenza del signore con gli occhiali (e1) in diversi segmenti.', 'Evento di aggressione che coinvolge il signore con gli occhiali (segment_0006).']","['Non è esplicitamente indicato che il signore con gli occhiali balbetta.', 'Non è chiara la causa specifica per cui il signore con gli occhiali balbetta.', 'Mancanza di un contesto chiaro che spieghi il comportamento di balbettare.']","Il modello ha identificato il signore con gli occhiali e un evento di aggressione che potrebbe essere rilevante, ma non ha recuperato informazioni specifiche sul balbettare o sulle cause di tale comportamento. La rappresentazione manca di dettagli cruciali per inferire la motivazione o la causa del balbettare, risultando in una comprensione parziale."
gemma,video002,1,Dove si trova la moglie dell'uomo con gli occhiali?,spaziale,S0,S0,0,moglie dell'uomo con gli occhiali; uomo con gli occhiali; luogo in cui si trova la moglie,localizzazione della moglie dell'uomo con gli occhiali,identificare il referente target; recuperare una singola evidenza spaziale direttamente osservabile; restituire la localizzazione senza confronto tra fasi,recupero spaziale diretto da una singola evidenza stabile; nessun confronto temporale o ricostruzione di stato,single_frame,1,esplicita,nessuna,"[""spaziale""]",100,100,100,100,completa,"[""Identificazione dell'uomo con gli occhiali (e1) e della donna (e2) come moglie."", ""Relazione spaziale 'vicino a' tra l'uomo con gli occhiali e la donna in più segmenti."", ""Localizzazione della donna accanto all'uomo con gli occhiali in segmenti multipli.""]",[],"Il modello ha identificato correttamente tutte le entità richieste, inclusi l'uomo con gli occhiali e la donna, che è presumibilmente la moglie. Gli eventi e le relazioni spaziali sono stati recuperati con precisione, mostrando la donna accanto all'uomo in diversi segmenti. L'inferenza richiesta per determinare la posizione della moglie è supportata da evidenze chiare e dirette. Pertanto, la rappresentazione è completa e sufficiente per rispondere alla domanda."
gemma,video002,2,La donna bionda sbuffa prima o dopo che il telefono squilli?,temporale,T1,T1,1,donna bionda; telefono,evento A: la donna bionda sbuffa; evento B: il telefono squilla,"riconoscere i due eventi oppure l'evento e l'ancora temporale; localizzarli nella sequenza; determinare la relazione prima/dopo, primo/secondo, corrente/precedente o il momento richiesto",localizzazione rispetto a un'ancora temporale esplicita oppure ordinamento pairwise tra due eventi/stati direttamente identificabili,two_intervals,2,esplicita,alta,"[""temporale""]",0,0,0,0,insufficiente,[],"['Identificazione della donna bionda che sbuffa', 'Identificazione del telefono che squilla', 'Eventi specifici di sbuffo e squillo del telefono', 'Relazione temporale tra sbuffo e squillo del telefono']","La rappresentazione del modello non include alcuna informazione sugli eventi specifici richiesti dalla domanda, ovvero lo sbuffo della donna bionda e lo squillo del telefono. Senza questi eventi, non è possibile determinare la relazione temporale tra di essi. Pertanto, la comprensione è insufficiente."
gemma,video002,3,Perché l'uomo con gli occhiali fa degli strani versi al telefono e lo allontana dall'orecchio?,causale,C2,C2|T1,2,uomo con gli occhiali; telefono,effetto da spiegare: l'uomo fa strani versi e allontana il telefono dall'orecchio; causa/antecedente: da identificare nell'evidenza disponibile,riconoscere l'effetto o comportamento da spiegare; recuperare il contesto pertinente; inferire la causa/intenzione/motivazione solo se supportata dalle evidenze; evitare di colmare lacune con conoscenza non presente nel video,"la risposta richiede almeno un passaggio inferenziale implicito su motivazione, intenzione, stato mentale, valutazione sociale, finalità procedurale o relazione causale non direttamente osservabile",two_intervals,2,implicita,moderata,"[""causale"", ""temporale""]",50,30,20,30,insufficiente,"['uomo con gli occhiali identificato', 'telefono identificato', 'uomo parla al telefono']","['uomo fa strani versi', ""uomo allontana il telefono dall'orecchio"", ""causa o contesto che spiega il comportamento dell'uomo""]","La rappresentazione del modello identifica correttamente l'uomo con gli occhiali e il telefono, ma non recupera l'evento specifico in cui l'uomo fa strani versi e allontana il telefono dall'orecchio. Inoltre, manca completamente l'analisi del contesto o delle cause che potrebbero spiegare questo comportamento. Senza questi elementi, l'inferenza richiesta dalla domanda non può essere eseguita."
gemma,video003,1,"Quando l'uomo con la maglietta gialla dice: 'Ma chi c'ha messo qui?', dov'è il 'qui'?",spaziale,S1,S1|T0,1,uomo con la maglietta gialla; referente deittico «qui»,evento contestuale: l'uomo dice «Ma chi c'ha messo qui?»; localizzazione del referente di «qui»,"riconoscere l'evento o la relazione spaziale pertinente; allineare il referente all'intervallo locale; recuperare origine, destinazione, direzione, supporto o posizione richiesta",una relazione spaziale esplicita o una localizzazione condizionata da un singolo evento osservabile nello stesso intervallo locale,local_interval,2,parzialmente implicita,moderata,"[""spaziale"", ""temporale""]",50,30,20,30,insufficiente,['Presenza di un uomo con maglietta gialla (segment_0006)'],"[""Evento in cui l'uomo con la maglietta gialla dice 'Ma chi c'ha messo qui?'"", ""Localizzazione del referente deittico 'qui'"", 'Relazione spaziale esplicita o localizzazione condizionata da un evento osservabile']","La rappresentazione del modello identifica un uomo con una maglietta gialla, ma non recupera l'evento specifico in cui l'uomo pronuncia la frase 'Ma chi c'ha messo qui?'. Inoltre, manca la localizzazione del referente deittico 'qui', che è cruciale per rispondere alla domanda. Senza questi elementi, l'inferenza richiesta non può essere eseguita."
gemma,video003,2,La finestra del balcone viene chiusa prima o dopo che l'uomo urli 'barbone'?,temporale,T1,T1,1,finestra del balcone; uomo che urla «barbone»,evento A: la finestra del balcone viene chiusa; evento B: l'uomo urla «barbone»,"riconoscere i due eventi oppure l'evento e l'ancora temporale; localizzarli nella sequenza; determinare la relazione prima/dopo, primo/secondo, corrente/precedente o il momento richiesto",localizzazione rispetto a un'ancora temporale esplicita oppure ordinamento pairwise tra due eventi/stati direttamente identificabili,two_intervals,2,esplicita,alta,"[""temporale""]",0,0,0,0,insufficiente,[],"['Finestra del balcone', ""Uomo che urla 'barbone'"", 'Evento di chiusura della finestra del balcone', ""Evento dell'uomo che urla 'barbone'"", ""Relazione temporale tra la chiusura della finestra e l'urlo 'barbone'""]","La rappresentazione del modello non include alcuna informazione riguardante la finestra del balcone o l'uomo che urla 'barbone'. Non sono stati identificati né gli eventi specifici richiesti né la relazione temporale tra di essi. Pertanto, la comprensione è insufficiente per affrontare la domanda."
gemma,video003,3,Perché l'uomo con la maglietta gialla si preoccupa di cosa dirà allo zio?,causale,C2,C2|T1,2,uomo con la maglietta gialla; zio; contenuto di ciò che dovrà dire,effetto da spiegare: l'uomo si preoccupa di cosa dirà allo zio; causa/antecedente: da identificare nell'evidenza disponibile,riconoscere l'effetto o comportamento da spiegare; recuperare il contesto pertinente; inferire la causa/intenzione/motivazione solo se supportata dalle evidenze; evitare di colmare lacune con conoscenza non presente nel video,"la risposta richiede almeno un passaggio inferenziale implicito su motivazione, intenzione, stato mentale, valutazione sociale, finalità procedurale o relazione causale non direttamente osservabile",two_intervals,2,implicita,moderata,"[""causale"", ""temporale""]",50,20,10,20,insufficiente,"['Presenza di un uomo con maglietta gialla', 'Interazione tra persone in vari segmenti']","['Identificazione dello zio', ""Contenuto di ciò che l'uomo deve dire"", ""Preoccupazione dell'uomo con la maglietta gialla"", 'Causa della preoccupazione']","La rappresentazione del modello ha identificato l'uomo con la maglietta gialla, ma non ha recuperato informazioni sullo zio o sul contenuto di ciò che l'uomo deve dire. Non ci sono evidenze di preoccupazione o delle cause di tale preoccupazione. Mancano quindi elementi fondamentali per affrontare la domanda, rendendo la comprensione insufficiente."
gemma,video004,1,Dove si trova il cane quando viene dato il comando 'dietro'?,spaziale,S1,S1|T0,1,cane; persona che impartisce il comando; posizione associata a «dietro»,evento contestuale: viene dato il comando «dietro»; localizzazione del cane in quel momento,"riconoscere l'evento o la relazione spaziale pertinente; allineare il referente all'intervallo locale; recuperare origine, destinazione, direzione, supporto o posizione richiesta",una relazione spaziale esplicita o una localizzazione condizionata da un singolo evento osservabile nello stesso intervallo locale,local_interval,2,esplicita,moderata,"[""spaziale"", ""temporale""]",0,0,0,0,insufficiente,[],"[""Posizione del cane quando viene dato il comando 'dietro'."", ""Evento in cui viene dato il comando 'dietro'."", ""Relazione spaziale tra il cane e la persona al momento del comando 'dietro'."", ""Localizzazione del cane rispetto alla posizione 'dietro'.""]","La rappresentazione del modello non include alcuna informazione riguardante il comando 'dietro', né la posizione del cane in relazione a questo comando. Mancano completamente gli eventi e le relazioni spaziali necessarie per rispondere alla domanda."
gemma,video004,2,"Cosa viene ordinato prima al cane, 'due' o 'spin'?",temporale,T1,T1,1,cane; comando «due»; comando «spin»,evento A: viene impartito il comando «due»; evento B: viene impartito il comando «spin»,"riconoscere i due eventi oppure l'evento e l'ancora temporale; localizzarli nella sequenza; determinare la relazione prima/dopo, primo/secondo, corrente/precedente o il momento richiesto",localizzazione rispetto a un'ancora temporale esplicita oppure ordinamento pairwise tra due eventi/stati direttamente identificabili,two_intervals,2,esplicita,alta,"[""temporale""]",0,0,0,0,insufficiente,[],"[""Comando 'due' impartito al cane"", ""Comando 'spin' impartito al cane"", ""Ordine temporale tra i comandi 'due' e 'spin'""]","La rappresentazione del modello non include alcuna informazione sui comandi 'due' e 'spin' impartiti al cane, né sugli eventi associati a questi comandi. Di conseguenza, non è possibile determinare l'ordine temporale tra i due comandi, che è il requisito principale della domanda."
gemma,video004,3,Perché il padrone dice al cane 'incrocia bene'?,causale,C1,C1|T0,1,padrone; cane; posizione delle zampe o postura da incrociare,effetto da spiegare: il padrone dice al cane «incrocia bene»; causa/antecedente: da identificare nell'evidenza disponibile,riconoscere l'effetto; individuare un antecedente o stato direttamente osservabile/esplicitamente disponibile; verificare il nesso causale senza attribuire intenzioni o motivazioni non supportate,"nesso causa-effetto fisico, sistemico o comportamentale direttamente osservabile nello stesso intervallo locale",local_interval,1,esplicita,moderata,"[""causale"", ""temporale""]",50,30,20,25,insufficiente,"['Presenza del cane e della persona (padrone)', 'Cane che cammina, corre, si ferma, saluta, gioca, si rotola, si siede']","['Posizione delle zampe o postura da incrociare', ""Evento specifico in cui il padrone dice al cane 'incrocia bene'"", ""Causa o antecedente per cui il padrone dice 'incrocia bene'""]","La rappresentazione del modello include il cane e la persona, ma manca l'evento specifico in cui il padrone dice al cane 'incrocia bene'. Non è presente alcuna evidenza di una postura o posizione delle zampe che giustifichi il comando. Senza queste informazioni, non è possibile stabilire un nesso causale tra l'azione del cane e il comando del padrone."
gemma,video005,1,Dove viene inserito il beccuccio della lozione?,spaziale,S1,S1|T0,1,beccuccio della lozione; orecchio o condotto auricolare del cane; lozione,evento: inserimento del beccuccio della lozione; posizione anatomica di inserimento,"riconoscere l'evento o la relazione spaziale pertinente; allineare il referente all'intervallo locale; recuperare origine, destinazione, direzione, supporto o posizione richiesta",una relazione spaziale esplicita o una localizzazione condizionata da un singolo evento osservabile nello stesso intervallo locale,local_interval,1,esplicita,moderata,"[""spaziale"", ""temporale""]",50,40,30,35,parziale,"[""Entità 'persona' identificata come operatore."", ""Entità 'cane' identificata come paziente."", ""Entità 'flacone' identificata come strumento."", 'Evento di applicazione prodotto auricolare osservato.']","['Non è specificato il beccuccio della lozione.', 'Non è specificato il condotto auricolare del cane.', ""Non è chiaramente descritto l'inserimento del beccuccio nel condotto auricolare."", ""Manca una relazione spaziale esplicita tra il beccuccio e l'orecchio del cane.""]","La rappresentazione del modello include alcune entità e azioni rilevanti, come l'operatore, il cane e l'applicazione del prodotto auricolare. Tuttavia, manca l'identificazione specifica del beccuccio della lozione e la descrizione esplicita dell'inserimento nel condotto auricolare del cane. Inoltre, non è presente una relazione spaziale chiara tra il beccuccio e l'orecchio del cane, rendendo difficile inferire la posizione esatta dell'inserimento."
gemma,video005,2,Il massaggio viene fatto prima o dopo l'applicazione del detergente auricolare?,temporale,T1,T1,1,massaggio; detergente auricolare; orecchio del cane,evento A: viene effettuato il massaggio; evento B: viene fatto uscire il detergente auricolare,"riconoscere i due eventi oppure l'evento e l'ancora temporale; localizzarli nella sequenza; determinare la relazione prima/dopo, primo/secondo, corrente/precedente o il momento richiesto",localizzazione rispetto a un'ancora temporale esplicita oppure ordinamento pairwise tra due eventi/stati direttamente identificabili,two_intervals,2,esplicita,alta,"[""temporale""]",50,50,30,40,parziale,"['applicazione prodotto auricolare osservata nel segmento 0000', 'esame auricolare osservato nel segmento 0002']","['massaggio non identificato esplicitamente', 'relazione temporale tra massaggio e applicazione detergente non determinata']","Il modello ha identificato l'applicazione del prodotto auricolare e un esame auricolare, ma non ha identificato esplicitamente un massaggio. Inoltre, manca la determinazione della relazione temporale tra il massaggio e l'applicazione del detergente auricolare, che è cruciale per rispondere alla domanda. Pertanto, la comprensione è parziale."
gemma,video005,3,Perché il massaggio all'orecchio del cane produce un suono?,causale,C1,C1|T0,1,massaggio; orecchio del cane; detergente o liquido auricolare; suono prodotto,effetto da spiegare: il massaggio all'orecchio produce un suono; causa/antecedente: da identificare nell'evidenza disponibile,riconoscere l'effetto; individuare un antecedente o stato direttamente osservabile/esplicitamente disponibile; verificare il nesso causale senza attribuire intenzioni o motivazioni non supportate,"nesso causa-effetto fisico, sistemico o comportamentale direttamente osservabile nello stesso intervallo locale",local_interval,1,esplicita,moderata,"[""causale"", ""temporale""]",50,40,30,35,parziale,"['persona (operatore)', 'cane (paziente)', 'flacone (strumento)', 'applicazione prodotto auricolare', 'manipolazione orecchio']","['suono prodotto', 'nesso causale tra massaggio e suono']","Il modello ha identificato alcune entità e azioni rilevanti, come l'applicazione di un prodotto auricolare e la manipolazione dell'orecchio del cane. Tuttavia, manca l'informazione cruciale sul suono prodotto e il nesso causale tra il massaggio e il suono. Senza queste informazioni, la comprensione è limitata e non sufficiente per affrontare la domanda in modo completo."
gemma,video006,1,Dove parla il ragazzo che dice 'pizza'?,spaziale,S1,S1|T0,1,ragazzo che dice «pizza»; luogo in cui parla,evento: il ragazzo pronuncia «pizza»; localizzazione del ragazzo durante l'enunciato,"riconoscere l'evento o la relazione spaziale pertinente; allineare il referente all'intervallo locale; recuperare origine, destinazione, direzione, supporto o posizione richiesta",una relazione spaziale esplicita o una localizzazione condizionata da un singolo evento osservabile nello stesso intervallo locale,local_interval,1,esplicita,moderata,"[""spaziale"", ""temporale""]",0,0,0,0,insufficiente,[],"[""Identificazione del ragazzo che dice 'pizza'."", ""Localizzazione del ragazzo durante l'enunciato 'pizza'."", ""Evento specifico in cui il ragazzo pronuncia 'pizza'."", ""Relazione spaziale esplicita o localizzazione condizionata dall'evento.""]","La rappresentazione del modello non include alcuna informazione riguardante il ragazzo che dice 'pizza', né il luogo in cui avviene l'enunciato. Mancano completamente le entità e gli eventi specifici richiesti per rispondere alla domanda, rendendo impossibile qualsiasi inferenza spaziale o temporale pertinente."
gemma,video006,2,"Chi saluta per primo, l'uomo con la maglia bianca o quello con la maglia verde?",temporale,T1,T1,1,uomo con la maglia bianca; uomo con la maglia verde,evento A: l'uomo con la maglia bianca saluta; evento B: l'uomo con la maglia verde saluta,"riconoscere i due eventi oppure l'evento e l'ancora temporale; localizzarli nella sequenza; determinare la relazione prima/dopo, primo/secondo, corrente/precedente o il momento richiesto",localizzazione rispetto a un'ancora temporale esplicita oppure ordinamento pairwise tra due eventi/stati direttamente identificabili,two_intervals,2,esplicita,alta,"[""temporale""]",0,0,0,0,insufficiente,[],"[""Identificazione dell'uomo con la maglia bianca"", ""Identificazione dell'uomo con la maglia verde"", ""Evento di saluto dell'uomo con la maglia bianca"", ""Evento di saluto dell'uomo con la maglia verde"", 'Relazione temporale tra i due eventi di saluto']","La rappresentazione del modello non include alcuna informazione sugli eventi di saluto o sull'identificazione degli uomini con le maglie bianca e verde. Mancano completamente le entità e gli eventi necessari per determinare chi saluta per primo. Pertanto, la comprensione è insufficiente."
gemma,video006,3,Perché l'uomo decide di non pagare il ragazzo?,causale,C2,C2|T1,2,uomo che dovrebbe pagare; ragazzo; pagamento,effetto da spiegare: l'uomo decide di non pagare il ragazzo; causa/antecedente: da identificare nell'evidenza disponibile,riconoscere l'effetto o comportamento da spiegare; recuperare il contesto pertinente; inferire la causa/intenzione/motivazione solo se supportata dalle evidenze; evitare di colmare lacune con conoscenza non presente nel video,"la risposta richiede almeno un passaggio inferenziale implicito su motivazione, intenzione, stato mentale, valutazione sociale, finalità procedurale o relazione causale non direttamente osservabile",two_intervals,2,implicita,moderata,"[""causale"", ""temporale""]",0,0,0,0,insufficiente,[],"[""Identificazione dell'uomo che dovrebbe pagare"", 'Identificazione del ragazzo', 'Evento di decisione di non pagare', 'Causa o antecedente della decisione di non pagare', 'Contesto pertinente alla decisione di non pagare']","La rappresentazione del modello non recupera alcuna delle entità o eventi necessari per rispondere alla domanda. Non sono identificati né l'uomo né il ragazzo, né è presente l'evento della decisione di non pagare. Mancano completamente le informazioni sul contesto e le cause della decisione, rendendo impossibile qualsiasi inferenza causale richiesta dalla domanda."
gemma,video007,1,Dove si trova Anastasia quando inizia a piangere?,spaziale,S1,S1|T0,1,Anastasia; luogo in cui si trova,evento contestuale: Anastasia inizia a piangere; localizzazione di Anastasia in quel momento,"riconoscere l'evento o la relazione spaziale pertinente; allineare il referente all'intervallo locale; recuperare origine, destinazione, direzione, supporto o posizione richiesta",una relazione spaziale esplicita o una localizzazione condizionata da un singolo evento osservabile nello stesso intervallo locale,local_interval,2,esplicita,moderata,"[""spaziale"", ""temporale""]",0,0,0,0,insufficiente,[],"['Anastasia inizia a piangere', 'Localizzazione di Anastasia quando inizia a piangere']","La rappresentazione del modello non include alcuna informazione riguardante Anastasia che inizia a piangere, né la sua localizzazione in quel momento. Mancano completamente gli eventi e le relazioni spaziali necessarie per rispondere alla domanda."
gemma,video007,2,La bambina ride prima o dopo essere caduta?,temporale,T1,T1,1,bambina; caduta,evento A: la bambina ride; evento B: la bambina cade,"riconoscere i due eventi oppure l'evento e l'ancora temporale; localizzarli nella sequenza; determinare la relazione prima/dopo, primo/secondo, corrente/precedente o il momento richiesto",localizzazione rispetto a un'ancora temporale esplicita oppure ordinamento pairwise tra due eventi/stati direttamente identificabili,two_intervals,2,esplicita,alta,"[""temporale""]",50,30,20,25,insufficiente,"['La bambina è identificata come entità.', 'La bambina sorride nel segmento 0000.']","['Evento della caduta della bambina non identificato.', 'Relazione temporale tra il ridere e la caduta non determinata.']","Il modello ha identificato la bambina e il suo sorriso, ma non ha rilevato l'evento della caduta, né ha stabilito una relazione temporale tra il ridere e la caduta. Mancano quindi elementi fondamentali per rispondere alla domanda."
gemma,video007,3,Perché Anastasia piange?,causale,C1,C1|T1,1,Anastasia,effetto da spiegare: Anastasia piange; causa/antecedente: da identificare nell'evidenza disponibile,riconoscere l'effetto; individuare un antecedente o stato direttamente osservabile/esplicitamente disponibile; verificare il nesso causale senza attribuire intenzioni o motivazioni non supportate,"collegamento causale diretto tra un antecedente esplicito e una conseguenza esplicita, con al massimo due unità di evidenza",two_intervals,2,parzialmente implicita,moderata,"[""causale"", ""temporale""]",50,50,20,30,insufficiente,"['Anastasia è presente in vari segmenti del video.', 'Anastasia interagisce con il letto e corre.']","['Anastasia piange.', 'Causa o antecedente del pianto di Anastasia.', 'Nesso causale tra un evento e il pianto di Anastasia.']","La rappresentazione del modello identifica Anastasia e alcune sue azioni, come interagire con il letto e correre. Tuttavia, manca completamente l'evento del pianto di Anastasia e qualsiasi causa o antecedente che possa spiegare tale comportamento. Senza queste informazioni, non è possibile stabilire un nesso causale per rispondere alla domanda. Pertanto, la comprensione è insufficiente."
gemma,video008,1,Dove mette 'spesa proletaria' l'uomo con la fascia rossa?,spaziale,S1,S1|T0,1,uomo con la fascia rossa; oggetto o denaro chiamato «spesa proletaria»,evento: l'uomo mette la «spesa proletaria» in un luogo; localizzazione della destinazione,"riconoscere l'evento o la relazione spaziale pertinente; allineare il referente all'intervallo locale; recuperare origine, destinazione, direzione, supporto o posizione richiesta",una relazione spaziale esplicita o una localizzazione condizionata da un singolo evento osservabile nello stesso intervallo locale,local_interval,1,esplicita,moderata,"[""spaziale"", ""temporale""]",0,0,0,0,insufficiente,[],"['uomo con la fascia rossa', 'oggetto o denaro chiamato «spesa proletaria»', ""evento in cui l'uomo mette la «spesa proletaria» in un luogo"", 'localizzazione della destinazione della «spesa proletaria»']","La rappresentazione del modello non recupera alcuna informazione riguardante l'uomo con la fascia rossa o l'oggetto chiamato «spesa proletaria». Non ci sono eventi o azioni che descrivono l'uomo che mette qualcosa in un luogo specifico. Mancano completamente le entità e gli eventi necessari per rispondere alla domanda, rendendo la comprensione insufficiente."
gemma,video008,2,La donna con il grembiule rosso arriva prima o dopo che l'uomo con il gilet nero spieghi il piano di fuga all'uomo col completo?,temporale,T1,T1,1,donna con il grembiule rosso; uomo con il gilet nero; uomo con il completo; piano di fuga,evento A: la donna con il grembiule rosso arriva; evento B: l'uomo con il gilet nero spiega il piano di fuga all'uomo col completo,"riconoscere i due eventi oppure l'evento e l'ancora temporale; localizzarli nella sequenza; determinare la relazione prima/dopo, primo/secondo, corrente/precedente o il momento richiesto",localizzazione rispetto a un'ancora temporale esplicita oppure ordinamento pairwise tra due eventi/stati direttamente identificabili,two_intervals,2,esplicita,alta,"[""temporale""]",0,0,0,0,insufficiente,[],"['donna con il grembiule rosso', 'uomo con il gilet nero', 'uomo con il completo', 'piano di fuga', 'evento A: la donna con il grembiule rosso arriva', ""evento B: l'uomo con il gilet nero spiega il piano di fuga all'uomo col completo""]","La rappresentazione del modello non recupera nessuna delle entità o degli eventi richiesti dalla domanda. Non ci sono riferimenti alla donna con il grembiule rosso, all'uomo con il gilet nero, all'uomo con il completo, né al piano di fuga. Di conseguenza, non è possibile determinare la relazione temporale tra gli eventi richiesti. La comprensione è insufficiente."
gemma,video008,3,Perché l'uomo con il completo grigio è preoccupato di finire 'elemosinaro'?,causale,C2,C2|T1,2,uomo con completo grigio; condizione di «elemosinaro»,effetto da spiegare: l'uomo teme di finire «elemosinaro»; causa/antecedente: da identificare nell'evidenza disponibile,riconoscere l'effetto o comportamento da spiegare; recuperare il contesto pertinente; inferire la causa/intenzione/motivazione solo se supportata dalle evidenze; evitare di colmare lacune con conoscenza non presente nel video,"la risposta richiede almeno un passaggio inferenziale implicito su motivazione, intenzione, stato mentale, valutazione sociale, finalità procedurale o relazione causale non direttamente osservabile",two_intervals,2,implicita,moderata,"[""causale"", ""temporale""]",50,30,20,30,insufficiente,"['uomo con completo grigio identificato in vari segmenti', ""conversazioni tra l'uomo con il completo grigio e altri personaggi""]","[""motivazione o contesto che spiega la preoccupazione dell'uomo di finire 'elemosinaro'"", ""nessuna evidenza di una condizione di 'elemosinaro'"", 'nessuna inferenza chiara sulla causa della preoccupazione']","Il modello ha identificato l'uomo con il completo grigio e alcune interazioni, ma manca completamente il contesto o la motivazione che spiega la sua preoccupazione di finire 'elemosinaro'. Non ci sono evidenze o inferenze che supportino la comprensione della causa di questa preoccupazione. Pertanto, la rappresentazione è insufficiente per affrontare la domanda."
gemma,video009,1,Dove mette i 100 dollari l'uomo col cappello peloso?,spaziale,S1,S1|T0,1,uomo col cappello peloso; 100 dollari,evento: l'uomo mette i 100 dollari in un luogo; localizzazione della destinazione,"riconoscere l'evento o la relazione spaziale pertinente; allineare il referente all'intervallo locale; recuperare origine, destinazione, direzione, supporto o posizione richiesta",una relazione spaziale esplicita o una localizzazione condizionata da un singolo evento osservabile nello stesso intervallo locale,local_interval,1,esplicita,moderata,"[""spaziale"", ""temporale""]",0,0,0,0,insufficiente,[],"[""Identificazione dell'uomo col cappello peloso"", 'Presenza dei 100 dollari', 'Evento di mettere i 100 dollari in un luogo specifico', 'Localizzazione della destinazione dei 100 dollari']","La rappresentazione del modello non recupera alcuna delle informazioni necessarie per rispondere alla domanda. Non viene identificato l'uomo col cappello peloso, non ci sono riferimenti ai 100 dollari, né all'azione di metterli in un luogo specifico. Mancano completamente le informazioni spaziali e temporali richieste per l'inferenza."
gemma,video009,2,L'uomo con il cappello peloso viene scambiato per omosessuale prima o dopo aver chiesto il cambio di camera?,temporale,T1,T1,1,uomo col cappello peloso; camera o richiesta di cambio,evento A: l'uomo viene scambiato per omosessuale; evento B: l'uomo chiede il cambio di camera,"riconoscere i due eventi oppure l'evento e l'ancora temporale; localizzarli nella sequenza; determinare la relazione prima/dopo, primo/secondo, corrente/precedente o il momento richiesto",localizzazione rispetto a un'ancora temporale esplicita oppure ordinamento pairwise tra due eventi/stati direttamente identificabili,two_intervals,2,esplicita,alta,"[""temporale""]",50,30,20,30,parziale,"['Presenza di un uomo con cappello di pelliccia e sciarpa a quadri', 'Conversazioni tra uomini in vari segmenti']","[""Evento specifico in cui l'uomo viene scambiato per omosessuale"", ""Evento specifico in cui l'uomo chiede il cambio di camera"", 'Relazione temporale tra i due eventi richiesti']","La rappresentazione del modello identifica l'uomo con il cappello di pelliccia e alcune interazioni tra personaggi, ma non recupera gli eventi specifici richiesti dalla domanda, né la relazione temporale tra di essi. Mancano quindi elementi fondamentali per determinare l'ordine degli eventi richiesti."
gemma,video009,3,Perché l'uomo con il cappello peloso urla 'a me non piacciono gli uomini'?,causale,C1,C1|T1,1,uomo col cappello peloso; uomini a cui fa riferimento,effetto da spiegare: l'uomo urla «a me non piacciono gli uomini»; causa/antecedente: da identificare nell'evidenza disponibile,riconoscere l'effetto; individuare un antecedente o stato direttamente osservabile/esplicitamente disponibile; verificare il nesso causale senza attribuire intenzioni o motivazioni non supportate,"collegamento causale diretto tra un antecedente esplicito e una conseguenza esplicita, con al massimo due unità di evidenza",two_intervals,2,parzialmente implicita,moderata,"[""causale"", ""temporale""]",50,30,20,25,insufficiente,"['uomo con cappello di pelliccia identificato', 'uomo con cappello con logo identificato', 'conversazione tra uomini osservata']","[""urlo 'a me non piacciono gli uomini' non osservato"", ""nessun antecedente chiaro per l'urlo identificato"", 'nessuna relazione causale tra eventi e urlo identificata']","La rappresentazione del modello identifica alcune entità come l'uomo con il cappello di pelliccia e la presenza di conversazioni tra uomini, ma manca completamente l'evento specifico dell'urlo e qualsiasi antecedente che possa spiegare il motivo dell'urlo. Non è stata stabilita alcuna relazione causale tra gli eventi osservati e l'urlo, rendendo impossibile rispondere alla domanda."
gemma,video010,1,Da dove scende l'acqua?,spaziale,S1,S1|T0,1,acqua; punto o struttura da cui scende,evento: l'acqua scende; localizzazione del punto di origine,"riconoscere l'evento o la relazione spaziale pertinente; allineare il referente all'intervallo locale; recuperare origine, destinazione, direzione, supporto o posizione richiesta",una relazione spaziale esplicita o una localizzazione condizionata da un singolo evento osservabile nello stesso intervallo locale,local_interval,1,esplicita,moderata,"[""spaziale"", ""temporale""]",100,100,100,100,completa,"[""L'acqua è identificata come pioggia."", 'La pioggia cade attraverso il tetto danneggiato.', 'Il tetto è identificato come danneggiato e con buchi.']",[],"Tutti i requisiti della domanda sono stati completamente recuperati. L'entità dell'acqua è chiaramente identificata come pioggia. L'evento della pioggia che scende attraverso il tetto danneggiato è esplicitamente descritto, e la relazione spaziale tra la pioggia e il tetto è chiaramente stabilita. Non ci sono lacune o incertezze nella rappresentazione del modello."
gemma,video010,2,I familiari dei pazienti denunciano i danni all'ospedale prima o dopo che piova?,temporale,T1,T1,1,familiari dei pazienti; danni all'ospedale,evento A: i familiari denunciano i danni all'ospedale; evento B: piove,"riconoscere i due eventi oppure l'evento e l'ancora temporale; localizzarli nella sequenza; determinare la relazione prima/dopo, primo/secondo, corrente/precedente o il momento richiesto",localizzazione rispetto a un'ancora temporale esplicita oppure ordinamento pairwise tra due eventi/stati direttamente identificabili,two_intervals,2,esplicita,alta,"[""temporale""]",0,50,0,20,insufficiente,['Evento B: pioggia osservata in diversi segmenti del video.'],"[""Evento A: denuncia dei danni all'ospedale da parte dei familiari dei pazienti."", 'Relazione temporale tra la denuncia dei danni e la pioggia.']","Il modello ha identificato l'evento della pioggia, ma non ha recuperato l'evento della denuncia dei danni all'ospedale da parte dei familiari dei pazienti. Senza entrambi gli eventi, non è possibile determinare la relazione temporale richiesta dalla domanda. Pertanto, la comprensione è insufficiente."
gemma,video010,3,Perché i pazienti e i familiari sono arrabbiati?,causale,C2,C2|T1,2,pazienti; familiari; ospedale; danni o condizioni problematiche,effetto da spiegare: pazienti e familiari sono arrabbiati; causa/antecedente: da identificare nell'evidenza disponibile,riconoscere l'effetto o comportamento da spiegare; recuperare il contesto pertinente; inferire la causa/intenzione/motivazione solo se supportata dalle evidenze; evitare di colmare lacune con conoscenza non presente nel video,"la risposta richiede almeno un passaggio inferenziale implicito su motivazione, intenzione, stato mentale, valutazione sociale, finalità procedurale o relazione causale non direttamente osservabile",two_intervals,2,implicita,moderata,"[""causale"", ""temporale""]",50,70,60,55,parziale,"[""pioggia all'interno del reparto infettivi"", 'danneggiamento del tetto', 'crollo del soffitto']","['pazienti e familiari', 'reazione di rabbia dei pazienti e familiari', 'contesto sociale o emotivo dei pazienti e familiari']","Il modello ha identificato eventi chiave come la pioggia all'interno dell'edificio e il crollo del soffitto, che potrebbero spiegare la rabbia dei pazienti e familiari. Tuttavia, non ha recuperato informazioni dirette sui pazienti e familiari stessi, né ha evidenziato la loro reazione di rabbia. Mancano anche dettagli sul contesto sociale o emotivo che potrebbero supportare l'inferenza richiesta. La comprensione è quindi parziale, con una buona base di eventi ma carente nelle entità e nel contesto emotivo necessario."
gemma,video011,1,Dove si trova il cellulare?,spaziale,S0,S0,0,cellulare; luogo o superficie in cui si trova,localizzazione del cellulare,identificare il referente target; recuperare una singola evidenza spaziale direttamente osservabile; restituire la localizzazione senza confronto tra fasi,recupero spaziale diretto da una singola evidenza stabile; nessun confronto temporale o ricostruzione di stato,single_frame,1,esplicita,nessuna,"[""spaziale""]",100,100,100,100,completa,"['Il telefono è tenuto in mano da una persona con capelli ricci, maglietta verde e jeans blu.', 'La persona tiene il telefono in mano per tutta la durata del video.']",[],"Il modello ha identificato correttamente il cellulare e la sua localizzazione, ovvero in mano alla persona con capelli ricci e maglietta verde. Non ci sono lacune nelle informazioni necessarie per rispondere alla domanda, poiché la posizione del cellulare è stata chiaramente osservata e descritta. Pertanto, la rappresentazione è completa."
gemma,video011,2,La figlia si arrabbia prima o dopo aver chiamato il padre?,temporale,T1,T1,1,figlia; padre,evento A: la figlia si arrabbia; evento B: la figlia chiama il padre,"riconoscere i due eventi oppure l'evento e l'ancora temporale; localizzarli nella sequenza; determinare la relazione prima/dopo, primo/secondo, corrente/precedente o il momento richiesto",localizzazione rispetto a un'ancora temporale esplicita oppure ordinamento pairwise tra due eventi/stati direttamente identificabili,two_intervals,2,esplicita,alta,"[""temporale""]",50,20,10,20,insufficiente,"['Una persona tiene in mano un telefono e parla (segment_0001).', 'Conversazione tra due persone (segment_0002).']","['Identificazione chiara della figlia e del padre.', 'Evento specifico in cui la figlia si arrabbia.', 'Evento specifico in cui la figlia chiama il padre.', ""Relazione temporale tra l'arrabbiarsi e il chiamare.""]","La rappresentazione del modello non identifica chiaramente le entità come 'figlia' e 'padre', né gli eventi specifici di arrabbiarsi e chiamare. Mancano le informazioni necessarie per determinare la relazione temporale tra questi eventi, rendendo impossibile rispondere alla domanda."
gemma,video011,3,Perché la figlia dice al padre 'scandaloso'?,causale,C2,C2|T1,2,figlia; padre; comportamento giudicato «scandaloso»,effetto da spiegare: la figlia dice al padre «scandaloso»; causa/antecedente: da identificare nell'evidenza disponibile,riconoscere l'effetto o comportamento da spiegare; recuperare il contesto pertinente; inferire la causa/intenzione/motivazione solo se supportata dalle evidenze; evitare di colmare lacune con conoscenza non presente nel video,"la risposta richiede almeno un passaggio inferenziale implicito su motivazione, intenzione, stato mentale, valutazione sociale, finalità procedurale o relazione causale non direttamente osservabile",two_intervals,2,implicita,moderata,"[""causale"", ""temporale""]",30,20,10,25,insufficiente,"['Presenza di una persona con capelli ricci e maglietta verde che tiene un telefono.', 'Interazione tra due persone, una delle quali potrebbe essere la figlia.']","['Identificazione chiara della figlia e del padre.', ""Comportamento specifico giudicato 'scandaloso'."", ""Motivazione o contesto per cui la figlia dice 'scandaloso'."", ""Eventi o azioni che portano alla dichiarazione 'scandaloso'."", 'Relazione causale tra un comportamento e la reazione della figlia.']","La rappresentazione del modello non identifica chiaramente le entità come 'figlia' e 'padre', né fornisce un contesto o un comportamento specifico che possa essere giudicato 'scandaloso'. Mancano eventi chiave e relazioni causali necessarie per inferire la motivazione dietro la dichiarazione della figlia."
gemma,video012,1,Dove viene applicato l'ombretto dorato?,spaziale,S1,S1|T0,1,ombretto dorato; parte del volto o della palpebra; applicatrice,evento: applicazione dell'ombretto dorato; localizzazione della zona di applicazione,"riconoscere l'evento o la relazione spaziale pertinente; allineare il referente all'intervallo locale; recuperare origine, destinazione, direzione, supporto o posizione richiesta",una relazione spaziale esplicita o una localizzazione condizionata da un singolo evento osservabile nello stesso intervallo locale,local_interval,1,esplicita,moderata,"[""spaziale"", ""temporale""]",50,60,40,45,parziale,"[""Presenza di una persona che applica un prodotto sull'occhio (segment_0007)."", 'Evento di applicazione di un prodotto (segment_0007).']","[""Identificazione specifica dell'ombretto dorato."", ""Localizzazione precisa della parte del volto o della palpebra dove viene applicato l'ombretto dorato."", ""Riconoscimento esplicito dell'applicatrice come entità separata.""]","Il modello ha identificato l'evento di applicazione di un prodotto sull'occhio, ma non ha specificato che si tratta di ombretto dorato né ha localizzato precisamente la parte del volto. Mancano dettagli cruciali per determinare esattamente dove viene applicato l'ombretto dorato, limitando la comprensione complessiva."
gemma,video012,2,La base viene stesa prima o dopo l'ombretto sulla palpebra?,temporale,T1,T1,1,base per il trucco; ombretto; palpebra,evento A: viene stesa la base; evento B: viene applicato l'ombretto sulla palpebra,"riconoscere i due eventi oppure l'evento e l'ancora temporale; localizzarli nella sequenza; determinare la relazione prima/dopo, primo/secondo, corrente/precedente o il momento richiesto",localizzazione rispetto a un'ancora temporale esplicita oppure ordinamento pairwise tra due eventi/stati direttamente identificabili,two_intervals,2,esplicita,alta,"[""temporale""]",50,70,40,45,parziale,"['Applicazione di ombretto identificata nel segmento 0005.', 'Azione di applicare un prodotto sul párpalo nel segmento 0004.']","['Identificazione chiara della base per il trucco.', ""Sequenza temporale chiara tra l'applicazione della base e dell'ombretto.""]","Il modello ha identificato l'applicazione dell'ombretto, ma manca l'identificazione chiara della base per il trucco e la sequenza temporale tra i due eventi. Senza queste informazioni, non è possibile determinare se la base viene stesa prima o dopo l'ombretto. La comprensione è quindi parziale."
gemma,video012,3,Perché la donna decide di non partire dal fondotinta?,causale,C2,C2|T1,2,donna che si trucca; fondotinta,effetto da spiegare: la donna decide di non iniziare dal fondotinta; causa/antecedente: da identificare nell'evidenza disponibile,riconoscere l'effetto o comportamento da spiegare; recuperare il contesto pertinente; inferire la causa/intenzione/motivazione solo se supportata dalle evidenze; evitare di colmare lacune con conoscenza non presente nel video,"la risposta richiede almeno un passaggio inferenziale implicito su motivazione, intenzione, stato mentale, valutazione sociale, finalità procedurale o relazione causale non direttamente osservabile",two_intervals,2,implicita,moderata,"[""causale"", ""temporale""]",50,40,20,30,parziale,"['Presenza di una persona che manipola prodotti cosmetici.', 'Applicazione di ombretto con un pennello.']","['Identificazione chiara della donna che si trucca.', 'Presenza e utilizzo del fondotinta.', 'Decisione di non partire dal fondotinta.', 'Motivazione o causa della scelta di non partire dal fondotinta.']","Il modello ha identificato la presenza di una persona che manipola prodotti cosmetici e applica ombretto, ma non ha recuperato informazioni specifiche sul fondotinta o sulla decisione di non utilizzarlo. Mancano elementi chiave per inferire la motivazione della scelta, rendendo la comprensione complessiva parziale."
gemma,video013,1,Dove vengono aggiunti i due cucchiai in più di farina?,spaziale,S1,S1|T0,1,due cucchiai aggiuntivi di farina; donna che cucina,evento: aggiunta di due cucchiai di farina; localizzazione del recipiente di destinazione,"riconoscere l'evento o la relazione spaziale pertinente; allineare il referente all'intervallo locale; recuperare origine, destinazione, direzione, supporto o posizione richiesta",una relazione spaziale esplicita o una localizzazione condizionata da un singolo evento osservabile nello stesso intervallo locale,local_interval,1,esplicita,moderata,"[""spaziale"", ""temporale""]",50,50,40,45,parziale,"['Aggiunta di farina osservata nel segmento 0010 e 0011.', 'Presenza di una persona che manipola gli ingredienti.']","[""Specificazione di 'due cucchiai' di farina."", 'Localizzazione precisa del recipiente di destinazione per i due cucchiai di farina.', 'Relazione spaziale esplicita tra farina e recipiente specifico.']","La rappresentazione del modello include l'aggiunta di farina e la presenza di una persona che manipola gli ingredienti, ma manca la specificazione di 'due cucchiai' di farina e la localizzazione precisa del recipiente di destinazione. Inoltre, non è presente una relazione spaziale esplicita tra la farina e un recipiente specifico. Queste mancanze impediscono di rispondere completamente alla domanda."
gemma,video013,2,La donna parla dello zucchero di canna prima o dopo aver rotto le uova?,temporale,T1,T1,1,donna; zucchero di canna; uova,evento A: la donna parla dello zucchero di canna; evento B: la donna rompe le uova,"riconoscere i due eventi oppure l'evento e l'ancora temporale; localizzarli nella sequenza; determinare la relazione prima/dopo, primo/secondo, corrente/precedente o il momento richiesto",localizzazione rispetto a un'ancora temporale esplicita oppure ordinamento pairwise tra due eventi/stati direttamente identificabili,two_intervals,2,esplicita,alta,"[""temporale""]",50,30,20,25,insufficiente,"['Presenza di una persona che manipola uova e zucchero.', 'Azione di aggiungere uova e zucchero.']","['Identificazione esplicita della donna come parlante.', 'Evento specifico in cui la donna parla dello zucchero di canna.', 'Evento specifico in cui la donna rompe le uova.', 'Relazione temporale tra il parlare dello zucchero di canna e il rompere le uova.']",La rappresentazione del modello non include informazioni esplicite su quando la donna parla dello zucchero di canna o rompe le uova. Mancano eventi chiave e la relazione temporale richiesta per rispondere alla domanda.
gemma,video013,3,Perché la farina viene messa dopo lo zucchero?,causale,C2,C2|T1,2,farina; zucchero,effetto da spiegare: la farina viene aggiunta dopo lo zucchero; causa/antecedente: da identificare nell'evidenza disponibile,riconoscere l'effetto o comportamento da spiegare; recuperare il contesto pertinente; inferire la causa/intenzione/motivazione solo se supportata dalle evidenze; evitare di colmare lacune con conoscenza non presente nel video,"la risposta richiede almeno un passaggio inferenziale implicito su motivazione, intenzione, stato mentale, valutazione sociale, finalità procedurale o relazione causale non direttamente osservabile",two_intervals,2,implicita,moderata,"[""causale"", ""temporale""]",50,60,30,40,parziale,"['Aggiunta di zucchero osservata in segment_0001 e segment_0002.', 'Aggiunta di farina osservata in segment_0008 e segment_0009.']","['Motivazione o causa per cui la farina viene aggiunta dopo lo zucchero.', ""Contesto procedurale o intenzionale che spieghi l'ordine degli ingredienti.""]","Il modello ha identificato correttamente l'aggiunta di zucchero e farina, ma manca la motivazione o la causa per cui la farina viene aggiunta dopo lo zucchero. Senza questa informazione, l'inferenza richiesta dalla domanda non può essere completata."
gemma,video014,1,Dove va messa la piantina?,spaziale,S1,S1|T0,1,piantina; terreno o buca di trapianto; uomo che esegue il trapianto,evento: collocazione della piantina; localizzazione del punto di trapianto,"riconoscere l'evento o la relazione spaziale pertinente; allineare il referente all'intervallo locale; recuperare origine, destinazione, direzione, supporto o posizione richiesta",una relazione spaziale esplicita o una localizzazione condizionata da un singolo evento osservabile nello stesso intervallo locale,local_interval,1,esplicita,moderata,"[""spaziale"", ""temporale""]",80,70,75,75,sufficiente,"['Presenza di persona, pianta e terreno.', 'Manipolazione della pianta e del terreno.', 'Inserimento della pianta nel terreno.']",['Localizzazione specifica del punto di trapianto.'],"Il modello ha identificato correttamente le entità principali come la pianta, la persona e il terreno, e ha riconosciuto l'evento di inserimento della pianta nel terreno. Tuttavia, manca una localizzazione specifica del punto di trapianto, che è un elemento chiave per rispondere alla domanda. L'inferenza sulla relazione spaziale è parzialmente supportata, ma non completamente esplicita. Complessivamente, la rappresentazione è sufficiente per affrontare la domanda, ma con alcune lacune."
gemma,video014,2,L'uomo trova l'animale trasparente prima o dopo aver piantato la lattuga?,temporale,T1,T1,1,uomo; animale trasparente; lattuga,evento A: l'uomo trova l'animale trasparente; evento B: l'uomo pianta la lattuga,"riconoscere i due eventi oppure l'evento e l'ancora temporale; localizzarli nella sequenza; determinare la relazione prima/dopo, primo/secondo, corrente/precedente o il momento richiesto",localizzazione rispetto a un'ancora temporale esplicita oppure ordinamento pairwise tra due eventi/stati direttamente identificabili,two_intervals,2,esplicita,alta,"[""temporale""]",0,0,0,0,insufficiente,[],"[""Presenza dell'animale trasparente"", ""Evento in cui l'uomo trova l'animale trasparente"", ""Evento in cui l'uomo pianta la lattuga"", ""Relazione temporale tra il trovare l'animale trasparente e piantare la lattuga""]","La rappresentazione del modello non include alcuna informazione sull'animale trasparente o sull'evento in cui l'uomo lo trova. Inoltre, non è presente alcun riferimento alla piantagione di lattuga o alla relazione temporale tra questi eventi. Pertanto, nessuno dei requisiti necessari per rispondere alla domanda è stato recuperato."
gemma,video014,3,Perché la tecnica di trapiantare solo due dita va bene sulla piantina mostrata?,causale,C2,C2|T1,2,tecnica di trapianto a due dita; piantina; apparato radicale o dimensioni della pianta,effetto da spiegare: la tecnica a due dita è adatta alla piantina; causa/antecedente: da identificare nell'evidenza disponibile,riconoscere l'effetto o comportamento da spiegare; recuperare il contesto pertinente; inferire la causa/intenzione/motivazione solo se supportata dalle evidenze; evitare di colmare lacune con conoscenza non presente nel video,"la risposta richiede almeno un passaggio inferenziale implicito su motivazione, intenzione, stato mentale, valutazione sociale, finalità procedurale o relazione causale non direttamente osservabile",two_intervals,2,implicita,moderata,"[""causale"", ""temporale""]",50,40,30,35,parziale,"['Presenza di una pianta piccola con foglie verdi e radici.', 'Manipolazione della pianta e del terreno da parte di una persona.']","['Dettagli sulla tecnica di trapianto a due dita.', ""Informazioni specifiche sull'apparato radicale o dimensioni della pianta che giustificano la tecnica."", 'Causa o motivazione per cui la tecnica a due dita è adatta alla piantina.']","La rappresentazione del modello include alcune entità rilevanti come la pianta e la sua manipolazione, ma manca di dettagli specifici sulla tecnica di trapianto a due dita e sulle caratteristiche della pianta che giustificherebbero l'uso di tale tecnica. Inoltre, non è presente un'inferenza chiara che spieghi perché la tecnica sia adatta, lasciando un vuoto nella comprensione causale richiesta dalla domanda."
gemma,video015,1,Dove fanno esercizi le ginnaste dell'Eterea?,spaziale,S0,S0,0,ginnaste dell'Eterea,evento: le ginnaste fanno esercizi; localizzazione del luogo,identificare il referente target; recuperare una singola evidenza spaziale direttamente osservabile; restituire la localizzazione senza confronto tra fasi,recupero spaziale diretto da una singola evidenza stabile; nessun confronto temporale o ricostruzione di stato,single_frame,1,esplicita,nessuna,"[""spaziale""]",0,50,0,20,insufficiente,"['Allenamento con corda osservato tra istruttore e allieva (segmento 0002)', 'Allenamento di stretching osservato (segmento 0004)']","[""Identificazione delle 'ginnaste dell'Eterea'"", 'Localizzazione specifica del luogo degli esercizi']","Il modello ha identificato eventi di allenamento, ma non ha recuperato informazioni sulle 'ginnaste dell'Eterea' né sulla localizzazione specifica del luogo degli esercizi. Senza queste informazioni, non è possibile rispondere alla domanda. La comprensione è insufficiente."
gemma,video015,2,Quando si è qualificata alla fase nazionale la squadra di ginnaste?,temporale,T1,T1,1,squadra di ginnaste; fase nazionale,evento target: la squadra si qualifica alla fase nazionale; riferimento temporale: data o periodo indicato nel video,"riconoscere i due eventi oppure l'evento e l'ancora temporale; localizzarli nella sequenza; determinare la relazione prima/dopo, primo/secondo, corrente/precedente o il momento richiesto",localizzazione rispetto a un'ancora temporale esplicita oppure ordinamento pairwise tra due eventi/stati direttamente identificabili,two_intervals,2,parzialmente implicita,alta,"[""temporale""]",0,0,0,0,insufficiente,[],"['squadra di ginnaste', 'fase nazionale', 'evento di qualificazione alla fase nazionale', 'riferimento temporale per la qualificazione']","La rappresentazione del modello non include alcuna informazione riguardante la qualificazione della squadra di ginnaste alla fase nazionale, né fornisce riferimenti temporali o eventi correlati a tale qualificazione. Mancano completamente le entità e gli eventi richiesti per rispondere alla domanda."
gemma,video015,3,Perché Alice Caldora è stata premiata nel 2016?,causale,C1,C1|T1,1,Alice Caldora; premio; anno 2016,effetto da spiegare: Alice Caldora viene premiata nel 2016; causa/antecedente: da identificare nell'evidenza disponibile,riconoscere l'effetto; individuare un antecedente o stato direttamente osservabile/esplicitamente disponibile; verificare il nesso causale senza attribuire intenzioni o motivazioni non supportate,"collegamento causale diretto tra un antecedente esplicito e una conseguenza esplicita, con al massimo due unità di evidenza",two_intervals,2,parzialmente implicita,moderata,"[""causale"", ""temporale""]",20,20,0,15,insufficiente,"['Presenza di una persona identificata come atleta o istruttore in vari segmenti.', 'Attività di allenamento con corda e stretching.']","['Identificazione esplicita di Alice Caldora.', ""Riferimento a un premio o all'anno 2016."", 'Causa specifica per cui Alice Caldora è stata premiata nel 2016.']","La rappresentazione del modello non recupera informazioni specifiche su Alice Caldora, il premio o l'anno 2016. Mancano completamente le informazioni necessarie per stabilire un nesso causale tra un evento e il premio ricevuto. La domanda è classificata come insufficiente perché non sono stati recuperati elementi fondamentali per rispondere."
gemma,video016,1,Dove viene messo il pepe macinato al momento?,spaziale,S1,S1|T0,1,pepe macinato al momento,evento: aggiunta del pepe macinato; localizzazione della pietanza o del recipiente,"riconoscere l'evento o la relazione spaziale pertinente; allineare il referente all'intervallo locale; recuperare origine, destinazione, direzione, supporto o posizione richiesta",una relazione spaziale esplicita o una localizzazione condizionata da un singolo evento osservabile nello stesso intervallo locale,local_interval,1,esplicita,moderata,"[""spaziale"", ""temporale""]",0,0,0,0,insufficiente,[],"['pepe macinato al momento', 'evento di aggiunta del pepe macinato', 'localizzazione del pepe macinato', 'relazione spaziale del pepe macinato con altri oggetti o contenitori']","La rappresentazione del modello non include alcuna informazione riguardante il pepe macinato al momento, né l'evento di aggiunta del pepe, né la sua localizzazione o relazione spaziale con altri oggetti. Pertanto, non è possibile rispondere alla domanda con le informazioni disponibili."
gemma,video016,2,Il pepe viene macinato prima o dopo che si mette a fare il brodo vegetale?,temporale,T1,T1,1,pepe; brodo vegetale; uomo che cucina,evento A: il pepe viene macinato; evento B: viene messo a fare il brodo vegetale,"riconoscere i due eventi oppure l'evento e l'ancora temporale; localizzarli nella sequenza; determinare la relazione prima/dopo, primo/secondo, corrente/precedente o il momento richiesto",localizzazione rispetto a un'ancora temporale esplicita oppure ordinamento pairwise tra due eventi/stati direttamente identificabili,two_intervals,2,esplicita,alta,"[""temporale""]",0,0,0,0,insufficiente,[],"['Presenza del pepe come entità.', 'Evento di macinazione del pepe.', 'Evento di preparazione del brodo vegetale.', 'Relazione temporale tra macinazione del pepe e preparazione del brodo vegetale.']","La rappresentazione del modello non include alcuna informazione riguardante il pepe, la sua macinazione o la preparazione del brodo vegetale. Mancano completamente gli eventi richiesti e la relazione temporale tra di essi. Pertanto, il modello non ha recuperato nessuno dei requisiti necessari per affrontare la domanda."
gemma,video016,3,Perché l'uomo taglia una quantità superiore di sedano?,causale,C2,C2|T1,2,uomo che cucina; sedano; quantità necessaria; brodo o preparazione,effetto da spiegare: l'uomo taglia più sedano; causa/antecedente: da identificare nell'evidenza disponibile,riconoscere l'effetto o comportamento da spiegare; recuperare il contesto pertinente; inferire la causa/intenzione/motivazione solo se supportata dalle evidenze; evitare di colmare lacune con conoscenza non presente nel video,"la risposta richiede almeno un passaggio inferenziale implicito su motivazione, intenzione, stato mentale, valutazione sociale, finalità procedurale o relazione causale non direttamente osservabile",two_intervals,2,implicita,moderata,"[""causale"", ""temporale""]",50,40,20,30,parziale,"[""L'uomo taglia il sedano."", 'Presenza di altri ingredienti come carne, cipolla, carota, limone, rosmarino.']","[""Motivazione o contesto per cui l'uomo taglia una quantità superiore di sedano."", 'Informazioni su quantità necessaria di sedano o preparazione specifica che richiede più sedano.', ""Causa o antecedente che spiega il comportamento dell'uomo.""]","Il modello ha identificato l'azione di tagliare il sedano e la presenza di altri ingredienti, ma manca completamente il contesto o la motivazione per cui l'uomo taglia una quantità superiore di sedano. Non ci sono informazioni su quantità necessaria o preparazioni specifiche che giustifichino l'azione. L'inferenza causale richiesta non è supportata dalle evidenze disponibili."
gemma,video017,1,Dove si trovano le biglie?,spaziale,S0,S0,0,biglie; contenitore o superficie in cui si trovano,localizzazione delle biglie,identificare il referente target; recuperare una singola evidenza spaziale direttamente osservabile; restituire la localizzazione senza confronto tra fasi,recupero spaziale diretto da una singola evidenza stabile; nessun confronto temporale o ricostruzione di stato,single_frame,1,esplicita,nessuna,"[""spaziale""]",0,0,0,0,insufficiente,[],"['biglie', 'contenitore o superficie in cui si trovano le biglie', 'localizzazione delle biglie']","La rappresentazione del modello non include alcuna informazione riguardante le biglie o la loro localizzazione. Non sono state identificate entità come biglie, né è stato descritto un contenitore o una superficie in cui potrebbero trovarsi. Di conseguenza, non è possibile eseguire l'inferenza richiesta per determinare la loro posizione. La domanda è classificata come insufficiente poiché nessun requisito utile è stato recuperato."
gemma,video017,2,La donna guarda la foto prima o dopo aver chiuso il manuale?,temporale,T1,T1,1,donna; foto; manuale,evento A: la donna guarda la foto; evento B: la donna chiude il manuale,"riconoscere i due eventi oppure l'evento e l'ancora temporale; localizzarli nella sequenza; determinare la relazione prima/dopo, primo/secondo, corrente/precedente o il momento richiesto",localizzazione rispetto a un'ancora temporale esplicita oppure ordinamento pairwise tra due eventi/stati direttamente identificabili,two_intervals,2,esplicita,alta,"[""temporale""]",0,0,0,0,insufficiente,[],"['La donna guarda la foto', 'La donna chiude il manuale', 'Relazione temporale tra guardare la foto e chiudere il manuale']","La rappresentazione del modello non include alcuna evidenza degli eventi specifici richiesti dalla domanda: la donna che guarda la foto e la donna che chiude il manuale. Inoltre, non è possibile determinare la relazione temporale tra questi eventi. Pertanto, nessuno dei requisiti necessari per rispondere alla domanda è stato recuperato."
gemma,video017,3,Perché il padre ironizza sul futuro da architetto del figlio?,causale,C2,C2|T1,2,padre; futuro da architetto,effetto da spiegare: il padre ironizza sul futuro da architetto del figlio; causa/antecedente: da identificare nell'evidenza disponibile,riconoscere l'effetto o comportamento da spiegare; recuperare il contesto pertinente; inferire la causa/intenzione/motivazione solo se supportata dalle evidenze; evitare di colmare lacune con conoscenza non presente nel video,"la risposta richiede almeno un passaggio inferenziale implicito su motivazione, intenzione, stato mentale, valutazione sociale, finalità procedurale o relazione causale non direttamente osservabile",two_intervals,2,implicita,moderata,"[""causale"", ""temporale""]",50,30,20,25,insufficiente,"['Presenza di un adulto e un bambino in spiaggia', 'Interazione tra adulti e bambini', 'Bambino che gioca con la sabbia']","['Ironia del padre sul futuro da architetto del figlio', ""Motivazione o contesto per l'ironia del padre"", 'Dettagli specifici sul futuro da architetto del figlio']","La rappresentazione del modello include alcune entità e interazioni generali, come la presenza di un adulto e un bambino e il gioco con la sabbia. Tuttavia, manca completamente l'elemento centrale dell'ironia del padre e il contesto o la motivazione per tale ironia. Senza queste informazioni, non è possibile inferire la causa dell'ironia, rendendo la comprensione complessiva insufficiente."
gemma,video018,1,Dove si siede l'uomo per lavorare?,spaziale,S1,S1|T0,1,uomo; seduta o postazione; luogo di lavoro,evento: l'uomo si siede per lavorare; localizzazione della seduta,"riconoscere l'evento o la relazione spaziale pertinente; allineare il referente all'intervallo locale; recuperare origine, destinazione, direzione, supporto o posizione richiesta",una relazione spaziale esplicita o una localizzazione condizionata da un singolo evento osservabile nello stesso intervallo locale,local_interval,1,esplicita,moderata,"[""spaziale"", ""temporale""]",50,30,20,30,parziale,"['Presenza di un uomo seduto in alcuni segmenti.', 'Presenza di tavoli e sedie nei segmenti.']","[""Identificazione chiara dell'uomo che si siede per lavorare."", 'Localizzazione specifica della seduta come luogo di lavoro.', 'Evento specifico di seduta per lavorare.']","La rappresentazione del modello include alcune entità rilevanti come l'uomo e le sedie, ma manca l'identificazione chiara dell'uomo che si siede per lavorare e la localizzazione specifica della seduta come luogo di lavoro. Inoltre, l'evento specifico di seduta per lavorare non è stato recuperato, limitando la capacità di inferire correttamente la risposta alla domanda."
gemma,video018,2,L'uomo dà i suoi omaggi alla donna prima o dopo essersi seduto?,temporale,T1,T1,1,uomo; donna; omaggi; seduta,evento A: l'uomo porge i suoi omaggi alla donna; evento B: l'uomo si siede,"riconoscere i due eventi oppure l'evento e l'ancora temporale; localizzarli nella sequenza; determinare la relazione prima/dopo, primo/secondo, corrente/precedente o il momento richiesto",localizzazione rispetto a un'ancora temporale esplicita oppure ordinamento pairwise tra due eventi/stati direttamente identificabili,two_intervals,2,esplicita,alta,"[""temporale""]",0,0,0,0,insufficiente,[],"[""Identificazione dell'uomo e della donna come entità specifiche."", ""Riconoscimento dell'evento in cui l'uomo porge i suoi omaggi alla donna."", ""Riconoscimento dell'evento in cui l'uomo si siede."", 'Determinazione della relazione temporale tra i due eventi.']","La rappresentazione del modello non include informazioni specifiche sugli eventi richiesti dalla domanda, come l'uomo che porge i suoi omaggi alla donna o l'uomo che si siede. Inoltre, non ci sono dati sufficienti per determinare la relazione temporale tra questi eventi. Pertanto, la comprensione è insufficiente."
gemma,video018,3,Perché la donna crede che l'uomo voglia stare solo?,causale,C2,C2|T1,2,donna; uomo,effetto da spiegare: la donna crede che l'uomo voglia stare solo; causa/antecedente: da identificare nell'evidenza disponibile,riconoscere l'effetto o comportamento da spiegare; recuperare il contesto pertinente; inferire la causa/intenzione/motivazione solo se supportata dalle evidenze; evitare di colmare lacune con conoscenza non presente nel video,"la risposta richiede almeno un passaggio inferenziale implicito su motivazione, intenzione, stato mentale, valutazione sociale, finalità procedurale o relazione causale non direttamente osservabile",two_intervals,2,implicita,moderata,"[""causale"", ""temporale""]",50,40,30,35,parziale,"['Presenza di una donna e un uomo identificati nei segmenti.', 'Conversazione tra due persone osservata.']","[""Motivazione o causa per cui la donna crede che l'uomo voglia stare solo."", ""Espressione o comportamento dell'uomo che suggerisce il desiderio di solitudine."", 'Contesto o dialogo che spiega la percezione della donna.']","La rappresentazione del modello identifica correttamente le entità principali (donna e uomo) e rileva una conversazione tra due persone. Tuttavia, manca l'evidenza chiave che spieghi perché la donna crede che l'uomo voglia stare solo. Non ci sono informazioni sufficienti per inferire la motivazione o l'intenzione dell'uomo, né il contesto che porterebbe la donna a tale conclusione. Pertanto, la comprensione è parziale."
gemma,video019,1,Dove appoggia il libro il padre?,spaziale,S1,S1|T0,1,padre; libro; superficie o luogo di appoggio,evento: il padre appoggia il libro; localizzazione della superficie,"riconoscere l'evento o la relazione spaziale pertinente; allineare il referente all'intervallo locale; recuperare origine, destinazione, direzione, supporto o posizione richiesta",una relazione spaziale esplicita o una localizzazione condizionata da un singolo evento osservabile nello stesso intervallo locale,local_interval,1,esplicita,moderata,"[""spaziale"", ""temporale""]",0,0,0,0,insufficiente,[],"['Padre', 'Libro', 'Superficie o luogo di appoggio', 'Evento: il padre appoggia il libro', 'Localizzazione della superficie', 'Relazione spaziale esplicita o localizzazione condizionata']","La rappresentazione del modello non include alcuna informazione riguardante l'azione del padre che appoggia il libro, né identifica il padre, il libro o la superficie di appoggio. Non sono presenti eventi o relazioni spaziali che possano supportare l'inferenza richiesta dalla domanda. Pertanto, la comprensione è insufficiente."
gemma,video019,2,Si mangerà prima o dopo che il papà avrà lavorato?,temporale,T1,T1,1,famiglia o persone che mangeranno; papà; lavoro,evento A: si mangia; evento B: il papà lavora,"riconoscere i due eventi oppure l'evento e l'ancora temporale; localizzarli nella sequenza; determinare la relazione prima/dopo, primo/secondo, corrente/precedente o il momento richiesto",localizzazione rispetto a un'ancora temporale esplicita oppure ordinamento pairwise tra due eventi/stati direttamente identificabili,two_intervals,2,esplicita,alta,"[""temporale""]",0,0,0,0,insufficiente,[],"['Evento A: si mangia', 'Evento B: il papà lavora', 'Entità: papà', 'Relazione temporale tra mangiare e lavorare']","La rappresentazione del modello non recupera alcuna delle entità o degli eventi richiesti per rispondere alla domanda. Non ci sono evidenze di un evento di lavoro o di un evento di mangiare, né la presenza di un 'papà' è identificata. Inoltre, manca completamente la relazione temporale tra questi eventi. Pertanto, la comprensione è insufficiente."
gemma,video019,3,Perché l'uomo dice alla bambina di guardare le figure?,causale,C2,C2|T1,2,uomo o padre; bambina; libro; figure,effetto da spiegare: l'uomo dice alla bambina di guardare le figure; causa/antecedente: da identificare nell'evidenza disponibile,riconoscere l'effetto o comportamento da spiegare; recuperare il contesto pertinente; inferire la causa/intenzione/motivazione solo se supportata dalle evidenze; evitare di colmare lacune con conoscenza non presente nel video,"la risposta richiede almeno un passaggio inferenziale implicito su motivazione, intenzione, stato mentale, valutazione sociale, finalità procedurale o relazione causale non direttamente osservabile",two_intervals,2,implicita,moderata,"[""causale"", ""temporale""]",50,40,30,35,parziale,"['Presenza di un uomo e una bambina', 'Interazione tra uomo e bambina', 'Presenza di un libro']","[""L'uomo dice alla bambina di guardare le figure"", ""Motivazione o contesto per cui l'uomo dice alla bambina di guardare le figure""]","La rappresentazione del modello include le entità principali come l'uomo, la bambina e il libro, ma manca l'evento specifico in cui l'uomo dice alla bambina di guardare le figure. Inoltre, non è presente alcuna inferenza o contesto che spieghi la motivazione dietro questa azione. Senza queste informazioni, la comprensione è limitata e non sufficiente per rispondere alla domanda."
gemma,video020,1,Da dove è caduto 'Caruso' secondo il professore?,spaziale,S1,S1|T0,1,Caruso; professore; luogo o struttura da cui sarebbe caduto,evento riportato: Caruso cade; localizzazione del punto di origine secondo il professore,"riconoscere l'evento o la relazione spaziale pertinente; allineare il referente all'intervallo locale; recuperare origine, destinazione, direzione, supporto o posizione richiesta",una relazione spaziale esplicita o una localizzazione condizionata da un singolo evento osservabile nello stesso intervallo locale,local_interval,1,parzialmente implicita,moderata,"[""spaziale"", ""temporale""]",0,0,0,0,insufficiente,[],"[""Identificazione di 'Caruso' come entità."", ""Identificazione del 'professore' come entità."", ""Descrizione dell'evento di caduta di 'Caruso'."", 'Localizzazione del punto di origine della caduta secondo il professore.']","La rappresentazione del modello non include alcuna informazione riguardante 'Caruso', il professore, o l'evento di caduta. Non ci sono riferimenti a una localizzazione o a una relazione spaziale che possa essere associata alla caduta di 'Caruso'. Pertanto, nessuno dei requisiti della domanda è stato recuperato."
gemma,video020,2,La classe fa casino prima o dopo il botto?,temporale,T1,T1,1,classe; botto,evento A: la classe fa confusione; evento B: si sente il botto,"riconoscere i due eventi oppure l'evento e l'ancora temporale; localizzarli nella sequenza; determinare la relazione prima/dopo, primo/secondo, corrente/precedente o il momento richiesto",localizzazione rispetto a un'ancora temporale esplicita oppure ordinamento pairwise tra due eventi/stati direttamente identificabili,two_intervals,2,esplicita,alta,"[""temporale""]",0,0,0,0,insufficiente,[],"['Classe che fa confusione', 'Evento del botto', 'Relazione temporale tra la confusione e il botto']","La rappresentazione del modello non include alcuna informazione riguardante la classe che fa confusione o l'evento del botto. Non ci sono eventi o relazioni temporali che possano essere utilizzati per determinare se la confusione avviene prima o dopo il botto. Pertanto, nessuno dei requisiti necessari per rispondere alla domanda è stato recuperato."
gemma,video020,3,Perché accorre il collaboratore scolastico preoccupato?,causale,C1,C1|T1,1,collaboratore scolastico; classe o luogo del rumore; botto,effetto da spiegare: il collaboratore accorre preoccupato; causa/antecedente: da identificare nell'evidenza disponibile,riconoscere l'effetto; individuare un antecedente o stato direttamente osservabile/esplicitamente disponibile; verificare il nesso causale senza attribuire intenzioni o motivazioni non supportate,"collegamento causale diretto tra un antecedente esplicito e una conseguenza esplicita, con al massimo due unità di evidenza",two_intervals,2,parzialmente implicita,moderata,"[""causale"", ""temporale""]",0,0,0,0,insufficiente,[],"['collaboratore scolastico', 'classe o luogo del rumore', 'botto', 'evento del collaboratore che accorre preoccupato', ""causa o antecedente dell'evento del collaboratore che accorre""]","La rappresentazione del modello non include alcuna delle entità o degli eventi richiesti per rispondere alla domanda. Non viene identificato il collaboratore scolastico, né il luogo o il rumore che potrebbero spiegare la sua preoccupazione. Inoltre, manca completamente l'evento del collaboratore che accorre preoccupato e qualsiasi causa o antecedente che possa spiegare tale comportamento. Pertanto, la comprensione è insufficiente."
gemma,video021,1,Dove è rivolto lo sguardo di Italo quando la donna lo rimprovera di guardarla?,spaziale,S1,S1|T0,1,Italo; donna che lo rimprovera; direzione dello sguardo,evento contestuale: la donna rimprovera Italo perché la guarda; localizzazione della direzione dello sguardo,"riconoscere l'evento o la relazione spaziale pertinente; allineare il referente all'intervallo locale; recuperare origine, destinazione, direzione, supporto o posizione richiesta",una relazione spaziale esplicita o una localizzazione condizionata da un singolo evento osservabile nello stesso intervallo locale,local_interval,2,esplicita,moderata,"[""spaziale"", ""temporale""]",50,30,20,30,insufficiente,"['Italo (uomo con capelli grigi e abbigliamento blu) è vicino alla donna (capelli castani, abbigliamento marrone)']","['Direzione dello sguardo di Italo', 'Evento in cui la donna rimprovera Italo per averla guardata', 'Localizzazione della direzione dello sguardo di Italo durante il rimprovero']","La rappresentazione del modello identifica correttamente le entità principali, Italo e la donna, e la loro vicinanza spaziale. Tuttavia, manca completamente l'evento specifico in cui la donna rimprovera Italo per averla guardata, e non viene fornita alcuna informazione sulla direzione dello sguardo di Italo. Senza questi elementi, l'inferenza richiesta dalla domanda non può essere eseguita."
gemma,video021,2,Cosa deve fare Italo prima di 'rimettere piede' in casa?,temporale,T1,T1,1,Italo; casa,evento target: Italo rimette piede in casa; prerequisito: azione che deve compiere prima,"riconoscere i due eventi oppure l'evento e l'ancora temporale; localizzarli nella sequenza; determinare la relazione prima/dopo, primo/secondo, corrente/precedente o il momento richiesto",localizzazione rispetto a un'ancora temporale esplicita oppure ordinamento pairwise tra due eventi/stati direttamente identificabili,two_intervals,2,esplicita,alta,"[""temporale""]",0,0,0,0,insufficiente,[],"['Identificazione di Italo come entità specifica.', 'Identificazione della casa come entità o luogo specifico.', 'Evento target: Italo rimette piede in casa.', 'Prerequisito: azione che Italo deve compiere prima di rientrare in casa.', ""Relazione temporale tra l'azione prerequisito e l'evento target.""]","La rappresentazione del modello non recupera alcuna delle entità o eventi specifici richiesti dalla domanda. Non viene identificato Italo, né la casa, né l'evento di rimettere piede in casa. Inoltre, manca qualsiasi riferimento a un'azione che Italo deve compiere prima di rientrare. Senza queste informazioni, non è possibile eseguire l'inferenza temporale richiesta dalla domanda."
gemma,video021,3,Perché la donna si arrabbia con Italo?,causale,C2,C2|T1,2,donna; Italo; comportamento o sguardo di Italo,effetto da spiegare: la donna si arrabbia con Italo; causa/antecedente: da identificare nell'evidenza disponibile,riconoscere l'effetto o comportamento da spiegare; recuperare il contesto pertinente; inferire la causa/intenzione/motivazione solo se supportata dalle evidenze; evitare di colmare lacune con conoscenza non presente nel video,"la risposta richiede almeno un passaggio inferenziale implicito su motivazione, intenzione, stato mentale, valutazione sociale, finalità procedurale o relazione causale non direttamente osservabile",two_intervals,2,implicita,moderata,"[""causale"", ""temporale""]",50,30,20,25,insufficiente,"['Presenza di un uomo e una donna in vari segmenti', ""Espressione seria dell'uomo e preoccupata della donna in un segmento""]","[""Comportamento specifico di Italo che causa l'arrabbiatura della donna"", 'Espressione di rabbia della donna', ""Contesto o azione specifica che porta all'arrabbiatura"", 'Relazione causale tra comportamento di Italo e reazione della donna']","La rappresentazione del modello include le entità principali (uomo e donna) e alcune espressioni facciali, ma manca completamente il contesto o l'evento specifico che spiega perché la donna si arrabbia con Italo. Non ci sono informazioni sufficienti per inferire una causa o motivazione per l'arrabbiatura, rendendo la comprensione complessiva insufficiente."
gemma,video022,1,Dove si sono incontrati Scott e Luis per la prima volta?,spaziale,S2,S2|T1,2,Scott; Luis; luogo del primo incontro,evento: primo incontro tra Scott e Luis; localizzazione del luogo,identificare l'ancora temporale; recuperare lo stato spaziale nella fase richiesta; confrontare le fasi pertinenti senza introdurre cambiamenti non osservati,recupero spaziale condizionato da una fase precedente/successiva/iniziale o dal primo occorrere di un evento; richiede confronto tra almeno due stati temporali,two_intervals,2,esplicita,alta,"[""spaziale"", ""temporale""]",0,0,0,0,insufficiente,[],"['Identificazione di Scott e Luis', 'Luogo del primo incontro', 'Evento del primo incontro tra Scott e Luis', 'Localizzazione del luogo del primo incontro', 'Confronto tra stati temporali per identificare il primo incontro']","La rappresentazione del modello non recupera alcuna informazione specifica riguardante Scott, Luis o il luogo del loro primo incontro. Non ci sono eventi o stati che possano essere identificati come il primo incontro tra i due personaggi. Inoltre, manca completamente l'inferenza necessaria per determinare il luogo del primo incontro attraverso il confronto di stati temporali. Pertanto, la comprensione è insufficiente per affrontare la domanda."
gemma,video022,2,La moglie di Scott lo ha lasciato prima o dopo che Scott incontrasse Luis per la prima volta?,temporale,T1,T1,1,Scott; moglie di Scott; Luis,evento A: la moglie lascia Scott; evento B: Scott incontra Luis per la prima volta,"riconoscere i due eventi oppure l'evento e l'ancora temporale; localizzarli nella sequenza; determinare la relazione prima/dopo, primo/secondo, corrente/precedente o il momento richiesto",localizzazione rispetto a un'ancora temporale esplicita oppure ordinamento pairwise tra due eventi/stati direttamente identificabili,two_intervals,2,esplicita,alta,"[""temporale""]",0,0,0,0,insufficiente,[],"['Identificazione di Scott', 'Identificazione della moglie di Scott', 'Identificazione di Luis', 'Evento A: la moglie lascia Scott', 'Evento B: Scott incontra Luis per la prima volta', 'Relazione temporale tra evento A e evento B']","La rappresentazione del modello non recupera alcuna delle entità o degli eventi richiesti per rispondere alla domanda. Non sono identificati Scott, la moglie di Scott, né Luis, né sono presenti gli eventi chiave della domanda. Di conseguenza, non è possibile determinare la relazione temporale richiesta. La comprensione è insufficiente."
gemma,video022,3,Perché Scott è triste mentre guarda i fogli in prigione?,causale,C2,C2|T1,2,Scott; fogli; prigione; contenuto dei fogli,effetto da spiegare: Scott è triste mentre guarda i fogli in prigione; causa/antecedente: da identificare nell'evidenza disponibile,riconoscere l'effetto o comportamento da spiegare; recuperare il contesto pertinente; inferire la causa/intenzione/motivazione solo se supportata dalle evidenze; evitare di colmare lacune con conoscenza non presente nel video,"la risposta richiede almeno un passaggio inferenziale implicito su motivazione, intenzione, stato mentale, valutazione sociale, finalità procedurale o relazione causale non direttamente osservabile",two_intervals,2,implicita,moderata,"[""causale"", ""temporale""]",50,30,20,30,insufficiente,"['Scott è identificato come un uomo con capelli castani e giacca verde.', 'Presenza di fogli o documenti con testo.']","['Scott è in prigione.', 'Scott è triste mentre guarda i fogli.', 'Contenuto specifico dei fogli.', 'Causa della tristezza di Scott.']","La rappresentazione del modello identifica alcune entità come Scott e i fogli, ma manca di informazioni cruciali come la prigione, lo stato emotivo di Scott e il contenuto dei fogli. Senza questi elementi, non è possibile inferire la causa della tristezza di Scott. La comprensione complessiva è insufficiente per affrontare la domanda."
gemma,video023,1,Da dove cade la bambina?,spaziale,S1,S1|T0,1,bambina; punto o struttura da cui cade,evento: la bambina cade; localizzazione del punto di origine,"riconoscere l'evento o la relazione spaziale pertinente; allineare il referente all'intervallo locale; recuperare origine, destinazione, direzione, supporto o posizione richiesta",una relazione spaziale esplicita o una localizzazione condizionata da un singolo evento osservabile nello stesso intervallo locale,local_interval,1,esplicita,moderata,"[""spaziale"", ""temporale""]",0,0,0,0,insufficiente,"['Bambina identificata in vari segmenti', 'Presenza di una piscina e di giochi gonfiabili']","['Evento di caduta della bambina', 'Punto o struttura da cui la bambina cade', 'Relazione spaziale esplicita riguardante la caduta']","La rappresentazione del modello non include l'evento di caduta della bambina né identifica il punto o la struttura da cui cade. Mancano completamente le informazioni necessarie per determinare la relazione spaziale richiesta dalla domanda. Pertanto, la comprensione è insufficiente."
gemma,video023,2,La donna dice ad 'Ani' di salire prima o dopo essere scesa nell'acqua?,temporale,T1,T1,1,donna; Ani; acqua,evento A: la donna dice ad Ani di salire; evento B: la donna scende nell'acqua,"riconoscere i due eventi oppure l'evento e l'ancora temporale; localizzarli nella sequenza; determinare la relazione prima/dopo, primo/secondo, corrente/precedente o il momento richiesto",localizzazione rispetto a un'ancora temporale esplicita oppure ordinamento pairwise tra due eventi/stati direttamente identificabili,two_intervals,2,esplicita,alta,"[""temporale""]",0,0,0,0,insufficiente,[],"['Identificazione della donna', 'Identificazione di Ani', 'Evento in cui la donna dice ad Ani di salire', ""Evento in cui la donna scende nell'acqua"", 'Relazione temporale tra i due eventi']","La rappresentazione del modello non include alcuna informazione riguardante la donna, Ani, o gli eventi specifici richiesti dalla domanda. Non sono stati identificati né l'evento in cui la donna dice ad Ani di salire, né l'evento in cui la donna scende nell'acqua. Di conseguenza, non è possibile determinare la relazione temporale tra questi eventi. La mancanza di queste informazioni fondamentali rende la comprensione insufficiente."
gemma,video023,3,Perché la donna ringrazia Anastasia?,causale,C1,C1|T1,1,donna; Anastasia; azione compiuta da Anastasia,effetto da spiegare: la donna ringrazia Anastasia; causa/antecedente: da identificare nell'evidenza disponibile,riconoscere l'effetto; individuare un antecedente o stato direttamente osservabile/esplicitamente disponibile; verificare il nesso causale senza attribuire intenzioni o motivazioni non supportate,"collegamento causale diretto tra un antecedente esplicito e una conseguenza esplicita, con al massimo due unità di evidenza",two_intervals,2,parzialmente implicita,moderata,"[""causale"", ""temporale""]",0,0,0,0,insufficiente,[],"['Identificazione della donna e di Anastasia', 'Azione compiuta da Anastasia', 'Evento in cui la donna ringrazia Anastasia', 'Causa o antecedente che porta la donna a ringraziare Anastasia']","La rappresentazione del modello non include alcuna informazione riguardante la donna, Anastasia o l'azione specifica che porta al ringraziamento. Mancano completamente le entità e gli eventi necessari per stabilire un nesso causale tra un'azione di Anastasia e il ringraziamento della donna. Pertanto, la comprensione è insufficiente."
gemma,video024,1,Le bambine e la nonna stanno giocando dentro casa o fuori in giardino?,spaziale,S0,S0,0,bambine; nonna; casa; giardino,evento: bambine e nonna giocano; scelta tra localizzazione interna alla casa ed esterna in giardino,identificare il referente target; recuperare una singola evidenza spaziale direttamente osservabile; restituire la localizzazione senza confronto tra fasi,recupero spaziale diretto da una singola evidenza stabile; nessun confronto temporale o ricostruzione di stato,single_frame,1,esplicita,nessuna,"[""spaziale""]",0,0,0,0,insufficiente,[],"['Localizzazione delle bambine e della nonna (casa o giardino)', 'Evento di gioco tra bambine e nonna', 'Evidenza spaziale diretta per determinare se sono dentro casa o fuori in giardino']","La rappresentazione del modello non fornisce alcuna informazione sulla localizzazione delle bambine e della nonna, né se stiano giocando dentro casa o fuori in giardino. Mancano completamente le entità e gli eventi richiesti per rispondere alla domanda, e non è possibile effettuare l'inferenza necessaria per determinare la loro posizione spaziale."
gemma,video024,2,Alla nonna gira la testa prima o dopo essersi coperta gli occhi?,temporale,T1,T1,1,nonna; testa; occhi o mascherina,evento A: alla nonna gira la testa; evento B: la nonna si copre gli occhi,"riconoscere i due eventi oppure l'evento e l'ancora temporale; localizzarli nella sequenza; determinare la relazione prima/dopo, primo/secondo, corrente/precedente o il momento richiesto",localizzazione rispetto a un'ancora temporale esplicita oppure ordinamento pairwise tra due eventi/stati direttamente identificabili,two_intervals,2,esplicita,alta,"[""temporale""]",0,0,0,0,insufficiente,[],"['Evento A: alla nonna gira la testa', 'Evento B: la nonna si copre gli occhi', 'Entità: nonna, testa, occhi o mascherina', 'Relazione temporale tra gli eventi A e B']","La rappresentazione del modello non include alcuna informazione sugli eventi specifici richiesti dalla domanda, come il giramento di testa della nonna o il momento in cui si copre gli occhi. Inoltre, le entità specifiche come la nonna, la testa e gli occhi non sono identificate. Senza questi elementi, non è possibile determinare la relazione temporale richiesta dalla domanda."
gemma,video024,3,Perché la nonna porta la mascherina sugli occhi?,causale,C2,C2|T1,2,nonna; mascherina sugli occhi; bambine o gioco,effetto da spiegare: la nonna porta la mascherina sugli occhi; causa/antecedente: da identificare nell'evidenza disponibile,riconoscere l'effetto o comportamento da spiegare; recuperare il contesto pertinente; inferire la causa/intenzione/motivazione solo se supportata dalle evidenze; evitare di colmare lacune con conoscenza non presente nel video,"la risposta richiede almeno un passaggio inferenziale implicito su motivazione, intenzione, stato mentale, valutazione sociale, finalità procedurale o relazione causale non direttamente osservabile",two_intervals,2,implicita,moderata,"[""causale"", ""temporale""]",50,40,20,30,parziale,"[""La nonna è identificata come 'donna' o 'donna anziana' con una mascherina."", 'La mascherina è menzionata come attributo della donna.']","['Non è chiaro il motivo per cui la nonna indossa la mascherina sugli occhi.', ""Non ci sono eventi o contesti che suggeriscano un gioco o un'attività che spieghi l'uso della mascherina sugli occhi."", ""Non ci sono inferenze causali o motivazionali che spieghino l'azione della nonna.""]","Il modello ha identificato la presenza della nonna e della mascherina, ma non ha fornito alcuna informazione sul motivo per cui la mascherina è sugli occhi. Mancano eventi o contesti che suggeriscano un gioco o un'attività che spieghi l'uso della mascherina sugli occhi, e non ci sono inferenze causali o motivazionali che spieghino l'azione della nonna. Pertanto, la comprensione è parziale."
gemma,video025,1,Dove si trova lo scivolo?,spaziale,S0,S0,0,scivolo,localizzazione dello scivolo,identificare il referente target; recuperare una singola evidenza spaziale direttamente osservabile; restituire la localizzazione senza confronto tra fasi,recupero spaziale diretto da una singola evidenza stabile; nessun confronto temporale o ricostruzione di stato,single_frame,1,esplicita,nessuna,"[""spaziale""]",0,0,0,0,insufficiente,[],"['Presenza dello scivolo', 'Localizzazione dello scivolo']","La rappresentazione del modello non include alcuna informazione riguardante la presenza o la localizzazione di uno scivolo. Non sono state identificate entità o eventi correlati allo scivolo, né è possibile eseguire inferenze sulla sua posizione. Pertanto, la comprensione visiva è insufficiente per rispondere alla domanda."
gemma,video025,2,La bambina con il costume azzurro va sullo scivolo prima o dopo che Aria saluti la donna?,temporale,T1,T1,1,bambina con il costume azzurro; scivolo; Aria; donna,evento A: la bambina va sullo scivolo; evento B: Aria saluta la donna,"riconoscere i due eventi oppure l'evento e l'ancora temporale; localizzarli nella sequenza; determinare la relazione prima/dopo, primo/secondo, corrente/precedente o il momento richiesto",localizzazione rispetto a un'ancora temporale esplicita oppure ordinamento pairwise tra due eventi/stati direttamente identificabili,two_intervals,2,esplicita,alta,"[""temporale""]",0,0,0,0,insufficiente,[],"['Bambina con il costume azzurro', 'Scivolo', 'Aria', 'Donna', 'Evento A: la bambina va sullo scivolo', 'Evento B: Aria saluta la donna']","La rappresentazione del modello non include alcuna delle entità o degli eventi richiesti per rispondere alla domanda. Non sono stati identificati né la bambina con il costume azzurro, né lo scivolo, né Aria, né la donna. Inoltre, non sono stati rilevati gli eventi specifici di andare sullo scivolo o di salutare. Di conseguenza, non è possibile eseguire l'inferenza temporale richiesta."
gemma,video025,3,Perché la mamma fa i complimenti alla bambina?,causale,C1,C1|T1,1,mamma; bambina; azione o risultato della bambina,effetto da spiegare: la mamma fa i complimenti alla bambina; causa/antecedente: da identificare nell'evidenza disponibile,riconoscere l'effetto; individuare un antecedente o stato direttamente osservabile/esplicitamente disponibile; verificare il nesso causale senza attribuire intenzioni o motivazioni non supportate,"collegamento causale diretto tra un antecedente esplicito e una conseguenza esplicita, con al massimo due unità di evidenza",two_intervals,2,parzialmente implicita,moderata,"[""causale"", ""temporale""]",50,50,30,40,parziale,"['Bambina che gioca nella sabbia', 'Bambina che costruisce un castello di sabbia']","['Mamma che fa i complimenti alla bambina', 'Causa specifica per cui la mamma fa i complimenti']","La rappresentazione del modello include la bambina e le sue attività di gioco nella sabbia, ma manca completamente l'evento in cui la mamma fa i complimenti alla bambina. Senza questo evento, non è possibile stabilire un nesso causale tra le azioni della bambina e i complimenti della mamma. Pertanto, la comprensione è parziale, poiché manca un elemento decisivo per rispondere alla domanda."
gemma,video026,1,Dove deve rilasciare liberi i pesi l'uomo sull'attrezzo?,spaziale,S1,S1|T0,1,uomo sull'attrezzo; pesi; punto o posizione di rilascio,evento: rilascio libero dei pesi; localizzazione del punto in cui devono essere lasciati,"riconoscere l'evento o la relazione spaziale pertinente; allineare il referente all'intervallo locale; recuperare origine, destinazione, direzione, supporto o posizione richiesta",una relazione spaziale esplicita o una localizzazione condizionata da un singolo evento osservabile nello stesso intervallo locale,local_interval,1,esplicita,moderata,"[""spaziale"", ""temporale""]",50,30,20,30,insufficiente,"['uomo calvo e muscoloso senza maglietta (e1)', 'bilanciere con pesi (e3)', 'macchina gialla (e4)']","['evento di rilascio dei pesi', 'punto o posizione di rilascio dei pesi', 'relazione spaziale esplicita per il rilascio dei pesi']","La rappresentazione del modello identifica alcune entità come l'uomo e il bilanciere, ma manca l'evento specifico del rilascio dei pesi e la posizione o relazione spaziale richiesta per rispondere alla domanda. Senza queste informazioni, l'inferenza necessaria non può essere completata."
gemma,video026,2,Dopo quale ripetizione il pelato dà assistenza?,temporale,T2,T2,2,uomo pelato che assiste; ripetizioni,evento target: il pelato presta assistenza; riferimento temporale: numero della ripetizione dopo cui interviene,"riconoscere gli eventi o stati pertinenti; ricostruire l'evoluzione temporale necessaria; calcolare conteggio/durata oppure distinguere onset, continuazione e stato già completato","durata, conteggio/iterazione, selezione del primo onset tra più candidati o ricostruzione di uno stato già in corso/completato",multi_event_sequence,>=3,esplicita,alta,"[""temporale""]",50,30,20,30,insufficiente,"[""Presenza di un uomo calvo che potrebbe essere l'assistente"", 'Presenza di un bilanciere e attività di allenamento']","['Numero di ripetizioni effettuate', ""Momento specifico in cui l'uomo calvo presta assistenza"", ""Conteggio delle ripetizioni per determinare quando l'assistenza è fornita""]","La rappresentazione del modello identifica correttamente la presenza di un uomo calvo e l'attività di allenamento, ma non fornisce informazioni sul numero di ripetizioni o sul momento specifico in cui l'assistenza viene prestata. Mancano dettagli cruciali per determinare dopo quale ripetizione l'assistenza avviene, rendendo la comprensione insufficiente per rispondere alla domanda."
gemma,video026,3,Perché l'uomo in piedi dice che 'ora è bello per lo spotter'?,causale,C2,C2|T1,2,uomo in piedi; spotter,effetto da spiegare: l'uomo dice «ora è bello per lo spotter»; causa/antecedente: da identificare nell'evidenza disponibile,riconoscere l'effetto o comportamento da spiegare; recuperare il contesto pertinente; inferire la causa/intenzione/motivazione solo se supportata dalle evidenze; evitare di colmare lacune con conoscenza non presente nel video,"la risposta richiede almeno un passaggio inferenziale implicito su motivazione, intenzione, stato mentale, valutazione sociale, finalità procedurale o relazione causale non direttamente osservabile",two_intervals,2,implicita,moderata,"[""causale"", ""temporale""]",50,30,20,30,parziale,"[""Presenza di due uomini, uno calvo e muscoloso, l'altro con barba e cappello."", 'Allenamento con bilanciere osservato in più segmenti.']","[""Identificazione chiara di chi è lo 'spotter'."", ""Espressione dell'uomo in piedi che dice 'ora è bello per lo spotter'."", ""Contesto o cambiamento che giustifica l'affermazione dell'uomo in piedi.""]","Il modello ha identificato alcune entità e l'evento di allenamento, ma manca l'identificazione chiara dello 'spotter' e il contesto che giustifica l'affermazione dell'uomo in piedi. Senza queste informazioni, l'inferenza richiesta dalla domanda non può essere completata."
gemma,video027,1,Dove indica di dormire l'uomo?,spaziale,S1,S1|T0,1,uomo; luogo o superficie indicata per dormire,evento: l'uomo indica dove dormire; localizzazione del luogo indicato,"riconoscere l'evento o la relazione spaziale pertinente; allineare il referente all'intervallo locale; recuperare origine, destinazione, direzione, supporto o posizione richiesta",una relazione spaziale esplicita o una localizzazione condizionata da un singolo evento osservabile nello stesso intervallo locale,local_interval,1,parzialmente implicita,moderata,"[""spaziale"", ""temporale""]",0,0,0,0,insufficiente,[],"[""L'uomo che indica un luogo per dormire"", 'Luogo o superficie indicata per dormire', ""Evento di indicazione da parte dell'uomo"", ""Relazione spaziale tra l'uomo e il luogo indicato""]","La rappresentazione del modello non include alcuna informazione riguardante l'uomo che indica un luogo per dormire. Non sono presenti eventi di indicazione, né viene identificato un luogo o una superficie specifica per dormire. Mancano completamente le entità e le relazioni spaziali necessarie per rispondere alla domanda."
gemma,video027,2,La ragazza ride prima o dopo aver aperto la porta?,temporale,T1,T1,1,ragazza; porta,evento A: la ragazza ride; evento B: la ragazza apre la porta,"riconoscere i due eventi oppure l'evento e l'ancora temporale; localizzarli nella sequenza; determinare la relazione prima/dopo, primo/secondo, corrente/precedente o il momento richiesto",localizzazione rispetto a un'ancora temporale esplicita oppure ordinamento pairwise tra due eventi/stati direttamente identificabili,two_intervals,2,esplicita,alta,"[""temporale""]",50,80,70,65,sufficiente,"['Evento A: la ragazza ride (segment_0004, 14.25-14.75 e 15.25-15.75)', 'Evento B: la ragazza apre la porta (segment_0004, 12.0-12.5)']","['Identificazione chiara della ragazza come entità distinta', 'Identificazione chiara della porta come entità distinta']","Il modello ha identificato correttamente gli eventi di apertura della porta e di risata, permettendo di stabilire la relazione temporale tra di essi. Tuttavia, manca una chiara identificazione delle entità specifiche 'ragazza' e 'porta', che sono cruciali per una comprensione completa. Nonostante ciò, la rappresentazione è sufficiente per affrontare la domanda, grazie alla chiara sequenza temporale degli eventi."
gemma,video027,3,Perché la ragazza trova la situazione divertente?,causale,C2,C2|T1,2,ragazza; situazione osservata,effetto da spiegare: la ragazza trova la situazione divertente; causa/antecedente: da identificare nell'evidenza disponibile,riconoscere l'effetto o comportamento da spiegare; recuperare il contesto pertinente; inferire la causa/intenzione/motivazione solo se supportata dalle evidenze; evitare di colmare lacune con conoscenza non presente nel video,"la risposta richiede almeno un passaggio inferenziale implicito su motivazione, intenzione, stato mentale, valutazione sociale, finalità procedurale o relazione causale non direttamente osservabile",two_intervals,2,implicita,moderata,"[""causale"", ""temporale""]",80,70,60,65,sufficiente,"[""La ragazza è identificata come 'donna' con capelli biondi e vestito blu."", 'La situazione osservata include una conversazione tra la donna e un uomo.', 'La donna sorride e ride durante la conversazione.']","['Motivazione specifica per cui la ragazza trova la situazione divertente.', 'Dettagli sul contenuto della conversazione che potrebbero spiegare il divertimento.']","Il modello ha identificato correttamente le entità principali e ha riconosciuto che la ragazza sorride e ride, suggerendo che trova la situazione divertente. Tuttavia, manca un'analisi dettagliata del contesto o del contenuto della conversazione che spieghi perché la ragazza trova la situazione divertente. Senza questa informazione, l'inferenza sulla causa del divertimento è incompleta."
gemma,video028,1,Dove vengono messe le banane?,spaziale,S1,S1|T0,1,banane,evento: le banane vengono messe in un luogo; localizzazione della destinazione,"riconoscere l'evento o la relazione spaziale pertinente; allineare il referente all'intervallo locale; recuperare origine, destinazione, direzione, supporto o posizione richiesta",una relazione spaziale esplicita o una localizzazione condizionata da un singolo evento osservabile nello stesso intervallo locale,local_interval,1,esplicita,moderata,"[""spaziale"", ""temporale""]",0,0,0,0,insufficiente,[],"['Presenza delle banane', 'Evento di posizionamento delle banane in un luogo specifico', 'Localizzazione della destinazione delle banane']","La rappresentazione del modello non include alcuna informazione riguardante le banane o il loro posizionamento in un luogo specifico. Non sono stati identificati eventi o relazioni spaziali pertinenti che indichino dove le banane vengono messe. Pertanto, non è possibile eseguire l'inferenza richiesta dalla domanda."
gemma,video028,2,I due uomini con gli occhiali si accordano su cosa prendere prima o dopo aver salutato l'uomo con il grembiule giallo?,temporale,T1,T1,1,due uomini con gli occhiali; uomo con il grembiule giallo; oggetti da prendere,evento A: i due uomini si accordano su cosa prendere; evento B: salutano l'uomo con il grembiule giallo,"riconoscere i due eventi oppure l'evento e l'ancora temporale; localizzarli nella sequenza; determinare la relazione prima/dopo, primo/secondo, corrente/precedente o il momento richiesto",localizzazione rispetto a un'ancora temporale esplicita oppure ordinamento pairwise tra due eventi/stati direttamente identificabili,two_intervals,2,esplicita,alta,"[""temporale""]",50,30,20,25,insufficiente,"['Presenza di un uomo con il grembiule giallo (segment_0005)', 'Presenza di due uomini con occhiali (segment_0000)']","['Accordo tra i due uomini su cosa prendere', ""Saluto all'uomo con il grembiule giallo"", ""Relazione temporale tra l'accordo e il saluto""]","La rappresentazione del modello identifica correttamente le entità principali, come i due uomini con gli occhiali e l'uomo con il grembiule giallo. Tuttavia, non ci sono evidenze di un accordo tra i due uomini su cosa prendere, né di un saluto all'uomo con il grembiule giallo. Inoltre, manca la relazione temporale tra questi eventi, che è cruciale per rispondere alla domanda. Pertanto, la comprensione complessiva è insufficiente."
gemma,video028,3,Perché l'uomo con gli occhiali chiede le banane all'uomo con il grembiule giallo?,causale,C2,C2|T1,2,uomo con gli occhiali; uomo con il grembiule giallo; banane,effetto da spiegare: l'uomo con gli occhiali chiede le banane; causa/antecedente: da identificare nell'evidenza disponibile,riconoscere l'effetto o comportamento da spiegare; recuperare il contesto pertinente; inferire la causa/intenzione/motivazione solo se supportata dalle evidenze; evitare di colmare lacune con conoscenza non presente nel video,"la risposta richiede almeno un passaggio inferenziale implicito su motivazione, intenzione, stato mentale, valutazione sociale, finalità procedurale o relazione causale non direttamente osservabile",two_intervals,2,implicita,moderata,"[""causale"", ""temporale""]",50,30,20,30,insufficiente,"['uomo con il grembiule giallo identificato come commesso', 'presenza di banane nel contesto']","['uomo con gli occhiali non chiaramente identificato', ""evento specifico in cui l'uomo con gli occhiali chiede le banane"", 'motivazione o contesto per cui le banane vengono chieste']","La rappresentazione del modello non riesce a identificare chiaramente l'uomo con gli occhiali e non fornisce evidenza dell'evento specifico in cui le banane vengono chieste. Mancano anche informazioni sul contesto o la motivazione per cui l'uomo con gli occhiali chiede le banane. Senza questi elementi, l'inferenza causale richiesta dalla domanda non può essere effettuata."
gemma,video029,1,Dove si trova il tabaccaio?,spaziale,S0,S0,0,tabaccaio; luogo in cui si trova,localizzazione del tabaccaio,identificare il referente target; recuperare una singola evidenza spaziale direttamente osservabile; restituire la localizzazione senza confronto tra fasi,recupero spaziale diretto da una singola evidenza stabile; nessun confronto temporale o ricostruzione di stato,single_frame,1,esplicita,nessuna,"[""spaziale""]",0,0,0,0,insufficiente,[],"['Identificazione del tabaccaio', 'Localizzazione del tabaccaio']","Il modello non ha recuperato alcuna informazione riguardante il tabaccaio o la sua localizzazione. Non sono presenti entità o eventi che possano essere associati al tabaccaio, né vi è alcuna evidenza spaziale che possa indicare la sua posizione. Pertanto, la rappresentazione è insufficiente per affrontare la domanda."
gemma,video029,2,Il tabaccaio si arrabbia prima o dopo che il signore con la maglia a righe dia indicazioni?,temporale,T1,T1,1,tabaccaio; signore con la maglia a righe; indicazioni,evento A: il tabaccaio si arrabbia; evento B: il signore con la maglia a righe dà indicazioni,"riconoscere i due eventi oppure l'evento e l'ancora temporale; localizzarli nella sequenza; determinare la relazione prima/dopo, primo/secondo, corrente/precedente o il momento richiesto",localizzazione rispetto a un'ancora temporale esplicita oppure ordinamento pairwise tra due eventi/stati direttamente identificabili,two_intervals,2,esplicita,alta,"[""temporale""]",0,0,0,0,insufficiente,[],"['Identificazione del tabaccaio', 'Identificazione del signore con la maglia a righe', 'Evento in cui il tabaccaio si arrabbia', 'Evento in cui il signore con la maglia a righe dà indicazioni', 'Relazione temporale tra i due eventi']","La rappresentazione del modello non recupera nessuna delle entità o degli eventi specifici richiesti dalla domanda. Non sono identificati né il tabaccaio né il signore con la maglia a righe, né sono descritti gli eventi di arrabbiatura o di dare indicazioni. Di conseguenza, non è possibile determinare la relazione temporale tra questi eventi."
gemma,video029,3,Perché il signore con la camicia bianca urla al tabaccaio?,causale,C2,C2|T1,2,signore con la camicia bianca; situazione o indicazioni,effetto da spiegare: il signore con la camicia bianca urla al tabaccaio; causa/antecedente: da identificare nell'evidenza disponibile,riconoscere l'effetto o comportamento da spiegare; recuperare il contesto pertinente; inferire la causa/intenzione/motivazione solo se supportata dalle evidenze; evitare di colmare lacune con conoscenza non presente nel video,"la risposta richiede almeno un passaggio inferenziale implicito su motivazione, intenzione, stato mentale, valutazione sociale, finalità procedurale o relazione causale non direttamente osservabile",two_intervals,2,implicita,moderata,"[""causale"", ""temporale""]",20,20,0,19,insufficiente,"['Presenza di un uomo che gesticola verso un altro uomo (segment_0002).', 'Conversazione tra due uomini (segment_0003).']","['Identificazione del signore con la camicia bianca.', 'Identificazione del tabaccaio.', 'Evento specifico in cui il signore urla al tabaccaio.', 'Causa o contesto che spiega perché il signore urla.']","La rappresentazione del modello non riesce a identificare chiaramente il signore con la camicia bianca né il tabaccaio. Non viene descritto l'evento specifico in cui il signore urla al tabaccaio, né viene fornito un contesto o una causa per tale comportamento. Mancano quindi elementi fondamentali per affrontare la domanda, rendendo la comprensione insufficiente."
gemma,video030,1,Dove vuole mettere i gonfiabili la donna fuori campo?,spaziale,S1,S1|T0,1,donna fuori campo; gonfiabili,evento: la donna propone di mettere i gonfiabili in un luogo; localizzazione della destinazione,"riconoscere l'evento o la relazione spaziale pertinente; allineare il referente all'intervallo locale; recuperare origine, destinazione, direzione, supporto o posizione richiesta",una relazione spaziale esplicita o una localizzazione condizionata da un singolo evento osservabile nello stesso intervallo locale,local_interval,1,esplicita,moderata,"[""spaziale"", ""temporale""]",0,0,0,0,insufficiente,[],"['donna fuori campo', 'gonfiabili', 'proposta di mettere i gonfiabili in un luogo', 'localizzazione della destinazione dei gonfiabili']","La rappresentazione del modello non include alcuna informazione riguardante la donna fuori campo, i gonfiabili o la proposta di posizionamento degli stessi. Mancano completamente le entità e gli eventi necessari per rispondere alla domanda, rendendo impossibile qualsiasi inferenza spaziale richiesta."
gemma,video030,2,La bambina con la maglia rosa ha cenato prima di mettere il piede in piscina o ha messo il piede in piscina prima di cenare?,temporale,T1,T1,1,bambina con la maglia rosa; piscina; cena,evento A: la bambina cena; evento B: la bambina mette il piede in piscina,"riconoscere i due eventi oppure l'evento e l'ancora temporale; localizzarli nella sequenza; determinare la relazione prima/dopo, primo/secondo, corrente/precedente o il momento richiesto",localizzazione rispetto a un'ancora temporale esplicita oppure ordinamento pairwise tra due eventi/stati direttamente identificabili,two_intervals,2,esplicita,alta,"[""temporale""]",50,50,30,40,parziale,"['Bambina con maglietta rosa identificata', 'Piscina identificata', 'Bambina entra nella piscina']","['Evento della cena non identificato', 'Relazione temporale tra cena e ingresso in piscina non determinata']","Il modello ha identificato la bambina con la maglietta rosa e l'evento in cui entra nella piscina, ma manca completamente l'evento della cena. Senza l'identificazione di entrambi gli eventi richiesti, non è possibile determinare la relazione temporale necessaria per rispondere alla domanda. La comprensione è quindi parziale, con un contesto generale riconosciuto ma elementi fondamentali mancanti."
gemma,video030,3,Perché la bambina con la maglietta bianca urla?,causale,C2,C2|T1,2,bambina con la maglietta bianca,effetto da spiegare: la bambina urla; causa/antecedente: da identificare nell'evidenza disponibile,riconoscere l'effetto o comportamento da spiegare; recuperare il contesto pertinente; inferire la causa/intenzione/motivazione solo se supportata dalle evidenze; evitare di colmare lacune con conoscenza non presente nel video,"la risposta richiede almeno un passaggio inferenziale implicito su motivazione, intenzione, stato mentale, valutazione sociale, finalità procedurale o relazione causale non direttamente osservabile",two_intervals,2,implicita,moderata,"[""causale"", ""temporale""]",0,0,0,0,insufficiente,[],"['Identificazione della bambina con la maglietta bianca', 'Evento della bambina che urla', ""Causa o antecedente dell'urlo della bambina"", ""Contesto pertinente all'urlo della bambina""]","La rappresentazione del modello non include alcuna informazione sulla bambina con la maglietta bianca che urla, né sugli eventi o contesti che potrebbero spiegare tale comportamento. Mancano completamente le entità e gli eventi richiesti per rispondere alla domanda, e non è possibile eseguire alcuna inferenza causale senza queste informazioni."
gemma,video031,1,Dove mette la donna fuori campo l'avocado per farlo assaggiare alla bambina?,spaziale,S1,S1|T0,1,donna fuori campo; avocado; bambina,evento: la donna mette l'avocado per farlo assaggiare alla bambina; localizzazione della destinazione,"riconoscere l'evento o la relazione spaziale pertinente; allineare il referente all'intervallo locale; recuperare origine, destinazione, direzione, supporto o posizione richiesta",una relazione spaziale esplicita o una localizzazione condizionata da un singolo evento osservabile nello stesso intervallo locale,local_interval,1,esplicita,moderata,"[""spaziale"", ""temporale""]",0,0,0,0,insufficiente,[],"['donna fuori campo', 'avocado', ""evento di mettere l'avocado per farlo assaggiare alla bambina"", ""localizzazione della destinazione dell'avocado""]","La rappresentazione del modello non include alcuna informazione sulla donna fuori campo, sull'avocado o sull'evento specifico di mettere l'avocado per farlo assaggiare alla bambina. Mancano completamente le entità e gli eventi richiesti per rispondere alla domanda, rendendo impossibile qualsiasi inferenza spaziale o temporale necessaria."
gemma,video031,2,La bambina acconsente a mangiare il frutto prima o dopo che la donna dica 'dai prova amore'?,temporale,T1,T1,1,bambina; donna; frutto; invito «dai prova amore»,evento A: la bambina acconsente a mangiare il frutto; evento B: la donna dice «dai prova amore»,"riconoscere i due eventi oppure l'evento e l'ancora temporale; localizzarli nella sequenza; determinare la relazione prima/dopo, primo/secondo, corrente/precedente o il momento richiesto",localizzazione rispetto a un'ancora temporale esplicita oppure ordinamento pairwise tra due eventi/stati direttamente identificabili,two_intervals,2,esplicita,alta,"[""temporale""]",50,50,30,40,parziale,['La bambina mangia un pezzo di cibo (evento A)'],"[""La donna che dice 'dai prova amore' (evento B)"", 'Relazione temporale tra evento A e evento B']","Il modello ha identificato l'evento in cui la bambina mangia il cibo, ma non ha rilevato l'evento in cui la donna dice 'dai prova amore'. Senza questo secondo evento, non è possibile determinare la relazione temporale richiesta dalla domanda. Pertanto, la comprensione è parziale."
gemma,video031,3,Perché la bambina urla?,causale,C2,C2|T1,2,bambina; avocado o altro stimolo; donna fuori campo,effetto da spiegare: la bambina urla; causa/antecedente: da identificare nell'evidenza disponibile,riconoscere l'effetto o comportamento da spiegare; recuperare il contesto pertinente; inferire la causa/intenzione/motivazione solo se supportata dalle evidenze; evitare di colmare lacune con conoscenza non presente nel video,"la risposta richiede almeno un passaggio inferenziale implicito su motivazione, intenzione, stato mentale, valutazione sociale, finalità procedurale o relazione causale non direttamente osservabile",two_intervals,2,implicita,moderata,"[""causale"", ""temporale""]",50,30,20,25,insufficiente,"['Bambina identificata come protagonista', 'Bambina mangia cibo']","[""Stimolo che causa l'urlo della bambina"", 'Evento specifico in cui la bambina urla', ""Causa o antecedente dell'urlo"", 'Presenza di una donna fuori campo', ""Contesto che spiega l'urlo""]","La rappresentazione del modello identifica la bambina e alcune sue azioni, come mangiare, ma manca completamente l'evento dell'urlo e qualsiasi contesto o stimolo che possa spiegare il comportamento. Non ci sono informazioni sulla presenza di una donna fuori campo o su un avocado o altro stimolo che potrebbe causare l'urlo. L'inferenza causale richiesta non è supportata dai dati disponibili."
gemma,video032,1,Dove si trova l'oggetto che vuole la bambina con la maglietta rossa e bianca?,spaziale,S1,S1|T0,1,bambina con la maglietta rossa e bianca; oggetto desiderato; luogo in cui si trova,evento: la bambina vuole un oggetto; localizzazione dell'oggetto,"riconoscere l'evento o la relazione spaziale pertinente; allineare il referente all'intervallo locale; recuperare origine, destinazione, direzione, supporto o posizione richiesta",una relazione spaziale esplicita o una localizzazione condizionata da un singolo evento osservabile nello stesso intervallo locale,local_interval,2,esplicita,moderata,"[""spaziale"", ""temporale""]",0,0,0,0,insufficiente,[],"['Identificazione della bambina con la maglietta rossa e bianca', ""Identificazione dell'oggetto desiderato dalla bambina"", ""Localizzazione dell'oggetto desiderato"", 'Evento in cui la bambina esprime il desiderio per un oggetto']","La rappresentazione del modello non include l'identificazione della bambina con la maglietta rossa e bianca, né l'oggetto che desidera. Inoltre, manca l'evento in cui la bambina esprime il desiderio per un oggetto e la localizzazione di tale oggetto. Senza queste informazioni, non è possibile rispondere alla domanda."
gemma,video032,2,La bambina con la maglietta rossa e bianca prende la forchetta in mano prima o dopo che la bambina con la maglia rosa dica 'no'?,temporale,T1,T1,1,bambina con la maglietta rossa e bianca; bambina con la maglia rosa; forchetta,evento A: la prima bambina prende la forchetta; evento B: la seconda bambina dice «no»,"riconoscere i due eventi oppure l'evento e l'ancora temporale; localizzarli nella sequenza; determinare la relazione prima/dopo, primo/secondo, corrente/precedente o il momento richiesto",localizzazione rispetto a un'ancora temporale esplicita oppure ordinamento pairwise tra due eventi/stati direttamente identificabili,two_intervals,2,esplicita,alta,"[""temporale""]",40,20,10,25,insufficiente,"['Bambina con maglietta rossa e bianca identificata in segmenti 0001, 0003, 0005, 0006, 0007, 0008.', 'Forchetta identificata in segmenti 0000, 0001, 0002, 0003, 0004, 0005, 0007.']","['Evento A: la bambina con la maglietta rossa e bianca prende la forchetta.', ""Evento B: la bambina con la maglia rosa dice 'no'."", ""Relazione temporale tra l'azione di prendere la forchetta e il dire 'no'."", ""Identificazione chiara della bambina con la maglia rosa che dice 'no'.""]","La rappresentazione del modello ha identificato alcune entità come la bambina con la maglietta rossa e bianca e la forchetta, ma non ha identificato chiaramente l'evento in cui la bambina prende la forchetta né l'evento in cui la bambina con la maglia rosa dice 'no'. Inoltre, manca la relazione temporale tra questi eventi. Pertanto, la comprensione è insufficiente per rispondere alla domanda."
gemma,video032,3,Perché la bambina con la maglietta rosa dice di 'no'?,causale,C2,C2|T1,2,bambina con la maglietta rosa; altra bambina; oggetto o azione rifiutata,effetto da spiegare: la bambina dice «no»; causa/antecedente: da identificare nell'evidenza disponibile,riconoscere l'effetto o comportamento da spiegare; recuperare il contesto pertinente; inferire la causa/intenzione/motivazione solo se supportata dalle evidenze; evitare di colmare lacune con conoscenza non presente nel video,"la risposta richiede almeno un passaggio inferenziale implicito su motivazione, intenzione, stato mentale, valutazione sociale, finalità procedurale o relazione causale non direttamente osservabile",two_intervals,2,implicita,moderata,"[""causale"", ""temporale""]",50,30,20,25,insufficiente,"['bambina con maglietta rosa identificata', 'bambina che mangia']","['altra bambina', 'oggetto o azione rifiutata', ""evento in cui la bambina dice 'no'"", 'causa o contesto del rifiuto']","La rappresentazione del modello identifica la bambina con la maglietta rosa e alcune azioni generiche come mangiare, ma manca l'identificazione di un'altra bambina e l'evento specifico in cui la bambina dice 'no'. Inoltre, non è presente alcuna informazione sul contesto o la causa del rifiuto, rendendo impossibile inferire la motivazione dietro il comportamento della bambina. Pertanto, la comprensione è insufficiente per affrontare la domanda."
gemma,video033,1,Dove si tuffano i due uomini in costume?,spaziale,S1,S1|T0,1,due uomini in costume; acqua o punto di tuffo,evento: i due uomini si tuffano; localizzazione del luogo del tuffo,"riconoscere l'evento o la relazione spaziale pertinente; allineare il referente all'intervallo locale; recuperare origine, destinazione, direzione, supporto o posizione richiesta",una relazione spaziale esplicita o una localizzazione condizionata da un singolo evento osservabile nello stesso intervallo locale,local_interval,1,esplicita,moderata,"[""spaziale"", ""temporale""]",0,0,0,0,insufficiente,[],"['Due uomini in costume', 'Evento di tuffo', 'Localizzazione del luogo del tuffo', 'Relazione spaziale pertinente al tuffo']","La rappresentazione del modello non recupera alcuna informazione riguardante due uomini in costume che si tuffano, né identifica un luogo di tuffo. Non ci sono eventi o relazioni spaziali che supportano l'inferenza richiesta dalla domanda. Pertanto, la comprensione è insufficiente."
gemma,video033,2,Chi si trova in vantaggio per primo tra 'Bobo' e 'Massi'?,temporale,T1,T1,1,Bobo; Massi,evento A: Bobo passa in vantaggio; evento B: Massi passa in vantaggio,"riconoscere i due eventi oppure l'evento e l'ancora temporale; localizzarli nella sequenza; determinare la relazione prima/dopo, primo/secondo, corrente/precedente o il momento richiesto",localizzazione rispetto a un'ancora temporale esplicita oppure ordinamento pairwise tra due eventi/stati direttamente identificabili,two_intervals,2,esplicita,alta,"[""temporale""]",0,0,0,0,insufficiente,[],"['Identificazione di Bobo e Massi', 'Evento A: Bobo passa in vantaggio', 'Evento B: Massi passa in vantaggio', 'Relazione temporale tra gli eventi A e B']","La rappresentazione del modello non recupera alcuna informazione specifica su Bobo e Massi, né sugli eventi di vantaggio richiesti dalla domanda. Non ci sono elementi che permettano di determinare chi sia in vantaggio per primo. Mancano completamente le entità e gli eventi necessari, così come la relazione temporale tra di essi."
gemma,video033,3,Perché la donna in sottofondo è preoccupata?,causale,C2,C2|T1,2,donna in sottofondo; due uomini; situazione della gara o del tuffo,effetto da spiegare: la donna è preoccupata; causa/antecedente: da identificare nell'evidenza disponibile,riconoscere l'effetto o comportamento da spiegare; recuperare il contesto pertinente; inferire la causa/intenzione/motivazione solo se supportata dalle evidenze; evitare di colmare lacune con conoscenza non presente nel video,"la risposta richiede almeno un passaggio inferenziale implicito su motivazione, intenzione, stato mentale, valutazione sociale, finalità procedurale o relazione causale non direttamente osservabile",two_intervals,2,implicita,moderata,"[""causale"", ""temporale""]",0,0,0,0,insufficiente,[],"['donna in sottofondo', 'stato di preoccupazione della donna', 'situazione della gara o del tuffo', 'causa della preoccupazione della donna']","La rappresentazione del modello non include alcuna informazione sulla donna in sottofondo, il suo stato di preoccupazione o la situazione che potrebbe causare tale preoccupazione. Mancano completamente le entità e gli eventi necessari per inferire la causa della preoccupazione della donna. Pertanto, la comprensione è insufficiente."
gemma,video034,1,"Dove si trova la palla all'inizio, nelle mani di Anastasia o nelle mani di Vanessa?",spaziale,S2,S2|T1,2,palla; Vanessa; mani delle due bambine,evento o stato iniziale: la palla è nelle mani di una delle due bambine; localizzazione all'inizio del video,identificare l'ancora temporale; recuperare lo stato spaziale nella fase richiesta; confrontare le fasi pertinenti senza introdurre cambiamenti non osservati,recupero spaziale condizionato da una fase precedente/successiva/iniziale o dal primo occorrere di un evento; richiede confronto tra almeno due stati temporali,two_intervals,2,esplicita,alta,"[""spaziale"", ""temporale""]",0,0,0,0,insufficiente,[],"['Identificazione di Anastasia e Vanessa', ""Localizzazione della palla all'inizio del video"", ""Determinazione di chi tiene la palla all'inizio"", 'Confronto tra stati temporali per determinare la posizione iniziale della palla']","La rappresentazione del modello non fornisce alcuna informazione utile per determinare dove si trova la palla all'inizio del video. Non sono identificati né Anastasia né Vanessa, né è specificato chi tiene la palla all'inizio. Mancano completamente le informazioni necessarie per confrontare gli stati temporali e determinare la posizione iniziale della palla."
gemma,video034,2,Anastasia fa le flessioni prima o dopo che Vanessa venga rimproverata?,temporale,T1,T1,1,Anastasia; Vanessa; flessioni; rimprovero,evento A: Anastasia fa le flessioni; evento B: Vanessa viene rimproverata,"riconoscere i due eventi oppure l'evento e l'ancora temporale; localizzarli nella sequenza; determinare la relazione prima/dopo, primo/secondo, corrente/precedente o il momento richiesto",localizzazione rispetto a un'ancora temporale esplicita oppure ordinamento pairwise tra due eventi/stati direttamente identificabili,two_intervals,2,esplicita,alta,"[""temporale""]",0,0,0,0,insufficiente,[],"['Anastasia che fa le flessioni', 'Vanessa che viene rimproverata', 'Relazione temporale tra le flessioni di Anastasia e il rimprovero di Vanessa']","La rappresentazione del modello non include alcuna informazione riguardante Anastasia che fa le flessioni o Vanessa che viene rimproverata. Non ci sono eventi o entità che corrispondano a questi requisiti, né è possibile determinare una relazione temporale tra i due eventi richiesti. Pertanto, la comprensione è insufficiente."
gemma,video034,3,Perché la donna rimprovera Vanessa?,causale,C1,C1|T1,1,donna; Vanessa; comportamento di Vanessa,effetto da spiegare: la donna rimprovera Vanessa; causa/antecedente: da identificare nell'evidenza disponibile,riconoscere l'effetto; individuare un antecedente o stato direttamente osservabile/esplicitamente disponibile; verificare il nesso causale senza attribuire intenzioni o motivazioni non supportate,"collegamento causale diretto tra un antecedente esplicito e una conseguenza esplicita, con al massimo due unità di evidenza",two_intervals,2,parzialmente implicita,moderata,"[""causale"", ""temporale""]",0,0,0,0,insufficiente,[],"['Identificazione della donna e di Vanessa', 'Comportamento di Vanessa che causa il rimprovero', 'Evento del rimprovero della donna a Vanessa', 'Causa specifica del rimprovero']","La rappresentazione del modello non include alcuna informazione riguardante la donna, Vanessa o il comportamento di Vanessa che potrebbe aver causato un rimprovero. Non ci sono eventi o inferenze che collegano un'azione di Vanessa a un rimprovero da parte della donna. Pertanto, nessuno dei requisiti necessari per rispondere alla domanda è stato recuperato."
gemma,video035,1,Dove si trova il cliente che non saluta?,spaziale,S1,S1|T0,1,cliente che non saluta; luogo in cui si trova,localizzazione del cliente che non saluta,"riconoscere l'evento o la relazione spaziale pertinente; allineare il referente all'intervallo locale; recuperare origine, destinazione, direzione, supporto o posizione richiesta",una relazione spaziale esplicita o una localizzazione condizionata da un singolo evento osservabile nello stesso intervallo locale,local_interval,2,esplicita,moderata,"[""spaziale"", ""temporale""]",50,40,30,35,parziale,"['Presenza di un cliente (e2) in segmenti 4, 5, 6.', 'Presenza di un cliente (e3) in segmento 10.']","['Identificazione del cliente che non saluta.', 'Localizzazione specifica del cliente che non saluta.', 'Relazione spaziale esplicita del cliente che non saluta.']","Il modello ha identificato la presenza di clienti in alcuni segmenti, ma non ha specificato quale cliente non saluta né ha fornito una localizzazione chiara di tale cliente. Mancano informazioni cruciali per determinare la posizione del cliente che non saluta, rendendo la comprensione complessiva parziale."
gemma,video035,2,Il cliente che risponde al saluto si presenta prima o dopo il cliente che non saluta?,temporale,T1,T1,1,cliente che risponde al saluto; cliente che non saluta; momento della presentazione,evento A: si presenta il cliente che risponde al saluto; evento B: si presenta il cliente che non saluta,"riconoscere i due eventi oppure l'evento e l'ancora temporale; localizzarli nella sequenza; determinare la relazione prima/dopo, primo/secondo, corrente/precedente o il momento richiesto",localizzazione rispetto a un'ancora temporale esplicita oppure ordinamento pairwise tra due eventi/stati direttamente identificabili,two_intervals,2,esplicita,alta,"[""temporale""]",0,0,0,0,insufficiente,[],"['Identificazione del cliente che risponde al saluto', 'Identificazione del cliente che non saluta', 'Momento della presentazione di entrambi i clienti', 'Eventi di presentazione dei clienti', 'Relazione temporale tra gli eventi di presentazione']","La rappresentazione del modello non recupera alcuna delle entità o eventi specifici richiesti dalla domanda. Non sono identificati i clienti che rispondono o non rispondono al saluto, né i momenti in cui si presentano. Di conseguenza, non è possibile determinare la relazione temporale tra questi eventi. La mancanza di queste informazioni fondamentali rende la comprensione insufficiente."
gemma,video035,3,Perché il contatore in rosso apparso a video aumenta?,causale,C1,C1|T0,1,contatore rosso sullo schermo,effetto da spiegare: il contatore rosso aumenta; causa/antecedente: da identificare nell'evidenza disponibile,riconoscere l'effetto; individuare un antecedente o stato direttamente osservabile/esplicitamente disponibile; verificare il nesso causale senza attribuire intenzioni o motivazioni non supportate,"nesso causa-effetto fisico, sistemico o comportamentale direttamente osservabile nello stesso intervallo locale",local_interval,1,esplicita,moderata,"[""causale"", ""temporale""]",0,0,0,0,insufficiente,[],"['Contatore rosso sullo schermo', 'Aumento del contatore rosso', ""Causa dell'aumento del contatore rosso""]","La rappresentazione del modello non include alcuna informazione riguardante il contatore rosso sullo schermo, il suo aumento o le cause di tale aumento. Non sono stati identificati eventi o entità che possano spiegare il fenomeno richiesto dalla domanda. Pertanto, la comprensione è insufficiente."
gemma,video036,1,Dove si trova il finto cieco?,spaziale,S0,S0,0,ragazzo che finge di essere cieco; luogo in cui si trova,localizzazione del finto cieco,identificare il referente target; recuperare una singola evidenza spaziale direttamente osservabile; restituire la localizzazione senza confronto tra fasi,recupero spaziale diretto da una singola evidenza stabile; nessun confronto temporale o ricostruzione di stato,single_frame,1,esplicita,nessuna,"[""spaziale""]",80,70,60,70,sufficiente,"['Persona con bastone da passeggio identificata come finto cieco.', ""Localizzazione della persona davanti all'edificio 'ISTITUTO DEI CIECHI'.""]",['Conferma esplicita che la persona identificata sia il finto cieco.'],"Il modello ha identificato una persona con un bastone da passeggio davanti all'edificio 'ISTITUTO DEI CIECHI', suggerendo che potrebbe essere il finto cieco. Tuttavia, manca una conferma esplicita che questa persona sia effettivamente il finto cieco, il che limita la completezza della rappresentazione. Nonostante ciò, la localizzazione spaziale è stata recuperata in modo sufficiente per affrontare la domanda."
gemma,video036,2,Il ragazzo si abbassa gli occhiali da sole prima o dopo aver detto che si fingerà cieco?,temporale,T1,T1,1,ragazzo; occhiali da sole; dichiarazione di fingersi cieco,evento A: il ragazzo abbassa gli occhiali da sole; evento B: dice che si fingerà cieco,"riconoscere i due eventi oppure l'evento e l'ancora temporale; localizzarli nella sequenza; determinare la relazione prima/dopo, primo/secondo, corrente/precedente o il momento richiesto",localizzazione rispetto a un'ancora temporale esplicita oppure ordinamento pairwise tra due eventi/stati direttamente identificabili,two_intervals,2,esplicita,alta,"[""temporale""]",50,20,10,20,insufficiente,['Presenza di una persona con occhiali da sole'],"['Evento A: il ragazzo abbassa gli occhiali da sole', 'Evento B: dice che si fingerà cieco', 'Relazione temporale tra abbassare gli occhiali e dichiarare di fingersi cieco']","La rappresentazione del modello identifica una persona con occhiali da sole, ma non recupera gli eventi specifici richiesti dalla domanda, ovvero l'abbassamento degli occhiali e la dichiarazione di fingersi cieco. Inoltre, manca la relazione temporale tra questi eventi. Pertanto, la comprensione è insufficiente per affrontare la domanda."
gemma,video036,3,Perché il ragazzo che finge di essere cieco non attraversa la strada?,causale,C2,C2|T1,2,ragazzo che finge di essere cieco; strada,effetto da spiegare: il ragazzo non attraversa la strada; causa/antecedente: da identificare nell'evidenza disponibile,riconoscere l'effetto o comportamento da spiegare; recuperare il contesto pertinente; inferire la causa/intenzione/motivazione solo se supportata dalle evidenze; evitare di colmare lacune con conoscenza non presente nel video,"la risposta richiede almeno un passaggio inferenziale implicito su motivazione, intenzione, stato mentale, valutazione sociale, finalità procedurale o relazione causale non direttamente osservabile",two_intervals,2,implicita,moderata,"[""causale"", ""temporale""]",70,50,30,40,parziale,"['Ragazzo che finge di essere cieco identificato come persona con occhiali da sole e bastone da passeggio.', 'Strada identificata come infrastruttura con asfalto e segnaletica orizzontale.', ""Evento di persona in piedi di fronte all'edificio osservato.""]","['Motivazione o causa per cui il ragazzo non attraversa la strada non chiaramente identificata.', 'Contesto pertinente per spiegare il comportamento del ragazzo non completamente recuperato.', 'Inferenza sulla causa/intenzione/motivazione non supportata dalle evidenze disponibili.']","Il modello ha identificato correttamente alcune entità e un evento rilevante, ma manca di evidenze chiare per inferire la motivazione o la causa per cui il ragazzo non attraversa la strada. L'analisi causale è debole e non supporta adeguatamente l'inferenza richiesta dalla domanda."
gemma,video037,1,Dove si trovano i rifiuti?,spaziale,S0,S0,0,rifiuti; luogo in cui si trovano,localizzazione dei rifiuti,identificare il referente target; recuperare una singola evidenza spaziale direttamente osservabile; restituire la localizzazione senza confronto tra fasi,recupero spaziale diretto da una singola evidenza stabile; nessun confronto temporale o ricostruzione di stato,single_frame,1,esplicita,nessuna,"[""spaziale""]",100,100,100,100,completa,"['Cestino giallo a rete identificato come luogo dei rifiuti nel segmento 0000.', 'Azione di gettare un oggetto nel cestino osservata nel segmento 0000.']",[],"Il modello ha identificato correttamente il cestino giallo a rete come il luogo in cui si trovano i rifiuti e ha osservato l'azione di gettare un oggetto nel cestino. Tutti i requisiti della domanda sono stati soddisfatti, fornendo una rappresentazione completa e coerente per rispondere alla domanda."
gemma,video037,2,Le trombette vengono suonate prima o dopo che la donna vestita di nero si pieghi?,temporale,T1,T1,1,trombette; donna vestita di nero,evento A: vengono suonate le trombette; evento B: la donna vestita di nero si piega,"riconoscere i due eventi oppure l'evento e l'ancora temporale; localizzarli nella sequenza; determinare la relazione prima/dopo, primo/secondo, corrente/precedente o il momento richiesto",localizzazione rispetto a un'ancora temporale esplicita oppure ordinamento pairwise tra due eventi/stati direttamente identificabili,two_intervals,2,esplicita,alta,"[""temporale""]",0,0,0,0,insufficiente,[],"['Identificazione delle trombette', 'Identificazione della donna vestita di nero', 'Evento delle trombette suonate', 'Evento della donna vestita di nero che si piega', 'Relazione temporale tra i due eventi']","La rappresentazione del modello non include alcuna informazione sulle trombette o sulla donna vestita di nero, né sugli eventi specifici richiesti dalla domanda. Mancano completamente le entità e gli eventi necessari per determinare la relazione temporale richiesta. Di conseguenza, non è possibile eseguire l'inferenza necessaria per rispondere alla domanda."
gemma,video037,3,Perché il ragazzo con il cappellino a punta suona la trombetta?,causale,C2,C2|T1,2,ragazzo con il cappellino a punta; trombetta; donna o situazione circostante,effetto da spiegare: il ragazzo suona la trombetta; causa/antecedente: da identificare nell'evidenza disponibile,riconoscere l'effetto o comportamento da spiegare; recuperare il contesto pertinente; inferire la causa/intenzione/motivazione solo se supportata dalle evidenze; evitare di colmare lacune con conoscenza non presente nel video,"la risposta richiede almeno un passaggio inferenziale implicito su motivazione, intenzione, stato mentale, valutazione sociale, finalità procedurale o relazione causale non direttamente osservabile",two_intervals,2,implicita,moderata,"[""causale"", ""temporale""]",50,30,20,30,insufficiente,"['ragazzo con cappellino a punta identificato', 'presenza di altre persone e oggetti nel contesto']","['azione di suonare la trombetta', ""contesto specifico che spiega l'azione"", 'causa o motivazione per suonare la trombetta']","La rappresentazione del modello identifica il ragazzo con il cappellino a punta e il contesto generale, ma manca l'azione specifica di suonare la trombetta e qualsiasi evidenza che possa spiegare la causa o la motivazione di tale azione. Senza questi elementi, l'inferenza richiesta dalla domanda non può essere eseguita."
gemma,video038,1,Dove si trovano le 'ragazze'?,spaziale,S0,S0,0,«ragazze» menzionate; luogo in cui si trovano,localizzazione delle persone chiamate «ragazze»,identificare il referente target; recuperare una singola evidenza spaziale direttamente osservabile; restituire la localizzazione senza confronto tra fasi,recupero spaziale diretto da una singola evidenza stabile; nessun confronto temporale o ricostruzione di stato,single_frame,1,esplicita,nessuna,"[""spaziale""]",0,0,0,0,insufficiente,[],"[""Identificazione delle 'ragazze'."", ""Localizzazione delle 'ragazze'."", ""Qualsiasi riferimento a persone che potrebbero essere chiamate 'ragazze'.""]","Il modello non ha identificato alcuna entità che possa essere riferita come 'ragazze', né ha fornito informazioni sulla loro localizzazione. Non ci sono evidenze di persone che potrebbero essere considerate 'ragazze' nel contesto del video analizzato. Pertanto, non è possibile rispondere alla domanda con le informazioni disponibili."
gemma,video038,2,L'osso viene fatto annusare prima a 'Nandina' o a 'Giulietta'?,temporale,T1,T1,1,osso; Nandina; Giulietta; uomo che lo fa annusare,evento A: l'osso viene fatto annusare a Nandina; evento B: l'osso viene fatto annusare a Giulietta,"riconoscere i due eventi oppure l'evento e l'ancora temporale; localizzarli nella sequenza; determinare la relazione prima/dopo, primo/secondo, corrente/precedente o il momento richiesto",localizzazione rispetto a un'ancora temporale esplicita oppure ordinamento pairwise tra due eventi/stati direttamente identificabili,two_intervals,2,esplicita,alta,"[""temporale""]",0,0,0,0,insufficiente,[],"[""Identificazione dell'osso."", 'Identificazione di Nandina e Giulietta.', ""Evento in cui l'osso viene fatto annusare a Nandina."", ""Evento in cui l'osso viene fatto annusare a Giulietta."", ""Relazione temporale tra gli eventi di annusare l'osso.""]","La rappresentazione del modello non recupera alcuna delle entità o degli eventi specifici richiesti dalla domanda. Non sono identificati né l'osso né i cani Nandina e Giulietta, né gli eventi di annusare l'osso. Di conseguenza, non è possibile determinare la sequenza temporale richiesta dalla domanda."
gemma,video038,3,Perché l'uomo con la tuta blu definisce la situazione inquietante?,causale,C2,C2|T1,2,uomo con la tuta blu; Nandina e Giulietta o altre «ragazze»; situazione osservata,effetto da spiegare: l'uomo definisce la situazione inquietante; causa/antecedente: da identificare nell'evidenza disponibile,riconoscere l'effetto o comportamento da spiegare; recuperare il contesto pertinente; inferire la causa/intenzione/motivazione solo se supportata dalle evidenze; evitare di colmare lacune con conoscenza non presente nel video,"la risposta richiede almeno un passaggio inferenziale implicito su motivazione, intenzione, stato mentale, valutazione sociale, finalità procedurale o relazione causale non direttamente osservabile",two_intervals,2,implicita,moderata,"[""causale"", ""temporale""]",30,20,10,20,insufficiente,"['Presenza di una persona, un vitello e un cane.', 'Interazioni tra la persona e gli animali (toccare, offrire cibo).']","[""Identificazione specifica dell'uomo con la tuta blu."", 'Identificazione di Nandina e Giulietta o altre «ragazze».', 'Descrizione della situazione osservata come inquietante.', 'Motivazione o causa per cui la situazione è definita inquietante.']","La rappresentazione del modello manca di elementi chiave per rispondere alla domanda. Non è stata identificata l'entità specifica dell'uomo con la tuta blu, né le ragazze menzionate. Inoltre, non è stata fornita alcuna descrizione della situazione come inquietante, né è stata inferita una motivazione o causa per tale definizione. La comprensione complessiva è insufficiente per affrontare la domanda."
gemma,video039,1,Dove guarda l'uomo con la camicia azzurra quando fa un verso di sorpresa?,spaziale,S1,S1|T0,1,uomo con la camicia azzurra; oggetto o persona guardata,evento contestuale: l'uomo fa un verso di sorpresa; localizzazione della direzione del suo sguardo,"riconoscere l'evento o la relazione spaziale pertinente; allineare il referente all'intervallo locale; recuperare origine, destinazione, direzione, supporto o posizione richiesta",una relazione spaziale esplicita o una localizzazione condizionata da un singolo evento osservabile nello stesso intervallo locale,local_interval,2,esplicita,moderata,"[""spaziale"", ""temporale""]",0,0,0,0,insufficiente,[],"['Uomo con la camicia azzurra', ""Evento di sorpresa dell'uomo"", ""Direzione dello sguardo dell'uomo durante l'evento di sorpresa""]","La rappresentazione del modello non include l'uomo con la camicia azzurra né l'evento in cui fa un verso di sorpresa. Inoltre, manca qualsiasi informazione sulla direzione dello sguardo dell'uomo durante tale evento. Pertanto, nessuno dei requisiti necessari per rispondere alla domanda è stato recuperato."
gemma,video039,2,L'uomo con la maglia grigia intima all'uomo in camicia che pagherà lui prima o dopo che si sono seduti?,temporale,T1,T1,1,uomo con la maglia grigia; uomo in camicia; conto; seduta,evento A: l'uomo con la maglia grigia dice che pagherà lui; evento B: i due uomini si siedono,"riconoscere i due eventi oppure l'evento e l'ancora temporale; localizzarli nella sequenza; determinare la relazione prima/dopo, primo/secondo, corrente/precedente o il momento richiesto",localizzazione rispetto a un'ancora temporale esplicita oppure ordinamento pairwise tra due eventi/stati direttamente identificabili,two_intervals,2,esplicita,alta,"[""temporale""]",50,30,20,25,insufficiente,"['Presenza di due uomini con abbigliamento casual e occhiali.', 'Conversazione tra due uomini.']","[""Identificazione chiara dell'uomo con la maglia grigia."", ""Identificazione chiara dell'uomo in camicia."", ""Evento in cui l'uomo con la maglia grigia dice che pagherà lui."", 'Evento in cui i due uomini si siedono.', ""Relazione temporale tra l'affermazione di pagamento e il sedersi.""]","La rappresentazione del modello non riesce a identificare chiaramente le entità specifiche richieste (uomo con la maglia grigia e uomo in camicia) né gli eventi chiave (affermazione di pagamento e seduta). Mancano anche le relazioni temporali necessarie per rispondere alla domanda. Pertanto, la comprensione è insufficiente."
gemma,video039,3,Perché l'uomo con la maglietta grigia vuole pagare il conto?,causale,C2,C2|T1,2,uomo con la maglietta grigia; altro uomo; conto,effetto da spiegare: l'uomo vuole pagare il conto; causa/antecedente: da identificare nell'evidenza disponibile,riconoscere l'effetto o comportamento da spiegare; recuperare il contesto pertinente; inferire la causa/intenzione/motivazione solo se supportata dalle evidenze; evitare di colmare lacune con conoscenza non presente nel video,"la risposta richiede almeno un passaggio inferenziale implicito su motivazione, intenzione, stato mentale, valutazione sociale, finalità procedurale o relazione causale non direttamente osservabile",two_intervals,2,implicita,moderata,"[""causale"", ""temporale""]",50,30,20,25,insufficiente,"['uomo con capelli scuri e occhiali', 'conversazione tra due uomini', 'uomo si alza dal tavolo']","['uomo con maglietta grigia', 'intenzione di pagare il conto', 'motivazione per pagare il conto']","La rappresentazione del modello ha identificato alcune entità e azioni generali, come la presenza di un uomo con capelli scuri e occhiali e una conversazione tra due uomini. Tuttavia, manca l'identificazione specifica dell'uomo con la maglietta grigia e non ci sono evidenze che supportino l'intenzione o la motivazione per pagare il conto. Senza queste informazioni, non è possibile inferire la causa o l'intenzione richiesta dalla domanda."
gemma,video040,1,"Dove sente bruciore Vanessa, secondo la voce fuori campo?",spaziale,S1,S1|T0,1,Vanessa; parte del corpo che brucia; voce fuori campo,stato riferito: Vanessa sente bruciore; localizzazione della parte del corpo,"riconoscere l'evento o la relazione spaziale pertinente; allineare il referente all'intervallo locale; recuperare origine, destinazione, direzione, supporto o posizione richiesta",una relazione spaziale esplicita o una localizzazione condizionata da un singolo evento osservabile nello stesso intervallo locale,local_interval,1,parzialmente implicita,moderata,"[""spaziale"", ""temporale""]",0,0,0,0,insufficiente,[],"['Vanessa', 'parte del corpo che brucia', 'voce fuori campo', 'stato riferito: Vanessa sente bruciore', 'localizzazione della parte del corpo']","La rappresentazione del modello non include alcuna informazione riguardante Vanessa, la parte del corpo in cui sente bruciore, o la voce fuori campo che riferisce tale informazione. Mancano completamente le entità e gli eventi necessari per rispondere alla domanda, rendendo impossibile qualsiasi inferenza utile."
gemma,video040,2,Quando dice la voce fuori campo che disinfetterà il piedino di Vanessa?,temporale,T1,T1,1,voce fuori campo; piede di Vanessa,evento target: la voce dice che disinfetterà il piede di Vanessa; riferimento temporale: momento o evento rispetto a cui avviene,"riconoscere i due eventi oppure l'evento e l'ancora temporale; localizzarli nella sequenza; determinare la relazione prima/dopo, primo/secondo, corrente/precedente o il momento richiesto",localizzazione rispetto a un'ancora temporale esplicita oppure ordinamento pairwise tra due eventi/stati direttamente identificabili,two_intervals,2,esplicita,alta,"[""temporale""]",0,0,0,0,insufficiente,[],"['Voce fuori campo', 'Piede di Vanessa', 'Evento in cui la voce dice che disinfetterà il piede di Vanessa', ""Riferimento temporale per l'evento target""]","La rappresentazione del modello non include alcuna informazione riguardante la voce fuori campo, il piede di Vanessa o l'evento in cui si dice che verrà disinfettato il piede. Mancano completamente le entità e gli eventi necessari per rispondere alla domanda, rendendo impossibile qualsiasi inferenza temporale richiesta."
gemma,video040,3,Perché la voce fuori campo chiede ad Anastasia 'come va?'?,causale,C2,C2|T1,2,voce fuori campo; Anastasia; stato fisico o emotivo di Anastasia,effetto da spiegare: la voce chiede ad Anastasia «come va?»; causa/antecedente: da identificare nell'evidenza disponibile,riconoscere l'effetto o comportamento da spiegare; recuperare il contesto pertinente; inferire la causa/intenzione/motivazione solo se supportata dalle evidenze; evitare di colmare lacune con conoscenza non presente nel video,"la risposta richiede almeno un passaggio inferenziale implicito su motivazione, intenzione, stato mentale, valutazione sociale, finalità procedurale o relazione causale non direttamente osservabile",two_intervals,2,implicita,moderata,"[""causale"", ""temporale""]",0,0,0,0,insufficiente,[],"['Voce fuori campo', 'Anastasia', 'Stato fisico o emotivo di Anastasia', ""Evento della voce che chiede 'come va?'"", 'Causa o antecedente per la domanda della voce fuori campo']","La rappresentazione del modello non include alcuna informazione sulla voce fuori campo, su Anastasia o sullo stato fisico o emotivo di Anastasia. Non viene identificato l'evento in cui la voce chiede 'come va?' né viene fornita alcuna causa o antecedente per tale domanda. Pertanto, nessuno dei requisiti necessari per rispondere alla domanda è stato recuperato."
gemma,video041,1,Dove sono andate le circa 60 persone secondo la tradizione?,spaziale,S1,S1|T0,1,circa 60 persone; luogo della tradizione; mare o spiaggia,evento riportato: le persone si recano in un luogo secondo la tradizione; localizzazione della destinazione,"riconoscere l'evento o la relazione spaziale pertinente; allineare il referente all'intervallo locale; recuperare origine, destinazione, direzione, supporto o posizione richiesta",una relazione spaziale esplicita o una localizzazione condizionata da un singolo evento osservabile nello stesso intervallo locale,local_interval,1,parzialmente implicita,moderata,"[""spaziale"", ""temporale""]",100,100,100,100,completa,"['circa 60 persone partecipano al bagno di Capodanno in mare', 'evento del bagno di Capodanno in mare osservato', 'relazione spaziale: persone vicino al mare', 'tradizione del bagno di Capodanno in mare']",[],"Il modello ha recuperato tutte le informazioni necessarie per rispondere alla domanda. Le entità richieste, come le persone e il mare, sono chiaramente identificate. Gli eventi del bagno di Capodanno in mare sono osservati e descritti con precisione. La relazione spaziale tra le persone e il mare è esplicitamente indicata. Non ci sono lacune significative nella rappresentazione visuale del modello."
gemma,video041,2,Quando si è aperto il 'Capodanno pesarese' secondo la voce narrante?,temporale,T1,T1,1,Capodanno pesarese; voce narrante,evento target: apertura del Capodanno pesarese; riferimento temporale: data o momento indicato dalla voce narrante,"riconoscere i due eventi oppure l'evento e l'ancora temporale; localizzarli nella sequenza; determinare la relazione prima/dopo, primo/secondo, corrente/precedente o il momento richiesto",localizzazione rispetto a un'ancora temporale esplicita oppure ordinamento pairwise tra due eventi/stati direttamente identificabili,two_intervals,2,parzialmente implicita,alta,"[""temporale""]",0,0,0,0,insufficiente,[],"['Voce narrante', ""Riferimento temporale esplicito per l'apertura del 'Capodanno pesarese'""]","La rappresentazione del modello non include alcuna informazione sulla voce narrante o su un riferimento temporale esplicito per l'apertura del 'Capodanno pesarese'. Senza questi elementi, non è possibile determinare quando si è aperto l'evento secondo la voce narrante. Pertanto, la comprensione è insufficiente."
gemma,video041,3,Perché le persone portano il cappello di babbo natale al mare?,causale,C2,C2|T1,2,persone; cappelli di Babbo Natale; mare; tradizione,effetto da spiegare: le persone portano cappelli di Babbo Natale al mare; causa/antecedente: da identificare nell'evidenza disponibile,riconoscere l'effetto o comportamento da spiegare; recuperare il contesto pertinente; inferire la causa/intenzione/motivazione solo se supportata dalle evidenze; evitare di colmare lacune con conoscenza non presente nel video,"la risposta richiede almeno un passaggio inferenziale implicito su motivazione, intenzione, stato mentale, valutazione sociale, finalità procedurale o relazione causale non direttamente osservabile",two_intervals,2,implicita,moderata,"[""causale"", ""temporale""]",80,90,70,75,sufficiente,"['Persone con cappelli di Natale al mare', 'Evento del bagno di Capodanno in mare', ""Presenza di persone in spiaggia durante l'evento""]",['Motivazione o tradizione specifica per indossare cappelli di Natale al mare'],"Il modello ha identificato correttamente le entità principali come le persone, i cappelli di Natale e il mare, e ha riconosciuto l'evento del bagno di Capodanno. Tuttavia, manca l'inferenza sulla motivazione o tradizione specifica che spiega perché le persone indossano cappelli di Natale al mare. La rappresentazione è sufficiente per affrontare la domanda, ma non completa."
gemma,video042,1,Dove hanno lavato le mani il bambino con la maglietta blu e la bambina con il vestito rosa?,spaziale,S1,S1|T0,1,bambino con la maglietta blu; bambina con il vestito rosa; luogo per lavarsi le mani,evento: i due bambini lavano le mani; localizzazione del luogo,"riconoscere l'evento o la relazione spaziale pertinente; allineare il referente all'intervallo locale; recuperare origine, destinazione, direzione, supporto o posizione richiesta",una relazione spaziale esplicita o una localizzazione condizionata da un singolo evento osservabile nello stesso intervallo locale,local_interval,1,esplicita,moderata,"[""spaziale"", ""temporale""]",0,0,0,0,insufficiente,[],"['Bambino con la maglietta blu', 'Bambina con il vestito rosa', 'Luogo per lavarsi le mani', 'Evento di lavaggio delle mani', 'Localizzazione del luogo di lavaggio delle mani']","Il modello non ha recuperato alcuna informazione riguardante il lavaggio delle mani dei bambini, né ha identificato il luogo in cui questo evento potrebbe essersi svolto. Mancano completamente le entità specifiche richieste (bambino con maglietta blu e bambina con vestito rosa) in relazione all'evento di lavaggio delle mani. Non è stata identificata alcuna azione o evento che possa essere interpretato come lavaggio delle mani, né è stata fornita una localizzazione spaziale pertinente. Pertanto, la rappresentazione è insufficiente per affrontare la domanda."
gemma,video042,2,Sami si mette la crema solare prima o dopo essere andata a riva?,temporale,T1,T1,1,Sami; crema solare; riva,evento A: Sami mette la crema solare; evento B: Sami va a riva,"riconoscere i due eventi oppure l'evento e l'ancora temporale; localizzarli nella sequenza; determinare la relazione prima/dopo, primo/secondo, corrente/precedente o il momento richiesto",localizzazione rispetto a un'ancora temporale esplicita oppure ordinamento pairwise tra due eventi/stati direttamente identificabili,two_intervals,2,esplicita,alta,"[""temporale""]",0,0,0,0,insufficiente,[],"['Sami', 'crema solare', 'riva', 'evento A: Sami mette la crema solare', 'evento B: Sami va a riva', 'relazione temporale tra i due eventi']","La rappresentazione del modello non recupera alcuna delle entità o eventi specifici richiesti dalla domanda. Non ci sono riferimenti a Sami, alla crema solare o alla riva, né agli eventi di applicazione della crema solare o di andare a riva. Di conseguenza, non è possibile determinare la relazione temporale tra questi eventi. La comprensione è insufficiente."
gemma,video042,3,Perché la bambina con la maglietta gialla torna correndo sull'asciugamano?,causale,C2,C2|T1,2,bambina con la maglietta gialla; asciugamano; luogo da cui torna,effetto da spiegare: la bambina torna correndo sull'asciugamano; causa/antecedente: da identificare nell'evidenza disponibile,riconoscere l'effetto o comportamento da spiegare; recuperare il contesto pertinente; inferire la causa/intenzione/motivazione solo se supportata dalle evidenze; evitare di colmare lacune con conoscenza non presente nel video,"la risposta richiede almeno un passaggio inferenziale implicito su motivazione, intenzione, stato mentale, valutazione sociale, finalità procedurale o relazione causale non direttamente osservabile",two_intervals,2,implicita,moderata,"[""causale"", ""temporale""]",50,30,20,30,parziale,"['bambina con la maglietta gialla identificata', 'presenza di un asciugamano (telo)']","[""evento specifico della bambina che torna correndo sull'asciugamano"", ""causa o antecedente che spiega il ritorno della bambina sull'asciugamano""]","La rappresentazione del modello identifica la bambina con la maglietta gialla e un asciugamano, ma manca l'evento specifico del ritorno correndo sull'asciugamano e la causa o motivazione di tale azione. Senza questi elementi, l'inferenza richiesta dalla domanda non può essere completata."
gemma,video043,1,Dove si allena la ragazza?,spaziale,S0,S0,0,ragazza; luogo di allenamento,evento: la ragazza si allena; localizzazione del luogo,identificare il referente target; recuperare una singola evidenza spaziale direttamente osservabile; restituire la localizzazione senza confronto tra fasi,recupero spaziale diretto da una singola evidenza stabile; nessun confronto temporale o ricostruzione di stato,single_frame,1,esplicita,nessuna,"[""spaziale""]",50,70,30,40,parziale,"[""La ragazza è identificata come 'allieva' o 'atleta' in vari segmenti."", ""L'evento di allenamento è osservato in diversi segmenti.""]","['Luogo specifico di allenamento non identificato.', ""Non c'è una chiara evidenza spaziale del luogo di allenamento.""]","Il modello ha identificato la ragazza e l'evento di allenamento, ma non ha recuperato informazioni sul luogo specifico di allenamento. La domanda richiede una localizzazione spaziale esplicita che non è stata fornita, limitando la capacità di rispondere alla domanda."
gemma,video043,2,La ragazza con gli occhiali tira un calcio posteriore prima o dopo che l'uomo con la felpa rossa e blu le parli?,temporale,T1,T1,1,ragazza con gli occhiali; uomo con la felpa rossa e blu; calcio posteriore,evento A: la ragazza esegue un calcio posteriore; evento B: l'uomo le parla,"riconoscere i due eventi oppure l'evento e l'ancora temporale; localizzarli nella sequenza; determinare la relazione prima/dopo, primo/secondo, corrente/precedente o il momento richiesto",localizzazione rispetto a un'ancora temporale esplicita oppure ordinamento pairwise tra due eventi/stati direttamente identificabili,two_intervals,2,esplicita,alta,"[""temporale""]",0,0,0,0,insufficiente,[],"['Ragazza con gli occhiali', 'Uomo con la felpa rossa e blu', 'Calcio posteriore', 'Evento in cui la ragazza esegue un calcio posteriore', ""Evento in cui l'uomo con la felpa rossa e blu parla alla ragazza"", 'Relazione temporale tra i due eventi']","La rappresentazione del modello non recupera nessuna delle entità o eventi specifici richiesti dalla domanda. Non viene identificata la ragazza con gli occhiali, né l'uomo con la felpa rossa e blu, né il calcio posteriore. Inoltre, non sono presenti eventi che corrispondano a quelli richiesti (calcio posteriore e dialogo) e manca completamente la relazione temporale tra di essi. Pertanto, la comprensione è insufficiente."
gemma,video043,3,Perché Sara Luconi porta gli occhiali?,causale,C2,C2|T1,2,Sara Luconi; occhiali,effetto da spiegare: Sara Luconi porta gli occhiali; causa/antecedente: da identificare nell'evidenza disponibile,riconoscere l'effetto o comportamento da spiegare; recuperare il contesto pertinente; inferire la causa/intenzione/motivazione solo se supportata dalle evidenze; evitare di colmare lacune con conoscenza non presente nel video,"la risposta richiede almeno un passaggio inferenziale implicito su motivazione, intenzione, stato mentale, valutazione sociale, finalità procedurale o relazione causale non direttamente osservabile",two_intervals,2,implicita,moderata,"[""causale"", ""temporale""]",0,0,0,0,insufficiente,[],"['Sara Luconi', 'occhiali', 'motivo per cui Sara Luconi porta gli occhiali']","La rappresentazione del modello non include alcuna informazione su Sara Luconi o sul motivo per cui porta gli occhiali. Non sono state identificate le entità richieste, né gli eventi o le inferenze necessarie per rispondere alla domanda. Pertanto, la comprensione è insufficiente."
gemma,video044,1,"In questa scena tratta da un film, da dove viene afferrata la ragazza?",spaziale,S1,S1|T0,1,ragazza; malvivente o persona che la afferra,evento: la ragazza viene afferrata; localizzazione del punto di presa,"riconoscere l'evento o la relazione spaziale pertinente; allineare il referente all'intervallo locale; recuperare origine, destinazione, direzione, supporto o posizione richiesta",una relazione spaziale esplicita o una localizzazione condizionata da un singolo evento osservabile nello stesso intervallo locale,local_interval,1,esplicita,moderata,"[""spaziale"", ""temporale""]",0,0,0,0,insufficiente,[],"['Identificazione della ragazza specifica che viene afferrata.', 'Identificazione della persona che afferra la ragazza.', ""Descrizione dell'evento in cui la ragazza viene afferrata."", 'Localizzazione del punto di presa sulla ragazza.']","La rappresentazione del modello non include alcuna informazione sull'evento specifico in cui una ragazza viene afferrata, né identifica chiaramente le entità coinvolte in tale evento. Mancano completamente le informazioni necessarie per determinare da dove la ragazza viene afferrata, rendendo impossibile affrontare la domanda."
gemma,video044,2,"In questa scena tratta da un film, la donna colpisce il malvivente prima o dopo aver detto: 'Io i soldi me li fatico'?",temporale,T1,T1,1,donna; malvivente; frase «Io i soldi me li fatico»,evento A: la donna colpisce il malvivente; evento B: la donna pronuncia la frase,"riconoscere i due eventi oppure l'evento e l'ancora temporale; localizzarli nella sequenza; determinare la relazione prima/dopo, primo/secondo, corrente/precedente o il momento richiesto",localizzazione rispetto a un'ancora temporale esplicita oppure ordinamento pairwise tra due eventi/stati direttamente identificabili,two_intervals,2,esplicita,alta,"[""temporale""]",0,0,0,0,insufficiente,[],"['Identificazione della donna e del malvivente.', ""Riconoscimento dell'evento in cui la donna colpisce il malvivente."", ""Riconoscimento dell'evento in cui la donna pronuncia la frase 'Io i soldi me li fatico'."", 'Determinazione della relazione temporale tra i due eventi.']","La rappresentazione del modello non recupera alcuna delle entità o degli eventi specifici richiesti dalla domanda. Non sono identificati né la donna né il malvivente, né sono riconosciuti gli eventi chiave di colpire o pronunciare la frase. Di conseguenza, non è possibile determinare la relazione temporale richiesta. La comprensione è insufficiente."
gemma,video044,3,Perché in questo spezzone di film la donna alla fine scappa?,causale,C1,C1|T1,1,donna; malvivente; luogo della scena,effetto da spiegare: la donna scappa alla fine; causa/antecedente: da identificare nell'evidenza disponibile,riconoscere l'effetto; individuare un antecedente o stato direttamente osservabile/esplicitamente disponibile; verificare il nesso causale senza attribuire intenzioni o motivazioni non supportate,"collegamento causale diretto tra un antecedente esplicito e una conseguenza esplicita, con al massimo due unità di evidenza",two_intervals,2,parzialmente implicita,moderata,"[""causale"", ""temporale""]",50,40,30,35,parziale,"['Presenza di una donna con giacca rosa e capelli lunghi (e1).', 'Presenza di un uomo con giacca blu e capelli corti (e2).', ""Evento di corsa della donna (e1) verso un'auto bianca (e3).""]","['Motivo specifico per cui la donna scappa.', 'Interazione o minaccia diretta che causa la fuga della donna.', 'Chiarezza sul ruolo del malvivente e la sua azione diretta.']","Il modello ha identificato alcune entità chiave come la donna e il malvivente, e ha riconosciuto l'evento della donna che corre. Tuttavia, manca l'identificazione di un evento o interazione specifica che spieghi chiaramente la causa della fuga della donna. Senza un antecedente chiaro, l'inferenza causale richiesta dalla domanda non è supportata."
gemma,video045,1,Dove sono stati postati i video dei fatti raccontati al telegiornale?,spaziale,S1,S1|T0,1,video dei fatti; fatti raccontati al telegiornale,evento riportato: i video vengono pubblicati; localizzazione della piattaforma,"riconoscere l'evento o la relazione spaziale pertinente; allineare il referente all'intervallo locale; recuperare origine, destinazione, direzione, supporto o posizione richiesta",una relazione spaziale esplicita o una localizzazione condizionata da un singolo evento osservabile nello stesso intervallo locale,local_interval,1,parzialmente implicita,moderata,"[""spaziale"", ""temporale""]",0,0,0,0,insufficiente,[],"['video dei fatti', 'fatti raccontati al telegiornale', 'evento di pubblicazione dei video', 'localizzazione della piattaforma di pubblicazione']","La rappresentazione del modello non include alcuna informazione riguardante la pubblicazione dei video o la loro localizzazione su una piattaforma specifica. Mancano completamente le entità e gli eventi richiesti per rispondere alla domanda, rendendo impossibile qualsiasi inferenza spaziale o temporale pertinente."
gemma,video045,2,I fatti si sono svolti prima o dopo mezzogiorno?,temporale,T1,T1,1,fatti narrati; mezzogiorno,evento target: svolgimento dei fatti; riferimento temporale: mezzogiorno,"riconoscere i due eventi oppure l'evento e l'ancora temporale; localizzarli nella sequenza; determinare la relazione prima/dopo, primo/secondo, corrente/precedente o il momento richiesto",localizzazione rispetto a un'ancora temporale esplicita oppure ordinamento pairwise tra due eventi/stati direttamente identificabili,two_intervals,2,parzialmente implicita,alta,"[""temporale""]",0,0,0,0,insufficiente,[],"['Riferimento temporale a mezzogiorno', 'Relazione temporale tra eventi e mezzogiorno']","La rappresentazione del modello non include alcun riferimento temporale esplicito a mezzogiorno, né fornisce informazioni che permettano di stabilire una relazione temporale tra gli eventi osservati e l'ancora temporale richiesta. Senza queste informazioni, non è possibile determinare se i fatti si sono svolti prima o dopo mezzogiorno."
gemma,video045,3,Perché le forze dell'ordine reclamano i rinforzi per aiutarli a sedare la folla?,causale,C0,C0,0,forze dell'ordine; rinforzi; folla,relazione causale/finalistica esplicitata nella domanda; nessun antecedente aggiuntivo deve essere ipotizzato,recuperare la causa o finalità già espressa esplicitamente; non introdurre antecedenti ulteriori non supportati,la finalità o relazione causale necessaria è già esplicitata nella formulazione disponibile; non è richiesta una ricostruzione causale aggiuntiva,local_interval,1,esplicita,nessuna,"[""causale""]",50,50,30,40,parziale,"['Presenza di una rissa e coltellate', 'Intervento di un poliziotto']","[""Esplicita menzione delle forze dell'ordine che richiedono rinforzi"", 'Esplicita menzione della folla', 'Esplicita relazione causale tra la rissa e la richiesta di rinforzi']","Il modello ha identificato eventi di rissa e l'intervento di un poliziotto, ma non ha recuperato informazioni esplicite sulle forze dell'ordine che richiedono rinforzi o sulla folla. La relazione causale tra la rissa e la richiesta di rinforzi non è stata esplicitamente recuperata, limitando la comprensione complessiva."
gemma,video046,1,Dove possiamo vedere che la prima risposta al comando vocale è giusta?,spaziale,S1,S1|T0,1,prima risposta del comando vocale,evento: il sistema dà la prima risposta; localizzazione dell'evidenza visiva che la conferma,"riconoscere l'evento o la relazione spaziale pertinente; allineare il referente all'intervallo locale; recuperare origine, destinazione, direzione, supporto o posizione richiesta",una relazione spaziale esplicita o una localizzazione condizionata da un singolo evento osservabile nello stesso intervallo locale,local_interval,1,parzialmente implicita,moderata,"[""spaziale"", ""temporale""]",0,0,0,0,insufficiente,[],"['Prima risposta al comando vocale', 'Evento di risposta del sistema al comando vocale', ""Localizzazione dell'evidenza visiva che conferma la correttezza della risposta""]","La rappresentazione del modello non include alcuna informazione relativa a un comando vocale o alla risposta del sistema a tale comando. Non sono presenti eventi o entità che possano essere associati alla verifica della correttezza di una risposta vocale. Pertanto, non è possibile valutare la domanda con le informazioni disponibili."
gemma,video046,2,Il ragazzo chiede prima 'Chi ti ha programmato?' o l'orario?,temporale,T1,T1,1,ragazzo; domanda «Chi ti ha programmato?»; richiesta dell'orario,evento A: il ragazzo chiede chi ha programmato il sistema; evento B: il ragazzo chiede l'orario,"riconoscere i due eventi oppure l'evento e l'ancora temporale; localizzarli nella sequenza; determinare la relazione prima/dopo, primo/secondo, corrente/precedente o il momento richiesto",localizzazione rispetto a un'ancora temporale esplicita oppure ordinamento pairwise tra due eventi/stati direttamente identificabili,two_intervals,2,esplicita,alta,"[""temporale""]",0,0,0,0,insufficiente,[],"[""Ragazzo che chiede 'Chi ti ha programmato?'"", ""Ragazzo che chiede l'orario"", 'Ordinamento temporale tra le due domande']","La rappresentazione del modello non include alcuna evidenza delle domande fatte dal ragazzo, né dell'ordine in cui sono state poste. Mancano completamente gli eventi chiave richiesti per rispondere alla domanda, rendendo impossibile qualsiasi inferenza temporale necessaria."
gemma,video046,3,Perché l'uomo dice che le 23:47 sono l'orario giusto?,causale,C1,C1|T1,1,uomo; orario 23:47; dispositivo o comando vocale,effetto da spiegare: l'uomo afferma che 23:47 è corretto; causa/antecedente: da identificare nell'evidenza disponibile,riconoscere l'effetto; individuare un antecedente o stato direttamente osservabile/esplicitamente disponibile; verificare il nesso causale senza attribuire intenzioni o motivazioni non supportate,"collegamento causale diretto tra un antecedente esplicito e una conseguenza esplicita, con al massimo due unità di evidenza",two_intervals,2,parzialmente implicita,moderata,"[""causale"", ""temporale""]",50,40,30,35,parziale,"[""Visualizzazione dell'orario sul telefono"", 'Interazione con il telefono tramite tocco']","[""Dichiarazione dell'uomo che le 23:47 sono l'orario giusto"", 'Motivazione o causa per cui le 23:47 sono considerate corrette']","La rappresentazione del modello include alcune entità e azioni rilevanti, come la visualizzazione dell'orario e l'interazione con il telefono. Tuttavia, manca l'informazione cruciale della dichiarazione dell'uomo riguardo l'orario 23:47 e la motivazione per cui questo orario è considerato corretto. Senza queste informazioni, non è possibile stabilire un nesso causale chiaro tra gli eventi osservati e la dichiarazione dell'uomo."
gemma,video047,1,Dove si trovava il telefono prima che la donna rispondesse?,spaziale,S2,S2|T1,2,telefono; donna anziana,evento contestuale: la donna risponde al telefono; localizzazione precedente del telefono,identificare l'ancora temporale; recuperare lo stato spaziale nella fase richiesta; confrontare le fasi pertinenti senza introdurre cambiamenti non osservati,recupero spaziale condizionato da una fase precedente/successiva/iniziale o dal primo occorrere di un evento; richiede confronto tra almeno due stati temporali,two_intervals,2,esplicita,alta,"[""spaziale"", ""temporale""]",80,70,60,65,sufficiente,"['Telefono nero rettangolare osservato sul tavolo chiaro (segment_0000).', 'Donna anziana tiene il telefono (segment_0000).', 'Conversazione telefonica inizia (segment_0001).']",['Localizzazione del telefono immediatamente prima che la donna risponda.'],"Il modello ha identificato correttamente le entità principali, come il telefono e la donna anziana, e ha riconosciuto l'evento della conversazione telefonica. Tuttavia, manca l'informazione chiave sulla posizione del telefono immediatamente prima che la donna risponda, necessaria per rispondere alla domanda. La rappresentazione è sufficiente per comprendere il contesto generale, ma non per determinare con precisione la posizione del telefono prima della risposta."
gemma,video047,2,La signora anziana grida 'Oddio! Cosa posso fare?' prima o dopo aver detto di essere sola?,temporale,T1,T1,1,donna anziana; frase «Oddio! Cosa posso fare?»; dichiarazione di essere sola,evento A: la donna grida «Oddio! Cosa posso fare?»; evento B: dice di essere sola,"riconoscere i due eventi oppure l'evento e l'ancora temporale; localizzarli nella sequenza; determinare la relazione prima/dopo, primo/secondo, corrente/precedente o il momento richiesto",localizzazione rispetto a un'ancora temporale esplicita oppure ordinamento pairwise tra due eventi/stati direttamente identificabili,two_intervals,2,esplicita,alta,"[""temporale""]",20,0,0,10,insufficiente,['Presenza di una donna anziana con capelli corti e occhiali.'],"['Evento A: la donna grida «Oddio! Cosa posso fare?»', 'Evento B: la donna dice di essere sola', 'Relazione temporale tra gli eventi A e B']","La rappresentazione del modello recupera solo l'entità della donna anziana, ma non identifica né l'evento in cui grida ""Oddio! Cosa posso fare?"" né quello in cui dichiara di essere sola. Inoltre, manca completamente la relazione temporale tra questi eventi, che è cruciale per rispondere alla domanda. Pertanto, la comprensione è insufficiente."
gemma,video047,3,Perché la donna anziana è preoccupata?,causale,C2,C2|T1,2,donna anziana,effetto da spiegare: la donna è preoccupata; causa/antecedente: da identificare nell'evidenza disponibile,riconoscere l'effetto o comportamento da spiegare; recuperare il contesto pertinente; inferire la causa/intenzione/motivazione solo se supportata dalle evidenze; evitare di colmare lacune con conoscenza non presente nel video,"la risposta richiede almeno un passaggio inferenziale implicito su motivazione, intenzione, stato mentale, valutazione sociale, finalità procedurale o relazione causale non direttamente osservabile",two_intervals,2,implicita,moderata,"[""causale"", ""temporale""]",80,60,40,50,parziale,"['La donna anziana è identificata e descritta con vari attributi.', 'La donna è coinvolta in una conversazione telefonica.']","['Non è chiaro il motivo della preoccupazione della donna anziana.', 'Non ci sono evidenze di un evento o contesto che spieghi la preoccupazione.']","La rappresentazione del modello identifica correttamente la donna anziana e la sua partecipazione a una conversazione telefonica, ma manca di evidenze che spieghino la causa della sua preoccupazione. Senza un contesto o eventi specifici che giustifichino lo stato emotivo della donna, l'inferenza richiesta non può essere completata. Pertanto, la comprensione è parziale."
gemma,video048,1,Dove sbatte la mano la professoressa?,spaziale,S1,S1|T0,1,professoressa; mano,evento: la professoressa sbatte la mano; localizzazione della superficie,"riconoscere l'evento o la relazione spaziale pertinente; allineare il referente all'intervallo locale; recuperare origine, destinazione, direzione, supporto o posizione richiesta",una relazione spaziale esplicita o una localizzazione condizionata da un singolo evento osservabile nello stesso intervallo locale,local_interval,1,esplicita,moderata,"[""spaziale"", ""temporale""]",0,0,0,0,insufficiente,[],"['Identificazione della professoressa', 'Evento in cui la professoressa sbatte la mano', 'Localizzazione della superficie su cui la mano viene sbattuta']","La rappresentazione del modello non include alcuna informazione riguardante l'evento in cui la professoressa sbatte la mano, né identifica la professoressa stessa. Non ci sono dettagli sulla localizzazione della superficie su cui la mano viene sbattuta. Pertanto, nessuno dei requisiti necessari per rispondere alla domanda è stato recuperato."
gemma,video048,2,Quale bambino inizia a ridere per primo?,temporale,T2,T2,2,bambini presenti; primo bambino che ride,insieme di eventi: inizio della risata per ciascun bambino presente; target: identificare il primo onset,"riconoscere gli eventi o stati pertinenti; ricostruire l'evoluzione temporale necessaria; calcolare conteggio/durata oppure distinguere onset, continuazione e stato già completato","durata, conteggio/iterazione, selezione del primo onset tra più candidati o ricostruzione di uno stato già in corso/completato",multi_event_sequence,>=3,esplicita,alta,"[""temporale""]",50,30,20,30,insufficiente,"['Identificazione di diversi bambini nel video con descrizioni di abbigliamento e attributi fisici.', 'Osservazione di alcuni bambini sorridenti in vari segmenti.']","['Identificazione chiara di quale bambino inizia a ridere per primo.', 'Sequenza temporale precisa degli eventi di risata per ciascun bambino.', ""Distinzione tra sorridere e ridere, necessaria per determinare l'inizio della risata.""]","Il modello ha identificato diversi bambini e ha notato che alcuni sorridono, ma non ha fornito informazioni sufficienti per determinare quale bambino inizia a ridere per primo. Mancano dettagli cruciali sulla sequenza temporale degli eventi di risata e la distinzione tra sorridere e ridere. Pertanto, la rappresentazione è insufficiente per rispondere alla domanda."
gemma,video048,3,Perché i professori iniziano a comportarsi come dei bambini maleducati?,causale,C2,C2|T1,2,professori; bambini; comportamento maleducato,effetto da spiegare: i professori si comportano come bambini maleducati; causa/antecedente: da identificare nell'evidenza disponibile,riconoscere l'effetto o comportamento da spiegare; recuperare il contesto pertinente; inferire la causa/intenzione/motivazione solo se supportata dalle evidenze; evitare di colmare lacune con conoscenza non presente nel video,"la risposta richiede almeno un passaggio inferenziale implicito su motivazione, intenzione, stato mentale, valutazione sociale, finalità procedurale o relazione causale non direttamente osservabile",two_intervals,2,implicita,moderata,"[""causale"", ""temporale""]",0,20,0,15,insufficiente,"[""Un insegnante scrive sulla lavagna 'Nicole è CIUCCIO'""]","['Identificazione chiara dei professori che si comportano come bambini maleducati', 'Descrizione del comportamento maleducato dei professori', 'Causa o antecedente del comportamento maleducato', 'Contesto pertinente per inferire la causa del comportamento']","La rappresentazione del modello non recupera le entità chiave come i professori e il loro comportamento maleducato. Sebbene ci sia un evento in cui un insegnante scrive qualcosa di potenzialmente offensivo sulla lavagna, manca una chiara identificazione del comportamento maleducato e delle sue cause. Non ci sono elementi sufficienti per inferire una motivazione o una causa per il comportamento descritto nella domanda. Pertanto, la comprensione complessiva è insufficiente."
gemma,video049,1,Dove si trovano gli operai?,spaziale,S0,S0,0,operai; cantiere o luogo di lavoro,localizzazione degli operai,identificare il referente target; recuperare una singola evidenza spaziale direttamente osservabile; restituire la localizzazione senza confronto tra fasi,recupero spaziale diretto da una singola evidenza stabile; nessun confronto temporale o ricostruzione di stato,single_frame,1,esplicita,nessuna,"[""spaziale""]",80,70,60,70,sufficiente,"['Presenza di lavoratori con caschi gialli e magliette gialle in vari segmenti.', ""Lavoratori identificati come 'davanti a' muri o altri oggetti.""]","['Localizzazione specifica del cantiere o luogo di lavoro.', ""Identificazione esplicita di 'operai' come categoria distinta da 'persona' o 'lavoratore'."", 'Descrizione esplicita del contesto come cantiere.']","Il modello ha identificato diverse persone che potrebbero essere operai, con dettagli sui loro abiti e azioni, ma manca una chiara identificazione del luogo come cantiere. La localizzazione degli operai è parzialmente recuperata attraverso relazioni spaziali, ma manca una conferma esplicita del contesto lavorativo specifico."
gemma,video049,2,Quanto tempo ci vuole ai ragazzi nel video per ottenere la qualifica di operatore edile?,temporale,T2,T2,2,ragazzi; qualifica di operatore edile,evento target: conseguimento della qualifica; misura temporale: durata necessaria,"riconoscere gli eventi o stati pertinenti; ricostruire l'evoluzione temporale necessaria; calcolare conteggio/durata oppure distinguere onset, continuazione e stato già completato","durata, conteggio/iterazione, selezione del primo onset tra più candidati o ricostruzione di uno stato già in corso/completato",multi_event_sequence,2,esplicita,alta,"[""temporale""]",50,20,10,20,insufficiente,"['Presenza di persone che lavorano in contesti edili.', 'Descrizione di attività lavorative come pittura, stuccatura, trasporto di scatole.']","[""Identificazione chiara dei 'ragazzi' come soggetti specifici."", 'Riferimento esplicito alla qualifica di operatore edile.', 'Durata temporale necessaria per ottenere la qualifica.', 'Eventi specifici legati al conseguimento della qualifica.']",La rappresentazione del modello non include informazioni specifiche sui 'ragazzi' o sul conseguimento della qualifica di operatore edile. Mancano dettagli temporali e eventi specifici necessari per rispondere alla domanda. La comprensione è insufficiente per affrontare la domanda.
gemma,video049,3,Perché gli studenti stanno lavorando come manovali?,causale,C2,C2|T1,2,studenti; lavoro da manovali,effetto da spiegare: gli studenti lavorano come manovali; causa/antecedente: da identificare nell'evidenza disponibile,riconoscere l'effetto o comportamento da spiegare; recuperare il contesto pertinente; inferire la causa/intenzione/motivazione solo se supportata dalle evidenze; evitare di colmare lacune con conoscenza non presente nel video,"la risposta richiede almeno un passaggio inferenziale implicito su motivazione, intenzione, stato mentale, valutazione sociale, finalità procedurale o relazione causale non direttamente osservabile",two_intervals,2,implicita,moderata,"[""causale"", ""temporale""]",40,60,20,30,insufficiente,"['Lavorazione muraria osservata', 'Trasporto di scatole osservato', 'Lavori di ristrutturazione osservati', 'Pittura osservata']","['Identificazione chiara degli studenti', 'Motivazione o causa per cui gli studenti lavorano come manovali', 'Contesto che spiega il motivo del lavoro degli studenti']","La rappresentazione del modello include eventi di lavorazione muraria e ristrutturazione, ma non identifica chiaramente gli studenti né fornisce una motivazione per cui lavorano come manovali. Mancano informazioni cruciali per inferire la causa o il contesto del loro lavoro, rendendo la comprensione insufficiente per rispondere alla domanda."
gemma,video050,1,I bambini si trovano dentro un autobus o per strada?,spaziale,S0,S0,0,bambini; autobus; strada,stato/localizzazione: i bambini sono dentro un autobus oppure per strada,identificare il referente target; recuperare una singola evidenza spaziale direttamente osservabile; restituire la localizzazione senza confronto tra fasi,recupero spaziale diretto da una singola evidenza stabile; nessun confronto temporale o ricostruzione di stato,single_frame,1,esplicita,nessuna,"[""spaziale""]",50,50,50,50,parziale,"['Bambini identificati in vari segmenti', 'Strada identificata come superficie in segmenti', 'Bambini che attraversano la strada']","['Presenza di un autobus non identificata', ""Localizzazione precisa dei bambini rispetto all'autobus""]","Il modello ha identificato i bambini e la strada, ma non ha rilevato la presenza di un autobus, che è cruciale per determinare se i bambini si trovano dentro un autobus o per strada. Senza questa informazione, non è possibile rispondere alla domanda in modo completo."
gemma,video050,2,L'app del 'Piedibus' è stata sviluppata alla nascita del progetto o dopo?,temporale,T1,T1,1,app Piedibus; nascita del progetto; sviluppo dell'app,evento A: nasce il progetto Piedibus; evento B: viene sviluppata l'app,"riconoscere i due eventi oppure l'evento e l'ancora temporale; localizzarli nella sequenza; determinare la relazione prima/dopo, primo/secondo, corrente/precedente o il momento richiesto",localizzazione rispetto a un'ancora temporale esplicita oppure ordinamento pairwise tra due eventi/stati direttamente identificabili,two_intervals,2,parzialmente implicita,alta,"[""temporale""]",0,0,0,0,insufficiente,[],"['app Piedibus', 'nascita del progetto Piedibus', ""sviluppo dell'app"", 'evento A: nasce il progetto Piedibus', ""evento B: viene sviluppata l'app"", ""relazione temporale tra nascita del progetto e sviluppo dell'app""]","La rappresentazione del modello non recupera alcuna informazione relativa all'app Piedibus, alla nascita del progetto o allo sviluppo dell'app. Non ci sono eventi o ancore temporali che permettano di determinare la relazione temporale richiesta dalla domanda. Pertanto, la comprensione è insufficiente."
gemma,video050,3,Perché il 'Piedibus' è ecologico?,causale,C2,C2|T1,2,Piedibus; bambini o partecipanti,effetto da spiegare: il Piedibus è definito ecologico; causa/antecedente: da identificare nell'evidenza disponibile,riconoscere l'effetto o comportamento da spiegare; recuperare il contesto pertinente; inferire la causa/intenzione/motivazione solo se supportata dalle evidenze; evitare di colmare lacune con conoscenza non presente nel video,"la risposta richiede almeno un passaggio inferenziale implicito su motivazione, intenzione, stato mentale, valutazione sociale, finalità procedurale o relazione causale non direttamente osservabile",two_intervals,2,implicita,moderata,"[""causale"", ""temporale""]",50,40,30,35,parziale,"['Presenza di bambini che camminano sulla strada.', 'Attraversamenti pedonali osservati.']","[""Identificazione esplicita del 'Piedibus'."", 'Motivazione o spiegazione del perché il Piedibus è ecologico.', ""Causa o antecedente che spiega l'effetto ecologico del Piedibus.""]","Il modello ha identificato la presenza di bambini che camminano e attraversano la strada, ma non ha riconosciuto esplicitamente il concetto di 'Piedibus' né ha fornito una spiegazione del perché sia considerato ecologico. Mancano le informazioni causali e motivazionali necessarie per rispondere alla domanda."
gemma,video051,1,Dove si trova la freccia per tornare indietro?,spaziale,S0,S0,0,freccia per tornare indietro; posizione della freccia,localizzazione della freccia di navigazione all'indietro,identificare il referente target; recuperare una singola evidenza spaziale direttamente osservabile; restituire la localizzazione senza confronto tra fasi,recupero spaziale diretto da una singola evidenza stabile; nessun confronto temporale o ricostruzione di stato,single_frame,1,esplicita,nessuna,"[""spaziale""]",0,0,0,0,insufficiente,[],"['freccia per tornare indietro', 'posizione della freccia', ""localizzazione della freccia di navigazione all'indietro""]","La rappresentazione prodotta dal modello non include alcuna informazione riguardante la freccia per tornare indietro o la sua posizione. Non sono stati identificati né l'entità della freccia né eventi o relazioni spaziali che possano indicare la sua localizzazione. Di conseguenza, non è possibile eseguire l'inferenza richiesta per rispondere alla domanda."
gemma,video051,2,La bambina si muove prima o dopo che le voci fuori campo elogino il bambino?,temporale,T1,T1,1,bambina; bambino; voci fuori campo,evento A: la bambina si muove; evento B: le voci fuori campo elogiano il bambino,"riconoscere i due eventi oppure l'evento e l'ancora temporale; localizzarli nella sequenza; determinare la relazione prima/dopo, primo/secondo, corrente/precedente o il momento richiesto",localizzazione rispetto a un'ancora temporale esplicita oppure ordinamento pairwise tra due eventi/stati direttamente identificabili,two_intervals,2,esplicita,alta,"[""temporale""]",50,30,20,25,insufficiente,"['Presenza della bambina e del bambino in vari segmenti', 'Movimento della bambina in diversi momenti']","['Evento specifico delle voci fuori campo che elogiano il bambino', ""Relazione temporale tra il movimento della bambina e l'elogio delle voci fuori campo""]","La rappresentazione del modello include la presenza della bambina e del bambino e il movimento della bambina, ma manca completamente l'evento delle voci fuori campo che elogiano il bambino. Senza questo evento, non è possibile determinare la relazione temporale richiesta dalla domanda. Pertanto, la comprensione è insufficiente per affrontare la domanda."
gemma,video051,3,Perché la donna fuori campo è contenta della bambina che si muove indietro?,causale,C2,C2|T1,2,donna fuori campo; bambina; movimento all'indietro,effetto da spiegare: la donna è contenta del movimento all'indietro della bambina; causa/antecedente: da identificare nell'evidenza disponibile,riconoscere l'effetto o comportamento da spiegare; recuperare il contesto pertinente; inferire la causa/intenzione/motivazione solo se supportata dalle evidenze; evitare di colmare lacune con conoscenza non presente nel video,"la risposta richiede almeno un passaggio inferenziale implicito su motivazione, intenzione, stato mentale, valutazione sociale, finalità procedurale o relazione causale non direttamente osservabile",two_intervals,2,implicita,moderata,"[""causale"", ""temporale""]",50,30,20,25,insufficiente,"['Presenza della bambina che cammina', 'Presenza di un bambino che indica un oggetto']","['Presenza della donna fuori campo', 'Espressione di contentezza della donna', 'Motivazione per cui la donna è contenta del movimento della bambina']","La rappresentazione del modello manca di elementi chiave per rispondere alla domanda. Non è stata identificata la donna fuori campo né la sua espressione di contentezza. Inoltre, manca l'inferenza sulla motivazione della contentezza della donna rispetto al movimento della bambina. Senza questi elementi, la comprensione è insufficiente."
gemma,video052,1,Dove si trovava l'oggetto che pesa un quintale prima che l'uomo lo prendesse in mano?,spaziale,S2,S2|T1,2,oggetto che pesa un quintale; uomo; luogo iniziale dell'oggetto,evento contestuale: l'uomo prende l'oggetto in mano; localizzazione precedente dell'oggetto,identificare l'ancora temporale; recuperare lo stato spaziale nella fase richiesta; confrontare le fasi pertinenti senza introdurre cambiamenti non osservati,recupero spaziale condizionato da una fase precedente/successiva/iniziale o dal primo occorrere di un evento; richiede confronto tra almeno due stati temporali,two_intervals,2,esplicita,alta,"[""spaziale"", ""temporale""]",0,0,0,0,insufficiente,[],"['Oggetto che pesa un quintale', ""Luogo iniziale dell'oggetto"", ""Evento in cui l'uomo prende l'oggetto in mano"", ""Localizzazione precedente dell'oggetto""]","La rappresentazione del modello non include alcuna informazione sull'oggetto che pesa un quintale, né sul luogo in cui si trovava prima che l'uomo lo prendesse in mano. Non ci sono eventi o azioni che descrivano l'uomo che prende un oggetto in mano, né informazioni sulla localizzazione precedente dell'oggetto. Pertanto, non è possibile eseguire l'inferenza richiesta dalla domanda."
gemma,video052,2,L'uomo con la pelliccia tossisce prima o dopo aver preso la bambola in mano?,temporale,T1,T1,1,uomo con la pelliccia; bambola,evento A: l'uomo tossisce; evento B: l'uomo prende la bambola in mano,"riconoscere i due eventi oppure l'evento e l'ancora temporale; localizzarli nella sequenza; determinare la relazione prima/dopo, primo/secondo, corrente/precedente o il momento richiesto",localizzazione rispetto a un'ancora temporale esplicita oppure ordinamento pairwise tra due eventi/stati direttamente identificabili,two_intervals,2,esplicita,alta,"[""temporale""]",0,0,0,0,insufficiente,[],"['uomo con la pelliccia', 'bambola', 'evento di tosse', 'evento di prendere la bambola']","La rappresentazione del modello non include alcuna informazione riguardante l'uomo con la pelliccia, la bambola, né gli eventi di tosse o di prendere la bambola. Senza questi elementi, non è possibile determinare la relazione temporale richiesta dalla domanda."
gemma,video052,3,Perché l'uomo con il cappello dà la bambola all'uomo con il sigaro?,causale,C2,C2|T1,2,uomo con il cappello; uomo con il sigaro; bambola,effetto da spiegare: l'uomo con il cappello dà la bambola all'uomo con il sigaro; causa/antecedente: da identificare nell'evidenza disponibile,riconoscere l'effetto o comportamento da spiegare; recuperare il contesto pertinente; inferire la causa/intenzione/motivazione solo se supportata dalle evidenze; evitare di colmare lacune con conoscenza non presente nel video,"la risposta richiede almeno un passaggio inferenziale implicito su motivazione, intenzione, stato mentale, valutazione sociale, finalità procedurale o relazione causale non direttamente osservabile",two_intervals,2,implicita,moderata,"[""causale"", ""temporale""]",0,0,0,0,insufficiente,[],"['uomo con il cappello', 'uomo con il sigaro', 'bambola', 'evento di passaggio della bambola', 'motivazione o causa del passaggio della bambola']","La rappresentazione del modello non include alcuna informazione sulle entità specifiche richieste dalla domanda (uomo con il cappello, uomo con il sigaro, bambola) né sull'evento centrale del passaggio della bambola. Inoltre, manca completamente l'analisi della motivazione o causa di tale evento. Pertanto, nessun requisito della domanda è stato recuperato."
gemma,video053,1,Dove si mette la mano il facchino quando il receptionist gli dice: 'Hai visto che sventola?',spaziale,S1,S1|T0,1,facchino; receptionist; mano del facchino; persona definita «sventola»,evento contestuale: il receptionist dice «Hai visto che sventola?»; localizzazione della mano del facchino,"riconoscere l'evento o la relazione spaziale pertinente; allineare il referente all'intervallo locale; recuperare origine, destinazione, direzione, supporto o posizione richiesta",una relazione spaziale esplicita o una localizzazione condizionata da un singolo evento osservabile nello stesso intervallo locale,local_interval,2,esplicita,moderata,"[""spaziale"", ""temporale""]",50,30,20,25,insufficiente,"['Presenza di un uomo e una donna in vari segmenti', 'Interazione tra uomo e donna nel segmento finale']","['Identificazione chiara del facchino e del receptionist', ""Evento specifico in cui il receptionist dice 'Hai visto che sventola?'"", ""Localizzazione della mano del facchino in relazione all'evento""]","La rappresentazione del modello non riesce a identificare chiaramente il facchino e il receptionist, né l'evento specifico in cui il receptionist pronuncia la frase chiave. Inoltre, manca la localizzazione della mano del facchino in relazione a questo evento. Senza questi elementi, l'inferenza richiesta non può essere eseguita."
gemma,video053,2,La donna con la pelliccia bianca si tappa le orecchie prima o dopo che il receptionist prema il campanello?,temporale,T1,T1,1,donna con la pelliccia bianca; receptionist; campanello; orecchie,evento A: la donna si tappa le orecchie; evento B: il receptionist preme il campanello,"riconoscere i due eventi oppure l'evento e l'ancora temporale; localizzarli nella sequenza; determinare la relazione prima/dopo, primo/secondo, corrente/precedente o il momento richiesto",localizzazione rispetto a un'ancora temporale esplicita oppure ordinamento pairwise tra due eventi/stati direttamente identificabili,two_intervals,2,esplicita,alta,"[""temporale""]",0,0,0,0,insufficiente,[],"['Identificazione della donna con la pelliccia bianca che si tappa le orecchie.', 'Identificazione del receptionist che preme il campanello.', 'Eventi specifici di tappare le orecchie e premere il campanello.', 'Relazione temporale tra i due eventi.']","La rappresentazione del modello non include alcuna informazione sugli eventi specifici richiesti dalla domanda, né sulle entità coinvolte. Non è possibile determinare la relazione temporale tra gli eventi di tappare le orecchie e premere il campanello, poiché nessuno dei due eventi è stato identificato. Pertanto, la comprensione è insufficiente."
gemma,video053,3,Perché il receptionist non dà la chiave all'uomo con la pelliccia?,causale,C2,C2|T1,2,receptionist; uomo con la pelliccia; chiave,effetto da spiegare: il receptionist non dà la chiave all'uomo; causa/antecedente: da identificare nell'evidenza disponibile,riconoscere l'effetto o comportamento da spiegare; recuperare il contesto pertinente; inferire la causa/intenzione/motivazione solo se supportata dalle evidenze; evitare di colmare lacune con conoscenza non presente nel video,"la risposta richiede almeno un passaggio inferenziale implicito su motivazione, intenzione, stato mentale, valutazione sociale, finalità procedurale o relazione causale non direttamente osservabile",two_intervals,2,implicita,moderata,"[""causale"", ""temporale""]",50,30,20,30,parziale,"['Presenza di un uomo e una donna con pelliccia bianca.', 'Conversazioni tra personaggi.']","['Identificazione chiara del receptionist.', 'Evento specifico in cui il receptionist non dà la chiave.', 'Motivazione o causa per cui la chiave non viene data.']","La rappresentazione del modello include alcune entità rilevanti come l'uomo e la donna con pelliccia, ma manca l'identificazione chiara del receptionist e l'evento specifico in cui la chiave non viene data. Inoltre, non ci sono informazioni sufficienti per inferire la motivazione o la causa del comportamento del receptionist. Pertanto, la comprensione è parziale e non sufficiente per affrontare la domanda."
gemma,video054,1,Dove stanno passando per andare al mare?,spaziale,S1,S1|T0,1,persone in viaggio; mare,evento: le persone passano da un luogo per andare al mare; localizzazione del percorso,"riconoscere l'evento o la relazione spaziale pertinente; allineare il referente all'intervallo locale; recuperare origine, destinazione, direzione, supporto o posizione richiesta",una relazione spaziale esplicita o una localizzazione condizionata da un singolo evento osservabile nello stesso intervallo locale,local_interval,1,esplicita,moderata,"[""spaziale"", ""temporale""]",0,0,0,0,insufficiente,[],"['Persone in viaggio verso il mare', 'Percorso o luogo specifico attraverso cui passano', 'Relazione spaziale esplicita o localizzazione condizionata da un evento osservabile']","Il modello non ha recuperato alcuna informazione riguardante persone in viaggio verso il mare o il percorso specifico che stanno seguendo. Non ci sono eventi o relazioni spaziali che indichino un movimento verso una destinazione marina. Pertanto, la rappresentazione è insufficiente per affrontare la domanda."
gemma,video054,2,Hanno appena visto quindici Cinquecento grigie o è successo prima?,temporale,T1,T1,1,persone nel veicolo; quindici Fiat Cinquecento grigie,evento A: vengono viste quindici Cinquecento grigie nel momento corrente; evento B: l'avvistamento è avvenuto in precedenza,"riconoscere i due eventi oppure l'evento e l'ancora temporale; localizzarli nella sequenza; determinare la relazione prima/dopo, primo/secondo, corrente/precedente o il momento richiesto",localizzazione rispetto a un'ancora temporale esplicita oppure ordinamento pairwise tra due eventi/stati direttamente identificabili,two_intervals,2,esplicita,alta,"[""temporale""]",0,0,0,0,insufficiente,[],"['Persone nel veicolo', 'Quindici Fiat Cinquecento grigie', 'Evento A: vengono viste quindici Cinquecento grigie nel momento corrente', ""Evento B: l'avvistamento è avvenuto in precedenza"", 'Relazione temporale tra gli eventi A e B']","La rappresentazione del modello non include alcuna informazione riguardante le persone nel veicolo o l'avvistamento di quindici Fiat Cinquecento grigie. Non sono stati identificati eventi rilevanti né relazioni temporali tra di essi. Pertanto, non è possibile eseguire l'inferenza richiesta per determinare se l'avvistamento è avvenuto ora o in precedenza."
gemma,video054,3,Perché la bambina con la maglia azzurra crede che non troveranno più la macchina?,causale,C2,C2|T1,2,bambina con la maglia azzurra; macchina della famiglia; altre Cinquecento,effetto da spiegare: la bambina teme di non ritrovare la macchina; causa/antecedente: da identificare nell'evidenza disponibile,riconoscere l'effetto o comportamento da spiegare; recuperare il contesto pertinente; inferire la causa/intenzione/motivazione solo se supportata dalle evidenze; evitare di colmare lacune con conoscenza non presente nel video,"la risposta richiede almeno un passaggio inferenziale implicito su motivazione, intenzione, stato mentale, valutazione sociale, finalità procedurale o relazione causale non direttamente osservabile",two_intervals,2,implicita,moderata,"[""causale"", ""temporale""]",50,30,20,30,parziale,"['Bambina con maglia azzurra identificata', 'Presenza di auto parcheggiate']","['Macchina della famiglia non identificata', 'Timore della bambina di non ritrovare la macchina non osservato', 'Causa del timore della bambina non identificata']","La rappresentazione del modello ha identificato la bambina con la maglia azzurra e la presenza di auto parcheggiate, ma non ha recuperato informazioni sulla macchina della famiglia o sul timore della bambina di non ritrovarla. Mancano anche elementi per inferire la causa del timore. La comprensione è quindi parziale, con lacune significative nei requisiti causali ed eventi."
gemma,video055,1,Dove si svolge la scena?,spaziale,S0,S0,0,persone della scena,localizzazione complessiva della scena,identificare il referente target; recuperare una singola evidenza spaziale direttamente osservabile; restituire la localizzazione senza confronto tra fasi,recupero spaziale diretto da una singola evidenza stabile; nessun confronto temporale o ricostruzione di stato,single_frame,1,esplicita,nessuna,"[""spaziale""]",100,100,100,100,completa,"['Persone in acqua', 'Bambine giocano con secchiello e paletta', 'Bambina in acqua', 'Mare con acqua e onde']",[],"La rappresentazione del modello ha recuperato tutte le informazioni necessarie per rispondere alla domanda sulla localizzazione della scena. Le entità, come le persone e le bambine, sono chiaramente identificate. Gli eventi, come le persone in acqua e le bambine che giocano, sono ben documentati. L'inferenza sulla localizzazione della scena è supportata dalla presenza del mare e delle attività acquatiche. Pertanto, la comprensione è completa."
gemma,video055,2,Il padre è andato a farsi il bagno prima o dopo le bambine?,temporale,T1,T1,1,padre; bambine; bagno in acqua,evento A: il padre va a fare il bagno; evento B: le bambine vanno a fare il bagno,"riconoscere i due eventi oppure l'evento e l'ancora temporale; localizzarli nella sequenza; determinare la relazione prima/dopo, primo/secondo, corrente/precedente o il momento richiesto",localizzazione rispetto a un'ancora temporale esplicita oppure ordinamento pairwise tra due eventi/stati direttamente identificabili,two_intervals,2,esplicita,alta,"[""temporale""]",50,30,20,30,parziale,"['Presenza di un uomo e bambine in acqua in vari segmenti', 'Bambine giocano con secchiello e paletta']","['Identificazione chiara del padre', ""Eventi specifici di 'padre va a fare il bagno' e 'bambine vanno a fare il bagno'"", 'Relazione temporale tra i due eventi richiesti']","Il modello ha identificato la presenza di un uomo e delle bambine in acqua, ma non ha chiaramente distinto gli eventi specifici richiesti dalla domanda, ovvero il momento in cui il padre e le bambine vanno a fare il bagno. Inoltre, manca la relazione temporale tra questi eventi, necessaria per rispondere alla domanda. Pertanto, la comprensione è parziale."
gemma,video055,3,Perché Vane corre subito indietro quando tocca l'acqua?,causale,C2,C2|T1,2,Vane; acqua,effetto da spiegare: Vane corre subito indietro quando tocca l'acqua; causa/antecedente: da identificare nell'evidenza disponibile,riconoscere l'effetto o comportamento da spiegare; recuperare il contesto pertinente; inferire la causa/intenzione/motivazione solo se supportata dalle evidenze; evitare di colmare lacune con conoscenza non presente nel video,"la risposta richiede almeno un passaggio inferenziale implicito su motivazione, intenzione, stato mentale, valutazione sociale, finalità procedurale o relazione causale non direttamente osservabile",two_intervals,2,implicita,moderata,"[""causale"", ""temporale""]",50,30,20,30,parziale,"['Vane è una bambina con costume da bagno', 'Vane è in acqua']","[""Vane corre subito indietro quando tocca l'acqua"", 'Causa o antecedente del comportamento di Vane', 'Motivazione o intenzione di Vane nel correre indietro']","La rappresentazione del modello identifica Vane come una bambina in acqua, ma non recupera l'evento specifico di Vane che corre indietro dopo aver toccato l'acqua. Inoltre, manca l'identificazione di una causa o antecedente per spiegare il comportamento di Vane, e non ci sono elementi per inferire la motivazione o l'intenzione dietro l'azione. La comprensione è quindi parziale, con mancanza di elementi chiave per rispondere alla domanda."
gemma,video056,1,Dove si trova il pecorino in crema?,spaziale,S0,S0,0,pecorino in crema,localizzazione del pecorino in crema,identificare il referente target; recuperare una singola evidenza spaziale direttamente osservabile; restituire la localizzazione senza confronto tra fasi,recupero spaziale diretto da una singola evidenza stabile; nessun confronto temporale o ricostruzione di stato,single_frame,1,esplicita,nessuna,"[""spaziale""]",0,0,0,0,insufficiente,[],"['Pecorino in crema', 'Localizzazione del pecorino in crema']","La rappresentazione del modello non include alcuna menzione o evidenza del 'pecorino in crema', né fornisce informazioni sulla sua localizzazione. Pertanto, non è possibile rispondere alla domanda basandosi sui dati recuperati dal modello."
gemma,video056,2,La bambina mangia prima o dopo che venga buttato via l'insetto?,temporale,T1,T1,1,bambina; insetto,evento A: la bambina mangia; evento B: l'insetto viene buttato via,"riconoscere i due eventi oppure l'evento e l'ancora temporale; localizzarli nella sequenza; determinare la relazione prima/dopo, primo/secondo, corrente/precedente o il momento richiesto",localizzazione rispetto a un'ancora temporale esplicita oppure ordinamento pairwise tra due eventi/stati direttamente identificabili,two_intervals,2,esplicita,alta,"[""temporale""]",80,90,85,85,sufficiente,"[""La bambina è identificata come 'persona' con ruolo di 'bambina'."", ""L'evento di gettare rifiuti nel cestino è identificato."", ""L'evento di mangiare pomodorini è identificato."", ""La relazione temporale tra gettare rifiuti e mangiare è chiaramente indicata come 'prima'."", 'La sequenza temporale degli eventi è chiara.']","[""L'insetto non è esplicitamente menzionato o identificato.""]","La rappresentazione del modello ha identificato correttamente la bambina e gli eventi di gettare rifiuti e mangiare, con una chiara relazione temporale tra di essi. Tuttavia, manca l'identificazione esplicita dell'insetto, che è un elemento richiesto dalla domanda. Nonostante ciò, la relazione temporale tra gli eventi principali è sufficiente per affrontare la domanda, portando a una valutazione complessiva sufficiente."
gemma,video056,3,Perché la bambina butta via l'insetto?,causale,C2,C2|T1,2,bambina; insetto,effetto da spiegare: la bambina butta via l'insetto; causa/antecedente: da identificare nell'evidenza disponibile,riconoscere l'effetto o comportamento da spiegare; recuperare il contesto pertinente; inferire la causa/intenzione/motivazione solo se supportata dalle evidenze; evitare di colmare lacune con conoscenza non presente nel video,"la risposta richiede almeno un passaggio inferenziale implicito su motivazione, intenzione, stato mentale, valutazione sociale, finalità procedurale o relazione causale non direttamente osservabile",two_intervals,2,implicita,moderata,"[""causale"", ""temporale""]",50,30,20,25,insufficiente,"['Bambina identificata come entità principale', 'Azione di gettare rifiuti nel cestino osservata']","[""Presenza dell'insetto"", ""Motivazione o causa per cui la bambina butta via l'insetto"", ""Contesto che spiega l'azione della bambina""]","La rappresentazione del modello identifica la bambina e l'azione di gettare rifiuti, ma manca completamente l'informazione sull'insetto e la motivazione per cui la bambina lo butta via. Senza l'insetto e il contesto che spiega l'azione, non è possibile inferire la causa o l'intenzione dietro il comportamento della bambina. La comprensione è insufficiente per affrontare la domanda."
gemma,video057,1,I 'malloreddus alla campidanese' sono nel piatto di Anastasia o in quello di un'altra bambina?,spaziale,S0,S0,0,malloreddus alla campidanese; piatto di Anastasia; piatto di un'altra bambina,localizzazione della pietanza rispetto ai due piatti,identificare il referente target; recuperare una singola evidenza spaziale direttamente osservabile; restituire la localizzazione senza confronto tra fasi,recupero spaziale diretto da una singola evidenza stabile; nessun confronto temporale o ricostruzione di stato,single_frame,1,esplicita,nessuna,"[""spaziale""]",0,0,0,0,insufficiente,[],"['malloreddus alla campidanese', 'piatto di Anastasia', ""piatto di un'altra bambina"", 'localizzazione della pietanza rispetto ai due piatti']","La rappresentazione del modello non include alcuna informazione riguardante i 'malloreddus alla campidanese', né identifica il piatto di Anastasia o di un'altra bambina. Non è possibile determinare la localizzazione della pietanza rispetto ai piatti, che è l'elemento centrale della domanda. Pertanto, la comprensione è insufficiente."
gemma,video057,2,Anastasia inizia a masticare dopo che la voce le chiede se è buona o stava già masticando?,temporale,T2,T2,2,Anastasia; voce fuori campo,evento A: la voce chiede ad Anastasia se il cibo è buono; stato target: stabilire se Anastasia stava già masticando oppure se inizia dopo la domanda,"riconoscere gli eventi o stati pertinenti; ricostruire l'evoluzione temporale necessaria; calcolare conteggio/durata oppure distinguere onset, continuazione e stato già completato","durata, conteggio/iterazione, selezione del primo onset tra più candidati o ricostruzione di uno stato già in corso/completato",two_intervals,2,esplicita,alta,"[""temporale""]",0,0,0,0,insufficiente,[],"['Voce fuori campo che chiede se il cibo è buono', 'Stato di Anastasia prima della domanda (se stava già masticando)', 'Stato di Anastasia dopo la domanda (se inizia a masticare)']","La rappresentazione del modello non include alcuna informazione sulla voce fuori campo che chiede ad Anastasia se il cibo è buono, né sullo stato di Anastasia prima o dopo la domanda. Mancano completamente gli eventi e le entità necessarie per determinare se Anastasia stava già masticando o ha iniziato dopo la domanda. Pertanto, la comprensione è insufficiente."
gemma,video057,3,Perché la donna fuori campo dice che c'è un profumo buonissimo?,causale,C1,C1|T0,1,donna fuori campo; cibo o piatto; profumo,effetto da spiegare: la donna dice che c'è un profumo buonissimo; causa/antecedente: da identificare nell'evidenza disponibile,riconoscere l'effetto; individuare un antecedente o stato direttamente osservabile/esplicitamente disponibile; verificare il nesso causale senza attribuire intenzioni o motivazioni non supportate,"nesso causa-effetto fisico, sistemico o comportamentale direttamente osservabile nello stesso intervallo locale",local_interval,1,esplicita,moderata,"[""causale"", ""temporale""]",50,30,20,25,insufficiente,"['Presenza di cibo come pizza e moules nel video.', 'Bambina che mangia pizza e moules.']","['Presenza della donna fuori campo.', 'Esplicita menzione del profumo buonissimo.', 'Causa o antecedente del profumo buonissimo.']","La rappresentazione del modello include alcune entità come il cibo (pizza e moules) che potrebbero essere associate a un buon profumo, ma manca completamente la presenza della donna fuori campo e qualsiasi riferimento esplicito al profumo. Inoltre, non è stato identificato un nesso causale tra il cibo e il commento sul profumo. Pertanto, la comprensione è insufficiente per affrontare la domanda."
gemma,video058,1,Dove si trova la macchia che sembra un livido?,spaziale,S0,S0,0,macchia simile a un livido; parte del corpo della bambina,localizzazione della macchia,identificare il referente target; recuperare una singola evidenza spaziale direttamente osservabile; restituire la localizzazione senza confronto tra fasi,recupero spaziale diretto da una singola evidenza stabile; nessun confronto temporale o ricostruzione di stato,single_frame,1,esplicita,nessuna,"[""spaziale""]",0,0,0,0,insufficiente,[],"['macchia simile a un livido', 'parte del corpo della bambina dove si trova la macchia', 'localizzazione della macchia']","La rappresentazione del modello non include alcuna informazione riguardante una macchia simile a un livido o la sua localizzazione sul corpo della bambina. Non sono stati identificati né descritti elementi visivi che possano essere associati alla macchia richiesta dalla domanda. Pertanto, non è possibile eseguire l'inferenza necessaria per rispondere alla domanda."
gemma,video058,2,Anastasia fa un balletto mentre è sul treno o dopo che è scesa?,temporale,T1,T1,1,Anastasia; treno; balletto,evento A: Anastasia fa un balletto sul treno; evento B: Anastasia scende dal treno,"riconoscere i due eventi oppure l'evento e l'ancora temporale; localizzarli nella sequenza; determinare la relazione prima/dopo, primo/secondo, corrente/precedente o il momento richiesto",localizzazione rispetto a un'ancora temporale esplicita oppure ordinamento pairwise tra due eventi/stati direttamente identificabili,two_intervals,2,esplicita,alta,"[""temporale""]",0,0,0,0,insufficiente,[],"['Anastasia', 'Balletto', 'Scendere dal treno', 'Fare un balletto sul treno']","La rappresentazione del modello non recupera alcuna delle entità o eventi specifici richiesti dalla domanda. Non viene identificata Anastasia, né viene osservato un balletto o l'azione di scendere dal treno. Di conseguenza, non è possibile eseguire l'inferenza temporale necessaria per determinare se il balletto avviene sul treno o dopo essere scesa. La comprensione è quindi insufficiente."
gemma,video058,3,Perché la donna crede che la bambina abbia preso un pugno?,causale,C2,C2|T1,2,donna; bambina; macchia o livido; pugno ipotizzato,effetto da spiegare: la donna pensa che la bambina abbia ricevuto un pugno; causa/antecedente: da identificare nell'evidenza disponibile,riconoscere l'effetto o comportamento da spiegare; recuperare il contesto pertinente; inferire la causa/intenzione/motivazione solo se supportata dalle evidenze; evitare di colmare lacune con conoscenza non presente nel video,"la risposta richiede almeno un passaggio inferenziale implicito su motivazione, intenzione, stato mentale, valutazione sociale, finalità procedurale o relazione causale non direttamente osservabile",two_intervals,2,implicita,moderata,"[""causale"", ""temporale""]",0,0,0,0,insufficiente,[],"['Macchia o livido sulla bambina', 'Pugno ipotizzato', 'Effetto da spiegare: la donna pensa che la bambina abbia ricevuto un pugno', 'Causa/antecedente che spiega il pensiero della donna']","La rappresentazione del modello non recupera alcuna delle entità o eventi specifici richiesti per rispondere alla domanda. Non ci sono riferimenti a una macchia o livido sulla bambina, né a un pugno ipotizzato. Inoltre, manca completamente l'evento chiave in cui la donna pensa che la bambina abbia ricevuto un pugno, e non ci sono elementi che permettano di inferire una causa o antecedente per tale pensiero. Di conseguenza, la comprensione è insufficiente."
gemma,video059,1,Dove sono seduti?,spaziale,S0,S0,0,persone sedute; seduta o luogo,localizzazione delle persone sedute,identificare il referente target; recuperare una singola evidenza spaziale direttamente osservabile; restituire la localizzazione senza confronto tra fasi,recupero spaziale diretto da una singola evidenza stabile; nessun confronto temporale o ricostruzione di stato,single_frame,1,esplicita,nessuna,"[""spaziale""]",100,100,100,100,completa,"['Presenza di una bambina e di un uomo su una gondola (segment_0000).', ""La bambina e l'uomo sono su una gondola (segment_0002)."", 'Relazione spaziale: bambina e uomo su una gondola (segment_0001).']",[],"Il modello ha recuperato tutte le informazioni necessarie per rispondere alla domanda. Le entità richieste, ovvero le persone sedute, sono state identificate chiaramente come una bambina e un uomo. L'evento di localizzazione delle persone sedute è stato identificato correttamente, con la specifica che si trovano su una gondola. L'inferenza richiesta, ovvero identificare il luogo in cui sono seduti, è stata eseguita con successo. La rappresentazione è completa e coerente con i requisiti della domanda."
gemma,video059,2,"La bambina dice prima che, quando sono saliti, la gondola dondolava oppure che è rilassante?",temporale,T1,T1,1,bambina; gondola; dichiarazione sul dondolio; dichiarazione «è rilassante»,"evento A: la bambina spiega che, quando sono saliti, la gondola dondolava; evento B: la bambina dice che è rilassante","riconoscere i due eventi oppure l'evento e l'ancora temporale; localizzarli nella sequenza; determinare la relazione prima/dopo, primo/secondo, corrente/precedente o il momento richiesto",localizzazione rispetto a un'ancora temporale esplicita oppure ordinamento pairwise tra due eventi/stati direttamente identificabili,two_intervals,2,esplicita,alta,"[""temporale""]",0,0,0,0,insufficiente,[],"['Dichiarazione della bambina sul dondolio della gondola', 'Dichiarazione della bambina che è rilassante', 'Ordine temporale delle dichiarazioni']","La rappresentazione del modello non include alcuna informazione sulle dichiarazioni della bambina riguardo al dondolio della gondola o al fatto che sia rilassante. Inoltre, non ci sono elementi che permettano di stabilire l'ordine temporale tra queste dichiarazioni. Pertanto, nessuno dei requisiti necessari per rispondere alla domanda è stato recuperato."
gemma,video059,3,Perché la bambina con la canottiera verde/azzurra sorride?,causale,C2,C2|T1,2,persona con la canottiera verde/azzurra,effetto da spiegare: la persona sorride; causa/antecedente: da identificare nell'evidenza disponibile,riconoscere l'effetto o comportamento da spiegare; recuperare il contesto pertinente; inferire la causa/intenzione/motivazione solo se supportata dalle evidenze; evitare di colmare lacune con conoscenza non presente nel video,"la risposta richiede almeno un passaggio inferenziale implicito su motivazione, intenzione, stato mentale, valutazione sociale, finalità procedurale o relazione causale non direttamente osservabile",two_intervals,2,implicita,moderata,"[""causale"", ""temporale""]",100,60,30,45,parziale,"['La bambina con la canottiera verde/azzurra è identificata.', 'La bambina sorride in diversi segmenti.', 'La bambina è su una gondola.']","['Motivazione o causa del sorriso della bambina.', 'Contesto che spiega il sorriso della bambina.']","Il modello ha identificato correttamente la bambina con la canottiera verde/azzurra e il fatto che sorride. Tuttavia, manca l'identificazione di una causa o motivazione per il sorriso, che è un elemento cruciale per rispondere alla domanda. Senza questa informazione, l'inferenza richiesta non può essere completata, portando a una comprensione parziale."
gemma,video060,1,Dove si attacca la sabbia alla bambina dopo essersi asciugata?,spaziale,S2,S2|T1,2,sabbia; bambina; asciugamano,evento contestuale: la bambina si asciuga; localizzazione della sabbia che si attacca,identificare l'ancora temporale; recuperare lo stato spaziale nella fase richiesta; confrontare le fasi pertinenti senza introdurre cambiamenti non osservati,recupero spaziale condizionato da una fase precedente/successiva/iniziale o dal primo occorrere di un evento; richiede confronto tra almeno due stati temporali,two_intervals,2,esplicita,alta,"[""spaziale"", ""temporale""]",80,50,40,45,parziale,"['Presenza della bambina e della sabbia.', 'Bambina che gioca sulla sabbia.']","['Evento specifico della bambina che si asciuga.', ""Localizzazione della sabbia che si attacca alla bambina dopo l'asciugatura."", ""Confronto tra lo stato prima e dopo l'asciugatura.""]","Il modello ha identificato la presenza della bambina e della sabbia, ma manca l'evento specifico dell'asciugatura e la localizzazione della sabbia che si attacca dopo questo evento. Inoltre, non è stato possibile confrontare gli stati prima e dopo l'asciugatura, rendendo l'inferenza incompleta."
gemma,video060,2,La bambina indica col dito la sabbia prima o dopo che le si è attaccata alla mano?,temporale,T1,T1,1,bambina; sabbia; mano; dito,evento A: la bambina indica la sabbia con il dito; evento B: la sabbia si attacca alla mano,"riconoscere i due eventi oppure l'evento e l'ancora temporale; localizzarli nella sequenza; determinare la relazione prima/dopo, primo/secondo, corrente/precedente o il momento richiesto",localizzazione rispetto a un'ancora temporale esplicita oppure ordinamento pairwise tra due eventi/stati direttamente identificabili,two_intervals,2,esplicita,alta,"[""temporale""]",0,0,0,0,insufficiente,[],"['Evento A: la bambina indica la sabbia con il dito', 'Evento B: la sabbia si attacca alla mano', 'Relazione temporale tra evento A e evento B']","La rappresentazione del modello non recupera nessuno degli eventi specifici richiesti dalla domanda, ovvero la bambina che indica la sabbia e la sabbia che si attacca alla mano. Inoltre, non è presente alcuna informazione temporale che permetta di stabilire la relazione prima/dopo tra questi eventi. Senza questi elementi, non è possibile affrontare la domanda."
gemma,video060,3,"Perché, dopo che la bambina tocca l'asciugamano, la sabbia le si attacca alla mano?",causale,C1,C1|T0,1,bambina; asciugamano; sabbia; mano,effetto da spiegare: la sabbia si attacca alla mano dopo il contatto con l'asciugamano; causa/antecedente: da identificare nell'evidenza disponibile,riconoscere l'effetto; individuare un antecedente o stato direttamente osservabile/esplicitamente disponibile; verificare il nesso causale senza attribuire intenzioni o motivazioni non supportate,"nesso causa-effetto fisico, sistemico o comportamentale direttamente osservabile nello stesso intervallo locale",local_interval,1,esplicita,moderata,"[""causale"", ""temporale""]",50,40,30,35,parziale,"['Bambina identificata come protagonista', 'Telo da spiaggia identificato', 'Bambina tocca il telo da spiaggia']","['Sabbia che si attacca alla mano della bambina', 'Causa per cui la sabbia si attacca alla mano', ""Nesso causale tra il contatto con l'asciugamano e la sabbia che si attacca""]","Il modello ha identificato correttamente la bambina e il telo da spiaggia, e ha osservato l'azione della bambina che tocca il telo. Tuttavia, manca l'osservazione cruciale della sabbia che si attacca alla mano della bambina e la spiegazione del nesso causale tra il contatto con l'asciugamano e la sabbia che si attacca. Senza queste informazioni, la comprensione è limitata."
gemma,video061,1,Dove è caduto il telefono?,spaziale,S1,S1|T0,1,telefono; punto o superficie di caduta,localizzazione del luogo in cui cade il telefono,"riconoscere l'evento o la relazione spaziale pertinente; allineare il referente all'intervallo locale; recuperare origine, destinazione, direzione, supporto o posizione richiesta",una relazione spaziale esplicita o una localizzazione condizionata da un singolo evento osservabile nello stesso intervallo locale,local_interval,1,esplicita,moderata,"[""spaziale"", ""temporale""]",0,0,0,0,insufficiente,[],"['Localizzazione del telefono', 'Evento di caduta del telefono', 'Superficie o punto di caduta del telefono']","La rappresentazione del modello non include alcuna informazione riguardante la caduta del telefono o il punto in cui è caduto. Non sono stati identificati né l'evento di caduta né la localizzazione spaziale del telefono dopo la caduta. Pertanto, non è possibile rispondere alla domanda con le informazioni disponibili."
gemma,video061,2,Il telefono cade a terra prima che la donna entri nella stanza o dopo?,temporale,T1,T1,1,telefono; donna; stanza,evento A: il telefono cade a terra; evento B: la donna entra nella stanza,"riconoscere i due eventi oppure l'evento e l'ancora temporale; localizzarli nella sequenza; determinare la relazione prima/dopo, primo/secondo, corrente/precedente o il momento richiesto",localizzazione rispetto a un'ancora temporale esplicita oppure ordinamento pairwise tra due eventi/stati direttamente identificabili,two_intervals,2,esplicita,alta,"[""temporale""]",0,0,0,0,insufficiente,[],"['Identificazione del telefono come entità.', 'Identificazione della donna come entità.', 'Evento del telefono che cade a terra.', 'Evento della donna che entra nella stanza.', ""Relazione temporale tra la caduta del telefono e l'ingresso della donna.""]","La rappresentazione del modello non include né l'identificazione delle entità chiave (telefono e donna) né gli eventi richiesti (caduta del telefono e ingresso della donna nella stanza). Inoltre, manca completamente la relazione temporale tra questi eventi, che è essenziale per rispondere alla domanda. Pertanto, la comprensione è insufficiente."
gemma,video061,3,Perché la mamma rimprovera le bambine?,causale,C1,C1|T1,1,mamma; bambine; telefono caduto o altro comportamento,effetto da spiegare: la mamma rimprovera le bambine; causa/antecedente: da identificare nell'evidenza disponibile,riconoscere l'effetto; individuare un antecedente o stato direttamente osservabile/esplicitamente disponibile; verificare il nesso causale senza attribuire intenzioni o motivazioni non supportate,"collegamento causale diretto tra un antecedente esplicito e una conseguenza esplicita, con al massimo due unità di evidenza",two_intervals,2,parzialmente implicita,moderata,"[""causale"", ""temporale""]",70,60,50,55,parziale,"['Presenza di due bambine che interagiscono.', 'Smartphone con schermo rotto tenuto da una bambina.']","['Rimprovero della mamma alle bambine.', 'Causa esplicita del rimprovero.']","Il modello ha identificato correttamente le entità principali, come le bambine e lo smartphone rotto, ma manca l'identificazione della mamma e del suo rimprovero. Gli eventi rilevanti, come l'interazione con lo smartphone rotto, sono stati parzialmente recuperati, ma manca l'evento chiave del rimprovero. L'inferenza causale è debole, poiché non è stato stabilito un nesso causale diretto tra un comportamento delle bambine e il rimprovero della mamma. Pertanto, la comprensione complessiva è parziale."
gemma,video062,1,Dove appoggia la gonna la signora per controllare che le stia bene?,spaziale,S1,S1|T0,1,signora; gonna,evento: la signora appoggia la gonna per verificarne la vestibilità; localizzazione del punto di appoggio,"riconoscere l'evento o la relazione spaziale pertinente; allineare il referente all'intervallo locale; recuperare origine, destinazione, direzione, supporto o posizione richiesta",una relazione spaziale esplicita o una localizzazione condizionata da un singolo evento osservabile nello stesso intervallo locale,local_interval,1,esplicita,moderata,"[""spaziale"", ""temporale""]",0,0,0,0,insufficiente,[],"['Identificazione della signora che appoggia la gonna.', 'Evento di appoggio della gonna per verificarne la vestibilità.', 'Localizzazione del punto di appoggio della gonna.']","La rappresentazione del modello non recupera alcuna informazione riguardante l'evento specifico di una signora che appoggia una gonna per verificarne la vestibilità. Non sono identificate né la gonna né l'azione di appoggio, né è fornita alcuna localizzazione spaziale pertinente. Pertanto, la comprensione è insufficiente per affrontare la domanda."
gemma,video062,2,"Dopo la gonna, la signora vuole vedere un'altra gonna o un pantalone?",temporale,T1,T1,1,signora; prima gonna; altra gonna; pantalone,"evento A: la signora esamina la gonna; evento B: sceglie di vedere un altro capo, una gonna o un pantalone","riconoscere i due eventi oppure l'evento e l'ancora temporale; localizzarli nella sequenza; determinare la relazione prima/dopo, primo/secondo, corrente/precedente o il momento richiesto",localizzazione rispetto a un'ancora temporale esplicita oppure ordinamento pairwise tra due eventi/stati direttamente identificabili,two_intervals,2,esplicita,alta,"[""temporale""]",0,0,0,0,insufficiente,[],"['La signora esamina una gonna.', 'La signora sceglie di vedere un altro capo, una gonna o un pantalone.', ""Relazione temporale tra l'esame della gonna e la scelta del nuovo capo.""]","La rappresentazione del modello non include alcuna informazione riguardante la signora che esamina una gonna o sceglie di vedere un altro capo, come una gonna o un pantalone. Non sono stati identificati eventi o entità rilevanti per la domanda, né è stata stabilita una relazione temporale tra tali eventi. Pertanto, la comprensione è insufficiente."
gemma,video062,3,Perché la donna scarta la prima gonna?,causale,C2,C2|T1,2,donna; prima gonna,effetto da spiegare: la donna scarta la prima gonna; causa/antecedente: da identificare nell'evidenza disponibile,riconoscere l'effetto o comportamento da spiegare; recuperare il contesto pertinente; inferire la causa/intenzione/motivazione solo se supportata dalle evidenze; evitare di colmare lacune con conoscenza non presente nel video,"la risposta richiede almeno un passaggio inferenziale implicito su motivazione, intenzione, stato mentale, valutazione sociale, finalità procedurale o relazione causale non direttamente osservabile",two_intervals,2,implicita,moderata,"[""causale"", ""temporale""]",0,0,0,0,insufficiente,[],"['Identificazione della donna specifica che scarta la gonna', 'Identificazione della prima gonna', 'Evento di scarto della gonna', 'Motivazione o causa per cui la gonna viene scartata']","La rappresentazione del modello non include alcuna informazione specifica riguardante la donna che scarta la prima gonna, né l'evento di scarto stesso. Mancano completamente le entità e gli eventi necessari per inferire la motivazione dietro l'azione. Pertanto, non è possibile affrontare la domanda con le informazioni disponibili."
gemma,video063,1,Dove si trova Gigi?,spaziale,S0,S0,0,Gigi; luogo in cui si trova,localizzazione di Gigi,identificare il referente target; recuperare una singola evidenza spaziale direttamente osservabile; restituire la localizzazione senza confronto tra fasi,recupero spaziale diretto da una singola evidenza stabile; nessun confronto temporale o ricostruzione di stato,single_frame,1,esplicita,nessuna,"[""spaziale""]",0,0,0,0,insufficiente,[],"['Identificazione di Gigi', 'Localizzazione di Gigi']","Il modello non ha identificato l'entità 'Gigi' né ha fornito alcuna informazione sulla sua localizzazione. Senza queste informazioni, non è possibile rispondere alla domanda. La rappresentazione manca completamente dei requisiti necessari per affrontare la domanda."
gemma,video063,2,Gigi inizia a cantare prima o dopo che la bambina parli?,temporale,T1,T1,1,Gigi; bambina; canto o parlato,evento A: Gigi inizia a cantare; evento B: la bambina parla,"riconoscere i due eventi oppure l'evento e l'ancora temporale; localizzarli nella sequenza; determinare la relazione prima/dopo, primo/secondo, corrente/precedente o il momento richiesto",localizzazione rispetto a un'ancora temporale esplicita oppure ordinamento pairwise tra due eventi/stati direttamente identificabili,two_intervals,2,esplicita,alta,"[""temporale""]",0,0,0,0,insufficiente,[],"['Identificazione di Gigi come entità.', 'Identificazione della bambina come entità.', 'Evento di Gigi che inizia a cantare.', 'Evento della bambina che parla.', 'Relazione temporale tra il canto di Gigi e il parlato della bambina.']","La rappresentazione del modello non include alcuna informazione riguardante Gigi o la bambina, né gli eventi di canto o parlato richiesti dalla domanda. Senza queste informazioni, non è possibile determinare la relazione temporale tra i due eventi, che è il fulcro della domanda. Pertanto, la comprensione è insufficiente."
gemma,video063,3,Perché Gigi canta?,causale,C2,C2|T1,2,Gigi; bambina o altri interlocutori,effetto da spiegare: Gigi canta; causa/antecedente: da identificare nell'evidenza disponibile,riconoscere l'effetto o comportamento da spiegare; recuperare il contesto pertinente; inferire la causa/intenzione/motivazione solo se supportata dalle evidenze; evitare di colmare lacune con conoscenza non presente nel video,"la risposta richiede almeno un passaggio inferenziale implicito su motivazione, intenzione, stato mentale, valutazione sociale, finalità procedurale o relazione causale non direttamente osservabile",two_intervals,2,implicita,moderata,"[""causale"", ""temporale""]",0,0,0,0,insufficiente,[],"['Identificazione di Gigi come entità specifica.', 'Evento di Gigi che canta.', 'Causa o contesto che spiega perché Gigi canta.']","La rappresentazione del modello non include alcuna informazione su Gigi o sull'evento del canto. Non ci sono elementi che permettano di inferire la causa del canto di Gigi, né sono presenti riferimenti a un contesto che possa spiegare tale comportamento. Pertanto, nessuno dei requisiti necessari per rispondere alla domanda è stato recuperato."
gemma,video064,1,Da dove viene il cuscino?,spaziale,S1,S1|T0,1,cuscino; divano; bambine,evento: il cuscino arriva o viene preso da un luogo; localizzazione dell'origine,"riconoscere l'evento o la relazione spaziale pertinente; allineare il referente all'intervallo locale; recuperare origine, destinazione, direzione, supporto o posizione richiesta",una relazione spaziale esplicita o una localizzazione condizionata da un singolo evento osservabile nello stesso intervallo locale,local_interval,1,esplicita,moderata,"[""spaziale"", ""temporale""]",50,30,20,30,parziale,"['Cuscino osservato in diversi segmenti.', 'Bambina che solleva e lancia un cuscino.']","['Origine del cuscino non specificata.', 'Relazione spaziale esplicita tra cuscino e divano non osservata.', 'Evento di presa del cuscino da un luogo non identificato.']","Il modello ha identificato il cuscino e alcune azioni associate, come sollevare e lanciare, ma non ha fornito informazioni sull'origine del cuscino o una relazione spaziale esplicita che indichi da dove proviene. Mancano dettagli cruciali per determinare la provenienza del cuscino, rendendo la comprensione parziale."
gemma,video064,2,Le due bambine sistemano il cuscino sul divano prima o dopo che la bambina con il pigiama rosa scenda le scale?,temporale,T1,T1,1,due bambine; cuscino; divano; bambina con il pigiama rosa; scale,evento A: le due bambine sistemano il cuscino sul divano; evento B: la bambina con il pigiama rosa scende le scale,"riconoscere i due eventi oppure l'evento e l'ancora temporale; localizzarli nella sequenza; determinare la relazione prima/dopo, primo/secondo, corrente/precedente o il momento richiesto",localizzazione rispetto a un'ancora temporale esplicita oppure ordinamento pairwise tra due eventi/stati direttamente identificabili,two_intervals,2,esplicita,alta,"[""temporale""]",40,20,10,25,insufficiente,"['Presenza di bambine con vestiti rosa e bianchi', 'Presenza di un cuscino', 'Presenza di un divano']","['Evento A: le due bambine sistemano il cuscino sul divano', 'Evento B: la bambina con il pigiama rosa scende le scale', 'Relazione temporale tra gli eventi A e B']","Il modello ha identificato alcune entità come le bambine, il cuscino e il divano, ma non ha riconosciuto gli eventi specifici richiesti dalla domanda, né ha stabilito una relazione temporale tra di essi. Mancano quindi elementi fondamentali per rispondere alla domanda, come la sistemazione del cuscino e la discesa dalle scale della bambina con il pigiama rosa."
gemma,video064,3,Perché la ragazza sdraiata sul divano si agita?,causale,C2,C2|T1,2,ragazza sdraiata sul divano; cuscino o bambine,effetto da spiegare: la ragazza sul divano si agita; causa/antecedente: da identificare nell'evidenza disponibile,riconoscere l'effetto o comportamento da spiegare; recuperare il contesto pertinente; inferire la causa/intenzione/motivazione solo se supportata dalle evidenze; evitare di colmare lacune con conoscenza non presente nel video,"la risposta richiede almeno un passaggio inferenziale implicito su motivazione, intenzione, stato mentale, valutazione sociale, finalità procedurale o relazione causale non direttamente osservabile",two_intervals,2,implicita,moderata,"[""causale"", ""temporale""]",50,60,30,40,parziale,"['ragazza sdraiata sul divano', 'bambina sdraiata sul divano', 'bambina che si muove']","['ragazza che si agita', ""causa dell'agitazione della ragazza"", 'interazione con cuscino o altre bambine come causa']","La rappresentazione del modello include la presenza della ragazza sdraiata sul divano e alcuni movimenti, ma manca l'evento specifico dell'agitazione e la causa di tale comportamento. Non è stata identificata alcuna interazione o evento che possa spiegare l'agitazione della ragazza. L'inferenza causale richiesta non è supportata dalle evidenze disponibili."
gemma,video065,1,Dove si svolge la premiazione?,spaziale,S0,S0,0,premiazione; ragazzi premiati,localizzazione della cerimonia di premiazione,identificare il referente target; recuperare una singola evidenza spaziale direttamente osservabile; restituire la localizzazione senza confronto tra fasi,recupero spaziale diretto da una singola evidenza stabile; nessun confronto temporale o ricostruzione di stato,single_frame,1,esplicita,nessuna,"[""spaziale""]",50,50,20,30,parziale,"['Presenza di una cerimonia con partecipanti e oratori', 'Consegna di un documento durante la cerimonia']","['Localizzazione specifica della cerimonia di premiazione', 'Identificazione chiara dei ragazzi premiati']","Il modello ha identificato una cerimonia con partecipanti e oratori, e un evento di consegna di un documento, suggerendo una premiazione. Tuttavia, manca la localizzazione specifica della cerimonia e l'identificazione chiara dei ragazzi premiati, elementi cruciali per rispondere alla domanda. Pertanto, la comprensione è parziale."
gemma,video065,2,I ragazzi che ricevono la premiazione hanno già conseguito il diploma di maturità o lo stanno ricevendo ora?,temporale,T2,T2,2,ragazzi premiati; diploma di maturità,evento/stato A: conseguimento del diploma di maturità; evento/stato B: premiazione attuale; target: distinguere stato già completato da evento in corso,"riconoscere gli eventi o stati pertinenti; ricostruire l'evoluzione temporale necessaria; calcolare conteggio/durata oppure distinguere onset, continuazione e stato già completato","durata, conteggio/iterazione, selezione del primo onset tra più candidati o ricostruzione di uno stato già in corso/completato",two_intervals,2,esplicita,alta,"[""temporale""]",50,40,30,35,parziale,"['Presenza di una cerimonia con partecipanti e oratori', 'Consegna di un documento durante la cerimonia']","['Identificazione chiara dei ragazzi premiati', 'Conferma che il documento consegnato sia un diploma di maturità', 'Informazioni temporali sul conseguimento del diploma rispetto alla premiazione']","La rappresentazione del modello include una cerimonia con la consegna di un documento, ma non specifica se i ragazzi premiati abbiano già conseguito il diploma di maturità o lo stiano ricevendo ora. Mancano dettagli chiave sulle entità coinvolte e sulla sequenza temporale degli eventi necessari per rispondere alla domanda."
gemma,video065,3,Perché il ragazzo con la giacca grigia riceve un premio?,causale,C1,C1|T1,1,ragazzo con la giacca grigia; premio,effetto da spiegare: il ragazzo riceve un premio; causa/antecedente: da identificare nell'evidenza disponibile,riconoscere l'effetto; individuare un antecedente o stato direttamente osservabile/esplicitamente disponibile; verificare il nesso causale senza attribuire intenzioni o motivazioni non supportate,"collegamento causale diretto tra un antecedente esplicito e una conseguenza esplicita, con al massimo due unità di evidenza",two_intervals,2,parzialmente implicita,moderata,"[""causale"", ""temporale""]",50,60,40,45,parziale,"['Un uomo consegna un documento a un altro uomo (segment_0002).', ""C'è una cerimonia in corso (segment_0002).""]","['Identificazione chiara del ragazzo con la giacca grigia.', 'Conferma che il documento consegnato sia un premio.', 'Causa specifica per cui il ragazzo riceve il premio.']","Il modello ha identificato un evento di consegna di un documento durante una cerimonia, che potrebbe essere interpretato come la consegna di un premio. Tuttavia, manca l'identificazione chiara del ragazzo con la giacca grigia e la conferma che il documento sia effettivamente un premio. Inoltre, non è stata fornita una causa specifica per cui il ragazzo riceve il premio, rendendo l'inferenza causale incompleta."
gemma,video066,1,Dove si trova il quadro di Antonio?,spaziale,S0,S0,0,quadro di Antonio; parete o luogo in cui si trova,localizzazione del quadro di Antonio,identificare il referente target; recuperare una singola evidenza spaziale direttamente osservabile; restituire la localizzazione senza confronto tra fasi,recupero spaziale diretto da una singola evidenza stabile; nessun confronto temporale o ricostruzione di stato,single_frame,1,esplicita,nessuna,"[""spaziale""]",0,0,0,0,insufficiente,[],"['Identificazione del quadro di Antonio', 'Localizzazione del quadro di Antonio', 'Luogo o parete specifica dove si trova il quadro']","La rappresentazione del modello non include alcuna informazione specifica riguardante il quadro di Antonio o la sua localizzazione. Non sono stati identificati né il quadro né il luogo in cui si trova, rendendo impossibile rispondere alla domanda."
gemma,video066,2,La donna dice che l'uomo ha una fissazione prima o dopo aver ricevuto il suo regalo?,temporale,T1,T1,1,donna; uomo; regalo; fissazione,evento A: la donna dice che l'uomo ha una fissazione; evento B: l'uomo riceve il regalo,"riconoscere i due eventi oppure l'evento e l'ancora temporale; localizzarli nella sequenza; determinare la relazione prima/dopo, primo/secondo, corrente/precedente o il momento richiesto",localizzazione rispetto a un'ancora temporale esplicita oppure ordinamento pairwise tra due eventi/stati direttamente identificabili,two_intervals,2,esplicita,alta,"[""temporale""]",0,0,0,0,insufficiente,[],"[""Evento A: la donna dice che l'uomo ha una fissazione"", ""Evento B: l'uomo riceve il regalo"", 'Relazione temporale tra evento A e B']","La rappresentazione del modello non recupera alcuna informazione sugli eventi specifici richiesti dalla domanda, come la donna che dice che l'uomo ha una fissazione o l'uomo che riceve un regalo. Inoltre, non ci sono elementi che permettano di stabilire una relazione temporale tra questi eventi. Pertanto, la comprensione è insufficiente."
gemma,video066,3,Perché Peppino chiede a Lietta di togliere il quadro?,causale,C2,C2|T1,2,Peppino; Lietta; quadro,effetto da spiegare: Peppino chiede a Lietta di togliere il quadro; causa/antecedente: da identificare nell'evidenza disponibile,riconoscere l'effetto o comportamento da spiegare; recuperare il contesto pertinente; inferire la causa/intenzione/motivazione solo se supportata dalle evidenze; evitare di colmare lacune con conoscenza non presente nel video,"la risposta richiede almeno un passaggio inferenziale implicito su motivazione, intenzione, stato mentale, valutazione sociale, finalità procedurale o relazione causale non direttamente osservabile",two_intervals,2,implicita,moderata,"[""causale"", ""temporale""]",50,30,20,25,insufficiente,"['Presenza di un uomo e una donna che interagiscono.', 'Presenza di un quadro incorniciato.']","['Identificazione chiara di Peppino e Lietta.', 'Evento specifico in cui Peppino chiede a Lietta di togliere il quadro.', 'Motivazione o contesto per cui Peppino chiede di togliere il quadro.']","La rappresentazione del modello manca di elementi chiave per rispondere alla domanda. Non sono stati identificati chiaramente Peppino e Lietta, né l'evento specifico in cui Peppino chiede a Lietta di togliere il quadro. Inoltre, manca qualsiasi contesto o motivazione che spieghi il perché della richiesta. Senza queste informazioni, l'inferenza richiesta non può essere eseguita."
gemma,video067,1,Dove mette le mani l'uomo col cappello?,spaziale,S1,S1|T0,1,uomo col cappello; mani; altra persona o superficie su cui le mette,evento: l'uomo mette le mani in una posizione; localizzazione del punto di contatto,"riconoscere l'evento o la relazione spaziale pertinente; allineare il referente all'intervallo locale; recuperare origine, destinazione, direzione, supporto o posizione richiesta",una relazione spaziale esplicita o una localizzazione condizionata da un singolo evento osservabile nello stesso intervallo locale,local_interval,1,esplicita,moderata,"[""spaziale"", ""temporale""]",0,0,0,0,insufficiente,[],"[""Posizione delle mani dell'uomo col cappello"", ""Evento specifico in cui l'uomo col cappello mette le mani su qualcosa o qualcuno"", ""Relazione spaziale tra le mani dell'uomo col cappello e un'altra persona o superficie""]",La rappresentazione del modello non include alcuna informazione riguardante la posizione delle mani dell'uomo col cappello o un evento specifico in cui le mani vengono messe su qualcosa o qualcuno. Mancano completamente le relazioni spaziali necessarie per rispondere alla domanda.
gemma,video067,2,L'uomo con il cappello ride prima o dopo che l'uomo in grigio scansi le sue mani?,temporale,T1,T1,1,uomo col cappello; uomo in grigio; mani,evento A: l'uomo col cappello ride; evento B: l'uomo in grigio scansa le sue mani,"riconoscere i due eventi oppure l'evento e l'ancora temporale; localizzarli nella sequenza; determinare la relazione prima/dopo, primo/secondo, corrente/precedente o il momento richiesto",localizzazione rispetto a un'ancora temporale esplicita oppure ordinamento pairwise tra due eventi/stati direttamente identificabili,two_intervals,2,esplicita,alta,"[""temporale""]",50,30,20,30,parziale,"['Uomo con cappello a cilindro nero identificato come protagonista.', 'Uomo in giacca grigia identificato come protagonista.']","[""Evento A: l'uomo col cappello ride non è chiaramente identificato."", ""Evento B: l'uomo in grigio scansa le sue mani non è presente."", 'Relazione temporale tra i due eventi non determinabile.']","Il modello ha identificato correttamente le entità principali, l'uomo con il cappello e l'uomo in grigio, ma non ha recuperato gli eventi specifici richiesti dalla domanda. Non è stato possibile determinare la relazione temporale tra il ridere dell'uomo con il cappello e l'azione di scansare le mani dell'uomo in grigio. La mancanza di questi eventi chiave e della loro relazione temporale limita la comprensione complessiva."
gemma,video067,3,Perché l'uomo senza cappello continua a spostare le mani dell'uomo col cappello?,causale,C2,C2|T1,2,uomo senza cappello; uomo col cappello; mani,effetto da spiegare: l'uomo senza cappello continua a spostare le mani dell'altro; causa/antecedente: da identificare nell'evidenza disponibile,riconoscere l'effetto o comportamento da spiegare; recuperare il contesto pertinente; inferire la causa/intenzione/motivazione solo se supportata dalle evidenze; evitare di colmare lacune con conoscenza non presente nel video,"la risposta richiede almeno un passaggio inferenziale implicito su motivazione, intenzione, stato mentale, valutazione sociale, finalità procedurale o relazione causale non direttamente osservabile",two_intervals,2,implicita,moderata,"[""causale"", ""temporale""]",50,30,20,25,insufficiente,"['uomo senza cappello (e1)', 'uomo col cappello (e2)', 'conversazione tra e1 e e2']","['azione specifica di spostare le mani', ""motivazione o causa per cui l'uomo senza cappello sposta le mani dell'altro""]","La rappresentazione del modello identifica correttamente le entità principali (uomo senza cappello e uomo col cappello) e la loro interazione generale (conversazione), ma manca completamente l'azione specifica di spostare le mani e qualsiasi indicazione sulla motivazione o causa di tale azione. Senza queste informazioni, non è possibile affrontare la domanda in modo significativo."
gemma,video068,1,Dove si trova la reception?,spaziale,S0,S0,0,reception,localizzazione della reception,identificare il referente target; recuperare una singola evidenza spaziale direttamente osservabile; restituire la localizzazione senza confronto tra fasi,recupero spaziale diretto da una singola evidenza stabile; nessun confronto temporale o ricostruzione di stato,single_frame,1,esplicita,nessuna,"[""spaziale""]",100,100,100,100,completa,"[""Identificazione della reception come 'bancone' (e2) nel segmento 0001."", ""Localizzazione della reception tramite la relazione spaziale 'davanti a' tra il cliente (e1) e il bancone (e2) nel segmento 0001."", 'Presenza della ricezionista (e3) dietro al bancone (e2) nel segmento 0001.']",[],Il modello ha identificato correttamente la reception come il 'bancone' e ha fornito una chiara localizzazione spaziale tramite le relazioni osservate tra il cliente e il bancone. Tutti i requisiti per rispondere alla domanda sono stati soddisfatti in modo esplicito e diretto.
gemma,video068,2,Il ragazzo trova un volantino prima o dopo essere andato a parlare con la donna?,temporale,T1,T1,1,ragazzo; volantino; donna,evento A: il ragazzo trova un volantino; evento B: il ragazzo va a parlare con la donna,"riconoscere i due eventi oppure l'evento e l'ancora temporale; localizzarli nella sequenza; determinare la relazione prima/dopo, primo/secondo, corrente/precedente o il momento richiesto",localizzazione rispetto a un'ancora temporale esplicita oppure ordinamento pairwise tra due eventi/stati direttamente identificabili,two_intervals,2,esplicita,alta,"[""temporale""]",50,30,20,30,parziale,['Interazione tra cliente e ricezionista (evento B)'],"['Evento A: il ragazzo trova un volantino', 'Relazione temporale tra il trovare il volantino e parlare con la donna']","Il modello ha identificato l'interazione tra il ragazzo e la donna, ma non ha rilevato l'evento in cui il ragazzo trova un volantino. Senza entrambi gli eventi, non è possibile determinare la relazione temporale richiesta dalla domanda. Pertanto, la comprensione è parziale."
gemma,video068,3,Perché la ragazza tira fuori un foglio da mostrare al ragazzo?,causale,C0,C0,0,ragazza; ragazzo; foglio; informazione mostrata,relazione causale/finalistica esplicitata nella domanda; nessun antecedente aggiuntivo deve essere ipotizzato,recuperare la causa o finalità già espressa esplicitamente; non introdurre antecedenti ulteriori non supportati,la finalità o relazione causale necessaria è già esplicitata nella formulazione disponibile; non è richiesta una ricostruzione causale aggiuntiva,local_interval,1,esplicita,nessuna,"[""causale""]",0,0,0,0,insufficiente,[],"['ragazza', 'ragazzo', 'foglio', 'informazione mostrata', 'relazione causale/finalistica esplicitata nella domanda']","La rappresentazione del modello non recupera alcuna delle entità specifiche richieste dalla domanda, come la ragazza, il ragazzo e il foglio. Inoltre, manca completamente l'evento chiave della ragazza che mostra il foglio al ragazzo e la relazione causale o finalistica esplicitata nella domanda. Senza queste informazioni, non è possibile affrontare la domanda."
gemma,video069,1,Dove si trova il ragazzo quando fa l'esercizio?,spaziale,S1,S1|T0,1,ragazzo; esercizio,evento contestuale: il ragazzo esegue l'esercizio; localizzazione della sua posizione,"riconoscere l'evento o la relazione spaziale pertinente; allineare il referente all'intervallo locale; recuperare origine, destinazione, direzione, supporto o posizione richiesta",una relazione spaziale esplicita o una localizzazione condizionata da un singolo evento osservabile nello stesso intervallo locale,local_interval,2,esplicita,moderata,"[""spaziale"", ""temporale""]",80,80,70,75,sufficiente,"[""Il ragazzo è identificato come 'persona' con maglietta bianca con scritta 'ITALIA'."", ""L'esercizio fisico è identificato nel segmento 0003 con il ragazzo in posizione a quattro zampe."", ""Relazione spaziale: il ragazzo è davanti all'allenatore durante l'esercizio.""]","[""Localizzazione specifica dell'esercizio (es. palestra, campo).""]","Il modello ha identificato correttamente il ragazzo e l'evento dell'esercizio fisico, inclusa la posizione spaziale relativa all'allenatore. Tuttavia, manca una localizzazione specifica dell'ambiente in cui l'esercizio avviene, che sarebbe utile per una risposta completa. La rappresentazione è sufficiente per affrontare la domanda, ma con alcune lacune."
gemma,video069,2,L'allenatore rimprovera il ragazzo prima o dopo avergli detto che deve fare le flessioni?,temporale,T1,T1,1,allenatore; ragazzo; rimprovero; flessioni,evento A: l'allenatore rimprovera il ragazzo; evento B: gli dice che deve fare le flessioni,"riconoscere i due eventi oppure l'evento e l'ancora temporale; localizzarli nella sequenza; determinare la relazione prima/dopo, primo/secondo, corrente/precedente o il momento richiesto",localizzazione rispetto a un'ancora temporale esplicita oppure ordinamento pairwise tra due eventi/stati direttamente identificabili,two_intervals,2,esplicita,alta,"[""temporale""]",0,0,0,0,insufficiente,[],"[""Evento A: l'allenatore rimprovera il ragazzo"", ""Evento B: l'allenatore dice al ragazzo che deve fare le flessioni"", 'Relazione temporale tra evento A e evento B']","La rappresentazione del modello non include alcuna evidenza degli eventi specifici richiesti dalla domanda, ovvero il rimprovero del ragazzo da parte dell'allenatore e l'istruzione di fare le flessioni. Inoltre, non è presente alcuna informazione temporale che permetta di stabilire l'ordine tra questi eventi. Pertanto, la comprensione è insufficiente."
gemma,video069,3,Perché il ragazzo si trova in terra a fare flessioni?,causale,C1,C1|T1,1,ragazzo; allenatore; terra; flessioni,effetto da spiegare: il ragazzo è a terra a fare flessioni; causa/antecedente: da identificare nell'evidenza disponibile,riconoscere l'effetto; individuare un antecedente o stato direttamente osservabile/esplicitamente disponibile; verificare il nesso causale senza attribuire intenzioni o motivazioni non supportate,"collegamento causale diretto tra un antecedente esplicito e una conseguenza esplicita, con al massimo due unità di evidenza",two_intervals,2,parzialmente implicita,moderata,"[""causale"", ""temporale""]",80,70,50,60,sufficiente,"[""ragazzo in maglietta bianca con scritta 'ITALIA'"", 'allenatore in maglietta nera', 'ragazzo a terra in posizione di flessione', 'allenatore indica il ragazzo']","['causa esplicita per cui il ragazzo è a terra a fare flessioni', ""nesso causale diretto tra un'azione dell'allenatore e il ragazzo che fa flessioni""]","Il modello ha identificato correttamente le entità principali, come il ragazzo e l'allenatore, e ha osservato il ragazzo a terra in posizione di flessione. Tuttavia, manca un nesso causale esplicito che spieghi perché il ragazzo si trovi in quella posizione. Senza un'azione o un comando esplicito dell'allenatore che giustifichi le flessioni, l'inferenza causale rimane incompleta. La rappresentazione è sufficiente per riconoscere il contesto, ma non per determinare la causa specifica dell'evento."
gemma,video070,1,Dove si trova la donna quando inizia a scalciare?,spaziale,S1,S1|T0,1,donna; luogo in cui si trova,evento contestuale: la donna inizia a scalciare; localizzazione della donna,"riconoscere l'evento o la relazione spaziale pertinente; allineare il referente all'intervallo locale; recuperare origine, destinazione, direzione, supporto o posizione richiesta",una relazione spaziale esplicita o una localizzazione condizionata da un singolo evento osservabile nello stesso intervallo locale,local_interval,2,esplicita,moderata,"[""spaziale"", ""temporale""]",0,0,0,0,insufficiente,[],"['Identificazione della donna che inizia a scalciare', 'Localizzazione della donna al momento in cui inizia a scalciare', 'Evento di scalciare', ""Relazione spaziale della donna con l'ambiente circostante al momento dell'evento""]","La rappresentazione del modello non include alcuna informazione sull'evento specifico in cui la donna inizia a scalciare, né sulla sua localizzazione in quel momento. Mancano completamente le entità e gli eventi richiesti per rispondere alla domanda, rendendo impossibile qualsiasi inferenza spaziale o temporale pertinente."
gemma,video070,2,La donna viene presa in braccio prima o dopo essere arrivata alla carrozza?,temporale,T1,T1,1,donna; uomo che la prende; carrozza,evento A: la donna viene presa in braccio; evento B: la donna arriva alla carrozza,"riconoscere i due eventi oppure l'evento e l'ancora temporale; localizzarli nella sequenza; determinare la relazione prima/dopo, primo/secondo, corrente/precedente o il momento richiesto",localizzazione rispetto a un'ancora temporale esplicita oppure ordinamento pairwise tra due eventi/stati direttamente identificabili,two_intervals,2,esplicita,alta,"[""temporale""]",50,50,30,40,parziale,"['La donna è identificata come entità e2 nel segmento 0005.', 'La carrozza è identificata come entità e3 nel segmento 0005.', ""L'uomo che tiene in braccio la donna è identificato come entità e1 nel segmento 0005."", ""La donna viene presa in braccio dall'uomo nel segmento 0005.""]","['Non è chiaro se la donna arriva alla carrozza prima o dopo essere presa in braccio.', ""Non è esplicitamente indicato l'evento in cui la donna arriva alla carrozza."", ""Non è determinata la relazione temporale tra l'essere presa in braccio e l'arrivo alla carrozza.""]","Il modello ha identificato le entità principali e l'evento in cui la donna viene presa in braccio, ma manca l'identificazione chiara dell'evento in cui la donna arriva alla carrozza. Inoltre, non è stata determinata la relazione temporale tra i due eventi richiesti dalla domanda, rendendo l'inferenza incompleta."
gemma,video070,3,Perché la donna oppone resistenza all'uomo?,causale,C2,C2|T1,2,donna; uomo; carrozza o destinazione,effetto da spiegare: la donna oppone resistenza all'uomo; causa/antecedente: da identificare nell'evidenza disponibile,riconoscere l'effetto o comportamento da spiegare; recuperare il contesto pertinente; inferire la causa/intenzione/motivazione solo se supportata dalle evidenze; evitare di colmare lacune con conoscenza non presente nel video,"la risposta richiede almeno un passaggio inferenziale implicito su motivazione, intenzione, stato mentale, valutazione sociale, finalità procedurale o relazione causale non direttamente osservabile",two_intervals,2,implicita,moderata,"[""causale"", ""temporale""]",50,40,20,30,insufficiente,"['Presenza di una donna e un uomo identificati nei segmenti 0001 e 0002.', 'Interazione tra uomo e donna con contatto fisico nei segmenti 0001 e 0005.']","['Motivazione o causa della resistenza della donna.', 'Descrizione esplicita della resistenza della donna.', ""Contesto o antecedente che spiega l'azione della donna.""]","La rappresentazione del modello identifica correttamente le entità principali (donna e uomo) e alcune interazioni tra di loro, ma manca completamente la descrizione dell'evento chiave della resistenza della donna. Inoltre, non viene fornito alcun contesto o antecedente che possa spiegare la causa della resistenza, né vi è alcuna inferenza causale o motivazionale supportata dalle evidenze. Pertanto, la comprensione è insufficiente per affrontare la domanda."
gemma,video071,1,Dove si trovano gli ostacoli che la bambina bendata deve superare?,spaziale,S0,S0,0,ostacoli; bambina bendata,localizzazione degli ostacoli da superare,identificare il referente target; recuperare una singola evidenza spaziale direttamente osservabile; restituire la localizzazione senza confronto tra fasi,recupero spaziale diretto da una singola evidenza stabile; nessun confronto temporale o ricostruzione di stato,single_frame,1,esplicita,nessuna,"[""spaziale""]",50,30,20,30,insufficiente,"['Presenza di una bambina bendata (e1)', 'Presenza di ostacoli come panche e tavoli (e3, e2)']","['Localizzazione specifica degli ostacoli rispetto alla bambina bendata', 'Descrizione chiara degli ostacoli che la bambina deve superare', 'Relazione spaziale tra la bambina bendata e gli ostacoli']","La rappresentazione del modello identifica la presenza di una bambina bendata e di alcuni oggetti come panche e tavoli, ma non fornisce informazioni sufficienti sulla localizzazione specifica degli ostacoli rispetto alla bambina. Mancano dettagli cruciali per determinare dove si trovano gli ostacoli che la bambina deve superare, rendendo la comprensione insufficiente per rispondere alla domanda."
gemma,video071,2,La ragazzina con la benda sugli occhi scavalca lo step prima o dopo aver ruotato?,temporale,T1,T1,1,ragazzina bendata; step,evento A: la ragazzina scavalca lo step; evento B: la ragazzina ruota,"riconoscere i due eventi oppure l'evento e l'ancora temporale; localizzarli nella sequenza; determinare la relazione prima/dopo, primo/secondo, corrente/precedente o il momento richiesto",localizzazione rispetto a un'ancora temporale esplicita oppure ordinamento pairwise tra due eventi/stati direttamente identificabili,two_intervals,2,esplicita,alta,"[""temporale""]",50,30,20,30,insufficiente,"['Ragazzina con maschera bianca identificata in più segmenti', 'Presenza di una panca blu rettangolare']","['Evento A: la ragazzina scavalca lo step', 'Evento B: la ragazzina ruota', 'Relazione temporale tra gli eventi A e B']","La rappresentazione del modello identifica la ragazzina con la maschera e la panca, ma non riesce a recuperare gli eventi specifici di scavalcare lo step e ruotare. Inoltre, manca la relazione temporale tra questi eventi, che è cruciale per rispondere alla domanda. Pertanto, la comprensione è insufficiente."
gemma,video071,3,Perché la ragazza con la benda riesce a superare gli ostacoli?,causale,C2,C2|T1,2,ragazza con la benda; ostacoli,effetto da spiegare: la ragazza riesce a superare gli ostacoli; causa/antecedente: da identificare nell'evidenza disponibile,riconoscere l'effetto o comportamento da spiegare; recuperare il contesto pertinente; inferire la causa/intenzione/motivazione solo se supportata dalle evidenze; evitare di colmare lacune con conoscenza non presente nel video,"la risposta richiede almeno un passaggio inferenziale implicito su motivazione, intenzione, stato mentale, valutazione sociale, finalità procedurale o relazione causale non direttamente osservabile",two_intervals,2,implicita,moderata,"[""causale"", ""temporale""]",50,40,20,30,parziale,"['Ragazza con maschera per occhi identificata in vari segmenti', 'Presenza di ostacoli come tavoli e panche']","['Dettagli su come la ragazza supera gli ostacoli', 'Causa o motivazione per cui la ragazza riesce a superare gli ostacoli', 'Interazione specifica tra la ragazza e gli ostacoli']","Il modello ha identificato la ragazza con la benda e la presenza di ostacoli, ma non ha fornito dettagli su come la ragazza riesca a superarli. Mancano informazioni cruciali sulla causa o motivazione che permettono alla ragazza di superare gli ostacoli, rendendo l'inferenza causale impossibile."
gemma,video072,1,Dove vengono messe le cose lasciate in giro?,spaziale,S1,S1|T0,1,cose lasciate in giro; ragazzo con la maglia nera,evento: gli oggetti vengono messi via; localizzazione della destinazione,"riconoscere l'evento o la relazione spaziale pertinente; allineare il referente all'intervallo locale; recuperare origine, destinazione, direzione, supporto o posizione richiesta",una relazione spaziale esplicita o una localizzazione condizionata da un singolo evento osservabile nello stesso intervallo locale,local_interval,1,esplicita,moderata,"[""spaziale"", ""temporale""]",50,30,20,30,parziale,"['ragazzo con la maglia nera identificato', 'interazione con oggetti come scatola e armadio']","['cose lasciate in giro', 'evento di mettere via gli oggetti', 'localizzazione della destinazione degli oggetti']","Il modello ha identificato il ragazzo con la maglia nera e alcune interazioni con oggetti, ma non ha recuperato informazioni sulle 'cose lasciate in giro' né sull'evento di mettere via gli oggetti. Mancano anche dettagli sulla localizzazione finale degli oggetti. La rappresentazione è insufficiente per rispondere alla domanda."
gemma,video072,2,Cosa succede prima: Albi viene rimproverato o il ragazzo con la maglia nera sistema il disordine?,temporale,T1,T1,1,Albi; ragazzo con la maglia nera; rimprovero,evento A: Albi viene rimproverato; evento B: il ragazzo con la maglia nera sistema il disordine,"riconoscere i due eventi oppure l'evento e l'ancora temporale; localizzarli nella sequenza; determinare la relazione prima/dopo, primo/secondo, corrente/precedente o il momento richiesto",localizzazione rispetto a un'ancora temporale esplicita oppure ordinamento pairwise tra due eventi/stati direttamente identificabili,two_intervals,2,esplicita,alta,"[""temporale""]",0,0,0,0,insufficiente,[],"['Albi', 'ragazzo con la maglia nera', 'rimprovero', 'evento A: Albi viene rimproverato', 'evento B: il ragazzo con la maglia nera sistema il disordine']","La rappresentazione del modello non include alcuna informazione riguardante Albi, il ragazzo con la maglia nera, il rimprovero o il sistemare il disordine. Non sono stati identificati gli eventi richiesti né le entità specifiche necessarie per rispondere alla domanda. Pertanto, la comprensione è insufficiente."
gemma,video072,3,Perché Albi viene rimproverato dal ragazzo con la maglia nera?,causale,C1,C1|T1,1,Albi; ragazzo con la maglia nera; oggetti lasciati in giro,effetto da spiegare: Albi viene rimproverato; causa/antecedente: da identificare nell'evidenza disponibile,riconoscere l'effetto; individuare un antecedente o stato direttamente osservabile/esplicitamente disponibile; verificare il nesso causale senza attribuire intenzioni o motivazioni non supportate,"collegamento causale diretto tra un antecedente esplicito e una conseguenza esplicita, con al massimo due unità di evidenza",two_intervals,2,parzialmente implicita,moderata,"[""causale"", ""temporale""]",30,20,10,20,insufficiente,"[""Ragazzo con la maglia nera identificato come 'persona' con capelli scuri e maglietta nera""]","['Identificazione di Albi', 'Oggetti lasciati in giro', 'Evento di rimprovero', 'Causa del rimprovero', 'Nesso causale tra azioni di Albi e rimprovero']","La rappresentazione del modello non recupera le entità chiave come Albi e gli oggetti lasciati in giro, né l'evento di rimprovero. Mancano anche le informazioni necessarie per stabilire un nesso causale tra le azioni di Albi e il rimprovero. Pertanto, la comprensione è insufficiente per affrontare la domanda."
gemma,video073,1,Dov'è seduta la coppia?,spaziale,S0,S0,0,coppia; seduta o luogo in cui è seduta,localizzazione della coppia,identificare il referente target; recuperare una singola evidenza spaziale direttamente osservabile; restituire la localizzazione senza confronto tra fasi,recupero spaziale diretto da una singola evidenza stabile; nessun confronto temporale o ricostruzione di stato,single_frame,1,esplicita,nessuna,"[""spaziale""]",100,100,100,100,completa,"['Coppia identificata come due persone sedute (e1 e e2).', 'Luogo identificato come letto (e4) su cui la coppia è seduta.', 'Relazione spaziale: persona seduta su letto.']",[],"Il modello ha recuperato tutte le informazioni necessarie per rispondere alla domanda. Le entità della coppia e il luogo in cui sono sedute (letto) sono chiaramente identificati. Gli eventi e le relazioni spaziali sono ben documentati, permettendo di inferire correttamente la posizione della coppia. La rappresentazione è completa e coerente con i requisiti della domanda."
gemma,video073,2,Chi si sveglia prima tra il ragazzo e la ragazza?,temporale,T1,T1,1,ragazzo; ragazza,evento A: il ragazzo si sveglia; evento B: la ragazza si sveglia,"riconoscere i due eventi oppure l'evento e l'ancora temporale; localizzarli nella sequenza; determinare la relazione prima/dopo, primo/secondo, corrente/precedente o il momento richiesto",localizzazione rispetto a un'ancora temporale esplicita oppure ordinamento pairwise tra due eventi/stati direttamente identificabili,two_intervals,2,esplicita,alta,"[""temporale""]",0,0,0,0,insufficiente,[],"['Identificazione chiara del ragazzo e della ragazza.', 'Eventi di risveglio per il ragazzo e la ragazza.', 'Relazione temporale tra i due eventi di risveglio.']","La rappresentazione del modello non include informazioni sugli eventi di risveglio del ragazzo e della ragazza, né fornisce una chiara identificazione delle due persone in relazione a questi eventi. Mancano completamente le informazioni necessarie per determinare chi si sveglia prima."
gemma,video073,3,Perché il ragazzo abbraccia la ragazza?,causale,C2,C2|T1,2,ragazzo; ragazza; abbraccio,effetto da spiegare: il ragazzo abbraccia la ragazza; causa/antecedente: da identificare nell'evidenza disponibile,riconoscere l'effetto o comportamento da spiegare; recuperare il contesto pertinente; inferire la causa/intenzione/motivazione solo se supportata dalle evidenze; evitare di colmare lacune con conoscenza non presente nel video,"la risposta richiede almeno un passaggio inferenziale implicito su motivazione, intenzione, stato mentale, valutazione sociale, finalità procedurale o relazione causale non direttamente osservabile",two_intervals,2,implicita,moderata,"[""causale"", ""temporale""]",50,30,20,25,insufficiente,['Interazione tra due persone (E0003)'],"['Identificazione chiara del ragazzo e della ragazza', ""Descrizione dell'abbraccio"", ""Causa o motivazione dell'abbraccio""]","La rappresentazione del modello ha identificato un'interazione tra due persone, ma non ha recuperato informazioni specifiche sull'abbraccio o sulle motivazioni dietro di esso. Mancano dettagli chiave come l'identificazione chiara del ragazzo e della ragazza e la descrizione dell'abbraccio stesso. Inoltre, non è stata fornita alcuna inferenza sulle cause o motivazioni dell'abbraccio, rendendo la comprensione complessiva insufficiente per affrontare la domanda."
gemma,video074,1,Dove si trovano le bambine?,spaziale,S0,S0,0,bambine; luogo in cui si trovano,localizzazione delle bambine,identificare il referente target; recuperare una singola evidenza spaziale direttamente osservabile; restituire la localizzazione senza confronto tra fasi,recupero spaziale diretto da una singola evidenza stabile; nessun confronto temporale o ricostruzione di stato,single_frame,1,esplicita,nessuna,"[""spaziale""]",0,0,0,0,insufficiente,[],"['Localizzazione delle bambine', 'Luogo in cui si trovano le bambine']","La rappresentazione del modello non include alcuna informazione sulla localizzazione delle bambine o sul luogo in cui si trovano. Sebbene siano presenti descrizioni delle bambine e delle loro azioni, manca completamente l'informazione spaziale richiesta per rispondere alla domanda. Pertanto, la comprensione è insufficiente."
gemma,video074,2,La bambina con lo spazzolino viola ride prima o dopo aver detto di sì?,temporale,T1,T1,1,bambina con lo spazzolino viola,evento A: la bambina ride; evento B: la bambina dice di sì,"riconoscere i due eventi oppure l'evento e l'ancora temporale; localizzarli nella sequenza; determinare la relazione prima/dopo, primo/secondo, corrente/precedente o il momento richiesto",localizzazione rispetto a un'ancora temporale esplicita oppure ordinamento pairwise tra due eventi/stati direttamente identificabili,two_intervals,2,esplicita,alta,"[""temporale""]",0,0,0,0,insufficiente,[],"['Identificazione della bambina con lo spazzolino viola', 'Evento A: la bambina ride', 'Evento B: la bambina dice di sì', 'Relazione temporale tra il ridere e il dire di sì']","La rappresentazione del modello non recupera alcuna delle informazioni necessarie per rispondere alla domanda. Non viene identificata la bambina con lo spazzolino viola, né vengono rilevati gli eventi di ridere o dire di sì. Inoltre, manca completamente l'analisi temporale richiesta per determinare la sequenza degli eventi."
gemma,video074,3,Perché la bambina con lo spazzolino arancione rallenta i movimenti quando spazzola i denti?,causale,C2,C2|T1,2,bambina con lo spazzolino arancione; spazzolino; denti; movimento,effetto da spiegare: la bambina rallenta i movimenti mentre si lava i denti; causa/antecedente: da identificare nell'evidenza disponibile,riconoscere l'effetto o comportamento da spiegare; recuperare il contesto pertinente; inferire la causa/intenzione/motivazione solo se supportata dalle evidenze; evitare di colmare lacune con conoscenza non presente nel video,"la risposta richiede almeno un passaggio inferenziale implicito su motivazione, intenzione, stato mentale, valutazione sociale, finalità procedurale o relazione causale non direttamente osservabile",two_intervals,2,implicita,moderata,"[""causale"", ""temporale""]",50,40,20,30,insufficiente,"['Bambina con spazzolino arancione identificata', 'Azione di spazzolare i denti osservata']","['Rallentamento dei movimenti non osservato', 'Causa del rallentamento non identificata', 'Contesto pertinente per inferire la causa non recuperato']","La rappresentazione del modello identifica correttamente la bambina e l'azione di spazzolare i denti, ma non rileva il rallentamento dei movimenti né fornisce informazioni sul contesto o le cause di tale rallentamento. L'inferenza richiesta non è supportata dalle evidenze disponibili, risultando in una comprensione insufficiente per affrontare la domanda."
gemma,video075,1,Dove si trova il bambino che tira la palla di neve alla giornalista?,spaziale,S1,S1|T0,1,bambino; palla di neve; giornalista; luogo in cui si trova il bambino,localizzazione del bambino che lancia la palla di neve,"riconoscere l'evento o la relazione spaziale pertinente; allineare il referente all'intervallo locale; recuperare origine, destinazione, direzione, supporto o posizione richiesta",una relazione spaziale esplicita o una localizzazione condizionata da un singolo evento osservabile nello stesso intervallo locale,local_interval,2,esplicita,moderata,"[""spaziale"", ""temporale""]",0,0,0,0,insufficiente,[],"['Bambino che tira la palla di neve', 'Giornalista', 'Luogo in cui si trova il bambino', 'Evento di lancio della palla di neve']","La rappresentazione del modello non include alcuna informazione riguardante il bambino che tira la palla di neve alla giornalista, né l'evento specifico del lancio della palla di neve. Mancano completamente le entità e gli eventi richiesti per rispondere alla domanda, rendendo impossibile qualsiasi inferenza spaziale o temporale necessaria."
gemma,video075,2,La giornalista intervista il bambino prima o dopo che venga tirata la palla di neve?,temporale,T1,T1,1,giornalista; bambino; intervista; palla di neve,evento A: la giornalista intervista il bambino; evento B: viene lanciata la palla di neve,"riconoscere i due eventi oppure l'evento e l'ancora temporale; localizzarli nella sequenza; determinare la relazione prima/dopo, primo/secondo, corrente/precedente o il momento richiesto",localizzazione rispetto a un'ancora temporale esplicita oppure ordinamento pairwise tra due eventi/stati direttamente identificabili,two_intervals,2,esplicita,alta,"[""temporale""]",0,50,0,20,insufficiente,"['Evento A: intervista tra la giornalista e il bambino (segmenti 4, 5, 6)']","['Evento B: lancio della palla di neve', ""Relazione temporale tra l'intervista e il lancio della palla di neve""]","Il modello ha identificato l'evento dell'intervista tra la giornalista e il bambino, ma non ha rilevato l'evento del lancio della palla di neve. Senza la presenza di entrambi gli eventi, non è possibile determinare la relazione temporale richiesta dalla domanda. Pertanto, la comprensione è insufficiente per rispondere alla domanda."
gemma,video075,3,Perché i bambini non sono a scuola?,causale,C1,C1|T1,1,bambini; scuola; neve o condizioni ambientali,effetto da spiegare: i bambini non sono a scuola; causa/antecedente: da identificare nell'evidenza disponibile,riconoscere l'effetto; individuare un antecedente o stato direttamente osservabile/esplicitamente disponibile; verificare il nesso causale senza attribuire intenzioni o motivazioni non supportate,"collegamento causale diretto tra un antecedente esplicito e una conseguenza esplicita, con al massimo due unità di evidenza",two_intervals,2,parzialmente implicita,moderata,"[""causale"", ""temporale""]",80,70,60,65,sufficiente,"['Presenza di bambini (e2, e3, e4)', 'Neve che cade come condizione ambientale', 'Passeggiata in un parco innevato']","['Esplicita menzione della scuola', 'Collegamento causale diretto tra neve e assenza da scuola']","Il modello ha identificato correttamente la presenza di bambini e la neve come condizione ambientale, che potrebbe spiegare perché i bambini non sono a scuola. Tuttavia, manca un collegamento causale esplicito tra la neve e l'assenza da scuola, e non c'è menzione diretta della scuola. La rappresentazione è sufficiente per affrontare la domanda, ma con alcune lacune."
gemma,video076,1,Dove vengono messi gli UFO?,spaziale,S1,S1|T0,1,UFO giocattolo o oggetti chiamati «ufo»; ciotole o recipiente,evento: gli ufo vengono messi in un luogo; localizzazione della destinazione,"riconoscere l'evento o la relazione spaziale pertinente; allineare il referente all'intervallo locale; recuperare origine, destinazione, direzione, supporto o posizione richiesta",una relazione spaziale esplicita o una localizzazione condizionata da un singolo evento osservabile nello stesso intervallo locale,local_interval,1,esplicita,moderata,"[""spaziale"", ""temporale""]",50,50,40,45,parziale,"['Ciotola trasparente identificata come contenitore (segment_0004)', 'Azione di mettere una palla in una ciotola (segment_0004)']","['Identificazione esplicita di UFO giocattolo o oggetti chiamati «ufo»', 'Localizzazione specifica degli UFO', 'Relazione spaziale esplicita tra UFO e ciotola']","Il modello ha identificato una ciotola come contenitore e un'azione di mettere una palla in essa, ma non ha identificato esplicitamente gli UFO o oggetti chiamati «ufo». Inoltre, manca una relazione spaziale esplicita tra gli UFO e la ciotola. La rappresentazione è quindi parziale e non sufficiente per rispondere alla domanda."
gemma,video076,2,Il babbo passa gli UFO ai bambini prima o dopo che l'acqua si colori?,temporale,T1,T1,1,babbo; bambini; ufo; acqua nelle ciotole,evento A: il babbo passa gli ufo ai bambini; evento B: l'acqua si colora,"riconoscere i due eventi oppure l'evento e l'ancora temporale; localizzarli nella sequenza; determinare la relazione prima/dopo, primo/secondo, corrente/precedente o il momento richiesto",localizzazione rispetto a un'ancora temporale esplicita oppure ordinamento pairwise tra due eventi/stati direttamente identificabili,two_intervals,2,esplicita,alta,"[""temporale""]",0,0,0,0,insufficiente,[],"['Babbo che passa gli UFO ai bambini', 'Acqua che si colora', ""Relazione temporale tra il passaggio degli UFO e il cambiamento di colore dell'acqua""]","La rappresentazione del modello non include alcuna evidenza degli eventi specifici richiesti dalla domanda: il passaggio degli UFO ai bambini e il cambiamento di colore dell'acqua. Inoltre, non è possibile determinare la relazione temporale tra questi eventi. Pertanto, la comprensione è insufficiente."
gemma,video076,3,Perché le due ciotole d'acqua si colorano in maniera diversa?,causale,C1,C1|T0,1,due ciotole d'acqua; sostanze o ufo inseriti; colori risultanti,effetto da spiegare: le due ciotole si colorano diversamente; causa/antecedente: da identificare nell'evidenza disponibile,riconoscere l'effetto; individuare un antecedente o stato direttamente osservabile/esplicitamente disponibile; verificare il nesso causale senza attribuire intenzioni o motivazioni non supportate,"nesso causa-effetto fisico, sistemico o comportamentale direttamente osservabile nello stesso intervallo locale",local_interval,1,esplicita,moderata,"[""causale"", ""temporale""]",50,30,20,30,parziale,"['Presenza di un bicchiere e un pompom blu inserito nel bicchiere.', 'Interazione con liquidi colorati.']","[""Due ciotole d'acqua specificamente identificate."", 'Colori risultanti delle ciotole.', 'Causa specifica del cambiamento di colore nelle ciotole.']","La rappresentazione del modello include alcune entità come un bicchiere e un pompom blu, ma non identifica chiaramente due ciotole d'acqua o i colori risultanti. Gli eventi di interazione con liquidi sono presenti, ma manca l'identificazione di un cambiamento di colore specifico e la causa di tale cambiamento. L'inferenza causale richiesta non è supportata da evidenze sufficienti."
gemma,video077,1,Dove si è addormentato Cristian?,spaziale,S1,S1|T0,1,Cristian; luogo o superficie in cui si è addormentato,localizzazione di Cristian addormentato,"riconoscere l'evento o la relazione spaziale pertinente; allineare il referente all'intervallo locale; recuperare origine, destinazione, direzione, supporto o posizione richiesta",una relazione spaziale esplicita o una localizzazione condizionata da un singolo evento osservabile nello stesso intervallo locale,local_interval,1,esplicita,moderata,"[""spaziale"", ""temporale""]",0,0,0,0,insufficiente,[],"['Identificazione di Cristian come entità specifica.', 'Luogo o superficie specifica dove Cristian si è addormentato.', 'Evento di Cristian addormentato.', 'Relazione spaziale esplicita tra Cristian e il luogo dove si è addormentato.']","La rappresentazione del modello non include alcuna informazione specifica su Cristian, né identifica il luogo o la superficie su cui si è addormentato. Non è presente un evento che descriva Cristian addormentato, né una relazione spaziale che indichi dove si trova in tale stato. Pertanto, nessuno dei requisiti necessari per rispondere alla domanda è stato recuperato."
gemma,video077,2,La donna chiama Cristian a mangiare prima o dopo averlo trovato addormentato?,temporale,T1,T1,1,donna; Cristian,evento A: la donna chiama Cristian a mangiare; evento B: la donna trova Cristian addormentato,"riconoscere i due eventi oppure l'evento e l'ancora temporale; localizzarli nella sequenza; determinare la relazione prima/dopo, primo/secondo, corrente/precedente o il momento richiesto",localizzazione rispetto a un'ancora temporale esplicita oppure ordinamento pairwise tra due eventi/stati direttamente identificabili,two_intervals,2,esplicita,alta,"[""temporale""]",0,0,0,0,insufficiente,[],"['Identificazione della donna', 'Identificazione di Cristian', 'Evento in cui la donna chiama Cristian a mangiare', 'Evento in cui la donna trova Cristian addormentato', 'Relazione temporale tra i due eventi']","La rappresentazione del modello non include alcuna informazione riguardante la donna o Cristian, né gli eventi specifici richiesti dalla domanda. Non è possibile determinare la relazione temporale tra il chiamare a mangiare e il trovare addormentato, poiché nessuno dei due eventi è stato identificato. Pertanto, la comprensione è insufficiente."
gemma,video077,3,Perché il bambino non risponde alla donna?,causale,C1,C1|T0,1,bambino o Cristian; donna,effetto da spiegare: il bambino non risponde alla donna; causa/antecedente: da identificare nell'evidenza disponibile,riconoscere l'effetto; individuare un antecedente o stato direttamente osservabile/esplicitamente disponibile; verificare il nesso causale senza attribuire intenzioni o motivazioni non supportate,"nesso causa-effetto fisico, sistemico o comportamentale direttamente osservabile nello stesso intervallo locale",local_interval,1,esplicita,moderata,"[""causale"", ""temporale""]",0,0,0,0,insufficiente,[],"['Identificazione chiara del bambino e della donna.', 'Evento del bambino che non risponde alla donna.', 'Causa o antecedente che spiega perché il bambino non risponde.', ""Nesso causale tra l'evento del bambino che non risponde e un antecedente osservabile.""]",La rappresentazione del modello non recupera le entità chiave (bambino e donna) né l'evento centrale (il bambino non risponde alla donna). Non ci sono informazioni che permettano di identificare un antecedente o una causa per l'evento descritto nella domanda. Mancano completamente le basi per un'analisi causale o inferenziale.
gemma,video078,1,Dove legge 'l'imperfetto del verbo mangiare' la bambina?,spaziale,S1,S1|T0,1,bambina; forma verbale «l'imperfetto del verbo mangiare»; quaderno o libro,evento: la bambina legge la forma verbale; localizzazione della fonte scritta,"riconoscere l'evento o la relazione spaziale pertinente; allineare il referente all'intervallo locale; recuperare origine, destinazione, direzione, supporto o posizione richiesta",una relazione spaziale esplicita o una localizzazione condizionata da un singolo evento osservabile nello stesso intervallo locale,local_interval,1,esplicita,moderata,"[""spaziale"", ""temporale""]",40,20,10,25,insufficiente,"['Presenza della bambina (e1)', 'Presenza di un libro aperto (e4)']","[""La bambina legge la forma verbale 'l'imperfetto del verbo mangiare'"", 'Localizzazione della fonte scritta specifica (quaderno o libro)', 'Evento di lettura della bambina', 'Relazione spaziale esplicita tra la bambina e il libro/quaderno']","La rappresentazione del modello identifica la presenza della bambina e di un libro aperto, ma manca l'evento specifico in cui la bambina legge 'l'imperfetto del verbo mangiare'. Non è stata recuperata la localizzazione precisa della fonte scritta né la relazione spaziale esplicita tra la bambina e il libro/quaderno. L'inferenza richiesta per determinare dove la bambina legge la forma verbale non è supportata dalle informazioni disponibili."
gemma,video078,2,La donna si arrabbia prima o dopo aver abbassato il quaderno della bambina?,temporale,T1,T1,1,donna; quaderno della bambina,evento A: la donna si arrabbia; evento B: la donna abbassa il quaderno della bambina,"riconoscere i due eventi oppure l'evento e l'ancora temporale; localizzarli nella sequenza; determinare la relazione prima/dopo, primo/secondo, corrente/precedente o il momento richiesto",localizzazione rispetto a un'ancora temporale esplicita oppure ordinamento pairwise tra due eventi/stati direttamente identificabili,two_intervals,2,esplicita,alta,"[""temporale""]",0,0,0,0,insufficiente,[],"['Presenza della donna', 'Quaderno della bambina', 'Evento in cui la donna si arrabbia', 'Evento in cui la donna abbassa il quaderno della bambina', 'Relazione temporale tra i due eventi']","L'analisi del modello non ha recuperato alcuna informazione riguardante la donna, il quaderno della bambina, né gli eventi specifici richiesti dalla domanda. Mancano completamente le entità e gli eventi necessari per determinare la relazione temporale tra l'arrabbiarsi della donna e l'abbassamento del quaderno. Pertanto, la rappresentazione è insufficiente per affrontare la domanda."
gemma,video078,3,Perché la donna si arrabbia?,causale,C2,C2|T1,2,donna; bambina; quaderno; risposta o comportamento della bambina,effetto da spiegare: la donna si arrabbia; causa/antecedente: da identificare nell'evidenza disponibile,riconoscere l'effetto o comportamento da spiegare; recuperare il contesto pertinente; inferire la causa/intenzione/motivazione solo se supportata dalle evidenze; evitare di colmare lacune con conoscenza non presente nel video,"la risposta richiede almeno un passaggio inferenziale implicito su motivazione, intenzione, stato mentale, valutazione sociale, finalità procedurale o relazione causale non direttamente osservabile",two_intervals,2,implicita,moderata,"[""causale"", ""temporale""]",0,0,0,0,insufficiente,[],"['Presenza della donna', 'Evento della donna che si arrabbia', ""Causa o comportamento della bambina che porta all'arrabbiatura della donna""]","L'analisi del modello non ha recuperato alcuna informazione riguardante la donna, né l'evento dell'arrabbiatura, né il contesto o il comportamento della bambina che potrebbe aver causato tale reazione. Mancano completamente le entità e gli eventi necessari per affrontare la domanda, rendendo impossibile qualsiasi inferenza causale richiesta."
gemma,video079,1,Dove si trovano i ragazzi?,spaziale,S0,S0,0,due ragazzi; luogo in cui si trovano,localizzazione dei ragazzi,identificare il referente target; recuperare una singola evidenza spaziale direttamente osservabile; restituire la localizzazione senza confronto tra fasi,recupero spaziale diretto da una singola evidenza stabile; nessun confronto temporale o ricostruzione di stato,single_frame,1,esplicita,nessuna,"[""spaziale""]",0,0,0,0,insufficiente,[],"['Identificazione di due ragazzi specifici', 'Localizzazione precisa dei ragazzi', 'Evidenza spaziale diretta e stabile della posizione dei ragazzi']",Il modello non ha recuperato alcuna informazione specifica sui due ragazzi richiesti dalla domanda. Non sono stati identificati due ragazzi specifici né è stata fornita una localizzazione precisa e stabile della loro posizione. La rappresentazione manca completamente delle informazioni necessarie per rispondere alla domanda.
gemma,video079,2,I due ragazzi parlano prima o dopo le 11:30 di mattina?,temporale,T1,T1,1,due ragazzi,evento target: i due ragazzi parlano; riferimento temporale: le 11:30 del mattino,"riconoscere i due eventi oppure l'evento e l'ancora temporale; localizzarli nella sequenza; determinare la relazione prima/dopo, primo/secondo, corrente/precedente o il momento richiesto",localizzazione rispetto a un'ancora temporale esplicita oppure ordinamento pairwise tra due eventi/stati direttamente identificabili,two_intervals,2,parzialmente implicita,alta,"[""temporale""]",0,0,0,0,insufficiente,[],"['Identificazione dei due ragazzi specifici che parlano.', 'Evento specifico in cui i due ragazzi parlano.', 'Riferimento temporale esplicito alle 11:30 del mattino.', ""Relazione temporale tra l'evento del parlare e le 11:30.""]","La rappresentazione del modello non recupera alcuna delle informazioni necessarie per rispondere alla domanda. Non sono identificati i due ragazzi specifici, né l'evento in cui parlano. Inoltre, manca un riferimento temporale esplicito alle 11:30 del mattino e la relazione temporale tra l'evento del parlare e questo orario. Pertanto, la comprensione è insufficiente."
gemma,video079,3,Perché la ragazza crede che l'amico si sia 'impressionato'?,causale,C2,C2|T1,2,ragazza; amico; reazione di impressione,effetto da spiegare: la ragazza pensa che l'amico si sia impressionato; causa/antecedente: da identificare nell'evidenza disponibile,riconoscere l'effetto o comportamento da spiegare; recuperare il contesto pertinente; inferire la causa/intenzione/motivazione solo se supportata dalle evidenze; evitare di colmare lacune con conoscenza non presente nel video,"la risposta richiede almeno un passaggio inferenziale implicito su motivazione, intenzione, stato mentale, valutazione sociale, finalità procedurale o relazione causale non direttamente osservabile",two_intervals,2,implicita,moderata,"[""causale"", ""temporale""]",0,0,0,0,insufficiente,[],"[""Identificazione della ragazza e dell'amico"", ""Reazione di impressione dell'amico"", ""Contesto che porta la ragazza a pensare che l'amico sia impressionato"", ""Causa o antecedente dell'impressione""]","La rappresentazione del modello non recupera alcuna delle entità o eventi specifici richiesti dalla domanda. Non sono identificati né la ragazza né l'amico, né è presente alcuna reazione di impressione o contesto che possa spiegare tale reazione. Mancano completamente le informazioni necessarie per inferire la causa dell'impressione. Pertanto, la comprensione è insufficiente."
gemma,video080,1,Dov'è il libro preferito di 'Ele'?,spaziale,S0,S0,0,libro preferito di Ele,localizzazione del libro preferito di Ele,identificare il referente target; recuperare una singola evidenza spaziale direttamente osservabile; restituire la localizzazione senza confronto tra fasi,recupero spaziale diretto da una singola evidenza stabile; nessun confronto temporale o ricostruzione di stato,single_frame,1,esplicita,nessuna,"[""spaziale""]",0,0,0,0,insufficiente,[],"['Identificazione del libro preferito di Ele', 'Localizzazione del libro preferito di Ele', ""Informazioni su chi sia 'Ele'""]","La rappresentazione del modello non include alcuna informazione specifica riguardante il libro preferito di 'Ele', né identifica chi sia 'Ele'. Non è possibile determinare la localizzazione del libro preferito di Ele, poiché manca l'identificazione del libro stesso e del suo proprietario. Pertanto, nessun requisito della domanda è stato soddisfatto."
gemma,video080,2,La ragazza con la felpa rosa dice a un'altra di sorridere prima o dopo aver finito di girare il video?,temporale,T1,T1,1,ragazza con la felpa rosa; altra ragazza; video,evento A: la ragazza chiede all'altra di sorridere; evento B: termina la registrazione del video,"riconoscere i due eventi oppure l'evento e l'ancora temporale; localizzarli nella sequenza; determinare la relazione prima/dopo, primo/secondo, corrente/precedente o il momento richiesto",localizzazione rispetto a un'ancora temporale esplicita oppure ordinamento pairwise tra due eventi/stati direttamente identificabili,two_intervals,2,esplicita,alta,"[""temporale""]",0,0,0,0,insufficiente,[],"['Identificazione della ragazza con la felpa rosa.', ""Identificazione dell'altra ragazza a cui viene chiesto di sorridere."", ""Evento in cui la ragazza con la felpa rosa chiede all'altra di sorridere."", 'Evento in cui termina la registrazione del video.', 'Relazione temporale tra la richiesta di sorridere e la fine della registrazione del video.']","La rappresentazione del modello non recupera alcuna delle entità o degli eventi specifici richiesti dalla domanda. Non sono identificati né la ragazza con la felpa rosa né l'altra ragazza, né gli eventi di richiesta di sorridere o di fine registrazione del video. Di conseguenza, non è possibile determinare la relazione temporale richiesta."
gemma,video080,3,Perché le ragazze mandano un video a 'Ele'?,causale,C2,C2|T1,2,ragazze; Ele; video,effetto da spiegare: le ragazze mandano un video a Ele; causa/antecedente: da identificare nell'evidenza disponibile,riconoscere l'effetto o comportamento da spiegare; recuperare il contesto pertinente; inferire la causa/intenzione/motivazione solo se supportata dalle evidenze; evitare di colmare lacune con conoscenza non presente nel video,"la risposta richiede almeno un passaggio inferenziale implicito su motivazione, intenzione, stato mentale, valutazione sociale, finalità procedurale o relazione causale non direttamente osservabile",two_intervals,2,implicita,moderata,"[""causale"", ""temporale""]",50,40,30,35,parziale,"['Presenza di studentesse e un libro (E0001)', 'Una studentessa tiene in mano un telefono (E0002)', 'Un gruppo di studentesse guarda lo smartphone (E0003)']","[""Identificazione chiara delle 'ragazze' e di 'Ele'"", ""Motivazione o contesto per cui il video viene inviato a 'Ele'"", ""Causa o antecedente specifico per l'invio del video""]","La rappresentazione del modello include alcune entità e eventi rilevanti, come la presenza di studentesse e l'uso di uno smartphone, ma manca di informazioni cruciali per determinare il motivo per cui le ragazze inviano un video a 'Ele'. Non ci sono evidenze che supportino un'inferenza chiara sulla motivazione o l'intenzione dietro l'invio del video, né è chiaro chi sia 'Ele'. Pertanto, la comprensione è parziale."
gemma,video081,1,Dov'è il biscotto quando la ragazza con la felpa nera corregge l'esercizio?,spaziale,S1,S1|T0,1,biscotto; ragazza con la felpa nera; esercizio o quaderno; luogo in cui si trova il biscotto,evento contestuale: la ragazza corregge l'esercizio; localizzazione del biscotto in quel momento,"riconoscere l'evento o la relazione spaziale pertinente; allineare il referente all'intervallo locale; recuperare origine, destinazione, direzione, supporto o posizione richiesta",una relazione spaziale esplicita o una localizzazione condizionata da un singolo evento osservabile nello stesso intervallo locale,local_interval,2,esplicita,moderata,"[""spaziale"", ""temporale""]",0,0,0,0,insufficiente,[],"['Biscotto', ""Evento di correzione dell'esercizio da parte della ragazza con la felpa nera"", ""Localizzazione del biscotto durante l'evento di correzione""]","La rappresentazione del modello non include alcuna informazione riguardante il biscotto o l'evento specifico in cui la ragazza con la felpa nera corregge l'esercizio. Mancano completamente le entità e gli eventi necessari per rispondere alla domanda, rendendo impossibile qualsiasi inferenza spaziale o temporale richiesta."
gemma,video081,2,La ragazza con la felpa nera prende il quaderno dell'altra prima o dopo aver confrontato con lei il risultato?,temporale,T1,T1,1,ragazza con la felpa nera; altra ragazza; quaderno; risultato,evento A: la ragazza prende il quaderno dell'altra; evento B: le due confrontano il risultato,"riconoscere i due eventi oppure l'evento e l'ancora temporale; localizzarli nella sequenza; determinare la relazione prima/dopo, primo/secondo, corrente/precedente o il momento richiesto",localizzazione rispetto a un'ancora temporale esplicita oppure ordinamento pairwise tra due eventi/stati direttamente identificabili,two_intervals,2,esplicita,alta,"[""temporale""]",0,0,0,0,insufficiente,[],"[""Identificazione della ragazza con la felpa nera e l'altra ragazza"", ""Evento A: la ragazza con la felpa nera prende il quaderno dell'altra"", 'Evento B: le due ragazze confrontano il risultato', ""Relazione temporale tra l'evento A e l'evento B""]","La rappresentazione del modello non recupera nessuna delle entità o degli eventi specifici richiesti dalla domanda. Non ci sono evidenze di un quaderno, né dell'azione di prenderlo o di confrontare risultati. Inoltre, manca completamente la relazione temporale tra gli eventi richiesti. Pertanto, la comprensione è insufficiente."
gemma,video081,3,Perché la ragazza con la canottiera verde è sorpresa di sentire che il risultato è '-4'?,causale,C2,C2|T1,2,ragazza con la canottiera verde; risultato «-4»; esercizio; altra ragazza,effetto da spiegare: la ragazza è sorpresa dal risultato -4; causa/antecedente: da identificare nell'evidenza disponibile,riconoscere l'effetto o comportamento da spiegare; recuperare il contesto pertinente; inferire la causa/intenzione/motivazione solo se supportata dalle evidenze; evitare di colmare lacune con conoscenza non presente nel video,"la risposta richiede almeno un passaggio inferenziale implicito su motivazione, intenzione, stato mentale, valutazione sociale, finalità procedurale o relazione causale non direttamente osservabile",two_intervals,2,implicita,moderata,"[""causale"", ""temporale""]",40,20,10,25,insufficiente,"['Ragazza con canottiera verde identificata', 'Altra ragazza identificata']","[""Risultato '-4' non menzionato"", 'Reazione di sorpresa della ragazza non osservata', ""Contesto dell'esercizio non chiaro"", 'Causa della sorpresa non identificata']","La rappresentazione del modello identifica correttamente le entità principali, come la ragazza con la canottiera verde e l'altra ragazza, ma manca completamente di informazioni sul risultato '-4', sulla reazione di sorpresa della ragazza e sul contesto dell'esercizio. Senza questi elementi, non è possibile inferire la causa della sorpresa, rendendo la comprensione complessiva insufficiente."
gemma,video082,1,Dove indica l'uomo senza un braccio quando chiede aiuto?,spaziale,S1,S1|T0,1,uomo senza un braccio; luogo o oggetto indicato; persona a cui chiede aiuto,evento contestuale: l'uomo chiede aiuto; localizzazione della direzione indicata,"riconoscere l'evento o la relazione spaziale pertinente; allineare il referente all'intervallo locale; recuperare origine, destinazione, direzione, supporto o posizione richiesta",una relazione spaziale esplicita o una localizzazione condizionata da un singolo evento osservabile nello stesso intervallo locale,local_interval,2,parzialmente implicita,moderata,"[""spaziale"", ""temporale""]",0,0,0,0,insufficiente,[],"['uomo senza un braccio', 'luogo o oggetto indicato', 'persona a cui chiede aiuto', 'evento di richiesta di aiuto', ""direzione indicata dall'uomo""]","La rappresentazione del modello non include alcuna informazione sull'uomo senza un braccio, né sull'evento di richiesta di aiuto o sulla direzione indicata. Mancano completamente le entità e gli eventi necessari per rispondere alla domanda, rendendo impossibile qualsiasi inferenza spaziale richiesta."
gemma,video082,2,Il signore con la maglietta nera chiede all'uomo con la camicia a quadri informazioni sul suo braccio prima o dopo avergli allacciato la scarpa?,temporale,T1,T1,1,signore con la maglietta nera; uomo con la camicia a quadri; braccio; scarpa,evento A: il signore chiede informazioni sul braccio; evento B: gli allaccia la scarpa,"riconoscere i due eventi oppure l'evento e l'ancora temporale; localizzarli nella sequenza; determinare la relazione prima/dopo, primo/secondo, corrente/precedente o il momento richiesto",localizzazione rispetto a un'ancora temporale esplicita oppure ordinamento pairwise tra due eventi/stati direttamente identificabili,two_intervals,2,esplicita,alta,"[""temporale""]",50,0,0,10,insufficiente,"['Presenza di un uomo con maglietta a quadri (segment_0000)', 'Presenza di un uomo con maglietta nera (segment_0007)']","['Evento A: il signore chiede informazioni sul braccio', 'Evento B: allacciare la scarpa', 'Relazione temporale tra gli eventi A e B']","Il modello ha identificato parzialmente le entità richieste, come l'uomo con la maglietta a quadri e l'uomo con la maglietta nera. Tuttavia, non ha rilevato gli eventi specifici di chiedere informazioni sul braccio e allacciare la scarpa, né ha determinato la relazione temporale tra questi eventi. Pertanto, la rappresentazione è insufficiente per affrontare la domanda."
gemma,video082,3,Perché l'uomo con la camicia a quadri si fa allacciare la scarpa dal signore sulla panchina?,causale,C1,C1|T0,1,uomo con la camicia a quadri; signore sulla panchina; scarpa; braccio mancante,effetto da spiegare: l'uomo si fa allacciare la scarpa; causa/antecedente: da identificare nell'evidenza disponibile,riconoscere l'effetto; individuare un antecedente o stato direttamente osservabile/esplicitamente disponibile; verificare il nesso causale senza attribuire intenzioni o motivazioni non supportate,"nesso causa-effetto fisico, sistemico o comportamentale direttamente osservabile nello stesso intervallo locale",local_interval,1,esplicita,moderata,"[""causale"", ""temporale""]",50,50,30,40,parziale,"['Uomo con camicia a quadri identificato', 'Signore sulla panchina identificato', 'Interazione tra due uomini osservata', 'Uomo allaccia le scarpe']","[""Motivo per cui l'uomo con la camicia a quadri si fa allacciare la scarpa"", 'Presenza di un braccio mancante o altra limitazione fisica', ""Nesso causale esplicito tra l'azione di allacciare la scarpa e una causa osservabile""]","Il modello ha identificato le entità principali e l'evento di allacciare la scarpa, ma manca l'informazione chiave sul motivo per cui l'uomo con la camicia a quadri si fa allacciare la scarpa. Non è stato recuperato alcun nesso causale esplicito o implicito che spieghi l'azione, come la presenza di un braccio mancante o altra limitazione fisica. La comprensione è quindi parziale."
gemma,video083,1,Dove porta la mamma il piatto?,spaziale,S1,S1|T0,1,mamma; piatto; luogo o persona verso cui lo porta,evento: la mamma porta il piatto; localizzazione della destinazione,"riconoscere l'evento o la relazione spaziale pertinente; allineare il referente all'intervallo locale; recuperare origine, destinazione, direzione, supporto o posizione richiesta",una relazione spaziale esplicita o una localizzazione condizionata da un singolo evento osservabile nello stesso intervallo locale,local_interval,1,esplicita,moderata,"[""spaziale"", ""temporale""]",0,0,0,0,insufficiente,[],"['Identificazione della mamma come entità specifica.', 'Identificazione del piatto come oggetto specifico.', 'Evento in cui la mamma porta il piatto.', 'Destinazione verso cui la mamma porta il piatto.', 'Relazione spaziale tra la mamma, il piatto e la destinazione.']","La rappresentazione del modello non include alcuna informazione specifica riguardante la mamma, il piatto o l'azione di portare il piatto verso una destinazione. Mancano completamente le entità e gli eventi richiesti per rispondere alla domanda, rendendo impossibile qualsiasi inferenza spaziale o temporale pertinente."
gemma,video083,2,Vanessa piange prima o dopo che la mamma le dia la panna?,temporale,T1,T1,1,Vanessa; mamma; panna,evento A: Vanessa piange; evento B: la mamma le dà la panna,"riconoscere i due eventi oppure l'evento e l'ancora temporale; localizzarli nella sequenza; determinare la relazione prima/dopo, primo/secondo, corrente/precedente o il momento richiesto",localizzazione rispetto a un'ancora temporale esplicita oppure ordinamento pairwise tra due eventi/stati direttamente identificabili,two_intervals,2,esplicita,alta,"[""temporale""]",0,0,0,0,insufficiente,[],"['Vanessa', 'mamma', 'panna', 'evento A: Vanessa piange', 'evento B: la mamma le dà la panna', 'relazione temporale tra pianto di Vanessa e ricezione della panna']","La rappresentazione del modello non recupera alcuna delle entità o degli eventi richiesti dalla domanda. Non ci sono riferimenti a Vanessa, alla mamma o alla panna, né agli eventi di pianto o di consegna della panna. Di conseguenza, non è possibile determinare la relazione temporale richiesta dalla domanda."
gemma,video083,3,Perché Vanessa è sorpresa?,causale,C2,C2|T1,2,Vanessa; panna o piatto; mamma,effetto da spiegare: Vanessa è sorpresa; causa/antecedente: da identificare nell'evidenza disponibile,riconoscere l'effetto o comportamento da spiegare; recuperare il contesto pertinente; inferire la causa/intenzione/motivazione solo se supportata dalle evidenze; evitare di colmare lacune con conoscenza non presente nel video,"la risposta richiede almeno un passaggio inferenziale implicito su motivazione, intenzione, stato mentale, valutazione sociale, finalità procedurale o relazione causale non direttamente osservabile",two_intervals,2,implicita,moderata,"[""causale"", ""temporale""]",50,60,40,45,parziale,"['Vanessa è una bambina con capelli lunghi e vestiti rosa e neri.', 'Vanessa indossa una maschera di schiuma sul viso.', 'Vanessa sputa schiuma.']","['Identificazione chiara di Vanessa come la persona sorpresa.', 'Identificazione della mamma o di un adulto che potrebbe causare sorpresa.', 'Causa specifica della sorpresa di Vanessa.']","La rappresentazione del modello include alcune informazioni rilevanti, come la presenza di una bambina con una maschera di schiuma sul viso, che potrebbe essere Vanessa. Tuttavia, manca l'identificazione chiara di Vanessa come la persona sorpresa e la causa specifica della sua sorpresa. Inoltre, non è presente alcuna evidenza di un adulto o di un evento che possa spiegare la sorpresa di Vanessa. Pertanto, la comprensione è parziale."
gemma,video084,1,Dove mette la bambina con la maglia grigia ciò che le dà la bambina con la maglia rosa?,spaziale,S1,S1|T0,1,bambina con la maglia grigia; bambina con la maglia rosa,evento: la bambina grigia riceve e mette l'oggetto; localizzazione della destinazione,"riconoscere l'evento o la relazione spaziale pertinente; allineare il referente all'intervallo locale; recuperare origine, destinazione, direzione, supporto o posizione richiesta",una relazione spaziale esplicita o una localizzazione condizionata da un singolo evento osservabile nello stesso intervallo locale,local_interval,1,parzialmente implicita,moderata,"[""spaziale"", ""temporale""]",40,20,10,25,insufficiente,"['Bambina con maglietta grigia identificata nel segmento 0001.', 'Bambina con maglietta rosa identificata nel segmento 0001.']","[""Evento di passaggio dell'oggetto dalla bambina con maglietta rosa a quella con maglietta grigia."", ""Localizzazione della destinazione dell'oggetto."", ""Relazione spaziale esplicita o implicita tra l'oggetto e la destinazione.""]","Il modello ha identificato le due bambine con le magliette di colori diversi, ma non ha recuperato l'evento specifico in cui l'oggetto viene passato né la destinazione finale dell'oggetto. Mancano quindi elementi fondamentali per rispondere alla domanda, come la relazione spaziale e l'evento di trasferimento dell'oggetto."
gemma,video084,2,La bambina con la maglia grigia urla prima o dopo che quella con la maglia rosa inizi a correre?,temporale,T1,T1,1,bambina con la maglia grigia; bambina con la maglia rosa,evento A: la bambina con la maglia grigia urla; evento B: la bambina con la maglia rosa inizia a correre,"riconoscere i due eventi oppure l'evento e l'ancora temporale; localizzarli nella sequenza; determinare la relazione prima/dopo, primo/secondo, corrente/precedente o il momento richiesto",localizzazione rispetto a un'ancora temporale esplicita oppure ordinamento pairwise tra due eventi/stati direttamente identificabili,two_intervals,2,esplicita,alta,"[""temporale""]",0,50,0,20,insufficiente,"['Evento B: la bambina con la maglia rosa inizia a correre (segment_0003, 9.0-12.75)']","['Evento A: la bambina con la maglia grigia urla', 'Identificazione della bambina con la maglia grigia', ""Relazione temporale tra l'urlo della bambina con la maglia grigia e la corsa della bambina con la maglia rosa""]","Il modello ha identificato l'evento della bambina con la maglia rosa che inizia a correre, ma non ha rilevato l'urlo della bambina con la maglia grigia. Senza l'identificazione di entrambi gli eventi, non è possibile determinare la relazione temporale richiesta dalla domanda. Pertanto, la comprensione è insufficiente."
gemma,video084,3,Cosa ha causato il dolore della bambina con la maglia grigia?,causale,C1,C1|T1,1,bambina con la maglia grigia; parte del corpo dolorante; oggetto o azione che provoca il dolore,effetto da spiegare: la bambina prova dolore; causa/antecedente: da identificare nell'evidenza disponibile,riconoscere l'effetto; individuare un antecedente o stato direttamente osservabile/esplicitamente disponibile; verificare il nesso causale senza attribuire intenzioni o motivazioni non supportate,"collegamento causale diretto tra un antecedente esplicito e una conseguenza esplicita, con al massimo due unità di evidenza",two_intervals,2,parzialmente implicita,moderata,"[""causale"", ""temporale""]",30,20,10,20,insufficiente,['Bambina con maglietta grigia identificata nel segmento 0001.'],"['Parte del corpo dolorante della bambina.', 'Oggetto o azione che provoca il dolore.', 'Evento in cui la bambina prova dolore.', 'Causa o antecedente del dolore della bambina.']","La rappresentazione del modello identifica la bambina con la maglietta grigia, ma non fornisce informazioni su quale parte del corpo sia dolorante, né su quale oggetto o azione abbia causato il dolore. Gli eventi e le relazioni causali analizzati non includono il dolore della bambina, né un antecedente che possa essere collegato a tale effetto. Pertanto, la comprensione è insufficiente per affrontare la domanda."
gemma,video085,1,Dove stanno giocando le bambine?,spaziale,S0,S0,0,bambine; luogo o area di gioco; piscina o gonfiabile,evento: le bambine giocano; localizzazione del luogo,identificare il referente target; recuperare una singola evidenza spaziale direttamente osservabile; restituire la localizzazione senza confronto tra fasi,recupero spaziale diretto da una singola evidenza stabile; nessun confronto temporale o ricostruzione di stato,single_frame,1,esplicita,nessuna,"[""spaziale""]",100,100,100,100,completa,"['Bambine identificate come entità nel video.', 'Piscina identificata come luogo di gioco.', 'Relazione spaziale delle bambine dentro la piscina.']",[],"Tutti i requisiti della domanda sono stati completamente recuperati. Le entità richieste, come le bambine e la piscina, sono chiaramente identificate. Gli eventi di gioco delle bambine nella piscina sono ben documentati e le relazioni spaziali sono esplicitamente osservate. Non ci sono lacune o incertezze nella rappresentazione del modello."
gemma,video085,2,La bambina con i braccioli cade in acqua prima o dopo che la donna l'aiuti?,temporale,T1,T1,1,bambina con i braccioli; donna; acqua; aiuto,evento A: la bambina cade in acqua; evento B: la donna la aiuta,"riconoscere i due eventi oppure l'evento e l'ancora temporale; localizzarli nella sequenza; determinare la relazione prima/dopo, primo/secondo, corrente/precedente o il momento richiesto",localizzazione rispetto a un'ancora temporale esplicita oppure ordinamento pairwise tra due eventi/stati direttamente identificabili,two_intervals,2,esplicita,alta,"[""temporale""]",0,0,0,0,insufficiente,[],"['Bambina con i braccioli', 'Donna che aiuta', 'Evento della bambina che cade in acqua', 'Evento della donna che aiuta la bambina', ""Relazione temporale tra la caduta e l'aiuto""]","La rappresentazione del modello non include alcuna delle entità o degli eventi specifici richiesti dalla domanda. Non viene identificata né la bambina con i braccioli né la donna che la aiuta, e non ci sono eventi che descrivono la caduta in acqua o l'aiuto. Di conseguenza, non è possibile determinare la relazione temporale tra questi eventi. La mancanza di queste informazioni fondamentali rende la comprensione insufficiente."
gemma,video085,3,Perché la bambina con i braccioli non riesce a salire sul gonfiabile?,causale,C1,C1|T0,1,bambina con i braccioli; gonfiabile; acqua,effetto da spiegare: la bambina non riesce a salire sul gonfiabile; causa/antecedente: da identificare nell'evidenza disponibile,riconoscere l'effetto; individuare un antecedente o stato direttamente osservabile/esplicitamente disponibile; verificare il nesso causale senza attribuire intenzioni o motivazioni non supportate,"nesso causa-effetto fisico, sistemico o comportamentale direttamente osservabile nello stesso intervallo locale",local_interval,1,esplicita,moderata,"[""causale"", ""temporale""]",50,30,20,30,parziale,"['bambina con i braccioli identificata in piscina', 'presenza di un gonfiabile']","['difficoltà della bambina a salire sul gonfiabile', 'causa specifica per cui la bambina non riesce a salire', 'nesso causale tra la bambina e il gonfiabile']","La rappresentazione del modello identifica la bambina con i braccioli e la presenza di un gonfiabile, ma non fornisce evidenza del fatto che la bambina non riesca a salire sul gonfiabile. Mancano dettagli specifici sulla difficoltà e la causa di tale difficoltà, rendendo impossibile stabilire un nesso causale chiaro. La comprensione è quindi parziale, con elementi fondamentali mancanti per rispondere alla domanda."
gemma,video086,1,Dove è inciampata la bambina?,spaziale,S1,S1|T0,1,bambina; punto o oggetto su cui inciampa,evento: la bambina inciampa; localizzazione del punto,"riconoscere l'evento o la relazione spaziale pertinente; allineare il referente all'intervallo locale; recuperare origine, destinazione, direzione, supporto o posizione richiesta",una relazione spaziale esplicita o una localizzazione condizionata da un singolo evento osservabile nello stesso intervallo locale,local_interval,1,esplicita,moderata,"[""spaziale"", ""temporale""]",0,0,0,0,insufficiente,[],"['Evento della bambina che inciampa', 'Localizzazione del punto o oggetto su cui la bambina inciampa', 'Relazione spaziale tra la bambina e il punto di inciampo']","La rappresentazione del modello non include l'evento della bambina che inciampa, né identifica il punto o l'oggetto su cui inciampa. Mancano completamente le informazioni spaziali e temporali necessarie per rispondere alla domanda."
gemma,video086,2,La bambina con i braccioli cade prima o dopo che la sorella esca dalla piscina?,temporale,T1,T1,1,bambina con i braccioli; sorella; piscina,evento A: la bambina cade; evento B: la sorella esce dalla piscina,"riconoscere i due eventi oppure l'evento e l'ancora temporale; localizzarli nella sequenza; determinare la relazione prima/dopo, primo/secondo, corrente/precedente o il momento richiesto",localizzazione rispetto a un'ancora temporale esplicita oppure ordinamento pairwise tra due eventi/stati direttamente identificabili,two_intervals,2,esplicita,alta,"[""temporale""]",0,0,0,0,insufficiente,[],"['Identificazione della bambina con i braccioli', 'Identificazione della sorella', 'Evento della bambina che cade', 'Evento della sorella che esce dalla piscina', 'Relazione temporale tra i due eventi']","La rappresentazione del modello non recupera alcuna delle entità o degli eventi specifici richiesti dalla domanda. Non sono identificati né la bambina con i braccioli né la sorella, né gli eventi di caduta o uscita dalla piscina. Di conseguenza, non è possibile determinare la relazione temporale richiesta. La comprensione è insufficiente."
gemma,video086,3,Perché la bambina in piscina deve aiutare la sorella?,causale,C1,C1|T1,1,bambina in piscina; sorella,effetto da spiegare: la bambina deve aiutare la sorella; causa/antecedente: da identificare nell'evidenza disponibile,riconoscere l'effetto; individuare un antecedente o stato direttamente osservabile/esplicitamente disponibile; verificare il nesso causale senza attribuire intenzioni o motivazioni non supportate,"collegamento causale diretto tra un antecedente esplicito e una conseguenza esplicita, con al massimo due unità di evidenza",two_intervals,2,parzialmente implicita,moderata,"[""causale"", ""temporale""]",50,30,20,25,insufficiente,"['Bambina in piscina identificata', 'Presenza di un tubo verde e piscina']","['Identificazione della sorella', ""Evento che richiede l'aiuto della bambina"", 'Causa specifica per cui la bambina deve aiutare la sorella']","La rappresentazione del modello identifica la bambina in piscina e alcuni oggetti come il tubo verde, ma non riesce a identificare la sorella né a fornire un evento o una causa specifica che richieda l'aiuto della bambina. Mancano elementi chiave per stabilire un nesso causale tra un evento antecedente e la necessità di aiuto, rendendo la comprensione insufficiente."
gemma,video087,1,Dove mette il dito la bambina davanti allo specchio?,spaziale,S1,S1|T0,1,bambina davanti allo specchio; dito; bocca o dente; specchio,evento: la bambina mette il dito in una posizione; localizzazione della parte del corpo,"riconoscere l'evento o la relazione spaziale pertinente; allineare il referente all'intervallo locale; recuperare origine, destinazione, direzione, supporto o posizione richiesta",una relazione spaziale esplicita o una localizzazione condizionata da un singolo evento osservabile nello stesso intervallo locale,local_interval,1,esplicita,moderata,"[""spaziale"", ""temporale""]",100,100,100,100,completa,"['Bambina davanti allo specchio identificata (e1).', 'Specchio identificato (e4).', 'Azione di toccare i denti nello specchio (segment_0000, 3.25-3.75).', 'Azione di toccare le labbra (segment_0001, 3.0-6.75).']",[],"Tutti i requisiti della domanda sono stati completamente recuperati. Le entità rilevanti, come la bambina e lo specchio, sono chiaramente identificate. Gli eventi di toccare i denti e le labbra nello specchio sono esplicitamente osservati e descritti. L'inferenza richiesta per determinare dove la bambina mette il dito è supportata dalle azioni osservate. La rappresentazione è sufficiente per affrontare la domanda con precisione."
gemma,video087,2,La donna prova a togliere il dente alla bambina prima o dopo aver detto che ne sono già caduti altri?,temporale,T1,T1,1,donna; bambina; dente; denti già caduti,evento A: la donna prova a togliere il dente; evento B: dice che altri denti sono già caduti,"riconoscere i due eventi oppure l'evento e l'ancora temporale; localizzarli nella sequenza; determinare la relazione prima/dopo, primo/secondo, corrente/precedente o il momento richiesto",localizzazione rispetto a un'ancora temporale esplicita oppure ordinamento pairwise tra due eventi/stati direttamente identificabili,two_intervals,2,esplicita,alta,"[""temporale""]",0,0,0,0,insufficiente,[],"['Presenza della donna', 'Prova della donna a togliere il dente', 'Dichiarazione della donna sui denti già caduti', 'Relazione temporale tra i due eventi']","La rappresentazione del modello non include alcuna informazione riguardante la donna, né eventi relativi alla rimozione del dente o alla dichiarazione sui denti già caduti. Mancano completamente le entità e gli eventi necessari per determinare la relazione temporale richiesta dalla domanda. Pertanto, la comprensione è insufficiente."
gemma,video087,3,Perché la bambina sta soffrendo?,causale,C1,C1|T0,1,bambina; dente; donna,effetto da spiegare: la bambina soffre; causa/antecedente: da identificare nell'evidenza disponibile,riconoscere l'effetto; individuare un antecedente o stato direttamente osservabile/esplicitamente disponibile; verificare il nesso causale senza attribuire intenzioni o motivazioni non supportate,"nesso causa-effetto fisico, sistemico o comportamentale direttamente osservabile nello stesso intervallo locale",local_interval,1,esplicita,moderata,"[""causale"", ""temporale""]",50,50,30,40,parziale,"['Bambina che guarda il suo riflesso nello specchio', 'Bambina che tocca i suoi denti nello specchio']","['Espressione di sofferenza della bambina', 'Causa specifica della sofferenza', 'Presenza di una donna o altra figura che potrebbe influenzare la situazione']","La rappresentazione del modello include la bambina e alcune sue azioni, come guardarsi e toccarsi i denti nello specchio, ma manca l'indicazione chiara di sofferenza e la causa specifica di tale sofferenza. Non è presente alcuna figura adulta o donna che potrebbe essere rilevante per la domanda. L'inferenza causale è debole, poiché non è chiaro il nesso tra le azioni osservate e la sofferenza della bambina."
gemma,video088,1,Dove va tenuto il foglio per fargli produrre il rumore?,spaziale,S1,S1|T0,1,foglio; punto o posizione in cui va tenuto,evento: il foglio viene tenuto per produrre un rumore; localizzazione della posizione corretta,"riconoscere l'evento o la relazione spaziale pertinente; allineare il referente all'intervallo locale; recuperare origine, destinazione, direzione, supporto o posizione richiesta",una relazione spaziale esplicita o una localizzazione condizionata da un singolo evento osservabile nello stesso intervallo locale,local_interval,1,esplicita,moderata,"[""spaziale"", ""temporale""]",40,30,20,30,parziale,"['Foglio di carta manipolato dalla bambina', 'Bambina davanti a un muro']","['Posizione specifica in cui il foglio deve essere tenuto per produrre rumore', 'Evento specifico in cui il foglio produce rumore']","La rappresentazione del modello include l'entità del foglio di carta e la sua manipolazione da parte della bambina, ma manca l'informazione chiave su dove esattamente il foglio deve essere tenuto per produrre rumore. Non è stato identificato un evento specifico in cui il foglio produce rumore, né una relazione spaziale esplicita che indichi la posizione corretta. Pertanto, la comprensione è parziale."
gemma,video088,2,Il foglio di carta fa rumore prima o dopo essere stato piegato?,temporale,T1,T1,1,foglio di carta; rumore,evento A: il foglio produce rumore; evento B: il foglio viene piegato,"riconoscere i due eventi oppure l'evento e l'ancora temporale; localizzarli nella sequenza; determinare la relazione prima/dopo, primo/secondo, corrente/precedente o il momento richiesto",localizzazione rispetto a un'ancora temporale esplicita oppure ordinamento pairwise tra due eventi/stati direttamente identificabili,two_intervals,2,esplicita,alta,"[""temporale""]",0,0,0,0,insufficiente,[],"['Foglio di carta che produce rumore', 'Foglio di carta che viene piegato', 'Relazione temporale tra il rumore e la piegatura del foglio']","La rappresentazione del modello non include alcuna evidenza di un foglio di carta che produce rumore o che viene piegato. Inoltre, non ci sono informazioni sulla relazione temporale tra questi due eventi. Pertanto, non è possibile determinare se il rumore avviene prima o dopo la piegatura del foglio."
gemma,video088,3,Perché si sente un botto?,causale,C1,C1|T0,1,foglio; botto; configurazione del foglio,effetto da spiegare: si sente un botto; causa/antecedente: da identificare nell'evidenza disponibile,riconoscere l'effetto; individuare un antecedente o stato direttamente osservabile/esplicitamente disponibile; verificare il nesso causale senza attribuire intenzioni o motivazioni non supportate,"nesso causa-effetto fisico, sistemico o comportamentale direttamente osservabile nello stesso intervallo locale",local_interval,1,esplicita,moderata,"[""causale"", ""temporale""]",0,0,0,0,insufficiente,[],"['Effetto da spiegare: si sente un botto', 'Causa/antecedente del botto', 'Configurazione del foglio che potrebbe causare un botto', ""Nesso causale tra un'azione e il botto""]","La rappresentazione del modello non include alcuna informazione riguardante un botto o un evento che possa essere associato a un suono simile. Non sono presenti né l'effetto da spiegare né un possibile antecedente che possa essere collegato al botto. Di conseguenza, non è possibile stabilire un nesso causale tra un'azione osservata e il botto. La comprensione è insufficiente per affrontare la domanda."
gemma,video089,1,Dove si trova la spigola?,spaziale,S0,S0,0,spigola; luogo o contenitore in cui si trova,localizzazione della spigola,identificare il referente target; recuperare una singola evidenza spaziale direttamente osservabile; restituire la localizzazione senza confronto tra fasi,recupero spaziale diretto da una singola evidenza stabile; nessun confronto temporale o ricostruzione di stato,single_frame,1,esplicita,nessuna,"[""spaziale""]",0,0,0,0,insufficiente,[],"['Identificazione della spigola', 'Localizzazione della spigola', 'Luogo o contenitore in cui si trova la spigola']","La rappresentazione del modello non include alcuna informazione sulla spigola o sulla sua localizzazione. Non sono state identificate entità o eventi che possano essere associati alla spigola, né è stata fornita alcuna evidenza spaziale che indichi dove si trovi. Pertanto, il modello non ha recuperato nessuno dei requisiti necessari per rispondere alla domanda."
gemma,video089,2,Il 'Collega Bonanno' mostra una spigola prima o dopo aver iniziato a urlare?,temporale,T1,T1,1,Collega Bonanno; spigola,evento A: Bonanno mostra una spigola; evento B: Bonanno inizia a urlare,"riconoscere i due eventi oppure l'evento e l'ancora temporale; localizzarli nella sequenza; determinare la relazione prima/dopo, primo/secondo, corrente/precedente o il momento richiesto",localizzazione rispetto a un'ancora temporale esplicita oppure ordinamento pairwise tra due eventi/stati direttamente identificabili,two_intervals,2,esplicita,alta,"[""temporale""]",50,50,30,40,parziale,"[""Entità 'persona' identificata come oratore (e1)"", 'Evento di mostrare un pesce identificato (E0006)']","[""Identificazione esplicita di 'Collega Bonanno'"", 'Identificazione esplicita della spigola', 'Evento di inizio a urlare non identificato']","Il modello ha identificato l'evento di mostrare un pesce, ma non ha identificato esplicitamente 'Collega Bonanno' né l'evento di inizio a urlare. Mancano quindi elementi chiave per determinare la relazione temporale richiesta dalla domanda."
gemma,video089,3,Perché il 'Collega Bonanno' viene espulso dall'aula?,causale,C1,C1|T1,1,Collega Bonanno; aula,effetto da spiegare: Bonanno viene espulso dall'aula; causa/antecedente: da identificare nell'evidenza disponibile,riconoscere l'effetto; individuare un antecedente o stato direttamente osservabile/esplicitamente disponibile; verificare il nesso causale senza attribuire intenzioni o motivazioni non supportate,"collegamento causale diretto tra un antecedente esplicito e una conseguenza esplicita, con al massimo due unità di evidenza",two_intervals,2,parzialmente implicita,moderata,"[""causale"", ""temporale""]",50,50,30,40,parziale,"['Persona che alza un oggetto e mostra un pesce (segment_0005)', 'Persona che parla e agita le mani (segment_0009)']","[""Identificazione esplicita di 'Collega Bonanno'"", ""Espulsione dall'aula"", ""Causa diretta dell'espulsione""]","Il modello ha identificato alcune azioni rilevanti, come l'alzare un oggetto e mostrare un pesce, ma non ha identificato esplicitamente il 'Collega Bonanno' né l'evento di espulsione dall'aula. Mancano anche informazioni chiare sulla causa diretta dell'espulsione. La rappresentazione è quindi insufficiente per stabilire un nesso causale chiaro tra le azioni osservate e l'espulsione."
gemma,video090,1,Dove guarda l'uomo quando i musicisti gli chiedono il giorno?,spaziale,S1,S1|T0,1,uomo; musicisti; oggetto o direzione guardata; giorno richiesto,evento contestuale: i musicisti chiedono il giorno; localizzazione della direzione dello sguardo dell'uomo,"riconoscere l'evento o la relazione spaziale pertinente; allineare il referente all'intervallo locale; recuperare origine, destinazione, direzione, supporto o posizione richiesta",una relazione spaziale esplicita o una localizzazione condizionata da un singolo evento osservabile nello stesso intervallo locale,local_interval,2,esplicita,moderata,"[""spaziale"", ""temporale""]",0,0,0,0,insufficiente,[],"['uomo', 'musicisti', 'oggetto o direzione guardata', 'giorno richiesto', 'evento contestuale: i musicisti chiedono il giorno', ""localizzazione della direzione dello sguardo dell'uomo""]","La rappresentazione del modello non recupera alcuna delle entità o eventi richiesti per rispondere alla domanda. Non sono identificati né l'uomo né i musicisti, né l'evento in cui i musicisti chiedono il giorno. Inoltre, manca qualsiasi informazione sulla direzione dello sguardo dell'uomo. Pertanto, la comprensione è insufficiente."
gemma,video090,2,Il perito industriale Gudo Colsi arriva prima o dopo l'appuntamento stabilito?,temporale,T1,T1,1,perito industriale Guido Colsi; appuntamento; orario stabilito,evento target: arrivo del perito; riferimento temporale: orario dell'appuntamento,"riconoscere i due eventi oppure l'evento e l'ancora temporale; localizzarli nella sequenza; determinare la relazione prima/dopo, primo/secondo, corrente/precedente o il momento richiesto",localizzazione rispetto a un'ancora temporale esplicita oppure ordinamento pairwise tra due eventi/stati direttamente identificabili,two_intervals,2,parzialmente implicita,alta,"[""temporale""]",20,10,0,15,insufficiente,['Presenza di una persona protagonista in vari segmenti'],"['Identificazione esplicita del perito industriale Guido Colsi', ""Riferimento all'appuntamento o all'orario stabilito"", ""Eventi di arrivo del perito o riferimento temporale dell'appuntamento"", ""Relazione temporale tra arrivo e orario dell'appuntamento""]","La rappresentazione del modello non recupera le entità chiave come il perito industriale Guido Colsi o l'appuntamento. Non ci sono eventi che indicano l'arrivo del perito o un riferimento temporale all'orario dell'appuntamento. Senza queste informazioni, non è possibile determinare se il perito arriva prima o dopo l'appuntamento. La comprensione è quindi insufficiente."
gemma,video090,3,Perché l'uomo in costume si è congelato?,causale,C1,C1|T0,1,uomo in costume,effetto da spiegare: l'uomo in costume si è congelato; causa/antecedente: da identificare nell'evidenza disponibile,riconoscere l'effetto; individuare un antecedente o stato direttamente osservabile/esplicitamente disponibile; verificare il nesso causale senza attribuire intenzioni o motivazioni non supportate,"nesso causa-effetto fisico, sistemico o comportamentale direttamente osservabile nello stesso intervallo locale",local_interval,1,esplicita,moderata,"[""causale"", ""temporale""]",0,0,0,0,insufficiente,[],"['Uomo in costume', 'Evento di congelamento', 'Causa del congelamento']","La rappresentazione del modello non include alcuna informazione riguardante un uomo in costume che si congela, né fornisce dettagli su un evento di congelamento o una causa associata. Mancano completamente le entità e gli eventi necessari per affrontare la domanda, e non è possibile eseguire alcuna inferenza causale senza queste informazioni."
gemma,video091,1,Dove salgono i passeggeri?,spaziale,S1,S1|T0,1,passeggeri,evento: i passeggeri salgono su un mezzo; localizzazione del punto o mezzo,"riconoscere l'evento o la relazione spaziale pertinente; allineare il referente all'intervallo locale; recuperare origine, destinazione, direzione, supporto o posizione richiesta",una relazione spaziale esplicita o una localizzazione condizionata da un singolo evento osservabile nello stesso intervallo locale,local_interval,1,esplicita,moderata,"[""spaziale"", ""temporale""]",80,70,60,70,sufficiente,"['Presenza di passeggeri (persone) nel video.', 'Aereo come mezzo di trasporto.', ""Evento di salita sull'aereo identificato nel segmento 0009.""]","[""Localizzazione precisa del punto di salita dei passeggeri sull'aereo."", ""Dettagli sull'azione di salire sull'aereo, come la presenza di una scala o una porta aperta.""]","Il modello ha identificato correttamente le entità principali, come i passeggeri e l'aereo, e ha riconosciuto l'evento di salita sull'aereo. Tuttavia, manca una localizzazione precisa del punto di salita e dettagli specifici sull'azione di salire, che sono necessari per una comprensione completa della domanda. Nonostante queste lacune, la rappresentazione è sufficiente per affrontare la domanda."
gemma,video091,2,La donna urla agli uomini prima o dopo che inizino a correre?,temporale,T1,T1,1,donna; uomini,evento A: la donna urla agli uomini; evento B: gli uomini iniziano a correre,"riconoscere i due eventi oppure l'evento e l'ancora temporale; localizzarli nella sequenza; determinare la relazione prima/dopo, primo/secondo, corrente/precedente o il momento richiesto",localizzazione rispetto a un'ancora temporale esplicita oppure ordinamento pairwise tra due eventi/stati direttamente identificabili,two_intervals,2,esplicita,alta,"[""temporale""]",0,0,0,0,insufficiente,[],"['Identificazione della donna che urla.', 'Identificazione degli uomini che iniziano a correre.', 'Evento A: la donna urla agli uomini.', 'Evento B: gli uomini iniziano a correre.', ""Relazione temporale tra l'urlo della donna e l'inizio della corsa degli uomini.""]","La rappresentazione del modello non include alcuna informazione riguardante la donna che urla o gli uomini che iniziano a correre. Non sono stati identificati né gli eventi richiesti né la relazione temporale tra di essi. Pertanto, la comprensione è insufficiente per affrontare la domanda."
gemma,video091,3,Cosa causa l'ira della donna?,causale,C2,C2|T1,2,donna; uomini; comportamento che provoca l'ira,effetto da spiegare: la donna si infuria; causa/antecedente: da identificare nell'evidenza disponibile,riconoscere l'effetto o comportamento da spiegare; recuperare il contesto pertinente; inferire la causa/intenzione/motivazione solo se supportata dalle evidenze; evitare di colmare lacune con conoscenza non presente nel video,"la risposta richiede almeno un passaggio inferenziale implicito su motivazione, intenzione, stato mentale, valutazione sociale, finalità procedurale o relazione causale non direttamente osservabile",two_intervals,2,implicita,moderata,"[""causale"", ""temporale""]",0,0,0,0,insufficiente,[],"['Identificazione della donna', 'Identificazione degli uomini', ""Comportamento che provoca l'ira della donna"", 'Evento di ira della donna', ""Causa o antecedente dell'ira della donna""]","La rappresentazione del modello non include alcuna informazione riguardante una donna, il suo stato d'ira, o il comportamento che potrebbe aver causato tale stato. Mancano completamente le entità e gli eventi necessari per rispondere alla domanda, e non ci sono elementi che permettano di inferire una relazione causale tra un comportamento e l'ira della donna. Pertanto, la comprensione è insufficiente."
gemma,video092,1,Dove va l'uomo con i pantaloncini blu dopo che si è alzato?,spaziale,S2,S2|T1,2,uomo con i pantaloncini blu,evento contestuale: l'uomo si alza; localizzazione della destinazione successiva,identificare l'ancora temporale; recuperare lo stato spaziale nella fase richiesta; confrontare le fasi pertinenti senza introdurre cambiamenti non osservati,recupero spaziale condizionato da una fase precedente/successiva/iniziale o dal primo occorrere di un evento; richiede confronto tra almeno due stati temporali,two_intervals,2,esplicita,alta,"[""spaziale"", ""temporale""]",0,0,0,0,insufficiente,[],"[""Identificazione dell'uomo con i pantaloncini blu"", ""Evento in cui l'uomo si alza"", ""Localizzazione della destinazione successiva dell'uomo"", ""Confronto tra stati temporali per determinare il movimento dell'uomo""]","La rappresentazione del modello non include l'identificazione dell'uomo con i pantaloncini blu, né l'evento in cui si alza. Inoltre, manca la localizzazione della destinazione successiva e il confronto tra stati temporali per determinare il movimento dell'uomo. Pertanto, nessun requisito necessario per rispondere alla domanda è stato recuperato."
gemma,video092,2,La donna con la scopa si arrabbia prima o dopo essere caduta nel buco?,temporale,T1,T1,1,donna con la scopa; buco; caduta,evento A: la donna si arrabbia; evento B: la donna cade nel buco,"riconoscere i due eventi oppure l'evento e l'ancora temporale; localizzarli nella sequenza; determinare la relazione prima/dopo, primo/secondo, corrente/precedente o il momento richiesto",localizzazione rispetto a un'ancora temporale esplicita oppure ordinamento pairwise tra due eventi/stati direttamente identificabili,two_intervals,2,esplicita,alta,"[""temporale""]",0,0,0,0,insufficiente,[],"['donna con la scopa', 'buco', 'caduta nel buco', 'evento di arrabbiarsi', 'evento di cadere nel buco']","La rappresentazione del modello non include alcuna informazione riguardante la donna con la scopa, il buco, o gli eventi di arrabbiarsi e cadere nel buco. Senza queste informazioni, non è possibile determinare la relazione temporale richiesta dalla domanda."
gemma,video092,3,Perché l'hostess si arrabbia?,causale,C2,C2|T1,2,hostess; buco o situazione problematica,effetto da spiegare: l'hostess si arrabbia; causa/antecedente: da identificare nell'evidenza disponibile,riconoscere l'effetto o comportamento da spiegare; recuperare il contesto pertinente; inferire la causa/intenzione/motivazione solo se supportata dalle evidenze; evitare di colmare lacune con conoscenza non presente nel video,"la risposta richiede almeno un passaggio inferenziale implicito su motivazione, intenzione, stato mentale, valutazione sociale, finalità procedurale o relazione causale non direttamente osservabile",two_intervals,2,implicita,moderata,"[""causale"", ""temporale""]",0,0,0,0,insufficiente,[],"[""Identificazione dell'hostess"", ""Descrizione dell'hostess che si arrabbia"", ""Causa o antecedente dell'arrabbiatura dell'hostess"", ""Contesto pertinente che spiega l'arrabbiatura""]","La rappresentazione del modello non include alcuna informazione sull'hostess o sul suo stato emotivo, né fornisce dettagli su eventi o contesti che potrebbero spiegare un'eventuale arrabbiatura. Mancano completamente le entità e gli eventi richiesti per affrontare la domanda, rendendo impossibile qualsiasi inferenza causale."
gemma,video093,1,Dove indica la bambina con la maglietta gialla?,spaziale,S1,S1|T0,1,bambina con la maglietta gialla; oggetto o direzione indicata,evento: la bambina indica qualcosa; localizzazione del referente,"riconoscere l'evento o la relazione spaziale pertinente; allineare il referente all'intervallo locale; recuperare origine, destinazione, direzione, supporto o posizione richiesta",una relazione spaziale esplicita o una localizzazione condizionata da un singolo evento osservabile nello stesso intervallo locale,local_interval,1,parzialmente implicita,moderata,"[""spaziale"", ""temporale""]",50,0,0,10,insufficiente,"['bambina con capelli lunghi e maglietta colorata', 'presenza di una giacca gialla']","['evento di indicazione da parte della bambina', 'oggetto o direzione indicata dalla bambina']","La rappresentazione del modello identifica la bambina con una giacca gialla, ma non rileva alcun evento di indicazione né specifica l'oggetto o la direzione indicata. Mancano quindi elementi fondamentali per rispondere alla domanda, come l'azione di indicare e il referente dell'indicazione."
gemma,video093,2,La bambina con la maglia gialla chiede alla mamma di comprare le patatine prima o dopo che la bambina con la coroncina salga sulla Ferrari?,temporale,T1,T1,1,bambina con la maglia gialla; mamma; patatine; bambina con la coroncina; Ferrari,evento A: la bambina chiede di comprare le patatine; evento B: l'altra bambina sale sulla Ferrari,"riconoscere i due eventi oppure l'evento e l'ancora temporale; localizzarli nella sequenza; determinare la relazione prima/dopo, primo/secondo, corrente/precedente o il momento richiesto",localizzazione rispetto a un'ancora temporale esplicita oppure ordinamento pairwise tra due eventi/stati direttamente identificabili,two_intervals,2,esplicita,alta,"[""temporale""]",0,0,0,0,insufficiente,[],"['bambina con la maglia gialla', 'mamma', 'patatine', 'bambina con la coroncina', 'Ferrari', 'evento A: la bambina chiede di comprare le patatine', ""evento B: l'altra bambina sale sulla Ferrari""]","La rappresentazione del modello non recupera nessuna delle entità o degli eventi richiesti dalla domanda. Non ci sono riferimenti alla bambina con la maglia gialla, alla mamma, alle patatine, alla bambina con la coroncina o alla Ferrari. Inoltre, gli eventi specifici di richiesta di acquisto delle patatine e di salita sulla Ferrari non sono presenti. Di conseguenza, non è possibile eseguire l'inferenza temporale richiesta. La comprensione è insufficiente."
gemma,video093,3,Perché la donna dice alla bambina di andare piano?,causale,C2,C2|T1,2,donna; bambina; Ferrari o movimento,effetto da spiegare: la donna dice alla bambina di andare piano; causa/antecedente: da identificare nell'evidenza disponibile,riconoscere l'effetto o comportamento da spiegare; recuperare il contesto pertinente; inferire la causa/intenzione/motivazione solo se supportata dalle evidenze; evitare di colmare lacune con conoscenza non presente nel video,"la risposta richiede almeno un passaggio inferenziale implicito su motivazione, intenzione, stato mentale, valutazione sociale, finalità procedurale o relazione causale non direttamente osservabile",two_intervals,2,implicita,moderata,"[""causale"", ""temporale""]",50,30,20,25,insufficiente,"[""bambina guida un'auto giocattolo Ferrari""]","['donna che dice alla bambina di andare piano', 'motivo per cui la donna dice alla bambina di andare piano', 'contesto che giustifica la richiesta della donna']","La rappresentazione del modello include la bambina che guida un'auto giocattolo Ferrari, ma manca completamente l'interazione con la donna e il motivo per cui la donna le dice di andare piano. Non ci sono eventi o inferenze che supportano la comprensione della motivazione dietro l'azione della donna. Pertanto, la comprensione è insufficiente per affrontare la domanda."
gemma,video094,1,Dove inciampa la donna col vestito verde?,spaziale,S1,S1|T0,1,donna col vestito verde; ostacolo o punto d'inciampo,evento: la donna inciampa; localizzazione del punto,"riconoscere l'evento o la relazione spaziale pertinente; allineare il referente all'intervallo locale; recuperare origine, destinazione, direzione, supporto o posizione richiesta",una relazione spaziale esplicita o una localizzazione condizionata da un singolo evento osservabile nello stesso intervallo locale,local_interval,1,esplicita,moderata,"[""spaziale"", ""temporale""]",0,0,0,0,insufficiente,[],"['donna col vestito verde', ""ostacolo o punto d'inciampo"", 'evento: la donna inciampa', ""localizzazione del punto d'inciampo""]","La rappresentazione del modello non include alcuna informazione sull'evento di inciampo della donna col vestito verde, né identifica un ostacolo o un punto specifico dove l'inciampo avviene. Mancano completamente le entità e gli eventi richiesti per rispondere alla domanda."
gemma,video094,2,La folla ride prima o dopo che la donna urti l'uomo?,temporale,T1,T1,1,folla; donna col vestito verde; uomo urtato,evento A: la folla ride; evento B: la donna urta l'uomo,"riconoscere i due eventi oppure l'evento e l'ancora temporale; localizzarli nella sequenza; determinare la relazione prima/dopo, primo/secondo, corrente/precedente o il momento richiesto",localizzazione rispetto a un'ancora temporale esplicita oppure ordinamento pairwise tra due eventi/stati direttamente identificabili,two_intervals,2,esplicita,alta,"[""temporale""]",0,0,0,0,insufficiente,[],"['Folla che ride', ""Donna che urta l'uomo"", 'Relazione temporale tra i due eventi']","La rappresentazione del modello non include alcuna informazione sugli eventi specifici richiesti dalla domanda: la folla che ride e la donna che urta l'uomo. Inoltre, manca completamente la relazione temporale tra questi eventi. Senza queste informazioni, non è possibile determinare se la folla ride prima o dopo che la donna urti l'uomo. Pertanto, la comprensione è insufficiente."
gemma,video094,3,Perché la folla ride?,causale,C1,C1|T1,1,folla; donna; uomo,effetto da spiegare: la folla ride; causa/antecedente: da identificare nell'evidenza disponibile,riconoscere l'effetto; individuare un antecedente o stato direttamente osservabile/esplicitamente disponibile; verificare il nesso causale senza attribuire intenzioni o motivazioni non supportate,"collegamento causale diretto tra un antecedente esplicito e una conseguenza esplicita, con al massimo due unità di evidenza",two_intervals,2,parzialmente implicita,moderata,"[""causale"", ""temporale""]",50,30,20,25,insufficiente,"['Presenza di una donna e un uomo', 'Presenza di un gruppo di persone (spettatori)', 'Interazione tra uomo e donna']","['Evento specifico che causa la risata della folla', 'Descrizione della folla che ride', ""Collegamento causale tra un'azione specifica e la risata della folla""]","La rappresentazione del modello include le entità principali come la donna, l'uomo e il gruppo di spettatori, ma manca l'evento specifico che causa la risata della folla. Non è presente una descrizione della folla che ride, né un collegamento causale chiaro tra un'azione specifica e la risata. Pertanto, la comprensione è insufficiente per rispondere alla domanda."
gemma,video095,1,Dov'era il professore prima di andare dal preside?,spaziale,S2,S2|T1,2,professore; preside o ufficio del preside,evento contestuale: il professore va dal preside; localizzazione precedente del professore,identificare l'ancora temporale; recuperare lo stato spaziale nella fase richiesta; confrontare le fasi pertinenti senza introdurre cambiamenti non osservati,recupero spaziale condizionato da una fase precedente/successiva/iniziale o dal primo occorrere di un evento; richiede confronto tra almeno due stati temporali,two_intervals,2,esplicita,alta,"[""spaziale"", ""temporale""]",50,40,30,35,parziale,"['Presenza di un insegnante (professore) e di studenti in un contesto di lezione.', 'Evento di lezione con il professore e studenti.']","[""Identificazione chiara del preside o dell'ufficio del preside."", 'Evento specifico del professore che va dal preside.', 'Localizzazione precedente del professore prima di andare dal preside.']","La rappresentazione del modello include il contesto di una lezione con un insegnante, ma manca l'identificazione del preside o dell'ufficio del preside e l'evento specifico del professore che va dal preside. Inoltre, non è chiara la localizzazione precedente del professore. Queste mancanze impediscono di rispondere alla domanda in modo completo."
gemma,video095,2,Il professore va nell'ufficio del preside prima o dopo aver parlato con il bidello?,temporale,T1,T1,1,professore; ufficio del preside; bidello,evento A: il professore va nell'ufficio del preside; evento B: il professore parla con il bidello,"riconoscere i due eventi oppure l'evento e l'ancora temporale; localizzarli nella sequenza; determinare la relazione prima/dopo, primo/secondo, corrente/precedente o il momento richiesto",localizzazione rispetto a un'ancora temporale esplicita oppure ordinamento pairwise tra due eventi/stati direttamente identificabili,two_intervals,2,esplicita,alta,"[""temporale""]",0,0,0,0,insufficiente,[],"['Identificazione del professore', 'Identificazione del bidello', ""Identificazione dell'ufficio del preside"", ""Evento: il professore va nell'ufficio del preside"", 'Evento: il professore parla con il bidello', 'Relazione temporale tra i due eventi']","La rappresentazione del modello non recupera nessuna delle entità o degli eventi richiesti per rispondere alla domanda. Non sono identificati né il professore, né il bidello, né l'ufficio del preside. Inoltre, mancano completamente gli eventi specifici di andare nell'ufficio del preside e parlare con il bidello, così come la relazione temporale tra questi eventi. Pertanto, la comprensione è insufficiente."
gemma,video095,3,Perché il professore esce dalla classe?,causale,C2,C2|T1,2,professore; classe; preside o bidello,effetto da spiegare: il professore esce dalla classe; causa/antecedente: da identificare nell'evidenza disponibile,riconoscere l'effetto o comportamento da spiegare; recuperare il contesto pertinente; inferire la causa/intenzione/motivazione solo se supportata dalle evidenze; evitare di colmare lacune con conoscenza non presente nel video,"la risposta richiede almeno un passaggio inferenziale implicito su motivazione, intenzione, stato mentale, valutazione sociale, finalità procedurale o relazione causale non direttamente osservabile",two_intervals,2,implicita,moderata,"[""causale"", ""temporale""]",40,30,20,30,insufficiente,"['Presenza del professore e degli studenti in classe', 'Evento di lezione in corso']","['Motivo per cui il professore esce dalla classe', 'Presenza di un preside o bidello', ""Causa o antecedente dell'uscita del professore"", ""Contesto pertinente per inferire la causa dell'uscita""]","La rappresentazione del modello include il contesto generale di una lezione in corso con un professore e studenti, ma manca completamente l'evidenza necessaria per determinare il motivo per cui il professore esce dalla classe. Non ci sono informazioni su eventuali interazioni con un preside o bidello, né eventi o contesti che possano suggerire una causa per l'uscita. L'inferenza richiesta non è supportata dai dati disponibili."
gemma,video096,1,Dove si trova la cagnolina?,spaziale,S0,S0,0,cagnolina; luogo in cui si trova,localizzazione della cagnolina,identificare il referente target; recuperare una singola evidenza spaziale direttamente osservabile; restituire la localizzazione senza confronto tra fasi,recupero spaziale diretto da una singola evidenza stabile; nessun confronto temporale o ricostruzione di stato,single_frame,1,esplicita,nessuna,"[""spaziale""]",50,50,50,50,parziale,"['Cane identificato come entità principale in vari segmenti.', ""Relazione spaziale 'davanti a terreno' nel segmento 6.""]","['Localizzazione specifica e stabile della cagnolina in un singolo frame.', 'Descrizione chiara del luogo in cui si trova la cagnolina.']","Il modello ha identificato correttamente la cagnolina come entità principale e ha rilevato una relazione spaziale 'davanti a terreno' in un segmento. Tuttavia, manca una localizzazione specifica e stabile della cagnolina in un singolo frame, che è necessaria per rispondere alla domanda. Pertanto, la comprensione è parziale."
gemma,video096,2,L'animale mangia il biscotto prima o dopo il comando?,temporale,T1,T1,1,cagnolina; biscotto; comando dell'uomo,evento A: la cagnolina mangia il biscotto; evento B: l'uomo impartisce il comando,"riconoscere i due eventi oppure l'evento e l'ancora temporale; localizzarli nella sequenza; determinare la relazione prima/dopo, primo/secondo, corrente/precedente o il momento richiesto",localizzazione rispetto a un'ancora temporale esplicita oppure ordinamento pairwise tra due eventi/stati direttamente identificabili,two_intervals,2,esplicita,alta,"[""temporale""]",0,0,0,0,insufficiente,['Presenza del cane in vari segmenti.'],"['Presenza del biscotto.', ""Comando impartito dall'uomo."", 'Evento in cui il cane mangia il biscotto.', ""Evento in cui l'uomo impartisce il comando."", 'Relazione temporale tra il comando e il cane che mangia il biscotto.']","La rappresentazione del modello non include informazioni sugli eventi chiave richiesti dalla domanda: il comando dell'uomo e il cane che mangia il biscotto. Senza questi eventi, non è possibile determinare la relazione temporale richiesta. Mancano anche le entità specifiche come il biscotto e il comando, rendendo impossibile affrontare la domanda."
gemma,video096,3,Perché l'uomo dà un biscotto alla cagnolina?,causale,C2,C2|T1,2,uomo; cagnolina; biscotto,effetto da spiegare: l'uomo dà un biscotto alla cagnolina; causa/antecedente: da identificare nell'evidenza disponibile,riconoscere l'effetto o comportamento da spiegare; recuperare il contesto pertinente; inferire la causa/intenzione/motivazione solo se supportata dalle evidenze; evitare di colmare lacune con conoscenza non presente nel video,"la risposta richiede almeno un passaggio inferenziale implicito su motivazione, intenzione, stato mentale, valutazione sociale, finalità procedurale o relazione causale non direttamente osservabile",two_intervals,2,implicita,moderata,"[""causale"", ""temporale""]",0,0,0,0,insufficiente,['Presenza del cane in vari segmenti'],"[""Presenza dell'uomo"", 'Azione di dare un biscotto', ""Motivazione o contesto per l'azione""]","La rappresentazione del modello non include l'uomo, l'azione di dare un biscotto o alcun contesto che possa spiegare la motivazione dietro l'azione. Mancano completamente le entità e gli eventi chiave necessari per rispondere alla domanda, rendendo impossibile qualsiasi inferenza causale richiesta."
gemma,video097,1,Dove si sono appese le ragazze?,spaziale,S1,S1|T0,1,ragazze; sbarre,evento: le ragazze si appendono alle sbarre; localizzazione della struttura,"riconoscere l'evento o la relazione spaziale pertinente; allineare il referente all'intervallo locale; recuperare origine, destinazione, direzione, supporto o posizione richiesta",una relazione spaziale esplicita o una localizzazione condizionata da un singolo evento osservabile nello stesso intervallo locale,local_interval,1,esplicita,moderata,"[""spaziale"", ""temporale""]",80,70,75,75,sufficiente,"['Presenza di ragazze identificate come giocatori in vari segmenti.', 'Presenza di sbarre metalliche orizzontali con supporti rossi.', 'Azione di ragazze che si tengono aggrappate a una sbarra.']","['Localizzazione precisa della struttura delle sbarre.', ""Descrizione esplicita dell'evento di appendersi alle sbarre.""]","Il modello ha identificato correttamente le entità principali, come le ragazze e le sbarre, e ha riconosciuto l'azione di aggrapparsi alle sbarre. Tuttavia, manca una localizzazione precisa della struttura e una descrizione esplicita dell'evento di appendersi. Nonostante queste lacune, la rappresentazione è sufficiente per affrontare la domanda."
gemma,video097,2,Le ragazze si sono appese prima o dopo aver alzato le ginocchia?,temporale,T1,T1,1,ragazze; sbarre; ginocchia,evento A: le ragazze si appendono; evento B: alzano le ginocchia,"riconoscere i due eventi oppure l'evento e l'ancora temporale; localizzarli nella sequenza; determinare la relazione prima/dopo, primo/secondo, corrente/precedente o il momento richiesto",localizzazione rispetto a un'ancora temporale esplicita oppure ordinamento pairwise tra due eventi/stati direttamente identificabili,two_intervals,2,esplicita,alta,"[""temporale""]",50,30,20,30,insufficiente,"['Presenza di ragazze (entità)', 'Presenza di sbarre (entità)', 'Ragazze che si tengono aggrappate a una sbarra (evento parziale)']","['Evento di alzare le ginocchia', 'Sequenza temporale chiara tra appendersi e alzare le ginocchia', 'Relazione temporale prima/dopo tra i due eventi']","La rappresentazione del modello ha identificato le entità principali come le ragazze e le sbarre, ma manca l'identificazione chiara degli eventi specifici richiesti dalla domanda, in particolare l'azione di alzare le ginocchia. Inoltre, non è stata stabilita una relazione temporale tra gli eventi di appendersi e alzare le ginocchia. Senza questi elementi, l'inferenza richiesta non può essere eseguita."
gemma,video097,3,Perché le ragazze si sono appese alle sbarre?,causale,C2,C2|T1,2,ragazze; sbarre,effetto da spiegare: le ragazze si appendono alle sbarre; causa/antecedente: da identificare nell'evidenza disponibile,riconoscere l'effetto o comportamento da spiegare; recuperare il contesto pertinente; inferire la causa/intenzione/motivazione solo se supportata dalle evidenze; evitare di colmare lacune con conoscenza non presente nel video,"la risposta richiede almeno un passaggio inferenziale implicito su motivazione, intenzione, stato mentale, valutazione sociale, finalità procedurale o relazione causale non direttamente osservabile",two_intervals,2,implicita,moderata,"[""causale"", ""temporale""]",80,70,50,60,sufficiente,"['Le ragazze si tengono aggrappate a una sbarra (segment_0004).', 'Allenamento di ginnastica artistica (segment_0004).']",['Motivazione o causa per cui le ragazze si appendono alle sbarre.'],"Il modello ha identificato correttamente le entità principali (ragazze e sbarre) e l'evento di riferimento (le ragazze si appendono alle sbarre). Tuttavia, manca l'inferenza sulla motivazione o causa per cui le ragazze si appendono alle sbarre, che è un elemento cruciale per rispondere alla domanda. La rappresentazione è sufficiente per riconoscere il contesto generale, ma non per dedurre la causa o motivazione dell'azione."
gemma,video098,1,Dove si trova il jack di picche?,spaziale,S0,S0,0,jack di picche; mazzo o sequenza di carte; posizione della carta,localizzazione del jack di picche,identificare il referente target; recuperare una singola evidenza spaziale direttamente osservabile; restituire la localizzazione senza confronto tra fasi,recupero spaziale diretto da una singola evidenza stabile; nessun confronto temporale o ricostruzione di stato,single_frame,1,esplicita,nessuna,"[""spaziale""]",100,100,100,100,completa,"['Jack di picche identificato nel segmento 0011 e 0013.', 'Posizione del Jack di picche davanti al giocatore e1 nel segmento 0011 e 0013.']",[],"Il modello ha identificato correttamente il Jack di picche e la sua posizione spaziale rispetto al giocatore, soddisfacendo tutti i requisiti della domanda. La rappresentazione visuale è completa e coerente con le necessità della domanda."
gemma,video098,2,Dopo quante carte viene estratta la carta corretta?,temporale,T2,T2,2,carte estratte; carta corretta,evento target: estrazione della carta corretta; misura temporale/ordinale: numero di carte precedenti,"riconoscere gli eventi o stati pertinenti; ricostruire l'evoluzione temporale necessaria; calcolare conteggio/durata oppure distinguere onset, continuazione e stato già completato","durata, conteggio/iterazione, selezione del primo onset tra più candidati o ricostruzione di uno stato già in corso/completato",multi_event_sequence,>=3,esplicita,alta,"[""temporale""]",50,40,30,35,parziale,"['Presenza di carte e giocatori che interagiscono con esse.', 'Eventi di manipolazione e mostra di carte.']","['Identificazione della carta corretta.', 'Conteggio delle carte estratte prima della carta corretta.', 'Sequenza temporale completa delle estrazioni.']","Il modello ha identificato la presenza di carte e giocatori che interagiscono con esse, ma non ha fornito informazioni sufficienti per determinare quale sia la carta corretta e quante carte siano state estratte prima di essa. Mancano dettagli cruciali per ricostruire la sequenza temporale completa delle estrazioni e identificare l'evento target."
gemma,video098,3,Perché la donna è sorpresa di trovare il jack di picche?,causale,C2,C2|T1,2,donna; jack di picche; mazzo di carte,effetto da spiegare: la donna è sorpresa di trovare il jack di picche; causa/antecedente: da identificare nell'evidenza disponibile,riconoscere l'effetto o comportamento da spiegare; recuperare il contesto pertinente; inferire la causa/intenzione/motivazione solo se supportata dalle evidenze; evitare di colmare lacune con conoscenza non presente nel video,"la risposta richiede almeno un passaggio inferenziale implicito su motivazione, intenzione, stato mentale, valutazione sociale, finalità procedurale o relazione causale non direttamente osservabile",two_intervals,2,implicita,moderata,"[""causale"", ""temporale""]",50,40,20,30,parziale,"['Presenza di una donna che interagisce con carte.', 'Identificazione del Jack di picche.']","['Espressione di sorpresa della donna.', 'Contesto che spiega la sorpresa della donna nel trovare il Jack di picche.', 'Motivazione o causa della sorpresa.']","La rappresentazione del modello include la presenza della donna e del Jack di picche, ma manca l'espressione di sorpresa e il contesto che spiegherebbe tale sorpresa. Senza queste informazioni, l'inferenza sulla causa della sorpresa non è supportata. Pertanto, la comprensione è parziale."
gemma,video099,1,Dove si trova la leccia?,spaziale,S0,S0,0,leccia,localizzazione della leccia,identificare il referente target; recuperare una singola evidenza spaziale direttamente osservabile; restituire la localizzazione senza confronto tra fasi,recupero spaziale diretto da una singola evidenza stabile; nessun confronto temporale o ricostruzione di stato,single_frame,1,esplicita,nessuna,"[""spaziale""]",0,0,0,0,insufficiente,[],"['Presenza della leccia', 'Localizzazione della leccia']","La rappresentazione del modello non include alcuna menzione o evidenza della leccia, né fornisce informazioni sulla sua localizzazione. Pertanto, non è possibile rispondere alla domanda basandosi sui dati forniti."
gemma,video099,2,Il pescatore capisce che la leccia è grossa prima o dopo averla pescata?,temporale,T1,T1,1,pescatore; leccia; dimensione del pesce,evento A: il pescatore capisce che la leccia è grossa; evento B: il pescatore pesca la leccia,"riconoscere i due eventi oppure l'evento e l'ancora temporale; localizzarli nella sequenza; determinare la relazione prima/dopo, primo/secondo, corrente/precedente o il momento richiesto",localizzazione rispetto a un'ancora temporale esplicita oppure ordinamento pairwise tra due eventi/stati direttamente identificabili,two_intervals,2,esplicita,alta,"[""temporale""]",0,0,0,0,insufficiente,[],"['pescatore', 'leccia', 'dimensione del pesce', 'evento A: il pescatore capisce che la leccia è grossa', 'evento B: il pescatore pesca la leccia']","La rappresentazione del modello non include alcuna informazione relativa al pescatore, alla leccia o alla dimensione del pesce. Non sono stati identificati gli eventi chiave richiesti dalla domanda, ovvero il momento in cui il pescatore capisce che la leccia è grossa e il momento in cui la pesca. Di conseguenza, non è possibile determinare la relazione temporale tra questi eventi. La comprensione è insufficiente poiché mancano tutti i requisiti fondamentali per affrontare la domanda."
gemma,video099,3,Perché la leccia non entra nel guadino?,causale,C1,C1|T0,1,leccia; guadino; pescatore; dimensioni del pesce,effetto da spiegare: la leccia non entra nel guadino; causa/antecedente: da identificare nell'evidenza disponibile,riconoscere l'effetto; individuare un antecedente o stato direttamente osservabile/esplicitamente disponibile; verificare il nesso causale senza attribuire intenzioni o motivazioni non supportate,"nesso causa-effetto fisico, sistemico o comportamentale direttamente osservabile nello stesso intervallo locale",local_interval,1,esplicita,moderata,"[""causale"", ""temporale""]",0,0,0,0,insufficiente,[],"['leccia', 'guadino', 'pescatore', 'dimensioni del pesce', 'evento della leccia che non entra nel guadino', ""causa o antecedente dell'evento""]","L'analisi del modello non ha recuperato alcuna delle entità o eventi richiesti per rispondere alla domanda. Non ci sono riferimenti alla leccia, al guadino, al pescatore o alle dimensioni del pesce. Inoltre, non è stato identificato l'evento chiave della leccia che non entra nel guadino, né è stata fornita alcuna spiegazione causale per questo evento. Pertanto, la rappresentazione è insufficiente per affrontare la domanda."
gemma,video100,1,Dove si trova il cartello con le istruzioni per entrare?,spaziale,S0,S0,0,cartello con le istruzioni,localizzazione del cartello per entrare,identificare il referente target; recuperare una singola evidenza spaziale direttamente osservabile; restituire la localizzazione senza confronto tra fasi,recupero spaziale diretto da una singola evidenza stabile; nessun confronto temporale o ricostruzione di stato,single_frame,1,esplicita,nessuna,"[""spaziale""]",0,0,0,0,insufficiente,[],"['Cartello con le istruzioni per entrare', 'Localizzazione del cartello']","Il modello non ha identificato il cartello con le istruzioni per entrare, né ha fornito alcuna informazione sulla sua localizzazione. Non ci sono evidenze di un cartello o di istruzioni nel video analizzato. Pertanto, non è possibile rispondere alla domanda con le informazioni disponibili."
gemma,video100,2,Cosa mostra prima la bambina: il disegno che ritrae lei o quello che ritrae Vanessa?,temporale,T1,T1,1,bambina; disegno di sé; disegno di Vanessa,evento A: la bambina mostra il proprio disegno; evento B: mostra il disegno di Vanessa,"riconoscere i due eventi oppure l'evento e l'ancora temporale; localizzarli nella sequenza; determinare la relazione prima/dopo, primo/secondo, corrente/precedente o il momento richiesto",localizzazione rispetto a un'ancora temporale esplicita oppure ordinamento pairwise tra due eventi/stati direttamente identificabili,two_intervals,2,esplicita,alta,"[""temporale""]",0,0,0,0,insufficiente,[],"['Identificazione della bambina che mostra i disegni', 'Identificazione del disegno che ritrae la bambina', 'Identificazione del disegno che ritrae Vanessa', 'Eventi di mostrare i disegni', 'Relazione temporale tra gli eventi di mostrare i disegni']","La rappresentazione del modello non include alcuna informazione riguardante la bambina che mostra i disegni, né identifica i disegni specifici di sé e di Vanessa. Inoltre, non sono stati rilevati eventi di mostrare i disegni, né la relazione temporale tra tali eventi. Pertanto, nessun requisito della domanda è stato soddisfatto."
gemma,video100,3,Perché la mamma dice alla bambina che da grande farà l'artistico?,causale,C2,C2|T1,2,mamma; bambina; disegni; percorso scolastico artistico,effetto da spiegare: la mamma dice che la bambina farà l'artistico; causa/antecedente: da identificare nell'evidenza disponibile,riconoscere l'effetto o comportamento da spiegare; recuperare il contesto pertinente; inferire la causa/intenzione/motivazione solo se supportata dalle evidenze; evitare di colmare lacune con conoscenza non presente nel video,"la risposta richiede almeno un passaggio inferenziale implicito su motivazione, intenzione, stato mentale, valutazione sociale, finalità procedurale o relazione causale non direttamente osservabile",two_intervals,2,implicita,moderata,"[""causale"", ""temporale""]",50,60,30,40,parziale,"['Bambina che disegna in più segmenti', 'Presenza di disegni e strumenti di disegno']","[""Mamma che dice alla bambina che farà l'artistico"", 'Motivazione della mamma per il commento', 'Contesto sociale o familiare che giustifica il commento']","Il modello ha identificato la bambina che disegna e la presenza di disegni, ma manca l'elemento cruciale della mamma che fa il commento e la motivazione dietro di esso. Senza queste informazioni, l'inferenza richiesta non può essere completata. La comprensione è quindi parziale."
