model,video_id,question_order,question,principal_dimension,principal_label,diagnostic_label,complexity_level,entity_required,event_required,inference_required,objective_criterion,evidence_scope,evidence_units,information_explicitness,temporal_dependency,dimension_combination,score_entita,score_eventi,score_inferenza,score_comprensione,livello,evidenza_recuperata,evidenza_mancante,motivazione
gemma-4-12B,video001,1,Dove cerca il rimedio al singhiozzo l'uomo con il camice?,spaziale,S1,S1|T0,1,uomo con il camice; rimedio al singhiozzo,ricerca del rimedio al singhiozzo da parte dell'uomo con il camice,"riconoscere l'evento o la relazione spaziale pertinente; allineare il referente all'intervallo locale; recuperare origine, destinazione, direzione, supporto o posizione richiesta",una relazione spaziale esplicita o una localizzazione condizionata da un singolo evento osservabile nello stesso intervallo locale,local_interval,1,esplicita,moderata,"[""spaziale"", ""temporale""]",50,30,20,30,parziale,"['uomo con il camice identificato come farmacista', 'presenza di scaffali con prodotti farmaceutici']","['ricerca del rimedio al singhiozzo', 'localizzazione specifica del rimedio al singhiozzo', 'evento di ricerca del rimedio al singhiozzo']","Il modello ha identificato l'uomo con il camice come farmacista e ha riconosciuto la presenza di scaffali con prodotti farmaceutici, ma non ha recuperato informazioni specifiche sulla ricerca del rimedio al singhiozzo. Mancano dettagli sull'evento di ricerca e sulla localizzazione del rimedio, rendendo l'inferenza spaziale richiesta impossibile."
gemma-4-12B,video001,2,L'uomo con gli occhiali urla prima o dopo che l'uomo dietro il bancone esca?,temporale,T1,T1,1,uomo con gli occhiali; uomo dietro il bancone,evento A: l'uomo con gli occhiali urla; evento B: l'uomo dietro il bancone esce,"riconoscere i due eventi oppure l'evento e l'ancora temporale; localizzarli nella sequenza; determinare la relazione prima/dopo, primo/secondo, corrente/precedente o il momento richiesto",localizzazione rispetto a un'ancora temporale esplicita oppure ordinamento pairwise tra due eventi/stati direttamente identificabili,two_intervals,2,esplicita,alta,"[""temporale""]",50,50,30,40,parziale,"[""L'uomo con gli occhiali è identificato come 'cliente' o 'intervistato' in vari segmenti."", ""L'uomo dietro il bancone è identificato come 'farmacista' in vari segmenti."", ""L'uomo con gli occhiali urla nel segmento 0005.""]","[""Non è chiaro se e quando l'uomo dietro il bancone esce."", ""Non è chiaro se l'urlo avviene prima o dopo l'uscita dell'uomo dietro il bancone.""]","Il modello ha identificato correttamente le entità principali, ma manca l'evento specifico dell'uomo dietro il bancone che esce. Inoltre, non è stata stabilita una relazione temporale chiara tra l'urlo dell'uomo con gli occhiali e l'uscita dell'uomo dietro il bancone. Questo rende difficile determinare la sequenza temporale richiesta dalla domanda."
gemma-4-12B,video001,3,Perché il signore con gli occhiali balbetta?,causale,C2,C2|T1,2,signore con gli occhiali,effetto da spiegare: il signore con gli occhiali balbetta; causa/antecedente: da identificare nell'evidenza disponibile,riconoscere l'effetto o comportamento da spiegare; recuperare il contesto pertinente; inferire la causa/intenzione/motivazione solo se supportata dalle evidenze; evitare di colmare lacune con conoscenza non presente nel video,"la risposta richiede almeno un passaggio inferenziale implicito su motivazione, intenzione, stato mentale, valutazione sociale, finalità procedurale o relazione causale non direttamente osservabile",two_intervals,2,implicita,moderata,"[""causale"", ""temporale""]",50,40,30,35,parziale,"['Identificazione del signore con gli occhiali come cliente/intervistato in vari segmenti.', 'Eventi di interazione e conversazione tra il signore con gli occhiali e il farmacista.']","['Descrizione esplicita del signore con gli occhiali che balbetta.', 'Causa o contesto che spiega il balbettio del signore con gli occhiali.', 'Inferenza sulla motivazione o stato mentale del signore con gli occhiali.']","Il modello ha identificato il signore con gli occhiali e alcuni eventi di interazione, ma manca l'osservazione diretta del balbettio e la causa o il contesto che lo spiega. L'inferenza richiesta non è supportata dalle evidenze disponibili."
gemma-4-12B,video002,1,Dove si trova la moglie dell'uomo con gli occhiali?,spaziale,S0,S0,0,moglie dell'uomo con gli occhiali; uomo con gli occhiali; luogo in cui si trova la moglie,localizzazione della moglie dell'uomo con gli occhiali,identificare il referente target; recuperare una singola evidenza spaziale direttamente osservabile; restituire la localizzazione senza confronto tra fasi,recupero spaziale diretto da una singola evidenza stabile; nessun confronto temporale o ricostruzione di stato,single_frame,1,esplicita,nessuna,"[""spaziale""]",100,100,100,100,completa,"[""Identificazione dell'uomo con gli occhiali (e1) e della donna (e2) in più segmenti."", ""Relazione spaziale 'vicino a' tra l'uomo e la donna in diversi segmenti."", ""Eventi di interazione tra l'uomo e la donna, come baci e conversazioni."", ""La donna è sempre vicina all'uomo con gli occhiali in tutti i segmenti osservati.""]",[],"Il modello ha identificato correttamente tutte le entità richieste, inclusi l'uomo con gli occhiali e la donna, che è presumibilmente sua moglie. Gli eventi di interazione tra i due sono stati osservati e descritti, e la relazione spaziale tra di loro è stata chiaramente stabilita in più segmenti. Non ci sono lacune significative nella rappresentazione che impediscano di rispondere alla domanda."
gemma-4-12B,video002,2,La donna bionda sbuffa prima o dopo che il telefono squilli?,temporale,T1,T1,1,donna bionda; telefono,evento A: la donna bionda sbuffa; evento B: il telefono squilla,"riconoscere i due eventi oppure l'evento e l'ancora temporale; localizzarli nella sequenza; determinare la relazione prima/dopo, primo/secondo, corrente/precedente o il momento richiesto",localizzazione rispetto a un'ancora temporale esplicita oppure ordinamento pairwise tra due eventi/stati direttamente identificabili,two_intervals,2,esplicita,alta,"[""temporale""]",0,0,0,0,insufficiente,[],"['Evento A: la donna bionda sbuffa', 'Evento B: il telefono squilla', 'Relazione temporale tra lo sbuffo della donna e lo squillo del telefono']","La rappresentazione del modello non include alcuna informazione sugli eventi specifici richiesti dalla domanda: lo sbuffo della donna bionda e lo squillo del telefono. Senza questi eventi, non è possibile determinare la relazione temporale richiesta. Pertanto, la comprensione è insufficiente."
gemma-4-12B,video002,3,Perché l'uomo con gli occhiali fa degli strani versi al telefono e lo allontana dall'orecchio?,causale,C2,C2|T1,2,uomo con gli occhiali; telefono,effetto da spiegare: l'uomo fa strani versi e allontana il telefono dall'orecchio; causa/antecedente: da identificare nell'evidenza disponibile,riconoscere l'effetto o comportamento da spiegare; recuperare il contesto pertinente; inferire la causa/intenzione/motivazione solo se supportata dalle evidenze; evitare di colmare lacune con conoscenza non presente nel video,"la risposta richiede almeno un passaggio inferenziale implicito su motivazione, intenzione, stato mentale, valutazione sociale, finalità procedurale o relazione causale non direttamente osservabile",two_intervals,2,implicita,moderata,"[""causale"", ""temporale""]",50,30,20,25,insufficiente,"['uomo con occhiali identificato', 'telefono identificato', 'uomo parla al telefono']","['uomo fa strani versi al telefono', ""uomo allontana il telefono dall'orecchio"", ""causa o antecedente dell'azione dell'uomo"", ""contesto che spiega l'azione dell'uomo""]","Il modello ha identificato l'uomo con gli occhiali e il telefono, ma non ha recuperato l'evento specifico in cui l'uomo fa strani versi e allontana il telefono dall'orecchio. Mancano anche informazioni sul contesto o la causa di questo comportamento, rendendo impossibile l'inferenza richiesta. La comprensione complessiva è insufficiente per affrontare la domanda."
gemma-4-12B,video003,1,"Quando l'uomo con la maglietta gialla dice: 'Ma chi c'ha messo qui?', dov'è il 'qui'?",spaziale,S1,S1|T0,1,uomo con la maglietta gialla; referente deittico «qui»,evento contestuale: l'uomo dice «Ma chi c'ha messo qui?»; localizzazione del referente di «qui»,"riconoscere l'evento o la relazione spaziale pertinente; allineare il referente all'intervallo locale; recuperare origine, destinazione, direzione, supporto o posizione richiesta",una relazione spaziale esplicita o una localizzazione condizionata da un singolo evento osservabile nello stesso intervallo locale,local_interval,2,parzialmente implicita,moderata,"[""spaziale"", ""temporale""]",0,0,0,0,insufficiente,[],"['uomo con la maglietta gialla', ""evento in cui l'uomo dice 'Ma chi c'ha messo qui?'"", ""localizzazione del referente deittico 'qui'""]","La rappresentazione del modello non include l'uomo con la maglietta gialla né l'evento in cui pronuncia la frase 'Ma chi c'ha messo qui?'. Inoltre, manca qualsiasi riferimento alla localizzazione del 'qui'. Senza queste informazioni, non è possibile determinare il contesto spaziale richiesto dalla domanda."
gemma-4-12B,video003,2,La finestra del balcone viene chiusa prima o dopo che l'uomo urli 'barbone'?,temporale,T1,T1,1,finestra del balcone; uomo che urla «barbone»,evento A: la finestra del balcone viene chiusa; evento B: l'uomo urla «barbone»,"riconoscere i due eventi oppure l'evento e l'ancora temporale; localizzarli nella sequenza; determinare la relazione prima/dopo, primo/secondo, corrente/precedente o il momento richiesto",localizzazione rispetto a un'ancora temporale esplicita oppure ordinamento pairwise tra due eventi/stati direttamente identificabili,two_intervals,2,esplicita,alta,"[""temporale""]",0,0,0,0,insufficiente,[],"['Finestra del balcone', ""Uomo che urla 'barbone'"", 'Evento di chiusura della finestra del balcone', ""Evento dell'uomo che urla 'barbone'"", ""Relazione temporale tra la chiusura della finestra e l'urlo 'barbone'""]","La rappresentazione del modello non include alcuna informazione riguardante la finestra del balcone o l'uomo che urla 'barbone'. Non sono stati identificati né gli eventi specifici richiesti né la relazione temporale tra di essi. Pertanto, la comprensione è insufficiente per affrontare la domanda."
gemma-4-12B,video003,3,Perché l'uomo con la maglietta gialla si preoccupa di cosa dirà allo zio?,causale,C2,C2|T1,2,uomo con la maglietta gialla; zio; contenuto di ciò che dovrà dire,effetto da spiegare: l'uomo si preoccupa di cosa dirà allo zio; causa/antecedente: da identificare nell'evidenza disponibile,riconoscere l'effetto o comportamento da spiegare; recuperare il contesto pertinente; inferire la causa/intenzione/motivazione solo se supportata dalle evidenze; evitare di colmare lacune con conoscenza non presente nel video,"la risposta richiede almeno un passaggio inferenziale implicito su motivazione, intenzione, stato mentale, valutazione sociale, finalità procedurale o relazione causale non direttamente osservabile",two_intervals,2,implicita,moderata,"[""causale"", ""temporale""]",50,30,20,25,insufficiente,"['uomo con maglietta gialla identificato in segment_0005', 'conversazione tra due uomini in segment_0009']","['nessuna menzione dello zio', ""nessuna evidenza di preoccupazione dell'uomo con la maglietta gialla"", 'nessuna informazione sul contenuto di ciò che dovrà dire', 'nessuna causa o motivazione per la preoccupazione']","La rappresentazione del modello non recupera informazioni chiave necessarie per rispondere alla domanda. Manca completamente l'identificazione dello zio e non c'è alcuna evidenza di preoccupazione o del contenuto di ciò che l'uomo con la maglietta gialla dovrà dire. Inoltre, non ci sono elementi che permettano di inferire una causa o motivazione per la preoccupazione. Pertanto, la comprensione è insufficiente."
gemma-4-12B,video004,1,Dove si trova il cane quando viene dato il comando 'dietro'?,spaziale,S1,S1|T0,1,cane; persona che impartisce il comando; posizione associata a «dietro»,evento contestuale: viene dato il comando «dietro»; localizzazione del cane in quel momento,"riconoscere l'evento o la relazione spaziale pertinente; allineare il referente all'intervallo locale; recuperare origine, destinazione, direzione, supporto o posizione richiesta",una relazione spaziale esplicita o una localizzazione condizionata da un singolo evento osservabile nello stesso intervallo locale,local_interval,2,esplicita,moderata,"[""spaziale"", ""temporale""]",0,0,0,0,insufficiente,[],"[""Posizione del cane quando viene dato il comando 'dietro'."", ""Evento in cui viene dato il comando 'dietro'."", ""Relazione spaziale tra il cane e la persona al momento del comando 'dietro'."", ""Localizzazione del cane in relazione alla posizione 'dietro'.""]","La rappresentazione del modello non include alcuna informazione riguardante il comando 'dietro' o la posizione del cane in relazione a tale comando. Mancano sia l'evento del comando sia la localizzazione spaziale richiesta, rendendo impossibile rispondere alla domanda."
gemma-4-12B,video004,2,"Cosa viene ordinato prima al cane, 'due' o 'spin'?",temporale,T1,T1,1,cane; comando «due»; comando «spin»,evento A: viene impartito il comando «due»; evento B: viene impartito il comando «spin»,"riconoscere i due eventi oppure l'evento e l'ancora temporale; localizzarli nella sequenza; determinare la relazione prima/dopo, primo/secondo, corrente/precedente o il momento richiesto",localizzazione rispetto a un'ancora temporale esplicita oppure ordinamento pairwise tra due eventi/stati direttamente identificabili,two_intervals,2,esplicita,alta,"[""temporale""]",0,0,0,0,insufficiente,[],"[""Comando 'due'"", ""Comando 'spin'"", ""Evento A: viene impartito il comando 'due'"", ""Evento B: viene impartito il comando 'spin'"", ""Relazione temporale tra i comandi 'due' e 'spin'""]","La rappresentazione del modello non include alcuna informazione sui comandi 'due' e 'spin', né sugli eventi associati alla loro esecuzione. Mancano completamente le entità e gli eventi necessari per determinare l'ordine temporale tra i due comandi. Pertanto, la comprensione è insufficiente."
gemma-4-12B,video004,3,Perché il padrone dice al cane 'incrocia bene'?,causale,C1,C1|T0,1,padrone; cane; posizione delle zampe o postura da incrociare,effetto da spiegare: il padrone dice al cane «incrocia bene»; causa/antecedente: da identificare nell'evidenza disponibile,riconoscere l'effetto; individuare un antecedente o stato direttamente osservabile/esplicitamente disponibile; verificare il nesso causale senza attribuire intenzioni o motivazioni non supportate,"nesso causa-effetto fisico, sistemico o comportamentale direttamente osservabile nello stesso intervallo locale",local_interval,1,esplicita,moderata,"[""causale"", ""temporale""]",50,30,20,25,insufficiente,"['Cane identificato in vari segmenti', 'Presenza di una persona con una mano visibile']","['Posizione delle zampe o postura da incrociare', ""Evento specifico in cui il padrone dice 'incrocia bene'"", ""Causa o antecedente per il comando 'incrocia bene'""]","La rappresentazione del modello include il cane e una persona, ma manca l'evento specifico in cui il padrone dice 'incrocia bene' e la causa o antecedente che giustifica questo comando. Senza queste informazioni, non è possibile stabilire un nesso causale tra l'azione del padrone e il comportamento del cane. Pertanto, la comprensione è insufficiente per affrontare la domanda."
gemma-4-12B,video005,1,Dove viene inserito il beccuccio della lozione?,spaziale,S1,S1|T0,1,beccuccio della lozione; orecchio o condotto auricolare del cane; lozione,evento: inserimento del beccuccio della lozione; posizione anatomica di inserimento,"riconoscere l'evento o la relazione spaziale pertinente; allineare il referente all'intervallo locale; recuperare origine, destinazione, direzione, supporto o posizione richiesta",una relazione spaziale esplicita o una localizzazione condizionata da un singolo evento osservabile nello stesso intervallo locale,local_interval,1,esplicita,moderata,"[""spaziale"", ""temporale""]",80,70,60,65,sufficiente,"[""Beccuccio della lozione identificato come 'spray' (e3)"", 'Orecchio del cane identificato come parte del cane (e2)', ""Evento di spruzzare prodotto nell'orecchio del cane osservato""]","[""Esplicita menzione dell'inserimento del beccuccio nel condotto auricolare"", 'Descrizione dettagliata della posizione anatomica di inserimento']","Il modello ha identificato correttamente le entità principali come il beccuccio della lozione e l'orecchio del cane, e ha osservato l'evento di spruzzare il prodotto nell'orecchio. Tuttavia, manca una descrizione esplicita dell'inserimento del beccuccio nel condotto auricolare, che è un elemento chiave per rispondere alla domanda. La rappresentazione è sufficiente per affrontare la domanda, ma con alcune lacune."
gemma-4-12B,video005,2,Il massaggio viene fatto prima o dopo l'applicazione del detergente auricolare?,temporale,T1,T1,1,massaggio; detergente auricolare; orecchio del cane,evento A: viene effettuato il massaggio; evento B: viene fatto uscire il detergente auricolare,"riconoscere i due eventi oppure l'evento e l'ancora temporale; localizzarli nella sequenza; determinare la relazione prima/dopo, primo/secondo, corrente/precedente o il momento richiesto",localizzazione rispetto a un'ancora temporale esplicita oppure ordinamento pairwise tra due eventi/stati direttamente identificabili,two_intervals,2,esplicita,alta,"[""temporale""]",50,70,40,45,parziale,"[""Detergente auricolare applicato nell'orecchio del cane (segment_0000, segment_0001)"", 'Trattamento auricolare del cane (segment_0000, segment_0001)']","[""Massaggio all'orecchio del cane"", 'Relazione temporale tra applicazione del detergente e massaggio']","Il modello ha identificato l'applicazione del detergente auricolare nell'orecchio del cane, ma non ha rilevato l'evento del massaggio. Senza l'identificazione di entrambi gli eventi, non è possibile determinare la relazione temporale richiesta dalla domanda. Pertanto, la comprensione è parziale."
gemma-4-12B,video005,3,Perché il massaggio all'orecchio del cane produce un suono?,causale,C1,C1|T0,1,massaggio; orecchio del cane; detergente o liquido auricolare; suono prodotto,effetto da spiegare: il massaggio all'orecchio produce un suono; causa/antecedente: da identificare nell'evidenza disponibile,riconoscere l'effetto; individuare un antecedente o stato direttamente osservabile/esplicitamente disponibile; verificare il nesso causale senza attribuire intenzioni o motivazioni non supportate,"nesso causa-effetto fisico, sistemico o comportamentale direttamente osservabile nello stesso intervallo locale",local_interval,1,esplicita,moderata,"[""causale"", ""temporale""]",80,70,60,65,sufficiente,"['Persona (operatore) e cane (paziente) identificati.', ""Spray applicato nell'orecchio del cane."", 'Trattamento auricolare del cane osservato.']","['Descrizione del suono prodotto dal massaggio.', 'Esplicita connessione causale tra il massaggio e il suono prodotto.']","Il modello ha identificato correttamente le entità principali come la persona, il cane e lo spray utilizzato per il trattamento auricolare. Gli eventi di applicazione dello spray e il trattamento auricolare sono stati osservati, ma manca una descrizione esplicita del suono prodotto e una chiara connessione causale tra il massaggio e il suono. La rappresentazione è sufficiente per affrontare la domanda, ma con alcune lacune nella spiegazione causale."
gemma-4-12B,video006,1,Dove parla il ragazzo che dice 'pizza'?,spaziale,S1,S1|T0,1,ragazzo che dice «pizza»; luogo in cui parla,evento: il ragazzo pronuncia «pizza»; localizzazione del ragazzo durante l'enunciato,"riconoscere l'evento o la relazione spaziale pertinente; allineare il referente all'intervallo locale; recuperare origine, destinazione, direzione, supporto o posizione richiesta",una relazione spaziale esplicita o una localizzazione condizionata da un singolo evento osservabile nello stesso intervallo locale,local_interval,1,esplicita,moderata,"[""spaziale"", ""temporale""]",0,0,0,0,insufficiente,[],"[""Identificazione del ragazzo che dice 'pizza'."", ""Localizzazione del ragazzo durante l'enunciato 'pizza'."", ""Evento specifico in cui il ragazzo pronuncia 'pizza'."", ""Relazione spaziale esplicita o localizzazione condizionata dall'evento.""]","La rappresentazione del modello non include alcuna informazione riguardante il ragazzo che dice 'pizza' o il luogo in cui lo fa. Non sono stati identificati né l'evento specifico né la localizzazione richiesta, rendendo impossibile rispondere alla domanda."
gemma-4-12B,video006,2,"Chi saluta per primo, l'uomo con la maglia bianca o quello con la maglia verde?",temporale,T1,T1,1,uomo con la maglia bianca; uomo con la maglia verde,evento A: l'uomo con la maglia bianca saluta; evento B: l'uomo con la maglia verde saluta,"riconoscere i due eventi oppure l'evento e l'ancora temporale; localizzarli nella sequenza; determinare la relazione prima/dopo, primo/secondo, corrente/precedente o il momento richiesto",localizzazione rispetto a un'ancora temporale esplicita oppure ordinamento pairwise tra due eventi/stati direttamente identificabili,two_intervals,2,esplicita,alta,"[""temporale""]",0,0,0,0,insufficiente,[],"[""Identificazione dell'uomo con la maglia bianca che saluta."", ""Identificazione dell'uomo con la maglia verde che saluta."", 'Ordinamento temporale degli eventi di saluto.']","La rappresentazione del modello non include alcuna informazione sugli eventi di saluto da parte dell'uomo con la maglia bianca o di quello con la maglia verde. Non sono stati identificati né gli eventi di saluto né l'ordine temporale tra di essi, rendendo impossibile rispondere alla domanda."
gemma-4-12B,video006,3,Perché l'uomo decide di non pagare il ragazzo?,causale,C2,C2|T1,2,uomo che dovrebbe pagare; ragazzo; pagamento,effetto da spiegare: l'uomo decide di non pagare il ragazzo; causa/antecedente: da identificare nell'evidenza disponibile,riconoscere l'effetto o comportamento da spiegare; recuperare il contesto pertinente; inferire la causa/intenzione/motivazione solo se supportata dalle evidenze; evitare di colmare lacune con conoscenza non presente nel video,"la risposta richiede almeno un passaggio inferenziale implicito su motivazione, intenzione, stato mentale, valutazione sociale, finalità procedurale o relazione causale non direttamente osservabile",two_intervals,2,implicita,moderata,"[""causale"", ""temporale""]",50,40,30,35,parziale,"['uomo con maglietta bianca e capelli scuri', 'ragazzo con maglietta bianca', 'consegna di cibo a domicilio', 'scambio di pizza alla porta']","[""decisione dell'uomo di non pagare"", ""motivazione o causa per cui l'uomo decide di non pagare"", 'interazione diretta tra uomo e ragazzo riguardo al pagamento']","La rappresentazione del modello include alcune entità e eventi rilevanti, come l'uomo e il ragazzo, e la consegna di cibo. Tuttavia, manca l'evento chiave della decisione di non pagare e la motivazione dietro questa decisione. Senza queste informazioni, l'inferenza richiesta non può essere completata."
gemma-4-12B,video007,1,Dove si trova Anastasia quando inizia a piangere?,spaziale,S1,S1|T0,1,Anastasia; luogo in cui si trova,evento contestuale: Anastasia inizia a piangere; localizzazione di Anastasia in quel momento,"riconoscere l'evento o la relazione spaziale pertinente; allineare il referente all'intervallo locale; recuperare origine, destinazione, direzione, supporto o posizione richiesta",una relazione spaziale esplicita o una localizzazione condizionata da un singolo evento osservabile nello stesso intervallo locale,local_interval,2,esplicita,moderata,"[""spaziale"", ""temporale""]",50,20,10,25,insufficiente,"['Anastasia è identificata come una ragazza con capelli lunghi castani e maglia rossa a maniche lunghe.', 'Anastasia è vista interagire con un letto e un telecomando.']","['Non è specificato il momento in cui Anastasia inizia a piangere.', 'Non è indicata la posizione di Anastasia quando inizia a piangere.', 'Non è presente un evento di pianto associato ad Anastasia.']","La rappresentazione del modello identifica Anastasia e alcuni oggetti con cui interagisce, ma manca completamente l'evento specifico del pianto e la localizzazione di Anastasia in quel momento. Senza queste informazioni, non è possibile rispondere alla domanda."
gemma-4-12B,video007,2,La bambina ride prima o dopo essere caduta?,temporale,T1,T1,1,bambina; caduta,evento A: la bambina ride; evento B: la bambina cade,"riconoscere i due eventi oppure l'evento e l'ancora temporale; localizzarli nella sequenza; determinare la relazione prima/dopo, primo/secondo, corrente/precedente o il momento richiesto",localizzazione rispetto a un'ancora temporale esplicita oppure ordinamento pairwise tra due eventi/stati direttamente identificabili,two_intervals,2,esplicita,alta,"[""temporale""]",50,30,20,30,insufficiente,"['La bambina è identificata come entità.', 'La bambina sorride in più segmenti.']","['Evento della caduta della bambina non identificato.', 'Relazione temporale tra il ridere e la caduta non determinata.']","La rappresentazione del modello identifica la bambina e il suo sorriso, ma manca completamente l'evento della caduta, che è cruciale per rispondere alla domanda. Senza l'identificazione di entrambi gli eventi e la loro relazione temporale, non è possibile determinare se la bambina ride prima o dopo essere caduta. Pertanto, la comprensione è insufficiente."
gemma-4-12B,video007,3,Perché Anastasia piange?,causale,C1,C1|T1,1,Anastasia,effetto da spiegare: Anastasia piange; causa/antecedente: da identificare nell'evidenza disponibile,riconoscere l'effetto; individuare un antecedente o stato direttamente osservabile/esplicitamente disponibile; verificare il nesso causale senza attribuire intenzioni o motivazioni non supportate,"collegamento causale diretto tra un antecedente esplicito e una conseguenza esplicita, con al massimo due unità di evidenza",two_intervals,2,parzialmente implicita,moderata,"[""causale"", ""temporale""]",50,30,20,25,insufficiente,"['Anastasia (ragazza/bambina) è presente nei segmenti', 'Anastasia interagisce con il letto e il telecomando', 'Anastasia si sdraia sul letto']","['Anastasia piange', 'Causa o antecedente del pianto di Anastasia', 'Nesso causale tra un evento e il pianto di Anastasia']","La rappresentazione del modello identifica Anastasia e alcune sue azioni, ma manca completamente l'evento del pianto e qualsiasi causa o antecedente che possa spiegare tale comportamento. Senza l'evento del pianto e un nesso causale esplicito, non è possibile rispondere alla domanda. La comprensione è insufficiente."
gemma-4-12B,video008,1,Dove mette 'spesa proletaria' l'uomo con la fascia rossa?,spaziale,S1,S1|T0,1,uomo con la fascia rossa; oggetto o denaro chiamato «spesa proletaria»,evento: l'uomo mette la «spesa proletaria» in un luogo; localizzazione della destinazione,"riconoscere l'evento o la relazione spaziale pertinente; allineare il referente all'intervallo locale; recuperare origine, destinazione, direzione, supporto o posizione richiesta",una relazione spaziale esplicita o una localizzazione condizionata da un singolo evento osservabile nello stesso intervallo locale,local_interval,1,esplicita,moderata,"[""spaziale"", ""temporale""]",0,0,0,0,insufficiente,[],"[""Identificazione dell'uomo con la fascia rossa che interagisce con la 'spesa proletaria'."", ""Evento in cui l'uomo con la fascia rossa mette la 'spesa proletaria' in un luogo."", ""Localizzazione della destinazione della 'spesa proletaria'."", ""Relazione spaziale esplicita tra l'uomo con la fascia rossa e la 'spesa proletaria'."", ""Descrizione o menzione della 'spesa proletaria'.""]","La rappresentazione del modello non include alcuna informazione riguardante l'oggetto o il denaro chiamato 'spesa proletaria', né l'azione specifica dell'uomo con la fascia rossa che lo mette in un luogo. Mancano completamente le entità e gli eventi richiesti per rispondere alla domanda, rendendo impossibile qualsiasi inferenza spaziale o temporale pertinente."
gemma-4-12B,video008,2,La donna con il grembiule rosso arriva prima o dopo che l'uomo con il gilet nero spieghi il piano di fuga all'uomo col completo?,temporale,T1,T1,1,donna con il grembiule rosso; uomo con il gilet nero; uomo con il completo; piano di fuga,evento A: la donna con il grembiule rosso arriva; evento B: l'uomo con il gilet nero spiega il piano di fuga all'uomo col completo,"riconoscere i due eventi oppure l'evento e l'ancora temporale; localizzarli nella sequenza; determinare la relazione prima/dopo, primo/secondo, corrente/precedente o il momento richiesto",localizzazione rispetto a un'ancora temporale esplicita oppure ordinamento pairwise tra due eventi/stati direttamente identificabili,two_intervals,2,esplicita,alta,"[""temporale""]",0,0,0,0,insufficiente,[],"['donna con il grembiule rosso', 'uomo con il gilet nero', 'uomo con il completo', 'piano di fuga', 'evento A: la donna con il grembiule rosso arriva', ""evento B: l'uomo con il gilet nero spiega il piano di fuga all'uomo col completo""]","La rappresentazione del modello non include alcuna delle entità o degli eventi richiesti dalla domanda. Non ci sono riferimenti a una donna con un grembiule rosso, un uomo con un gilet nero, un uomo con un completo, né a un piano di fuga. Di conseguenza, non è possibile determinare la relazione temporale tra gli eventi richiesti. La comprensione è insufficiente."
gemma-4-12B,video008,3,Perché l'uomo con il completo grigio è preoccupato di finire 'elemosinaro'?,causale,C2,C2|T1,2,uomo con completo grigio; condizione di «elemosinaro»,effetto da spiegare: l'uomo teme di finire «elemosinaro»; causa/antecedente: da identificare nell'evidenza disponibile,riconoscere l'effetto o comportamento da spiegare; recuperare il contesto pertinente; inferire la causa/intenzione/motivazione solo se supportata dalle evidenze; evitare di colmare lacune con conoscenza non presente nel video,"la risposta richiede almeno un passaggio inferenziale implicito su motivazione, intenzione, stato mentale, valutazione sociale, finalità procedurale o relazione causale non direttamente osservabile",two_intervals,2,implicita,moderata,"[""causale"", ""temporale""]",50,40,30,35,parziale,"['uomo in abito grigio identificato', ""interazioni fisiche e verbali tra l'uomo in abito grigio e altri personaggi""]","[""motivazione specifica per cui l'uomo teme di finire 'elemosinaro'"", ""contesto sociale o economico che spiega la preoccupazione dell'uomo"", ""collegamento tra eventi osservati e la preoccupazione dell'uomo""]","Il modello ha identificato l'uomo in abito grigio e alcune interazioni fisiche e verbali, ma manca la motivazione specifica per cui l'uomo teme di finire 'elemosinaro'. Non è stato recuperato il contesto sociale o economico necessario per spiegare la preoccupazione dell'uomo, né un collegamento chiaro tra gli eventi osservati e la sua preoccupazione."
gemma-4-12B,video009,1,Dove mette i 100 dollari l'uomo col cappello peloso?,spaziale,S1,S1|T0,1,uomo col cappello peloso; 100 dollari,evento: l'uomo mette i 100 dollari in un luogo; localizzazione della destinazione,"riconoscere l'evento o la relazione spaziale pertinente; allineare il referente all'intervallo locale; recuperare origine, destinazione, direzione, supporto o posizione richiesta",una relazione spaziale esplicita o una localizzazione condizionata da un singolo evento osservabile nello stesso intervallo locale,local_interval,1,esplicita,moderata,"[""spaziale"", ""temporale""]",50,0,0,10,insufficiente,['uomo con cappello di pelliccia identificato come e1'],"['Evento di mettere i 100 dollari in un luogo', 'Localizzazione della destinazione dei 100 dollari', ""Riconoscimento dell'evento o relazione spaziale pertinente"", 'Origine, destinazione, direzione, supporto o posizione dei 100 dollari']","L'analisi del modello ha identificato l'uomo con il cappello di pelliccia, ma non ha recuperato alcuna informazione sull'evento di mettere i 100 dollari in un luogo specifico. Non ci sono evidenze di un'azione o di una relazione spaziale che coinvolga i 100 dollari, né informazioni sulla destinazione. Pertanto, la rappresentazione è insufficiente per affrontare la domanda."
gemma-4-12B,video009,2,L'uomo con il cappello peloso viene scambiato per omosessuale prima o dopo aver chiesto il cambio di camera?,temporale,T1,T1,1,uomo col cappello peloso; camera o richiesta di cambio,evento A: l'uomo viene scambiato per omosessuale; evento B: l'uomo chiede il cambio di camera,"riconoscere i due eventi oppure l'evento e l'ancora temporale; localizzarli nella sequenza; determinare la relazione prima/dopo, primo/secondo, corrente/precedente o il momento richiesto",localizzazione rispetto a un'ancora temporale esplicita oppure ordinamento pairwise tra due eventi/stati direttamente identificabili,two_intervals,2,esplicita,alta,"[""temporale""]",0,0,0,0,insufficiente,[],"[""Identificazione dell'uomo con il cappello peloso"", ""Evento in cui l'uomo viene scambiato per omosessuale"", ""Evento in cui l'uomo chiede il cambio di camera"", 'Relazione temporale tra i due eventi']","La rappresentazione del modello non recupera nessuna delle entità o degli eventi specifici richiesti dalla domanda. Non è identificato l'uomo con il cappello peloso, né sono riconosciuti gli eventi di essere scambiato per omosessuale o di chiedere il cambio di camera. Di conseguenza, non è possibile determinare la relazione temporale tra questi eventi. La comprensione è quindi insufficiente."
gemma-4-12B,video009,3,Perché l'uomo con il cappello peloso urla 'a me non piacciono gli uomini'?,causale,C1,C1|T1,1,uomo col cappello peloso; uomini a cui fa riferimento,effetto da spiegare: l'uomo urla «a me non piacciono gli uomini»; causa/antecedente: da identificare nell'evidenza disponibile,riconoscere l'effetto; individuare un antecedente o stato direttamente osservabile/esplicitamente disponibile; verificare il nesso causale senza attribuire intenzioni o motivazioni non supportate,"collegamento causale diretto tra un antecedente esplicito e una conseguenza esplicita, con al massimo due unità di evidenza",two_intervals,2,parzialmente implicita,moderata,"[""causale"", ""temporale""]",50,50,30,40,parziale,"['uomo con cappello di pelliccia identificato', 'uomo con cappellino identificato', 'interazione tra due uomini osservata']","[""urlo 'a me non piacciono gli uomini' non osservato"", ""causa dell'urlo non identificata"", 'nesso causale tra antecedente e urlo non stabilito']","Il modello ha identificato correttamente le entità principali, come l'uomo con il cappello di pelliccia e l'uomo con il cappellino, e ha osservato un'interazione tra di loro. Tuttavia, manca l'osservazione dell'urlo specifico 'a me non piacciono gli uomini' e non è stato identificato un antecedente chiaro che possa spiegare l'urlo. Inoltre, il nesso causale richiesto dalla domanda non è stato stabilito. Pertanto, la comprensione è parziale."
gemma-4-12B,video010,1,Da dove scende l'acqua?,spaziale,S1,S1|T0,1,acqua; punto o struttura da cui scende,evento: l'acqua scende; localizzazione del punto di origine,"riconoscere l'evento o la relazione spaziale pertinente; allineare il referente all'intervallo locale; recuperare origine, destinazione, direzione, supporto o posizione richiesta",una relazione spaziale esplicita o una localizzazione condizionata da un singolo evento osservabile nello stesso intervallo locale,local_interval,1,esplicita,moderata,"[""spaziale"", ""temporale""]",0,0,0,0,insufficiente,[],"['Entità: acqua, punto o struttura da cui scende', ""Evento: l'acqua scende, localizzazione del punto di origine"", ""Inferenza: riconoscere l'evento o la relazione spaziale pertinente""]","La rappresentazione del modello non include alcuna informazione relativa all'acqua o al suo movimento. Non sono presenti entità o eventi che indichino la presenza di acqua che scende, né vi è alcuna inferenza spaziale o temporale che possa suggerire un'origine o una direzione per l'acqua. Pertanto, il modello non ha recuperato nessuno dei requisiti necessari per rispondere alla domanda."
gemma-4-12B,video010,2,I familiari dei pazienti denunciano i danni all'ospedale prima o dopo che piova?,temporale,T1,T1,1,familiari dei pazienti; danni all'ospedale,evento A: i familiari denunciano i danni all'ospedale; evento B: piove,"riconoscere i due eventi oppure l'evento e l'ancora temporale; localizzarli nella sequenza; determinare la relazione prima/dopo, primo/secondo, corrente/precedente o il momento richiesto",localizzazione rispetto a un'ancora temporale esplicita oppure ordinamento pairwise tra due eventi/stati direttamente identificabili,two_intervals,2,esplicita,alta,"[""temporale""]",0,0,0,0,insufficiente,[],"['Familiari dei pazienti', ""Denuncia dei danni all'ospedale"", 'Evento di pioggia', 'Relazione temporale tra denuncia e pioggia']","La rappresentazione del modello non include alcuna informazione riguardante i familiari dei pazienti, la denuncia dei danni all'ospedale o un evento di pioggia. Senza questi elementi, non è possibile determinare la relazione temporale richiesta dalla domanda. Pertanto, la comprensione è insufficiente."
gemma-4-12B,video010,3,Perché i pazienti e i familiari sono arrabbiati?,causale,C2,C2|T1,2,pazienti; familiari; ospedale; danni o condizioni problematiche,effetto da spiegare: pazienti e familiari sono arrabbiati; causa/antecedente: da identificare nell'evidenza disponibile,riconoscere l'effetto o comportamento da spiegare; recuperare il contesto pertinente; inferire la causa/intenzione/motivazione solo se supportata dalle evidenze; evitare di colmare lacune con conoscenza non presente nel video,"la risposta richiede almeno un passaggio inferenziale implicito su motivazione, intenzione, stato mentale, valutazione sociale, finalità procedurale o relazione causale non direttamente osservabile",two_intervals,2,implicita,moderata,"[""causale"", ""temporale""]",0,50,30,30,parziale,"['Presenza di detriti e contenitori rovesciati in un corridoio ospedaliero', 'Cedimento del soffitto con cavi esposti']","['Pazienti e familiari non sono identificati', 'Non è esplicitato che i pazienti e i familiari siano arrabbiati', ""Non è chiara la connessione tra i danni osservati e l'arrabbiatura dei pazienti e familiari""]","Il modello ha identificato eventi di danno strutturale nell'ospedale, come detriti e cedimenti del soffitto, ma non ha recuperato informazioni su pazienti e familiari né ha esplicitato la loro arrabbiatura. Mancano quindi le entità chiave e la connessione causale necessaria per rispondere alla domanda."
gemma-4-12B,video011,1,Dove si trova il cellulare?,spaziale,S0,S0,0,cellulare; luogo o superficie in cui si trova,localizzazione del cellulare,identificare il referente target; recuperare una singola evidenza spaziale direttamente osservabile; restituire la localizzazione senza confronto tra fasi,recupero spaziale diretto da una singola evidenza stabile; nessun confronto temporale o ricostruzione di stato,single_frame,1,esplicita,nessuna,"[""spaziale""]",100,100,100,100,completa,"[""Lo smartphone è identificato come 'e2'."", ""Lo smartphone è tenuto dall'uomo con entrambe le mani."", ""La relazione spaziale 'nelle mani di' tra lo smartphone e l'uomo è osservata con alta confidenza.""]",[],"Il modello ha identificato correttamente lo smartphone e la sua posizione nelle mani dell'uomo, soddisfacendo pienamente i requisiti della domanda. La localizzazione è chiara e diretta, senza necessità di inferenze complesse o confronti temporali."
gemma-4-12B,video011,2,La figlia si arrabbia prima o dopo aver chiamato il padre?,temporale,T1,T1,1,figlia; padre,evento A: la figlia si arrabbia; evento B: la figlia chiama il padre,"riconoscere i due eventi oppure l'evento e l'ancora temporale; localizzarli nella sequenza; determinare la relazione prima/dopo, primo/secondo, corrente/precedente o il momento richiesto",localizzazione rispetto a un'ancora temporale esplicita oppure ordinamento pairwise tra due eventi/stati direttamente identificabili,two_intervals,2,esplicita,alta,"[""temporale""]",0,0,0,0,insufficiente,[],"['Identificazione della figlia e del padre', 'Evento in cui la figlia si arrabbia', 'Evento in cui la figlia chiama il padre', ""Relazione temporale tra l'arrabbiarsi della figlia e la chiamata al padre""]","La rappresentazione del modello non include alcuna informazione riguardante la figlia o il padre, né gli eventi specifici richiesti dalla domanda. Non è possibile determinare la relazione temporale tra l'arrabbiarsi della figlia e la chiamata al padre, poiché nessuno dei due eventi è stato identificato. Pertanto, la comprensione è insufficiente."
gemma-4-12B,video011,3,Perché la figlia dice al padre 'scandaloso'?,causale,C2,C2|T1,2,figlia; padre; comportamento giudicato «scandaloso»,effetto da spiegare: la figlia dice al padre «scandaloso»; causa/antecedente: da identificare nell'evidenza disponibile,riconoscere l'effetto o comportamento da spiegare; recuperare il contesto pertinente; inferire la causa/intenzione/motivazione solo se supportata dalle evidenze; evitare di colmare lacune con conoscenza non presente nel video,"la risposta richiede almeno un passaggio inferenziale implicito su motivazione, intenzione, stato mentale, valutazione sociale, finalità procedurale o relazione causale non direttamente osservabile",two_intervals,2,implicita,moderata,"[""causale"", ""temporale""]",50,40,30,35,parziale,"['uomo con smartphone', ""espressione sorpresa dell'uomo"", 'conversazione telefonica']","[""figlia che dice 'scandaloso'"", ""comportamento specifico giudicato 'scandaloso'"", ""motivazione chiara per il giudizio 'scandaloso'""]","Il modello ha identificato alcune entità e eventi rilevanti, come l'uomo con lo smartphone e la sua espressione di sorpresa, ma manca l'identificazione della figlia e del comportamento specifico giudicato 'scandaloso'. Inoltre, non è stata recuperata una motivazione chiara per il giudizio 'scandaloso', rendendo l'inferenza incompleta."
gemma-4-12B,video012,1,Dove viene applicato l'ombretto dorato?,spaziale,S1,S1|T0,1,ombretto dorato; parte del volto o della palpebra; applicatrice,evento: applicazione dell'ombretto dorato; localizzazione della zona di applicazione,"riconoscere l'evento o la relazione spaziale pertinente; allineare il referente all'intervallo locale; recuperare origine, destinazione, direzione, supporto o posizione richiesta",una relazione spaziale esplicita o una localizzazione condizionata da un singolo evento osservabile nello stesso intervallo locale,local_interval,1,esplicita,moderata,"[""spaziale"", ""temporale""]",0,50,20,30,parziale,['Applicazione di ombretto con pennello su palpebra (segment_0003)'],"[""Identificazione specifica dell'ombretto dorato"", ""Localizzazione specifica dell'applicazione dell'ombretto dorato"", ""Riconoscimento dell'applicatrice specifica per l'ombretto dorato""]","Il modello ha identificato l'applicazione di ombretto su una palpebra, ma non ha specificato che si tratta di ombretto dorato. Mancano dettagli sull'identificazione dell'ombretto dorato e sulla localizzazione precisa della sua applicazione. L'inferenza spaziale richiesta non è supportata da evidenze sufficienti."
gemma-4-12B,video012,2,La base viene stesa prima o dopo l'ombretto sulla palpebra?,temporale,T1,T1,1,base per il trucco; ombretto; palpebra,evento A: viene stesa la base; evento B: viene applicato l'ombretto sulla palpebra,"riconoscere i due eventi oppure l'evento e l'ancora temporale; localizzarli nella sequenza; determinare la relazione prima/dopo, primo/secondo, corrente/precedente o il momento richiesto",localizzazione rispetto a un'ancora temporale esplicita oppure ordinamento pairwise tra due eventi/stati direttamente identificabili,two_intervals,2,esplicita,alta,"[""temporale""]",100,100,100,100,completa,"[""Entità 'base per il trucco' identificata come 'primer per ombretti'."", ""Entità 'ombretto' identificata come parte della 'palette'."", 'Evento A: applicazione del primer per ombretti (base) sulla palpebra, segment_0000.', ""Evento B: applicazione dell'ombretto sulla palpebra, segment_0002 e segment_0003."", ""Relazione temporale: applicazione del primer (base) avviene prima dell'applicazione dell'ombretto.""]",[],"Il modello ha identificato correttamente tutte le entità e gli eventi richiesti, e ha stabilito chiaramente la relazione temporale tra l'applicazione della base e dell'ombretto. La rappresentazione è completa e sufficiente per rispondere alla domanda."
gemma-4-12B,video012,3,Perché la donna decide di non partire dal fondotinta?,causale,C2,C2|T1,2,donna che si trucca; fondotinta,effetto da spiegare: la donna decide di non iniziare dal fondotinta; causa/antecedente: da identificare nell'evidenza disponibile,riconoscere l'effetto o comportamento da spiegare; recuperare il contesto pertinente; inferire la causa/intenzione/motivazione solo se supportata dalle evidenze; evitare di colmare lacune con conoscenza non presente nel video,"la risposta richiede almeno un passaggio inferenziale implicito su motivazione, intenzione, stato mentale, valutazione sociale, finalità procedurale o relazione causale non direttamente osservabile",two_intervals,2,implicita,moderata,"[""causale"", ""temporale""]",50,40,30,35,parziale,"['La donna applica il primer per ombretti.', 'La donna utilizza una palette di ombretti e un pennello per applicare il trucco sugli occhi.']","[""Non è stato osservato l'uso del fondotinta o una decisione esplicita di non usarlo."", 'Non ci sono indicazioni sul motivo per cui la donna non inizia con il fondotinta.']","Il modello ha identificato correttamente alcune azioni di trucco, come l'applicazione del primer e l'uso di ombretti, ma non ha recuperato informazioni specifiche sul fondotinta o sulla decisione di non utilizzarlo. Mancano elementi chiave per inferire la motivazione della scelta, rendendo la comprensione complessiva parziale."
gemma-4-12B,video013,1,Dove vengono aggiunti i due cucchiai in più di farina?,spaziale,S1,S1|T0,1,due cucchiai aggiuntivi di farina; donna che cucina,evento: aggiunta di due cucchiai di farina; localizzazione del recipiente di destinazione,"riconoscere l'evento o la relazione spaziale pertinente; allineare il referente all'intervallo locale; recuperare origine, destinazione, direzione, supporto o posizione richiesta",una relazione spaziale esplicita o una localizzazione condizionata da un singolo evento osservabile nello stesso intervallo locale,local_interval,1,esplicita,moderata,"[""spaziale"", ""temporale""]",50,60,40,50,parziale,"['Presenza di una persona che cucina (e1)', 'Presenza di farina (e3)', 'Azione di versare farina nel bicchiere (segment_0007)', 'Azione di usare un cucchiaio per aggiungere farina (segment_0007)']","['Azione specifica di aggiungere due cucchiai di farina', 'Localizzazione esplicita del recipiente di destinazione per i due cucchiai di farina']","Il modello ha identificato la presenza di una persona che cucina e l'uso della farina, ma non ha recuperato l'evento specifico dell'aggiunta di due cucchiai di farina né la localizzazione esplicita del recipiente di destinazione. L'inferenza spaziale richiesta non è completamente supportata, poiché manca l'informazione chiave su dove i cucchiai di farina vengono aggiunti."
gemma-4-12B,video013,2,La donna parla dello zucchero di canna prima o dopo aver rotto le uova?,temporale,T1,T1,1,donna; zucchero di canna; uova,evento A: la donna parla dello zucchero di canna; evento B: la donna rompe le uova,"riconoscere i due eventi oppure l'evento e l'ancora temporale; localizzarli nella sequenza; determinare la relazione prima/dopo, primo/secondo, corrente/precedente o il momento richiesto",localizzazione rispetto a un'ancora temporale esplicita oppure ordinamento pairwise tra due eventi/stati direttamente identificabili,two_intervals,2,esplicita,alta,"[""temporale""]",0,50,0,20,insufficiente,['Evento B: la donna rompe le uova (segment_0000)'],"['Evento A: la donna parla dello zucchero di canna', 'Relazione temporale tra parlare dello zucchero di canna e rompere le uova']","Il modello ha identificato l'evento di rompere le uova, ma manca completamente l'evento in cui la donna parla dello zucchero di canna. Senza questo evento, non è possibile determinare la relazione temporale richiesta dalla domanda. Pertanto, la comprensione è insufficiente."
gemma-4-12B,video013,3,Perché la farina viene messa dopo lo zucchero?,causale,C2,C2|T1,2,farina; zucchero,effetto da spiegare: la farina viene aggiunta dopo lo zucchero; causa/antecedente: da identificare nell'evidenza disponibile,riconoscere l'effetto o comportamento da spiegare; recuperare il contesto pertinente; inferire la causa/intenzione/motivazione solo se supportata dalle evidenze; evitare di colmare lacune con conoscenza non presente nel video,"la risposta richiede almeno un passaggio inferenziale implicito su motivazione, intenzione, stato mentale, valutazione sociale, finalità procedurale o relazione causale non direttamente osservabile",two_intervals,2,implicita,moderata,"[""causale"", ""temporale""]",80,70,50,60,sufficiente,"[""Entità 'farina' e 'zucchero' identificate nei segmenti 0007 e 0002 rispettivamente."", 'Evento di aggiunta dello zucchero alle uova osservato nel segmento 0002.', 'Evento di aggiunta della farina osservato nel segmento 0007.']","['Motivazione o causa per cui la farina viene aggiunta dopo lo zucchero non chiaramente inferita.', ""Contesto procedurale o logico che spiega l'ordine di aggiunta degli ingredienti non esplicitato.""]","Il modello ha identificato correttamente le entità 'farina' e 'zucchero' e gli eventi di aggiunta di questi ingredienti. Tuttavia, manca una chiara inferenza sulla motivazione o causa per cui la farina viene aggiunta dopo lo zucchero. Senza questa inferenza, la comprensione della sequenza e del suo scopo rimane parziale."
gemma-4-12B,video014,1,Dove va messa la piantina?,spaziale,S1,S1|T0,1,piantina; terreno o buca di trapianto; uomo che esegue il trapianto,evento: collocazione della piantina; localizzazione del punto di trapianto,"riconoscere l'evento o la relazione spaziale pertinente; allineare il referente all'intervallo locale; recuperare origine, destinazione, direzione, supporto o posizione richiesta",una relazione spaziale esplicita o una localizzazione condizionata da un singolo evento osservabile nello stesso intervallo locale,local_interval,1,esplicita,moderata,"[""spaziale"", ""temporale""]",100,100,100,100,completa,"['Piantina identificata come entità e2 in più segmenti.', 'Terreno identificato come entità e3 in più segmenti.', 'Uomo che esegue il trapianto identificato come entità e1 in più segmenti.', 'Evento di trapianto della piantina nel terreno osservato nel segmento 0008.', 'Relazione spaziale della piantina su e3 (terreno) nel segmento 0008.', ""Causalità tra l'azione della persona e il posizionamento della piantina nel terreno.""]",[],"Tutti i requisiti della domanda sono stati completamente recuperati. Le entità, gli eventi e le inferenze necessarie per determinare dove va messa la piantina sono chiaramente presenti e coerenti nella rappresentazione del modello. La domanda è classificata come completa."
gemma-4-12B,video014,2,L'uomo trova l'animale trasparente prima o dopo aver piantato la lattuga?,temporale,T1,T1,1,uomo; animale trasparente; lattuga,evento A: l'uomo trova l'animale trasparente; evento B: l'uomo pianta la lattuga,"riconoscere i due eventi oppure l'evento e l'ancora temporale; localizzarli nella sequenza; determinare la relazione prima/dopo, primo/secondo, corrente/precedente o il momento richiesto",localizzazione rispetto a un'ancora temporale esplicita oppure ordinamento pairwise tra due eventi/stati direttamente identificabili,two_intervals,2,esplicita,alta,"[""temporale""]",0,0,0,0,insufficiente,[],"[""Evento A: l'uomo trova l'animale trasparente"", ""Evento B: l'uomo pianta la lattuga"", 'Entità: animale trasparente', 'Entità: lattuga', ""Relazione temporale tra l'evento di trovare l'animale trasparente e piantare la lattuga""]","La rappresentazione del modello non include alcuna informazione riguardante l'animale trasparente o la lattuga, né gli eventi specifici di trovare l'animale o piantare la lattuga. Mancano completamente le entità e gli eventi richiesti per rispondere alla domanda, così come la relazione temporale tra di essi. Pertanto, la comprensione è insufficiente."
gemma-4-12B,video014,3,Perché la tecnica di trapiantare solo due dita va bene sulla piantina mostrata?,causale,C2,C2|T1,2,tecnica di trapianto a due dita; piantina; apparato radicale o dimensioni della pianta,effetto da spiegare: la tecnica a due dita è adatta alla piantina; causa/antecedente: da identificare nell'evidenza disponibile,riconoscere l'effetto o comportamento da spiegare; recuperare il contesto pertinente; inferire la causa/intenzione/motivazione solo se supportata dalle evidenze; evitare di colmare lacune con conoscenza non presente nel video,"la risposta richiede almeno un passaggio inferenziale implicito su motivazione, intenzione, stato mentale, valutazione sociale, finalità procedurale o relazione causale non direttamente osservabile",two_intervals,2,implicita,moderata,"[""causale"", ""temporale""]",50,40,30,35,parziale,"['Piantina con foglie verdi e bianche, piccola, con terra attaccata', 'Azione di tenere la piantina', 'Ispezione della piantina']","['Tecnica di trapianto a due dita', 'Apparato radicale o dimensioni della pianta', 'Effetto della tecnica a due dita sulla piantina', 'Causa o motivazione per cui la tecnica è adatta']","La rappresentazione del modello include alcune entità come la piantina e le azioni di manipolazione, ma manca di dettagli specifici sulla tecnica di trapianto a due dita e sul perché sia adatta alla piantina. Gli eventi osservati non forniscono un contesto sufficiente per inferire la causa o la motivazione della tecnica, lasciando lacune significative nella comprensione complessiva."
gemma-4-12B,video015,1,Dove fanno esercizi le ginnaste dell'Eterea?,spaziale,S0,S0,0,ginnaste dell'Eterea,evento: le ginnaste fanno esercizi; localizzazione del luogo,identificare il referente target; recuperare una singola evidenza spaziale direttamente osservabile; restituire la localizzazione senza confronto tra fasi,recupero spaziale diretto da una singola evidenza stabile; nessun confronto temporale o ricostruzione di stato,single_frame,1,esplicita,nessuna,"[""spaziale""]",0,0,0,0,insufficiente,[],"[""Identificazione delle 'ginnaste dell'Eterea'"", 'Localizzazione specifica del luogo in cui le ginnaste fanno esercizi']","La rappresentazione del modello non recupera alcuna informazione specifica sulle 'ginnaste dell'Eterea' né sulla localizzazione del luogo in cui fanno esercizi. Non ci sono riferimenti espliciti o impliciti che permettano di identificare il gruppo di ginnaste o il luogo specifico richiesto dalla domanda. Pertanto, la comprensione è insufficiente."
gemma-4-12B,video015,2,Quando si è qualificata alla fase nazionale la squadra di ginnaste?,temporale,T1,T1,1,squadra di ginnaste; fase nazionale,evento target: la squadra si qualifica alla fase nazionale; riferimento temporale: data o periodo indicato nel video,"riconoscere i due eventi oppure l'evento e l'ancora temporale; localizzarli nella sequenza; determinare la relazione prima/dopo, primo/secondo, corrente/precedente o il momento richiesto",localizzazione rispetto a un'ancora temporale esplicita oppure ordinamento pairwise tra due eventi/stati direttamente identificabili,two_intervals,2,parzialmente implicita,alta,"[""temporale""]",20,0,0,10,insufficiente,"['Presenza di atlete e allenatrici in vari segmenti', 'Sessioni di allenamento di ginnastica']","['Evento di qualificazione alla fase nazionale', 'Riferimento temporale specifico per la qualificazione', 'Relazione temporale tra qualificazione e altri eventi']","La rappresentazione del modello non include alcuna informazione sull'evento di qualificazione alla fase nazionale o su un riferimento temporale specifico per tale evento. Sebbene siano presenti atlete e sessioni di allenamento, mancano completamente gli eventi e le ancore temporali necessarie per rispondere alla domanda. Pertanto, la comprensione è insufficiente."
gemma-4-12B,video015,3,Perché Alice Caldora è stata premiata nel 2016?,causale,C1,C1|T1,1,Alice Caldora; premio; anno 2016,effetto da spiegare: Alice Caldora viene premiata nel 2016; causa/antecedente: da identificare nell'evidenza disponibile,riconoscere l'effetto; individuare un antecedente o stato direttamente osservabile/esplicitamente disponibile; verificare il nesso causale senza attribuire intenzioni o motivazioni non supportate,"collegamento causale diretto tra un antecedente esplicito e una conseguenza esplicita, con al massimo due unità di evidenza",two_intervals,2,parzialmente implicita,moderata,"[""causale"", ""temporale""]",0,0,0,0,insufficiente,[],"['Alice Caldora', 'premio', 'anno 2016', 'evento di premiazione', 'causa del premio']","La rappresentazione del modello non include alcuna informazione su Alice Caldora, il premio, l'anno 2016 o un evento di premiazione. Non ci sono elementi che permettano di identificare una causa o un antecedente per il premio. Pertanto, nessuno dei requisiti della domanda è stato recuperato."
gemma-4-12B,video016,1,Dove viene messo il pepe macinato al momento?,spaziale,S1,S1|T0,1,pepe macinato al momento,evento: aggiunta del pepe macinato; localizzazione della pietanza o del recipiente,"riconoscere l'evento o la relazione spaziale pertinente; allineare il referente all'intervallo locale; recuperare origine, destinazione, direzione, supporto o posizione richiesta",una relazione spaziale esplicita o una localizzazione condizionata da un singolo evento osservabile nello stesso intervallo locale,local_interval,1,esplicita,moderata,"[""spaziale"", ""temporale""]",0,0,0,0,insufficiente,[],"['pepe macinato al momento', 'evento di aggiunta del pepe macinato', 'localizzazione della pietanza o del recipiente in cui viene aggiunto il pepe', 'relazione spaziale esplicita o localizzazione condizionata da un singolo evento osservabile']","La rappresentazione del modello non include alcuna informazione riguardante il pepe macinato al momento, né l'evento di aggiunta del pepe, né la localizzazione della pietanza o del recipiente in cui il pepe viene aggiunto. Mancano completamente le informazioni necessarie per rispondere alla domanda."
gemma-4-12B,video016,2,Il pepe viene macinato prima o dopo che si mette a fare il brodo vegetale?,temporale,T1,T1,1,pepe; brodo vegetale; uomo che cucina,evento A: il pepe viene macinato; evento B: viene messo a fare il brodo vegetale,"riconoscere i due eventi oppure l'evento e l'ancora temporale; localizzarli nella sequenza; determinare la relazione prima/dopo, primo/secondo, corrente/precedente o il momento richiesto",localizzazione rispetto a un'ancora temporale esplicita oppure ordinamento pairwise tra due eventi/stati direttamente identificabili,two_intervals,2,esplicita,alta,"[""temporale""]",0,0,0,0,insufficiente,[],"['Evento A: il pepe viene macinato', 'Evento B: viene messo a fare il brodo vegetale', 'Relazione temporale tra macinazione del pepe e preparazione del brodo vegetale']","La rappresentazione del modello non include alcuna informazione riguardante la macinazione del pepe o la preparazione del brodo vegetale. Mancano completamente gli eventi specifici richiesti dalla domanda e la relazione temporale tra di essi. Pertanto, il modello non ha recuperato alcun requisito necessario per affrontare la domanda."
gemma-4-12B,video016,3,Perché l'uomo taglia una quantità superiore di sedano?,causale,C2,C2|T1,2,uomo che cucina; sedano; quantità necessaria; brodo o preparazione,effetto da spiegare: l'uomo taglia più sedano; causa/antecedente: da identificare nell'evidenza disponibile,riconoscere l'effetto o comportamento da spiegare; recuperare il contesto pertinente; inferire la causa/intenzione/motivazione solo se supportata dalle evidenze; evitare di colmare lacune con conoscenza non presente nel video,"la risposta richiede almeno un passaggio inferenziale implicito su motivazione, intenzione, stato mentale, valutazione sociale, finalità procedurale o relazione causale non direttamente osservabile",two_intervals,2,implicita,moderata,"[""causale"", ""temporale""]",50,60,30,40,parziale,"['uomo che cucina', 'sedano', 'tagliare il sedano']","['quantità necessaria di sedano', 'brodo o preparazione specifica', ""motivazione per cui l'uomo taglia più sedano""]","Il modello ha identificato l'uomo che cucina e l'azione di tagliare il sedano, ma manca l'informazione sulla quantità necessaria e il contesto specifico del brodo o della preparazione. Inoltre, non è stata inferita una motivazione chiara per cui l'uomo taglia una quantità superiore di sedano. La rappresentazione è quindi insufficiente per rispondere alla domanda in modo completo."
gemma-4-12B,video017,1,Dove si trovano le biglie?,spaziale,S0,S0,0,biglie; contenitore o superficie in cui si trovano,localizzazione delle biglie,identificare il referente target; recuperare una singola evidenza spaziale direttamente osservabile; restituire la localizzazione senza confronto tra fasi,recupero spaziale diretto da una singola evidenza stabile; nessun confronto temporale o ricostruzione di stato,single_frame,1,esplicita,nessuna,"[""spaziale""]",0,0,0,0,insufficiente,[],"['biglie', 'contenitore o superficie in cui si trovano le biglie', 'localizzazione delle biglie']","Il modello non ha recuperato alcuna informazione riguardante le biglie o la loro localizzazione. Non sono presenti entità o eventi che facciano riferimento alle biglie, né vi è alcuna inferenza possibile sulla loro posizione. Pertanto, la rappresentazione è insufficiente per affrontare la domanda."
gemma-4-12B,video017,2,La donna guarda la foto prima o dopo aver chiuso il manuale?,temporale,T1,T1,1,donna; foto; manuale,evento A: la donna guarda la foto; evento B: la donna chiude il manuale,"riconoscere i due eventi oppure l'evento e l'ancora temporale; localizzarli nella sequenza; determinare la relazione prima/dopo, primo/secondo, corrente/precedente o il momento richiesto",localizzazione rispetto a un'ancora temporale esplicita oppure ordinamento pairwise tra due eventi/stati direttamente identificabili,two_intervals,2,esplicita,alta,"[""temporale""]",0,0,0,0,insufficiente,[],"['La donna guarda la foto', 'La donna chiude il manuale', 'Relazione temporale tra guardare la foto e chiudere il manuale']","Il modello non ha recuperato nessuna delle entità o eventi specifici richiesti dalla domanda. Non ci sono evidenze che la donna guardi una foto o chiuda un manuale, né è stata stabilita una relazione temporale tra questi eventi. Pertanto, la rappresentazione è insufficiente per affrontare la domanda."
gemma-4-12B,video017,3,Perché il padre ironizza sul futuro da architetto del figlio?,causale,C2,C2|T1,2,padre; futuro da architetto,effetto da spiegare: il padre ironizza sul futuro da architetto del figlio; causa/antecedente: da identificare nell'evidenza disponibile,riconoscere l'effetto o comportamento da spiegare; recuperare il contesto pertinente; inferire la causa/intenzione/motivazione solo se supportata dalle evidenze; evitare di colmare lacune con conoscenza non presente nel video,"la risposta richiede almeno un passaggio inferenziale implicito su motivazione, intenzione, stato mentale, valutazione sociale, finalità procedurale o relazione causale non direttamente osservabile",two_intervals,2,implicita,moderata,"[""causale"", ""temporale""]",50,30,20,25,insufficiente,"['Presenza di un uomo e un bambino sulla spiaggia', 'Interazioni tra uomo e bambino', 'Conversazioni tra uomo e donna sulla spiaggia']","['Ironia del padre sul futuro da architetto del figlio', ""Motivazione o contesto per l'ironia del padre"", 'Dettagli specifici sul futuro da architetto del figlio']","La rappresentazione del modello include alcune entità e interazioni generali, ma manca completamente l'elemento centrale dell'ironia del padre sul futuro da architetto del figlio. Non ci sono evidenze che supportino l'inferenza richiesta per spiegare l'ironia, né dettagli specifici sul contesto o la motivazione. Pertanto, la comprensione è insufficiente per affrontare la domanda."
gemma-4-12B,video018,1,Dove si siede l'uomo per lavorare?,spaziale,S1,S1|T0,1,uomo; seduta o postazione; luogo di lavoro,evento: l'uomo si siede per lavorare; localizzazione della seduta,"riconoscere l'evento o la relazione spaziale pertinente; allineare il referente all'intervallo locale; recuperare origine, destinazione, direzione, supporto o posizione richiesta",una relazione spaziale esplicita o una localizzazione condizionata da un singolo evento osservabile nello stesso intervallo locale,local_interval,1,esplicita,moderata,"[""spaziale"", ""temporale""]",100,100,100,100,completa,"[""L'uomo è identificato come scrittore."", ""L'uomo è seduto davanti a un tavolo mentre scrive."", ""L'uomo è vicino a un libro mentre scrive."", ""L'uomo è seduto davanti a un libro in più segmenti.""]",[],"Tutti i requisiti della domanda sono stati completamente recuperati. L'uomo è chiaramente identificato come scrittore e viene mostrato seduto davanti a un tavolo o un libro mentre scrive, soddisfacendo pienamente la richiesta di localizzazione spaziale per il lavoro."
gemma-4-12B,video018,2,L'uomo dà i suoi omaggi alla donna prima o dopo essersi seduto?,temporale,T1,T1,1,uomo; donna; omaggi; seduta,evento A: l'uomo porge i suoi omaggi alla donna; evento B: l'uomo si siede,"riconoscere i due eventi oppure l'evento e l'ancora temporale; localizzarli nella sequenza; determinare la relazione prima/dopo, primo/secondo, corrente/precedente o il momento richiesto",localizzazione rispetto a un'ancora temporale esplicita oppure ordinamento pairwise tra due eventi/stati direttamente identificabili,two_intervals,2,esplicita,alta,"[""temporale""]",50,30,20,30,insufficiente,"[""L'uomo si alza dalla sedia (segment_0000)"", ""L'uomo si gira verso la donna (segment_0000)""]","[""L'uomo porge i suoi omaggi alla donna"", ""L'uomo si siede"", ""Relazione temporale tra l'uomo che porge omaggi e l'uomo che si siede""]","La rappresentazione del modello recupera parzialmente le entità richieste, come l'uomo e la donna, ma non identifica chiaramente gli eventi specifici di porgere omaggi e sedersi. Mancano le informazioni necessarie per determinare la relazione temporale tra questi eventi, rendendo impossibile rispondere alla domanda. La comprensione complessiva è insufficiente."
gemma-4-12B,video018,3,Perché la donna crede che l'uomo voglia stare solo?,causale,C2,C2|T1,2,donna; uomo,effetto da spiegare: la donna crede che l'uomo voglia stare solo; causa/antecedente: da identificare nell'evidenza disponibile,riconoscere l'effetto o comportamento da spiegare; recuperare il contesto pertinente; inferire la causa/intenzione/motivazione solo se supportata dalle evidenze; evitare di colmare lacune con conoscenza non presente nel video,"la risposta richiede almeno un passaggio inferenziale implicito su motivazione, intenzione, stato mentale, valutazione sociale, finalità procedurale o relazione causale non direttamente osservabile",two_intervals,2,implicita,moderata,"[""causale"", ""temporale""]",80,60,40,50,parziale,"[""Presenza della donna e dell'uomo in vari segmenti"", ""Interazione tra la donna e l'uomo"", ""L'uomo scrive mentre la donna osserva""]","[""Motivazione o causa per cui la donna crede che l'uomo voglia stare solo"", ""Espressione o comportamento dell'uomo che indichi il desiderio di solitudine""]","Il modello ha identificato correttamente le entità principali (donna e uomo) e alcune interazioni tra di loro. Tuttavia, manca l'evidenza chiave che spieghi perché la donna crede che l'uomo voglia stare solo. Non ci sono indicazioni di un comportamento o espressione dell'uomo che suggerisca il desiderio di solitudine, né una chiara inferenza causale che colleghi le azioni osservate a tale credenza della donna."
gemma-4-12B,video019,1,Dove appoggia il libro il padre?,spaziale,S1,S1|T0,1,padre; libro; superficie o luogo di appoggio,evento: il padre appoggia il libro; localizzazione della superficie,"riconoscere l'evento o la relazione spaziale pertinente; allineare il referente all'intervallo locale; recuperare origine, destinazione, direzione, supporto o posizione richiesta",una relazione spaziale esplicita o una localizzazione condizionata da un singolo evento osservabile nello stesso intervallo locale,local_interval,1,esplicita,moderata,"[""spaziale"", ""temporale""]",0,0,0,0,insufficiente,[],"['Padre che appoggia il libro', 'Superficie o luogo di appoggio del libro']","La rappresentazione del modello non include alcuna informazione sull'evento specifico in cui il padre appoggia il libro, né identifica la superficie o il luogo di appoggio. Mancano completamente le entità e gli eventi richiesti per rispondere alla domanda, rendendo impossibile qualsiasi inferenza utile."
gemma-4-12B,video019,2,Si mangerà prima o dopo che il papà avrà lavorato?,temporale,T1,T1,1,famiglia o persone che mangeranno; papà; lavoro,evento A: si mangia; evento B: il papà lavora,"riconoscere i due eventi oppure l'evento e l'ancora temporale; localizzarli nella sequenza; determinare la relazione prima/dopo, primo/secondo, corrente/precedente o il momento richiesto",localizzazione rispetto a un'ancora temporale esplicita oppure ordinamento pairwise tra due eventi/stati direttamente identificabili,two_intervals,2,esplicita,alta,"[""temporale""]",0,0,0,0,insufficiente,[],"['Evento di mangiare', 'Evento di lavorare', 'Relazione temporale tra mangiare e lavorare']","Il modello non ha recuperato alcuna informazione riguardante gli eventi di mangiare o lavorare, né ha identificato una relazione temporale tra questi eventi. Mancano completamente le entità e gli eventi richiesti per rispondere alla domanda, rendendo impossibile qualsiasi inferenza temporale necessaria."
gemma-4-12B,video019,3,Perché l'uomo dice alla bambina di guardare le figure?,causale,C2,C2|T1,2,uomo o padre; bambina; libro; figure,effetto da spiegare: l'uomo dice alla bambina di guardare le figure; causa/antecedente: da identificare nell'evidenza disponibile,riconoscere l'effetto o comportamento da spiegare; recuperare il contesto pertinente; inferire la causa/intenzione/motivazione solo se supportata dalle evidenze; evitare di colmare lacune con conoscenza non presente nel video,"la risposta richiede almeno un passaggio inferenziale implicito su motivazione, intenzione, stato mentale, valutazione sociale, finalità procedurale o relazione causale non direttamente osservabile",two_intervals,2,implicita,moderata,"[""causale"", ""temporale""]",70,60,40,50,parziale,"['uomo o padre identificato', 'bambina identificata', 'libro identificato', 'interazione tra uomo e bambina', 'lettura di un libro']","['figure nel libro non specificamente identificate', ""motivo per cui l'uomo dice alla bambina di guardare le figure non chiaramente inferito""]","Il modello ha identificato correttamente le entità principali come l'uomo, la bambina e il libro, e ha riconosciuto eventi di interazione e lettura. Tuttavia, manca l'identificazione specifica delle figure nel libro e non è stata inferita chiaramente la motivazione per cui l'uomo dice alla bambina di guardare le figure. L'inferenza causale richiesta dalla domanda non è supportata dalle evidenze disponibili, portando a una comprensione parziale."
gemma-4-12B,video020,1,Da dove è caduto 'Caruso' secondo il professore?,spaziale,S1,S1|T0,1,Caruso; professore; luogo o struttura da cui sarebbe caduto,evento riportato: Caruso cade; localizzazione del punto di origine secondo il professore,"riconoscere l'evento o la relazione spaziale pertinente; allineare il referente all'intervallo locale; recuperare origine, destinazione, direzione, supporto o posizione richiesta",una relazione spaziale esplicita o una localizzazione condizionata da un singolo evento osservabile nello stesso intervallo locale,local_interval,1,parzialmente implicita,moderata,"[""spaziale"", ""temporale""]",0,0,0,0,insufficiente,[],"[""Entità 'Caruso' non identificata"", ""Entità 'professore' non identificata"", ""Evento di caduta di 'Caruso' non identificato"", ""Luogo o struttura da cui 'Caruso' sarebbe caduto non identificato"", 'Relazione spaziale o localizzazione del punto di origine della caduta non identificata']","La rappresentazione del modello non include alcuna informazione relativa a 'Caruso', al 'professore' o all'evento di caduta. Non sono presenti riferimenti a luoghi o strutture da cui 'Caruso' sarebbe caduto, né vi è alcuna relazione spaziale pertinente. Pertanto, il modello non ha recuperato nessuno dei requisiti necessari per affrontare la domanda."
gemma-4-12B,video020,2,La classe fa casino prima o dopo il botto?,temporale,T1,T1,1,classe; botto,evento A: la classe fa confusione; evento B: si sente il botto,"riconoscere i due eventi oppure l'evento e l'ancora temporale; localizzarli nella sequenza; determinare la relazione prima/dopo, primo/secondo, corrente/precedente o il momento richiesto",localizzazione rispetto a un'ancora temporale esplicita oppure ordinamento pairwise tra due eventi/stati direttamente identificabili,two_intervals,2,esplicita,alta,"[""temporale""]",0,0,0,0,insufficiente,[],"['Evento A: la classe fa confusione', 'Evento B: si sente il botto', 'Relazione temporale tra la confusione della classe e il botto']","Il modello non ha recuperato alcuna informazione riguardante gli eventi specifici richiesti dalla domanda, ovvero la confusione della classe e il botto. Inoltre, non è stata identificata alcuna relazione temporale tra questi eventi. Pertanto, la rappresentazione è insufficiente per affrontare la domanda."
gemma-4-12B,video020,3,Perché accorre il collaboratore scolastico preoccupato?,causale,C1,C1|T1,1,collaboratore scolastico; classe o luogo del rumore; botto,effetto da spiegare: il collaboratore accorre preoccupato; causa/antecedente: da identificare nell'evidenza disponibile,riconoscere l'effetto; individuare un antecedente o stato direttamente osservabile/esplicitamente disponibile; verificare il nesso causale senza attribuire intenzioni o motivazioni non supportate,"collegamento causale diretto tra un antecedente esplicito e una conseguenza esplicita, con al massimo due unità di evidenza",two_intervals,2,parzialmente implicita,moderata,"[""causale"", ""temporale""]",0,0,0,0,insufficiente,[],"['collaboratore scolastico', 'classe o luogo del rumore', 'botto', 'evento del collaboratore che accorre preoccupato', ""causa o antecedente dell'evento del collaboratore che accorre""]","La rappresentazione del modello non include alcuna informazione riguardante il collaboratore scolastico, il luogo del rumore, o un evento di botto che possa spiegare perché il collaboratore accorre preoccupato. Mancano completamente le entità e gli eventi necessari per stabilire un nesso causale. Pertanto, la comprensione è insufficiente."
gemma-4-12B,video021,1,Dove è rivolto lo sguardo di Italo quando la donna lo rimprovera di guardarla?,spaziale,S1,S1|T0,1,Italo; donna che lo rimprovera; direzione dello sguardo,evento contestuale: la donna rimprovera Italo perché la guarda; localizzazione della direzione dello sguardo,"riconoscere l'evento o la relazione spaziale pertinente; allineare il referente all'intervallo locale; recuperare origine, destinazione, direzione, supporto o posizione richiesta",una relazione spaziale esplicita o una localizzazione condizionata da un singolo evento osservabile nello stesso intervallo locale,local_interval,2,esplicita,moderata,"[""spaziale"", ""temporale""]",50,40,30,35,parziale,"[""Italo (uomo) è identificato come 'e1'."", ""La donna che parla con Italo è identificata come 'e2'."", 'Italo guarda verso il basso mentre la donna parla.']","['Non è chiaro se la donna stia rimproverando Italo per averla guardata.', 'Non è specificata la direzione dello sguardo di Italo nel contesto del rimprovero.', ""Non è chiaro se l'evento specifico del rimprovero sia stato identificato.""]","Il modello ha identificato le entità principali, Italo e la donna, e ha notato che Italo guarda verso il basso mentre la donna parla. Tuttavia, manca l'identificazione esplicita dell'evento in cui la donna rimprovera Italo per averla guardata, e non è chiara la direzione dello sguardo di Italo in quel contesto specifico. Queste lacune impediscono di rispondere adeguatamente alla domanda."
gemma-4-12B,video021,2,Cosa deve fare Italo prima di 'rimettere piede' in casa?,temporale,T1,T1,1,Italo; casa,evento target: Italo rimette piede in casa; prerequisito: azione che deve compiere prima,"riconoscere i due eventi oppure l'evento e l'ancora temporale; localizzarli nella sequenza; determinare la relazione prima/dopo, primo/secondo, corrente/precedente o il momento richiesto",localizzazione rispetto a un'ancora temporale esplicita oppure ordinamento pairwise tra due eventi/stati direttamente identificabili,two_intervals,2,esplicita,alta,"[""temporale""]",0,0,0,0,insufficiente,[],"['Identificazione di Italo come entità.', 'Identificazione della casa come entità.', 'Evento target: Italo rimette piede in casa.', 'Azione o evento che Italo deve compiere prima di rimettere piede in casa.', ""Relazione temporale tra l'azione da compiere e l'evento di rimettere piede in casa.""]","La rappresentazione del modello non include alcuna informazione su Italo, la casa o l'evento di rimettere piede in casa. Non sono presenti eventi o azioni che possano essere collegati a Italo o alla sua interazione con una casa. Mancano completamente le informazioni necessarie per determinare cosa Italo debba fare prima di rimettere piede in casa."
gemma-4-12B,video021,3,Perché la donna si arrabbia con Italo?,causale,C2,C2|T1,2,donna; Italo; comportamento o sguardo di Italo,effetto da spiegare: la donna si arrabbia con Italo; causa/antecedente: da identificare nell'evidenza disponibile,riconoscere l'effetto o comportamento da spiegare; recuperare il contesto pertinente; inferire la causa/intenzione/motivazione solo se supportata dalle evidenze; evitare di colmare lacune con conoscenza non presente nel video,"la risposta richiede almeno un passaggio inferenziale implicito su motivazione, intenzione, stato mentale, valutazione sociale, finalità procedurale o relazione causale non direttamente osservabile",two_intervals,2,implicita,moderata,"[""causale"", ""temporale""]",50,30,20,25,insufficiente,"[""Presenza della donna e dell'uomo (Italo)"", ""Conversazione tra la donna e l'uomo""]","['Motivo specifico per cui la donna si arrabbia con Italo', ""Comportamento o sguardo di Italo che causa l'arrabbiatura"", 'Espressione di rabbia della donna']","La rappresentazione del modello include le entità principali, la donna e l'uomo (Italo), e la loro interazione attraverso una conversazione. Tuttavia, manca l'elemento cruciale: il motivo specifico per cui la donna si arrabbia con Italo. Non ci sono indicazioni sul comportamento o sguardo di Italo che potrebbero aver causato l'arrabbiatura, né è stata osservata un'espressione di rabbia della donna. Senza queste informazioni, l'inferenza richiesta dalla domanda non può essere completata."
gemma-4-12B,video022,1,Dove si sono incontrati Scott e Luis per la prima volta?,spaziale,S2,S2|T1,2,Scott; Luis; luogo del primo incontro,evento: primo incontro tra Scott e Luis; localizzazione del luogo,identificare l'ancora temporale; recuperare lo stato spaziale nella fase richiesta; confrontare le fasi pertinenti senza introdurre cambiamenti non osservati,recupero spaziale condizionato da una fase precedente/successiva/iniziale o dal primo occorrere di un evento; richiede confronto tra almeno due stati temporali,two_intervals,2,esplicita,alta,"[""spaziale"", ""temporale""]",50,30,20,30,parziale,"['Presenza di conversazioni tra uomini in vari segmenti', 'Identificazione di entità come uomini con descrizioni fisiche']","['Identificazione chiara di Scott e Luis', 'Luogo specifico del primo incontro', 'Evento specifico del primo incontro tra Scott e Luis', 'Confronto tra stati temporali per determinare il primo incontro']","La rappresentazione del modello include diverse conversazioni tra uomini, ma non identifica chiaramente Scott e Luis né il luogo del loro primo incontro. Mancano informazioni specifiche sull'evento del primo incontro e il confronto tra stati temporali per determinare il primo incontro. Pertanto, la comprensione è parziale."
gemma-4-12B,video022,2,La moglie di Scott lo ha lasciato prima o dopo che Scott incontrasse Luis per la prima volta?,temporale,T1,T1,1,Scott; moglie di Scott; Luis,evento A: la moglie lascia Scott; evento B: Scott incontra Luis per la prima volta,"riconoscere i due eventi oppure l'evento e l'ancora temporale; localizzarli nella sequenza; determinare la relazione prima/dopo, primo/secondo, corrente/precedente o il momento richiesto",localizzazione rispetto a un'ancora temporale esplicita oppure ordinamento pairwise tra due eventi/stati direttamente identificabili,two_intervals,2,esplicita,alta,"[""temporale""]",0,0,0,0,insufficiente,[],"['Identificazione di Scott', 'Identificazione della moglie di Scott', 'Identificazione di Luis', 'Evento A: la moglie lascia Scott', 'Evento B: Scott incontra Luis per la prima volta', 'Relazione temporale tra evento A e evento B']","La rappresentazione del modello non recupera alcuna delle entità o degli eventi specifici richiesti dalla domanda. Non ci sono riferimenti a Scott, alla moglie di Scott, o a Luis, né agli eventi chiave di separazione e incontro. Di conseguenza, non è possibile determinare la relazione temporale richiesta."
gemma-4-12B,video022,3,Perché Scott è triste mentre guarda i fogli in prigione?,causale,C2,C2|T1,2,Scott; fogli; prigione; contenuto dei fogli,effetto da spiegare: Scott è triste mentre guarda i fogli in prigione; causa/antecedente: da identificare nell'evidenza disponibile,riconoscere l'effetto o comportamento da spiegare; recuperare il contesto pertinente; inferire la causa/intenzione/motivazione solo se supportata dalle evidenze; evitare di colmare lacune con conoscenza non presente nel video,"la risposta richiede almeno un passaggio inferenziale implicito su motivazione, intenzione, stato mentale, valutazione sociale, finalità procedurale o relazione causale non direttamente osservabile",two_intervals,2,implicita,moderata,"[""causale"", ""temporale""]",0,0,0,0,insufficiente,[],"['Scott', 'fogli', 'prigione', 'contenuto dei fogli', 'Scott è triste mentre guarda i fogli in prigione', 'causa della tristezza di Scott']","La rappresentazione del modello non include alcuna informazione su Scott, i fogli, la prigione o il contenuto dei fogli. Non ci sono eventi o stati che descrivono Scott come triste mentre guarda i fogli in prigione, né ci sono elementi che permettano di inferire la causa della sua tristezza. Pertanto, nessuno dei requisiti della domanda è stato recuperato."
gemma-4-12B,video023,1,Da dove cade la bambina?,spaziale,S1,S1|T0,1,bambina; punto o struttura da cui cade,evento: la bambina cade; localizzazione del punto di origine,"riconoscere l'evento o la relazione spaziale pertinente; allineare il referente all'intervallo locale; recuperare origine, destinazione, direzione, supporto o posizione richiesta",una relazione spaziale esplicita o una localizzazione condizionata da un singolo evento osservabile nello stesso intervallo locale,local_interval,1,esplicita,moderata,"[""spaziale"", ""temporale""]",0,0,0,0,insufficiente,[],"['Evento della caduta della bambina', 'Punto o struttura da cui la bambina cade', 'Relazione spaziale della caduta']","L'analisi del modello non recupera alcuna informazione riguardante l'evento della caduta della bambina o il punto da cui cade. Mancano completamente le entità e gli eventi necessari per rispondere alla domanda, rendendo impossibile qualsiasi inferenza sulla relazione spaziale richiesta."
gemma-4-12B,video023,2,La donna dice ad 'Ani' di salire prima o dopo essere scesa nell'acqua?,temporale,T1,T1,1,donna; Ani; acqua,evento A: la donna dice ad Ani di salire; evento B: la donna scende nell'acqua,"riconoscere i due eventi oppure l'evento e l'ancora temporale; localizzarli nella sequenza; determinare la relazione prima/dopo, primo/secondo, corrente/precedente o il momento richiesto",localizzazione rispetto a un'ancora temporale esplicita oppure ordinamento pairwise tra due eventi/stati direttamente identificabili,two_intervals,2,esplicita,alta,"[""temporale""]",0,0,0,0,insufficiente,[],"['Identificazione della donna', 'Identificazione di Ani', 'Evento in cui la donna dice ad Ani di salire', ""Evento in cui la donna scende nell'acqua"", 'Relazione temporale tra i due eventi']","La rappresentazione del modello non include alcuna informazione riguardante la donna, Ani, o gli eventi specifici richiesti dalla domanda. Non ci sono evidenze di un dialogo o di un'azione che coinvolga la donna che dice ad Ani di salire, né di un evento in cui la donna scende nell'acqua. Di conseguenza, non è possibile determinare la relazione temporale tra questi eventi. La mancanza di queste informazioni fondamentali rende la comprensione insufficiente."
gemma-4-12B,video023,3,Perché la donna ringrazia Anastasia?,causale,C1,C1|T1,1,donna; Anastasia; azione compiuta da Anastasia,effetto da spiegare: la donna ringrazia Anastasia; causa/antecedente: da identificare nell'evidenza disponibile,riconoscere l'effetto; individuare un antecedente o stato direttamente osservabile/esplicitamente disponibile; verificare il nesso causale senza attribuire intenzioni o motivazioni non supportate,"collegamento causale diretto tra un antecedente esplicito e una conseguenza esplicita, con al massimo due unità di evidenza",two_intervals,2,parzialmente implicita,moderata,"[""causale"", ""temporale""]",0,0,0,0,insufficiente,[],"['Identificazione della donna e di Anastasia.', 'Azione specifica compiuta da Anastasia.', 'Evento in cui la donna ringrazia Anastasia.', 'Causa o antecedente che spiega il ringraziamento.']","La rappresentazione del modello non include alcuna informazione riguardante la donna, Anastasia o l'azione specifica che porta al ringraziamento. Mancano completamente le entità e gli eventi necessari per stabilire un nesso causale tra un'azione di Anastasia e il ringraziamento della donna. Pertanto, la comprensione è insufficiente."
gemma-4-12B,video024,1,Le bambine e la nonna stanno giocando dentro casa o fuori in giardino?,spaziale,S0,S0,0,bambine; nonna; casa; giardino,evento: bambine e nonna giocano; scelta tra localizzazione interna alla casa ed esterna in giardino,identificare il referente target; recuperare una singola evidenza spaziale direttamente osservabile; restituire la localizzazione senza confronto tra fasi,recupero spaziale diretto da una singola evidenza stabile; nessun confronto temporale o ricostruzione di stato,single_frame,1,esplicita,nessuna,"[""spaziale""]",80,90,85,85,sufficiente,"['Bambina e donna identificate in vari segmenti.', 'Presenza di una porta finestra e di un ambiente domestico.', 'Eventi di gioco e ballo in casa osservati.']",['Non è esplicitamente menzionato un giardino.'],"Il modello ha identificato correttamente le entità principali (bambina e donna) e ha fornito evidenze di un ambiente domestico, suggerendo che l'attività si svolge in casa. Tuttavia, manca un riferimento esplicito al giardino, che sarebbe necessario per escludere completamente l'opzione di un'attività all'aperto. La rappresentazione è sufficiente per affrontare la domanda, ma non completa."
gemma-4-12B,video024,2,Alla nonna gira la testa prima o dopo essersi coperta gli occhi?,temporale,T1,T1,1,nonna; testa; occhi o mascherina,evento A: alla nonna gira la testa; evento B: la nonna si copre gli occhi,"riconoscere i due eventi oppure l'evento e l'ancora temporale; localizzarli nella sequenza; determinare la relazione prima/dopo, primo/secondo, corrente/precedente o il momento richiesto",localizzazione rispetto a un'ancora temporale esplicita oppure ordinamento pairwise tra due eventi/stati direttamente identificabili,two_intervals,2,esplicita,alta,"[""temporale""]",0,0,0,0,insufficiente,[],"['Identificazione della nonna', 'Evento in cui alla nonna gira la testa', 'Evento in cui la nonna si copre gli occhi', 'Relazione temporale tra i due eventi']","La rappresentazione del modello non include alcuna informazione sugli eventi specifici richiesti dalla domanda, come il momento in cui alla nonna gira la testa o si copre gli occhi. Inoltre, non viene identificata la nonna come entità. Senza questi elementi, non è possibile determinare la relazione temporale richiesta dalla domanda."
gemma-4-12B,video024,3,Perché la nonna porta la mascherina sugli occhi?,causale,C2,C2|T1,2,nonna; mascherina sugli occhi; bambine o gioco,effetto da spiegare: la nonna porta la mascherina sugli occhi; causa/antecedente: da identificare nell'evidenza disponibile,riconoscere l'effetto o comportamento da spiegare; recuperare il contesto pertinente; inferire la causa/intenzione/motivazione solo se supportata dalle evidenze; evitare di colmare lacune con conoscenza non presente nel video,"la risposta richiede almeno un passaggio inferenziale implicito su motivazione, intenzione, stato mentale, valutazione sociale, finalità procedurale o relazione causale non direttamente osservabile",two_intervals,2,implicita,moderata,"[""causale"", ""temporale""]",50,30,20,30,parziale,"['donna con mascherina azzurra', 'momenti di gioco e ballo in casa']","['identificazione chiara della nonna', 'motivo per cui la mascherina è sugli occhi', 'contesto specifico del gioco che spiega la mascherina sugli occhi']","La rappresentazione del modello include la presenza di una donna con una mascherina azzurra e momenti di gioco e ballo, ma non identifica chiaramente la nonna né fornisce un contesto specifico che spieghi perché la mascherina sia sugli occhi. Mancano elementi chiave per inferire la causa o l'intenzione dietro l'azione, limitando la comprensione complessiva."
gemma-4-12B,video025,1,Dove si trova lo scivolo?,spaziale,S0,S0,0,scivolo,localizzazione dello scivolo,identificare il referente target; recuperare una singola evidenza spaziale direttamente osservabile; restituire la localizzazione senza confronto tra fasi,recupero spaziale diretto da una singola evidenza stabile; nessun confronto temporale o ricostruzione di stato,single_frame,1,esplicita,nessuna,"[""spaziale""]",0,0,0,0,insufficiente,[],"['Presenza dello scivolo', 'Localizzazione dello scivolo']","La rappresentazione del modello non include alcuna informazione riguardante la presenza o la localizzazione di uno scivolo. Non sono state identificate entità o eventi correlati allo scivolo, né è possibile eseguire inferenze sulla sua posizione. Pertanto, la comprensione visiva è insufficiente per affrontare la domanda."
gemma-4-12B,video025,2,La bambina con il costume azzurro va sullo scivolo prima o dopo che Aria saluti la donna?,temporale,T1,T1,1,bambina con il costume azzurro; scivolo; Aria; donna,evento A: la bambina va sullo scivolo; evento B: Aria saluta la donna,"riconoscere i due eventi oppure l'evento e l'ancora temporale; localizzarli nella sequenza; determinare la relazione prima/dopo, primo/secondo, corrente/precedente o il momento richiesto",localizzazione rispetto a un'ancora temporale esplicita oppure ordinamento pairwise tra due eventi/stati direttamente identificabili,two_intervals,2,esplicita,alta,"[""temporale""]",0,0,0,0,insufficiente,[],"['bambina con il costume azzurro va sullo scivolo', 'Aria saluta la donna']","La rappresentazione del modello non include alcuna informazione sugli eventi richiesti dalla domanda: la bambina con il costume azzurro che va sullo scivolo e Aria che saluta la donna. Senza questi eventi, non è possibile determinare la relazione temporale tra di essi. Pertanto, la comprensione è insufficiente."
gemma-4-12B,video025,3,Perché la mamma fa i complimenti alla bambina?,causale,C1,C1|T1,1,mamma; bambina; azione o risultato della bambina,effetto da spiegare: la mamma fa i complimenti alla bambina; causa/antecedente: da identificare nell'evidenza disponibile,riconoscere l'effetto; individuare un antecedente o stato direttamente osservabile/esplicitamente disponibile; verificare il nesso causale senza attribuire intenzioni o motivazioni non supportate,"collegamento causale diretto tra un antecedente esplicito e una conseguenza esplicita, con al massimo due unità di evidenza",two_intervals,2,parzialmente implicita,moderata,"[""causale"", ""temporale""]",50,30,20,30,parziale,"['bambina identificata in vari segmenti', 'azioni della bambina come scavare e giocare con la sabbia']","['mamma non identificata', 'complimenti della mamma non osservati', 'nessun collegamento causale tra azioni della bambina e complimenti']","La rappresentazione del modello identifica la bambina e le sue azioni di gioco con la sabbia, ma manca completamente l'identificazione della mamma e l'evento dei complimenti. Inoltre, non è presente alcun collegamento causale tra le azioni della bambina e un possibile motivo per i complimenti. La comprensione è quindi parziale, con elementi fondamentali mancanti per rispondere alla domanda."
gemma-4-12B,video026,1,Dove deve rilasciare liberi i pesi l'uomo sull'attrezzo?,spaziale,S1,S1|T0,1,uomo sull'attrezzo; pesi; punto o posizione di rilascio,evento: rilascio libero dei pesi; localizzazione del punto in cui devono essere lasciati,"riconoscere l'evento o la relazione spaziale pertinente; allineare il referente all'intervallo locale; recuperare origine, destinazione, direzione, supporto o posizione richiesta",una relazione spaziale esplicita o una localizzazione condizionata da un singolo evento osservabile nello stesso intervallo locale,local_interval,1,esplicita,moderata,"[""spaziale"", ""temporale""]",80,50,40,45,parziale,"[""uomo sull'attrezzo identificato come atleta"", 'pesi identificati come parte del bilanciere', 'azioni di sollevamento pesi osservate']","['evento specifico di rilascio dei pesi non osservato', 'punto o posizione di rilascio dei pesi non identificato', 'relazione spaziale esplicita per il rilascio dei pesi non presente']","Il modello ha identificato correttamente le entità principali come l'uomo sull'attrezzo e i pesi, ma non ha recuperato l'evento specifico di rilascio dei pesi né la posizione o il punto di rilascio. Mancano anche le relazioni spaziali esplicite necessarie per determinare dove i pesi devono essere rilasciati. Pertanto, la comprensione è parziale."
gemma-4-12B,video026,2,Dopo quale ripetizione il pelato dà assistenza?,temporale,T2,T2,2,uomo pelato che assiste; ripetizioni,evento target: il pelato presta assistenza; riferimento temporale: numero della ripetizione dopo cui interviene,"riconoscere gli eventi o stati pertinenti; ricostruire l'evoluzione temporale necessaria; calcolare conteggio/durata oppure distinguere onset, continuazione e stato già completato","durata, conteggio/iterazione, selezione del primo onset tra più candidati o ricostruzione di uno stato già in corso/completato",multi_event_sequence,>=3,esplicita,alta,"[""temporale""]",80,60,50,55,parziale,"[""Identificazione dell'uomo pelato come istruttore che assiste l'atleta."", ""Presenza di segmenti in cui l'istruttore assiste l'atleta durante l'esercizio.""]","[""Conteggio delle ripetizioni per determinare dopo quale ripetizione l'assistenza avviene."", ""Chiarezza sull'evento specifico in cui l'assistenza inizia in relazione alle ripetizioni.""]","Il modello ha identificato correttamente l'uomo pelato come istruttore che assiste l'atleta, ma manca il conteggio delle ripetizioni necessarie per determinare dopo quale ripetizione l'assistenza avviene. Senza questa informazione, l'inferenza temporale richiesta dalla domanda non può essere completata."
gemma-4-12B,video026,3,Perché l'uomo in piedi dice che 'ora è bello per lo spotter'?,causale,C2,C2|T1,2,uomo in piedi; spotter,effetto da spiegare: l'uomo dice «ora è bello per lo spotter»; causa/antecedente: da identificare nell'evidenza disponibile,riconoscere l'effetto o comportamento da spiegare; recuperare il contesto pertinente; inferire la causa/intenzione/motivazione solo se supportata dalle evidenze; evitare di colmare lacune con conoscenza non presente nel video,"la risposta richiede almeno un passaggio inferenziale implicito su motivazione, intenzione, stato mentale, valutazione sociale, finalità procedurale o relazione causale non direttamente osservabile",two_intervals,2,implicita,moderata,"[""causale"", ""temporale""]",50,30,20,30,insufficiente,"['Presenza di un uomo in piedi (istruttore) e un atleta (spotter)', 'Sessioni di allenamento in palestra con esercizi di sollevamento pesi']","[""L'uomo in piedi che dice 'ora è bello per lo spotter'"", ""Motivazione o contesto per cui l'uomo in piedi fa tale affermazione""]","La rappresentazione del modello identifica correttamente le entità principali come l'uomo in piedi e lo spotter, ma manca l'evento specifico in cui l'uomo dice 'ora è bello per lo spotter'. Inoltre, non viene fornito alcun contesto o motivazione che spieghi perché l'uomo faccia tale affermazione. Senza queste informazioni, l'inferenza richiesta dalla domanda non può essere eseguita."
gemma-4-12B,video027,1,Dove indica di dormire l'uomo?,spaziale,S1,S1|T0,1,uomo; luogo o superficie indicata per dormire,evento: l'uomo indica dove dormire; localizzazione del luogo indicato,"riconoscere l'evento o la relazione spaziale pertinente; allineare il referente all'intervallo locale; recuperare origine, destinazione, direzione, supporto o posizione richiesta",una relazione spaziale esplicita o una localizzazione condizionata da un singolo evento osservabile nello stesso intervallo locale,local_interval,1,parzialmente implicita,moderata,"[""spaziale"", ""temporale""]",0,0,0,0,insufficiente,[],"[""L'uomo che indica un luogo per dormire"", 'Luogo o superficie indicata per dormire', ""Evento di indicazione da parte dell'uomo"", ""Relazione spaziale tra l'uomo e il luogo indicato""]",La rappresentazione del modello non include alcuna informazione riguardante l'uomo che indica un luogo per dormire. Non sono stati identificati né l'evento di indicazione né il luogo o superficie specifica per dormire. Mancano completamente le entità e gli eventi necessari per rispondere alla domanda.
gemma-4-12B,video027,2,La ragazza ride prima o dopo aver aperto la porta?,temporale,T1,T1,1,ragazza; porta,evento A: la ragazza ride; evento B: la ragazza apre la porta,"riconoscere i due eventi oppure l'evento e l'ancora temporale; localizzarli nella sequenza; determinare la relazione prima/dopo, primo/secondo, corrente/precedente o il momento richiesto",localizzazione rispetto a un'ancora temporale esplicita oppure ordinamento pairwise tra due eventi/stati direttamente identificabili,two_intervals,2,esplicita,alta,"[""temporale""]",0,50,0,20,insufficiente,"['Evento A: la ragazza ride (segment_0004, start_time: 12.0, end_time: 15.75)']","['Evento B: la ragazza apre la porta', ""Relazione temporale tra l'evento A e l'evento B""]","Il modello ha identificato l'evento in cui la ragazza ride, ma non ha rilevato l'evento in cui la ragazza apre la porta. Senza entrambi gli eventi, non è possibile determinare la relazione temporale richiesta dalla domanda. Pertanto, la comprensione è insufficiente per rispondere alla domanda."
gemma-4-12B,video027,3,Perché la ragazza trova la situazione divertente?,causale,C2,C2|T1,2,ragazza; situazione osservata,effetto da spiegare: la ragazza trova la situazione divertente; causa/antecedente: da identificare nell'evidenza disponibile,riconoscere l'effetto o comportamento da spiegare; recuperare il contesto pertinente; inferire la causa/intenzione/motivazione solo se supportata dalle evidenze; evitare di colmare lacune con conoscenza non presente nel video,"la risposta richiede almeno un passaggio inferenziale implicito su motivazione, intenzione, stato mentale, valutazione sociale, finalità procedurale o relazione causale non direttamente osservabile",two_intervals,2,implicita,moderata,"[""causale"", ""temporale""]",80,70,60,65,sufficiente,"['La ragazza (donna con capelli biondi, maglia blu, jeans) è identificata.', 'La situazione osservata include interazioni comiche tra la ragazza e un uomo.', ""La ragazza ride durante l'interazione con l'uomo.""]","['Motivazione specifica per cui la ragazza trova la situazione divertente.', 'Dettagli specifici della situazione che causano la risata della ragazza.']","Il modello ha identificato correttamente le entità principali e ha riconosciuto che la ragazza ride durante l'interazione con l'uomo, suggerendo che trova la situazione divertente. Tuttavia, manca una chiara identificazione della causa specifica che rende la situazione divertente per la ragazza, limitando la capacità di inferire la motivazione dietro la sua risata. Pertanto, la comprensione è sufficiente ma non completa."
gemma-4-12B,video028,1,Dove vengono messe le banane?,spaziale,S1,S1|T0,1,banane,evento: le banane vengono messe in un luogo; localizzazione della destinazione,"riconoscere l'evento o la relazione spaziale pertinente; allineare il referente all'intervallo locale; recuperare origine, destinazione, direzione, supporto o posizione richiesta",una relazione spaziale esplicita o una localizzazione condizionata da un singolo evento osservabile nello stesso intervallo locale,local_interval,1,esplicita,moderata,"[""spaziale"", ""temporale""]",100,50,50,50,parziale,"['Presenza delle banane (entità e5) nel segmento 0000.', 'Interazione tra venditore e clienti in un negozio di frutta (evento E0001).', 'Consegna di un sacchetto (azione nel segmento 0007).']","['Evento specifico in cui le banane vengono messe in un luogo.', 'Localizzazione esplicita della destinazione delle banane.']","Il modello ha identificato correttamente le banane e alcune interazioni generali nel contesto di un negozio di frutta. Tuttavia, manca l'evento specifico in cui le banane vengono messe in un luogo e la localizzazione esplicita della destinazione delle banane. Senza queste informazioni, l'inferenza richiesta non può essere completata."
gemma-4-12B,video028,2,I due uomini con gli occhiali si accordano su cosa prendere prima o dopo aver salutato l'uomo con il grembiule giallo?,temporale,T1,T1,1,due uomini con gli occhiali; uomo con il grembiule giallo; oggetti da prendere,evento A: i due uomini si accordano su cosa prendere; evento B: salutano l'uomo con il grembiule giallo,"riconoscere i due eventi oppure l'evento e l'ancora temporale; localizzarli nella sequenza; determinare la relazione prima/dopo, primo/secondo, corrente/precedente o il momento richiesto",localizzazione rispetto a un'ancora temporale esplicita oppure ordinamento pairwise tra due eventi/stati direttamente identificabili,two_intervals,2,esplicita,alta,"[""temporale""]",80,50,40,45,parziale,"['Due uomini con gli occhiali sono identificati come clienti.', 'Uomo con il grembiule giallo è identificato come venditore.', 'Conversazioni tra i clienti e il venditore sono osservate.']","['Non è chiaro se i due uomini si accordano su cosa prendere.', ""Non è chiaro se i due uomini salutano l'uomo con il grembiule giallo."", ""Non è chiara la relazione temporale tra l'accordo e il saluto.""]","Il modello ha identificato correttamente le entità principali e alcune interazioni tra di loro, ma non ha recuperato informazioni specifiche sugli eventi richiesti dalla domanda, come l'accordo su cosa prendere e il saluto all'uomo con il grembiule giallo. Inoltre, manca la relazione temporale tra questi eventi, che è cruciale per rispondere alla domanda."
gemma-4-12B,video028,3,Perché l'uomo con gli occhiali chiede le banane all'uomo con il grembiule giallo?,causale,C2,C2|T1,2,uomo con gli occhiali; uomo con il grembiule giallo; banane,effetto da spiegare: l'uomo con gli occhiali chiede le banane; causa/antecedente: da identificare nell'evidenza disponibile,riconoscere l'effetto o comportamento da spiegare; recuperare il contesto pertinente; inferire la causa/intenzione/motivazione solo se supportata dalle evidenze; evitare di colmare lacune con conoscenza non presente nel video,"la risposta richiede almeno un passaggio inferenziale implicito su motivazione, intenzione, stato mentale, valutazione sociale, finalità procedurale o relazione causale non direttamente osservabile",two_intervals,2,implicita,moderata,"[""causale"", ""temporale""]",80,60,40,50,parziale,"['uomo con gli occhiali identificato come cliente con occhiali da vista', 'uomo con il grembiule giallo identificato come venditore', 'presenza di banane nel contesto', 'interazione tra cliente e venditore', 'venditore mostra le banane']","[""richiesta esplicita delle banane da parte dell'uomo con gli occhiali"", ""motivazione o causa per cui l'uomo con gli occhiali chiede le banane""]","Il modello ha identificato correttamente le entità principali e ha riconosciuto l'interazione tra il cliente e il venditore, inclusa la presenza delle banane. Tuttavia, manca l'evento specifico in cui l'uomo con gli occhiali chiede le banane e non è stata inferita una motivazione chiara per questa richiesta. Senza questi elementi, la comprensione della causa dell'azione è limitata."
gemma-4-12B,video029,1,Dove si trova il tabaccaio?,spaziale,S0,S0,0,tabaccaio; luogo in cui si trova,localizzazione del tabaccaio,identificare il referente target; recuperare una singola evidenza spaziale direttamente osservabile; restituire la localizzazione senza confronto tra fasi,recupero spaziale diretto da una singola evidenza stabile; nessun confronto temporale o ricostruzione di stato,single_frame,1,esplicita,nessuna,"[""spaziale""]",0,0,0,0,insufficiente,[],"['Identificazione del tabaccaio', 'Localizzazione del tabaccaio']","Il modello non ha recuperato alcuna informazione riguardante il tabaccaio o la sua localizzazione. Non ci sono riferimenti a un tabaccaio o a un luogo che possa essere identificato come tale nei segmenti analizzati. Pertanto, non è possibile rispondere alla domanda con le informazioni disponibili."
gemma-4-12B,video029,2,Il tabaccaio si arrabbia prima o dopo che il signore con la maglia a righe dia indicazioni?,temporale,T1,T1,1,tabaccaio; signore con la maglia a righe; indicazioni,evento A: il tabaccaio si arrabbia; evento B: il signore con la maglia a righe dà indicazioni,"riconoscere i due eventi oppure l'evento e l'ancora temporale; localizzarli nella sequenza; determinare la relazione prima/dopo, primo/secondo, corrente/precedente o il momento richiesto",localizzazione rispetto a un'ancora temporale esplicita oppure ordinamento pairwise tra due eventi/stati direttamente identificabili,two_intervals,2,esplicita,alta,"[""temporale""]",50,30,20,30,parziale,"['Signore con la maglia a righe identificato come e2', 'Interazione tra passante e spettatore (e1 ed e2)']","['Evento del tabaccaio che si arrabbia', 'Evento specifico in cui il signore con la maglia a righe dà indicazioni', ""Relazione temporale tra l'arrabbiarsi del tabaccaio e le indicazioni del signore""]","Il modello ha identificato il signore con la maglia a righe e un'interazione tra due uomini, ma non ha recuperato l'evento specifico del tabaccaio che si arrabbia né l'evento in cui il signore dà indicazioni. Mancano quindi gli elementi chiave per determinare la relazione temporale richiesta dalla domanda."
gemma-4-12B,video029,3,Perché il signore con la camicia bianca urla al tabaccaio?,causale,C2,C2|T1,2,signore con la camicia bianca; situazione o indicazioni,effetto da spiegare: il signore con la camicia bianca urla al tabaccaio; causa/antecedente: da identificare nell'evidenza disponibile,riconoscere l'effetto o comportamento da spiegare; recuperare il contesto pertinente; inferire la causa/intenzione/motivazione solo se supportata dalle evidenze; evitare di colmare lacune con conoscenza non presente nel video,"la risposta richiede almeno un passaggio inferenziale implicito su motivazione, intenzione, stato mentale, valutazione sociale, finalità procedurale o relazione causale non direttamente osservabile",two_intervals,2,implicita,moderata,"[""causale"", ""temporale""]",80,70,50,60,sufficiente,"['Identificazione del signore con la camicia bianca (e1)', 'Interazione tra il signore con la camicia bianca e il tabaccaio (e2)', 'Discussione tra due uomini in strada', 'Reazione di stupore del signore con la camicia bianca']","['Motivazione specifica per cui il signore urla al tabaccaio', ""Dettagli sul contesto che portano all'urlo""]","Il modello ha identificato correttamente il signore con la camicia bianca e ha riconosciuto una discussione e una reazione di stupore, ma manca l'informazione chiave sulla motivazione specifica per cui il signore urla al tabaccaio. Senza questa informazione, l'inferenza causale richiesta dalla domanda non può essere completamente soddisfatta."
gemma-4-12B,video030,1,Dove vuole mettere i gonfiabili la donna fuori campo?,spaziale,S1,S1|T0,1,donna fuori campo; gonfiabili,evento: la donna propone di mettere i gonfiabili in un luogo; localizzazione della destinazione,"riconoscere l'evento o la relazione spaziale pertinente; allineare il referente all'intervallo locale; recuperare origine, destinazione, direzione, supporto o posizione richiesta",una relazione spaziale esplicita o una localizzazione condizionata da un singolo evento osservabile nello stesso intervallo locale,local_interval,1,esplicita,moderata,"[""spaziale"", ""temporale""]",0,0,0,0,insufficiente,[],"['donna fuori campo', 'proposta di mettere i gonfiabili in un luogo specifico', 'localizzazione della destinazione dei gonfiabili', 'relazione spaziale esplicita o localizzazione condizionata da un evento']","La rappresentazione del modello non include alcuna informazione sulla donna fuori campo, né su una proposta di posizionamento dei gonfiabili. Non ci sono eventi o relazioni spaziali che indichino una destinazione per i gonfiabili. Pertanto, nessuno dei requisiti necessari per rispondere alla domanda è stato recuperato."
gemma-4-12B,video030,2,La bambina con la maglia rosa ha cenato prima di mettere il piede in piscina o ha messo il piede in piscina prima di cenare?,temporale,T1,T1,1,bambina con la maglia rosa; piscina; cena,evento A: la bambina cena; evento B: la bambina mette il piede in piscina,"riconoscere i due eventi oppure l'evento e l'ancora temporale; localizzarli nella sequenza; determinare la relazione prima/dopo, primo/secondo, corrente/precedente o il momento richiesto",localizzazione rispetto a un'ancora temporale esplicita oppure ordinamento pairwise tra due eventi/stati direttamente identificabili,two_intervals,2,esplicita,alta,"[""temporale""]",50,50,30,40,parziale,"['bambina con maglia rosa', 'piscina gonfiabile', ""evento: la bambina mette un piede nell'acqua""]","['evento: la bambina cena', 'relazione temporale tra cena e mettere il piede in piscina']","Il modello ha identificato correttamente la bambina con la maglia rosa e l'evento in cui mette un piede nella piscina. Tuttavia, manca completamente l'evento della cena, che è cruciale per determinare l'ordine temporale richiesto dalla domanda. Senza questa informazione, l'inferenza temporale non può essere completata. Pertanto, la comprensione è parziale."
gemma-4-12B,video030,3,Perché la bambina con la maglietta bianca urla?,causale,C2,C2|T1,2,bambina con la maglietta bianca,effetto da spiegare: la bambina urla; causa/antecedente: da identificare nell'evidenza disponibile,riconoscere l'effetto o comportamento da spiegare; recuperare il contesto pertinente; inferire la causa/intenzione/motivazione solo se supportata dalle evidenze; evitare di colmare lacune con conoscenza non presente nel video,"la risposta richiede almeno un passaggio inferenziale implicito su motivazione, intenzione, stato mentale, valutazione sociale, finalità procedurale o relazione causale non direttamente osservabile",two_intervals,2,implicita,moderata,"[""causale"", ""temporale""]",0,0,0,0,insufficiente,[],"['Identificazione della bambina con la maglietta bianca', 'Evento in cui la bambina con la maglietta bianca urla', 'Causa o antecedente che spiega perché la bambina urla']","La rappresentazione del modello non include l'identificazione della bambina con la maglietta bianca né l'evento in cui questa bambina urla. Inoltre, manca qualsiasi informazione che possa spiegare la causa o l'antecedente del suo urlo. Senza questi elementi, non è possibile affrontare la domanda."
gemma-4-12B,video031,1,Dove mette la donna fuori campo l'avocado per farlo assaggiare alla bambina?,spaziale,S1,S1|T0,1,donna fuori campo; avocado; bambina,evento: la donna mette l'avocado per farlo assaggiare alla bambina; localizzazione della destinazione,"riconoscere l'evento o la relazione spaziale pertinente; allineare il referente all'intervallo locale; recuperare origine, destinazione, direzione, supporto o posizione richiesta",una relazione spaziale esplicita o una localizzazione condizionata da un singolo evento osservabile nello stesso intervallo locale,local_interval,1,esplicita,moderata,"[""spaziale"", ""temporale""]",0,0,0,0,insufficiente,[],"['donna fuori campo', 'avocado', ""evento di mettere l'avocado per farlo assaggiare alla bambina"", ""localizzazione della destinazione dell'avocado""]","La rappresentazione del modello non include alcuna informazione riguardante la donna fuori campo, l'avocado o l'evento specifico di mettere l'avocado per farlo assaggiare alla bambina. Mancano completamente le entità e gli eventi richiesti per rispondere alla domanda, rendendo impossibile qualsiasi inferenza spaziale o temporale pertinente."
gemma-4-12B,video031,2,La bambina acconsente a mangiare il frutto prima o dopo che la donna dica 'dai prova amore'?,temporale,T1,T1,1,bambina; donna; frutto; invito «dai prova amore»,evento A: la bambina acconsente a mangiare il frutto; evento B: la donna dice «dai prova amore»,"riconoscere i due eventi oppure l'evento e l'ancora temporale; localizzarli nella sequenza; determinare la relazione prima/dopo, primo/secondo, corrente/precedente o il momento richiesto",localizzazione rispetto a un'ancora temporale esplicita oppure ordinamento pairwise tra due eventi/stati direttamente identificabili,two_intervals,2,esplicita,alta,"[""temporale""]",0,50,0,20,insufficiente,['Evento A: la bambina mangia qualcosa mentre piange (segment_0002)'],"['Evento B: la donna dice «dai prova amore»', ""Relazione temporale tra l'evento A e l'evento B""]","La rappresentazione del modello identifica l'evento in cui la bambina mangia qualcosa, ma manca completamente l'evento in cui la donna dice ""dai prova amore"". Senza questo evento, non è possibile determinare la relazione temporale richiesta dalla domanda. Pertanto, la comprensione è insufficiente per affrontare la domanda."
gemma-4-12B,video031,3,Perché la bambina urla?,causale,C2,C2|T1,2,bambina; avocado o altro stimolo; donna fuori campo,effetto da spiegare: la bambina urla; causa/antecedente: da identificare nell'evidenza disponibile,riconoscere l'effetto o comportamento da spiegare; recuperare il contesto pertinente; inferire la causa/intenzione/motivazione solo se supportata dalle evidenze; evitare di colmare lacune con conoscenza non presente nel video,"la risposta richiede almeno un passaggio inferenziale implicito su motivazione, intenzione, stato mentale, valutazione sociale, finalità procedurale o relazione causale non direttamente osservabile",two_intervals,2,implicita,moderata,"[""causale"", ""temporale""]",50,60,40,45,parziale,"['La bambina è identificata con attributi specifici.', 'La bambina tiene un piccolo oggetto verde vicino alla bocca.', 'La bambina piange mentre mangia qualcosa.']","[""Non è chiaro quale sia lo stimolo che causa l'urlo della bambina."", 'Non è identificata una donna fuori campo che potrebbe influenzare la bambina.', ""Non è chiaro il motivo per cui la bambina urla, manca un'analisi causale diretta.""]","La rappresentazione del modello include la bambina e alcune sue azioni, ma manca l'identificazione di uno stimolo specifico che causa l'urlo. Non è presente una donna fuori campo che potrebbe influenzare la situazione. L'inferenza causale è debole e non supportata da evidenze chiare. La comprensione è parziale, con lacune significative nella spiegazione del comportamento della bambina."
gemma-4-12B,video032,1,Dove si trova l'oggetto che vuole la bambina con la maglietta rossa e bianca?,spaziale,S1,S1|T0,1,bambina con la maglietta rossa e bianca; oggetto desiderato; luogo in cui si trova,evento: la bambina vuole un oggetto; localizzazione dell'oggetto,"riconoscere l'evento o la relazione spaziale pertinente; allineare il referente all'intervallo locale; recuperare origine, destinazione, direzione, supporto o posizione richiesta",una relazione spaziale esplicita o una localizzazione condizionata da un singolo evento osservabile nello stesso intervallo locale,local_interval,2,esplicita,moderata,"[""spaziale"", ""temporale""]",80,20,20,30,parziale,"['Bambina con maglietta rossa e bianca identificata in segmenti 0001, 0002, 0003, 0004, 0005, 0006, 0007, 0008.', 'Oggetti come piatto, cucchiaio, forchetta, libro, penna identificati.']","['Oggetto desiderato dalla bambina non identificato.', 'Evento in cui la bambina desidera un oggetto non identificato.', ""Localizzazione dell'oggetto desiderato non determinata.""]","Il modello ha identificato correttamente la bambina con la maglietta rossa e bianca e vari oggetti presenti nei segmenti, ma non ha identificato l'oggetto desiderato dalla bambina né l'evento in cui la bambina esprime il desiderio per un oggetto. Senza queste informazioni, non è possibile determinare la localizzazione dell'oggetto desiderato."
gemma-4-12B,video032,2,La bambina con la maglietta rossa e bianca prende la forchetta in mano prima o dopo che la bambina con la maglia rosa dica 'no'?,temporale,T1,T1,1,bambina con la maglietta rossa e bianca; bambina con la maglia rosa; forchetta,evento A: la prima bambina prende la forchetta; evento B: la seconda bambina dice «no»,"riconoscere i due eventi oppure l'evento e l'ancora temporale; localizzarli nella sequenza; determinare la relazione prima/dopo, primo/secondo, corrente/precedente o il momento richiesto",localizzazione rispetto a un'ancora temporale esplicita oppure ordinamento pairwise tra due eventi/stati direttamente identificabili,two_intervals,2,esplicita,alta,"[""temporale""]",0,0,0,0,insufficiente,[],"['Identificazione della bambina con la maglietta rossa e bianca', 'Identificazione della bambina con la maglia rosa', 'Evento della bambina con la maglietta rossa e bianca che prende la forchetta', ""Evento della bambina con la maglia rosa che dice 'no'"", 'Relazione temporale tra i due eventi richiesti']","La rappresentazione del modello non recupera nessuna delle entità o eventi specifici richiesti dalla domanda. Non viene identificata la bambina con la maglietta rossa e bianca né quella con la maglia rosa. Inoltre, non sono presenti gli eventi chiave: la bambina con la maglietta rossa e bianca che prende la forchetta e la bambina con la maglia rosa che dice 'no'. Di conseguenza, non è possibile determinare la relazione temporale tra questi eventi. La comprensione è quindi insufficiente."
gemma-4-12B,video032,3,Perché la bambina con la maglietta rosa dice di 'no'?,causale,C2,C2|T1,2,bambina con la maglietta rosa; altra bambina; oggetto o azione rifiutata,effetto da spiegare: la bambina dice «no»; causa/antecedente: da identificare nell'evidenza disponibile,riconoscere l'effetto o comportamento da spiegare; recuperare il contesto pertinente; inferire la causa/intenzione/motivazione solo se supportata dalle evidenze; evitare di colmare lacune con conoscenza non presente nel video,"la risposta richiede almeno un passaggio inferenziale implicito su motivazione, intenzione, stato mentale, valutazione sociale, finalità procedurale o relazione causale non direttamente osservabile",two_intervals,2,implicita,moderata,"[""causale"", ""temporale""]",0,0,0,0,insufficiente,[],"[""La bambina con la maglietta rosa che dice 'no'."", ""L'oggetto o azione che viene rifiutata dalla bambina."", ""Il contesto o antecedente che porta la bambina a dire 'no'."", 'Qualsiasi inferenza sulle motivazioni o cause del rifiuto.']","La rappresentazione del modello non include alcuna informazione riguardante la bambina con la maglietta rosa che dice 'no', né l'oggetto o l'azione rifiutata. Mancano completamente le entità e gli eventi necessari per inferire la causa del rifiuto. Pertanto, non è possibile eseguire l'inferenza richiesta dalla domanda."
gemma-4-12B,video033,1,Dove si tuffano i due uomini in costume?,spaziale,S1,S1|T0,1,due uomini in costume; acqua o punto di tuffo,evento: i due uomini si tuffano; localizzazione del luogo del tuffo,"riconoscere l'evento o la relazione spaziale pertinente; allineare il referente all'intervallo locale; recuperare origine, destinazione, direzione, supporto o posizione richiesta",una relazione spaziale esplicita o una localizzazione condizionata da un singolo evento osservabile nello stesso intervallo locale,local_interval,1,esplicita,moderata,"[""spaziale"", ""temporale""]",50,70,40,45,parziale,"['Due uomini in costume da bagno sono presenti nel video.', 'I due uomini si tuffano in avanti (segmento 0003).', ""L'immersione avviene nella neve (segmento 0004).""]","['Localizzazione precisa del punto di tuffo.', ""Riconoscimento esplicito dell'acqua o di un punto di tuffo specifico.""]","Il modello ha identificato correttamente i due uomini in costume e l'evento del tuffo, ma non ha fornito una localizzazione precisa del punto di tuffo, né ha riconosciuto un'acqua o un punto di tuffo specifico. L'inferenza spaziale è quindi incompleta, limitando la capacità di rispondere alla domanda."
gemma-4-12B,video033,2,Chi si trova in vantaggio per primo tra 'Bobo' e 'Massi'?,temporale,T1,T1,1,Bobo; Massi,evento A: Bobo passa in vantaggio; evento B: Massi passa in vantaggio,"riconoscere i due eventi oppure l'evento e l'ancora temporale; localizzarli nella sequenza; determinare la relazione prima/dopo, primo/secondo, corrente/precedente o il momento richiesto",localizzazione rispetto a un'ancora temporale esplicita oppure ordinamento pairwise tra due eventi/stati direttamente identificabili,two_intervals,2,esplicita,alta,"[""temporale""]",50,20,10,25,insufficiente,['Identificazione di due uomini con cuffie di colori diversi (rossa e verde e bianca)'],"[""Identificazione esplicita di 'Bobo' e 'Massi'"", 'Eventi specifici di vantaggio per Bobo o Massi', 'Relazione temporale tra eventi di vantaggio']","La rappresentazione del modello identifica due uomini con cuffie di colori diversi, ma non associa questi colori ai nomi 'Bobo' e 'Massi'. Inoltre, non sono stati identificati eventi specifici di vantaggio per nessuno dei due, né è stata stabilita una relazione temporale tra tali eventi. Pertanto, la comprensione è insufficiente per rispondere alla domanda."
gemma-4-12B,video033,3,Perché la donna in sottofondo è preoccupata?,causale,C2,C2|T1,2,donna in sottofondo; due uomini; situazione della gara o del tuffo,effetto da spiegare: la donna è preoccupata; causa/antecedente: da identificare nell'evidenza disponibile,riconoscere l'effetto o comportamento da spiegare; recuperare il contesto pertinente; inferire la causa/intenzione/motivazione solo se supportata dalle evidenze; evitare di colmare lacune con conoscenza non presente nel video,"la risposta richiede almeno un passaggio inferenziale implicito su motivazione, intenzione, stato mentale, valutazione sociale, finalità procedurale o relazione causale non direttamente osservabile",two_intervals,2,implicita,moderata,"[""causale"", ""temporale""]",0,0,0,0,insufficiente,[],"['Presenza della donna in sottofondo', 'Stato di preoccupazione della donna', 'Motivo della preoccupazione della donna', 'Contesto che spiega la preoccupazione della donna']","La rappresentazione del modello non include alcuna informazione sulla donna in sottofondo, sul suo stato di preoccupazione o sul contesto che potrebbe spiegare tale preoccupazione. Mancano completamente le entità e gli eventi necessari per affrontare la domanda, e non è possibile eseguire alcuna inferenza causale o motivazionale riguardo alla preoccupazione della donna. Pertanto, la comprensione è insufficiente."
gemma-4-12B,video034,1,"Dove si trova la palla all'inizio, nelle mani di Anastasia o nelle mani di Vanessa?",spaziale,S2,S2|T1,2,palla; Vanessa; mani delle due bambine,evento o stato iniziale: la palla è nelle mani di una delle due bambine; localizzazione all'inizio del video,identificare l'ancora temporale; recuperare lo stato spaziale nella fase richiesta; confrontare le fasi pertinenti senza introdurre cambiamenti non osservati,recupero spaziale condizionato da una fase precedente/successiva/iniziale o dal primo occorrere di un evento; richiede confronto tra almeno due stati temporali,two_intervals,2,esplicita,alta,"[""spaziale"", ""temporale""]",80,80,70,75,sufficiente,"[""La palla è tenuta da una bambina all'inizio del video (segment_0000)."", 'La bambina con la palla è identificata come protagonista (segment_0000).']","['Identificazione esplicita di Anastasia e Vanessa.', ""Confronto tra le due bambine per determinare chi tiene la palla all'inizio.""]","Il modello ha identificato correttamente che la palla è tenuta da una bambina all'inizio del video, ma non ha fornito informazioni sufficienti per distinguere tra Anastasia e Vanessa. La rappresentazione permette di inferire lo stato iniziale della palla, ma manca l'identificazione chiara delle due bambine necessaria per rispondere alla domanda."
gemma-4-12B,video034,2,Anastasia fa le flessioni prima o dopo che Vanessa venga rimproverata?,temporale,T1,T1,1,Anastasia; Vanessa; flessioni; rimprovero,evento A: Anastasia fa le flessioni; evento B: Vanessa viene rimproverata,"riconoscere i due eventi oppure l'evento e l'ancora temporale; localizzarli nella sequenza; determinare la relazione prima/dopo, primo/secondo, corrente/precedente o il momento richiesto",localizzazione rispetto a un'ancora temporale esplicita oppure ordinamento pairwise tra due eventi/stati direttamente identificabili,two_intervals,2,esplicita,alta,"[""temporale""]",0,50,0,20,insufficiente,['Evento A: Anastasia fa le flessioni (segment_0011)'],"['Evento B: Vanessa viene rimproverata', 'Relazione temporale tra evento A e evento B']","Il modello ha identificato l'evento in cui Anastasia fa le flessioni, ma non ha recuperato l'evento in cui Vanessa viene rimproverata. Senza entrambi gli eventi, non è possibile determinare la relazione temporale richiesta dalla domanda. Pertanto, la comprensione è insufficiente per rispondere alla domanda."
gemma-4-12B,video034,3,Perché la donna rimprovera Vanessa?,causale,C1,C1|T1,1,donna; Vanessa; comportamento di Vanessa,effetto da spiegare: la donna rimprovera Vanessa; causa/antecedente: da identificare nell'evidenza disponibile,riconoscere l'effetto; individuare un antecedente o stato direttamente osservabile/esplicitamente disponibile; verificare il nesso causale senza attribuire intenzioni o motivazioni non supportate,"collegamento causale diretto tra un antecedente esplicito e una conseguenza esplicita, con al massimo due unità di evidenza",two_intervals,2,parzialmente implicita,moderata,"[""causale"", ""temporale""]",0,0,0,0,insufficiente,[],"['Identificazione della donna che rimprovera Vanessa', 'Identificazione di Vanessa', 'Descrizione del comportamento di Vanessa che porta al rimprovero', 'Evento del rimprovero', 'Causa del rimprovero']","La rappresentazione del modello non include alcuna informazione riguardante una donna che rimprovera Vanessa, né identifica Vanessa o il comportamento che potrebbe portare a un rimprovero. Mancano completamente le entità e gli eventi necessari per stabilire un nesso causale tra un comportamento e un rimprovero. Pertanto, la comprensione è insufficiente."
gemma-4-12B,video035,1,Dove si trova il cliente che non saluta?,spaziale,S1,S1|T0,1,cliente che non saluta; luogo in cui si trova,localizzazione del cliente che non saluta,"riconoscere l'evento o la relazione spaziale pertinente; allineare il referente all'intervallo locale; recuperare origine, destinazione, direzione, supporto o posizione richiesta",una relazione spaziale esplicita o una localizzazione condizionata da un singolo evento osservabile nello stesso intervallo locale,local_interval,2,esplicita,moderata,"[""spaziale"", ""temporale""]",0,0,0,0,insufficiente,[],"['Identificazione del cliente che non saluta', 'Localizzazione del cliente che non saluta', 'Relazione spaziale del cliente rispetto ad altri elementi']","La rappresentazione del modello non include alcuna informazione riguardante un cliente che non saluta, né la sua localizzazione. Mancano completamente le entità e gli eventi necessari per rispondere alla domanda, e non è possibile eseguire l'inferenza richiesta. Pertanto, la comprensione è insufficiente."
gemma-4-12B,video035,2,Il cliente che risponde al saluto si presenta prima o dopo il cliente che non saluta?,temporale,T1,T1,1,cliente che risponde al saluto; cliente che non saluta; momento della presentazione,evento A: si presenta il cliente che risponde al saluto; evento B: si presenta il cliente che non saluta,"riconoscere i due eventi oppure l'evento e l'ancora temporale; localizzarli nella sequenza; determinare la relazione prima/dopo, primo/secondo, corrente/precedente o il momento richiesto",localizzazione rispetto a un'ancora temporale esplicita oppure ordinamento pairwise tra due eventi/stati direttamente identificabili,two_intervals,2,esplicita,alta,"[""temporale""]",0,0,0,0,insufficiente,[],"['Identificazione del cliente che risponde al saluto', 'Identificazione del cliente che non saluta', 'Momento della presentazione di entrambi i clienti', 'Eventi di presentazione dei clienti', 'Relazione temporale tra gli eventi di presentazione']","La rappresentazione del modello non include alcuna informazione riguardante i clienti che rispondono o non rispondono al saluto, né i momenti in cui si presentano. Non sono stati identificati gli eventi di presentazione dei clienti, né è stata stabilita una relazione temporale tra di essi. Pertanto, non è possibile affrontare la domanda con le informazioni disponibili."
gemma-4-12B,video035,3,Perché il contatore in rosso apparso a video aumenta?,causale,C1,C1|T0,1,contatore rosso sullo schermo,effetto da spiegare: il contatore rosso aumenta; causa/antecedente: da identificare nell'evidenza disponibile,riconoscere l'effetto; individuare un antecedente o stato direttamente osservabile/esplicitamente disponibile; verificare il nesso causale senza attribuire intenzioni o motivazioni non supportate,"nesso causa-effetto fisico, sistemico o comportamentale direttamente osservabile nello stesso intervallo locale",local_interval,1,esplicita,moderata,"[""causale"", ""temporale""]",0,0,0,0,insufficiente,[],"['Contatore rosso sullo schermo', 'Aumento del contatore rosso', ""Causa dell'aumento del contatore rosso""]","La rappresentazione del modello non include alcuna informazione riguardante il contatore rosso sullo schermo, il suo aumento o le cause di tale aumento. Mancano completamente le entità e gli eventi necessari per affrontare la domanda, rendendo impossibile qualsiasi inferenza causale richiesta."
gemma-4-12B,video036,1,Dove si trova il finto cieco?,spaziale,S0,S0,0,ragazzo che finge di essere cieco; luogo in cui si trova,localizzazione del finto cieco,identificare il referente target; recuperare una singola evidenza spaziale direttamente osservabile; restituire la localizzazione senza confronto tra fasi,recupero spaziale diretto da una singola evidenza stabile; nessun confronto temporale o ricostruzione di stato,single_frame,1,esplicita,nessuna,"[""spaziale""]",100,100,100,100,completa,"[""L'uomo (finto cieco) è identificato con attributi specifici come capelli scuri, barba, giacca trapuntata nera, jeans strappati, occhiali da sole e bastone."", ""L'uomo è localizzato davanti all'edificio con l'iscrizione 'ISTITUTO DEI CIECHI'.""]",[],"Il modello ha identificato correttamente l'entità del finto cieco e la sua localizzazione spaziale davanti all'edificio 'ISTITUTO DEI CIECHI'. Tutti i requisiti della domanda sono stati soddisfatti, permettendo di rispondere alla domanda con precisione."
gemma-4-12B,video036,2,Il ragazzo si abbassa gli occhiali da sole prima o dopo aver detto che si fingerà cieco?,temporale,T1,T1,1,ragazzo; occhiali da sole; dichiarazione di fingersi cieco,evento A: il ragazzo abbassa gli occhiali da sole; evento B: dice che si fingerà cieco,"riconoscere i due eventi oppure l'evento e l'ancora temporale; localizzarli nella sequenza; determinare la relazione prima/dopo, primo/secondo, corrente/precedente o il momento richiesto",localizzazione rispetto a un'ancora temporale esplicita oppure ordinamento pairwise tra due eventi/stati direttamente identificabili,two_intervals,2,esplicita,alta,"[""temporale""]",0,50,0,20,insufficiente,"['Evento A: il ragazzo si mette gli occhiali da sole (segment_0001, 5.75-6.75)']","['Evento B: dichiarazione di fingersi cieco', 'Relazione temporale tra abbassare gli occhiali e dichiarazione di fingersi cieco']","Il modello ha identificato l'evento in cui il ragazzo si mette gli occhiali da sole, ma manca completamente l'evento in cui dichiara di fingersi cieco. Senza questo secondo evento, non è possibile determinare la relazione temporale richiesta dalla domanda. Pertanto, la comprensione complessiva è insufficiente."
gemma-4-12B,video036,3,Perché il ragazzo che finge di essere cieco non attraversa la strada?,causale,C2,C2|T1,2,ragazzo che finge di essere cieco; strada,effetto da spiegare: il ragazzo non attraversa la strada; causa/antecedente: da identificare nell'evidenza disponibile,riconoscere l'effetto o comportamento da spiegare; recuperare il contesto pertinente; inferire la causa/intenzione/motivazione solo se supportata dalle evidenze; evitare di colmare lacune con conoscenza non presente nel video,"la risposta richiede almeno un passaggio inferenziale implicito su motivazione, intenzione, stato mentale, valutazione sociale, finalità procedurale o relazione causale non direttamente osservabile",two_intervals,2,implicita,moderata,"[""causale"", ""temporale""]",50,60,30,40,parziale,"['Il ragazzo è identificato come un uomo con capelli scuri, barba, giacca trapuntata nera, pantaloni jeans strappati, occhiali da sole e bastone.', ""L'uomo si prepara a camminare usando un bastone e cammina sul marciapiede."", 'Transito di veicoli in una strada urbana.']","['Non è chiaro perché il ragazzo non attraversa la strada.', 'Non ci sono evidenze dirette o inferenze chiare sulla motivazione o causa per cui il ragazzo non attraversa la strada.']","Il modello ha identificato correttamente alcune entità e azioni, come il ragazzo che cammina sul marciapiede e il transito di veicoli. Tuttavia, manca l'informazione cruciale sulla motivazione o causa per cui il ragazzo non attraversa la strada. Senza questa inferenza, la comprensione è limitata."
gemma-4-12B,video037,1,Dove si trovano i rifiuti?,spaziale,S0,S0,0,rifiuti; luogo in cui si trovano,localizzazione dei rifiuti,identificare il referente target; recuperare una singola evidenza spaziale direttamente osservabile; restituire la localizzazione senza confronto tra fasi,recupero spaziale diretto da una singola evidenza stabile; nessun confronto temporale o ricostruzione di stato,single_frame,1,esplicita,nessuna,"[""spaziale""]",100,100,100,100,completa,"['Cesto dei rifiuti giallo a rete identificato nel segmento 0000.', 'Sacchetto nero identificato come rifiuto nel cesto nel segmento 0000.', 'Relazione spaziale: sacchetto nero dentro il cesto dei rifiuti nel segmento 0000.']",[],"Il modello ha identificato correttamente tutte le entità richieste, ovvero il cesto dei rifiuti e il sacchetto nero, e ha determinato la loro relazione spaziale, con il sacchetto nero all'interno del cesto. Gli eventi e le inferenze necessarie per rispondere alla domanda sono stati completamente recuperati, permettendo di localizzare i rifiuti in modo chiaro e diretto."
gemma-4-12B,video037,2,Le trombette vengono suonate prima o dopo che la donna vestita di nero si pieghi?,temporale,T1,T1,1,trombette; donna vestita di nero,evento A: vengono suonate le trombette; evento B: la donna vestita di nero si piega,"riconoscere i due eventi oppure l'evento e l'ancora temporale; localizzarli nella sequenza; determinare la relazione prima/dopo, primo/secondo, corrente/precedente o il momento richiesto",localizzazione rispetto a un'ancora temporale esplicita oppure ordinamento pairwise tra due eventi/stati direttamente identificabili,two_intervals,2,esplicita,alta,"[""temporale""]",0,50,0,20,insufficiente,"['Evento B: la donna vestita di nero si piega (segment_0007, start_time: 21.0, end_time: 22.5)']","['Evento A: vengono suonate le trombette', ""Relazione temporale tra l'evento A e l'evento B""]","Il modello ha identificato l'evento in cui la donna vestita di nero si piega, ma non ha rilevato l'evento delle trombette suonate. Senza entrambi gli eventi, non è possibile determinare la relazione temporale richiesta dalla domanda. Pertanto, la comprensione è insufficiente."
gemma-4-12B,video037,3,Perché il ragazzo con il cappellino a punta suona la trombetta?,causale,C2,C2|T1,2,ragazzo con il cappellino a punta; trombetta; donna o situazione circostante,effetto da spiegare: il ragazzo suona la trombetta; causa/antecedente: da identificare nell'evidenza disponibile,riconoscere l'effetto o comportamento da spiegare; recuperare il contesto pertinente; inferire la causa/intenzione/motivazione solo se supportata dalle evidenze; evitare di colmare lacune con conoscenza non presente nel video,"la risposta richiede almeno un passaggio inferenziale implicito su motivazione, intenzione, stato mentale, valutazione sociale, finalità procedurale o relazione causale non direttamente osservabile",two_intervals,2,implicita,moderata,"[""causale"", ""temporale""]",50,60,40,45,parziale,"['Ragazzo con cappellino a punta identificato come uomo con cappello di compleanno.', ""Evento di festa di compleanno all'aperto identificato.""]","['Non è stato identificato il ragazzo che suona la trombetta.', 'Non è stata identificata la trombetta.', 'Non è stata identificata la causa o motivazione per cui il ragazzo suona la trombetta.']","Il modello ha identificato il contesto di una festa di compleanno e il ragazzo con il cappellino a punta, ma non ha recuperato l'azione specifica di suonare la trombetta né la motivazione dietro di essa. Mancano elementi chiave per inferire la causa dell'azione richiesta dalla domanda."
gemma-4-12B,video038,1,Dove si trovano le 'ragazze'?,spaziale,S0,S0,0,«ragazze» menzionate; luogo in cui si trovano,localizzazione delle persone chiamate «ragazze»,identificare il referente target; recuperare una singola evidenza spaziale direttamente osservabile; restituire la localizzazione senza confronto tra fasi,recupero spaziale diretto da una singola evidenza stabile; nessun confronto temporale o ricostruzione di stato,single_frame,1,esplicita,nessuna,"[""spaziale""]",0,0,0,0,insufficiente,[],"[""Identificazione delle 'ragazze'"", ""Localizzazione delle 'ragazze'""]",Il modello non ha identificato né le entità riferite come 'ragazze' né ha fornito alcuna informazione sulla loro localizzazione. Non ci sono evidenze che permettano di rispondere alla domanda.
gemma-4-12B,video038,2,L'osso viene fatto annusare prima a 'Nandina' o a 'Giulietta'?,temporale,T1,T1,1,osso; Nandina; Giulietta; uomo che lo fa annusare,evento A: l'osso viene fatto annusare a Nandina; evento B: l'osso viene fatto annusare a Giulietta,"riconoscere i due eventi oppure l'evento e l'ancora temporale; localizzarli nella sequenza; determinare la relazione prima/dopo, primo/secondo, corrente/precedente o il momento richiesto",localizzazione rispetto a un'ancora temporale esplicita oppure ordinamento pairwise tra due eventi/stati direttamente identificabili,two_intervals,2,esplicita,alta,"[""temporale""]",0,0,0,0,insufficiente,[],"[""Identificazione di 'Nandina' e 'Giulietta'"", ""Evento A: l'osso viene fatto annusare a Nandina"", ""Evento B: l'osso viene fatto annusare a Giulietta"", 'Relazione temporale tra gli eventi A e B']","La rappresentazione del modello non include alcuna informazione riguardante 'Nandina' o 'Giulietta', né gli eventi specifici in cui l'osso viene fatto annusare a questi soggetti. Senza queste informazioni, non è possibile determinare l'ordine temporale richiesto dalla domanda."
gemma-4-12B,video038,3,Perché l'uomo con la tuta blu definisce la situazione inquietante?,causale,C2,C2|T1,2,uomo con la tuta blu; Nandina e Giulietta o altre «ragazze»; situazione osservata,effetto da spiegare: l'uomo definisce la situazione inquietante; causa/antecedente: da identificare nell'evidenza disponibile,riconoscere l'effetto o comportamento da spiegare; recuperare il contesto pertinente; inferire la causa/intenzione/motivazione solo se supportata dalle evidenze; evitare di colmare lacune con conoscenza non presente nel video,"la risposta richiede almeno un passaggio inferenziale implicito su motivazione, intenzione, stato mentale, valutazione sociale, finalità procedurale o relazione causale non direttamente osservabile",two_intervals,2,implicita,moderata,"[""causale"", ""temporale""]",50,30,20,25,insufficiente,"['uomo con la tuta blu identificato come protagonista', 'interazione tra uomo e animali osservata']","['Nandina e Giulietta o altre «ragazze» non identificate', 'situazione osservata non descritta come inquietante', 'nessuna evidenza di un effetto da spiegare (uomo definisce la situazione inquietante)', ""nessuna causa o antecedente identificato per spiegare l'inquietudine""]","La rappresentazione del modello identifica l'uomo con la tuta blu e le interazioni con gli animali, ma manca completamente l'identificazione di Nandina e Giulietta o altre ragazze, e non c'è alcuna evidenza di una situazione definita inquietante. Inoltre, non viene fornita alcuna causa o antecedente che spieghi perché la situazione potrebbe essere considerata inquietante. L'inferenza richiesta non è supportata dalle evidenze disponibili."
gemma-4-12B,video039,1,Dove guarda l'uomo con la camicia azzurra quando fa un verso di sorpresa?,spaziale,S1,S1|T0,1,uomo con la camicia azzurra; oggetto o persona guardata,evento contestuale: l'uomo fa un verso di sorpresa; localizzazione della direzione del suo sguardo,"riconoscere l'evento o la relazione spaziale pertinente; allineare il referente all'intervallo locale; recuperare origine, destinazione, direzione, supporto o posizione richiesta",una relazione spaziale esplicita o una localizzazione condizionata da un singolo evento osservabile nello stesso intervallo locale,local_interval,2,esplicita,moderata,"[""spaziale"", ""temporale""]",0,0,0,0,insufficiente,[],"['Uomo con la camicia azzurra che fa un verso di sorpresa', ""Direzione dello sguardo dell'uomo con la camicia azzurra durante il verso di sorpresa""]","La rappresentazione del modello non include alcuna informazione sull'uomo con la camicia azzurra che fa un verso di sorpresa, né sulla direzione del suo sguardo in quel momento. Mancano completamente gli eventi e le inferenze necessarie per rispondere alla domanda."
gemma-4-12B,video039,2,L'uomo con la maglia grigia intima all'uomo in camicia che pagherà lui prima o dopo che si sono seduti?,temporale,T1,T1,1,uomo con la maglia grigia; uomo in camicia; conto; seduta,evento A: l'uomo con la maglia grigia dice che pagherà lui; evento B: i due uomini si siedono,"riconoscere i due eventi oppure l'evento e l'ancora temporale; localizzarli nella sequenza; determinare la relazione prima/dopo, primo/secondo, corrente/precedente o il momento richiesto",localizzazione rispetto a un'ancora temporale esplicita oppure ordinamento pairwise tra due eventi/stati direttamente identificabili,two_intervals,2,esplicita,alta,"[""temporale""]",0,0,0,0,insufficiente,[],"[""Identificazione dell'uomo con la maglia grigia"", ""Identificazione dell'uomo in camicia"", ""Evento in cui l'uomo con la maglia grigia dice che pagherà lui"", 'Evento in cui i due uomini si siedono', ""Relazione temporale tra l'affermazione di pagamento e il sedersi""]","La rappresentazione del modello non recupera alcuna delle entità o degli eventi specifici richiesti dalla domanda. Non sono identificati né l'uomo con la maglia grigia né l'uomo in camicia, né è presente l'evento in cui uno dei due afferma che pagherà. Inoltre, manca completamente la relazione temporale tra l'affermazione di pagamento e il momento in cui i due uomini si siedono. Pertanto, la comprensione è insufficiente."
gemma-4-12B,video039,3,Perché l'uomo con la maglietta grigia vuole pagare il conto?,causale,C2,C2|T1,2,uomo con la maglietta grigia; altro uomo; conto,effetto da spiegare: l'uomo vuole pagare il conto; causa/antecedente: da identificare nell'evidenza disponibile,riconoscere l'effetto o comportamento da spiegare; recuperare il contesto pertinente; inferire la causa/intenzione/motivazione solo se supportata dalle evidenze; evitare di colmare lacune con conoscenza non presente nel video,"la risposta richiede almeno un passaggio inferenziale implicito su motivazione, intenzione, stato mentale, valutazione sociale, finalità procedurale o relazione causale non direttamente osservabile",two_intervals,2,implicita,moderata,"[""causale"", ""temporale""]",50,30,20,30,insufficiente,"['uomo con la maglietta blu con strisce rosse e bianche (e2)', 'conversazione tra due uomini', 'consultazione del menù']","['uomo con la maglietta grigia', 'intenzione di pagare il conto', 'motivazione per pagare il conto']","La rappresentazione del modello identifica alcune entità e eventi generali, come la presenza di un uomo con una maglietta blu con strisce rosse e bianche e diverse conversazioni. Tuttavia, manca l'identificazione specifica dell'uomo con la maglietta grigia e non ci sono evidenze che supportino l'intenzione o la motivazione per pagare il conto. Senza queste informazioni, non è possibile inferire la causa o la motivazione richiesta dalla domanda."
gemma-4-12B,video040,1,"Dove sente bruciore Vanessa, secondo la voce fuori campo?",spaziale,S1,S1|T0,1,Vanessa; parte del corpo che brucia; voce fuori campo,stato riferito: Vanessa sente bruciore; localizzazione della parte del corpo,"riconoscere l'evento o la relazione spaziale pertinente; allineare il referente all'intervallo locale; recuperare origine, destinazione, direzione, supporto o posizione richiesta",una relazione spaziale esplicita o una localizzazione condizionata da un singolo evento osservabile nello stesso intervallo locale,local_interval,1,parzialmente implicita,moderata,"[""spaziale"", ""temporale""]",0,0,0,0,insufficiente,[],"['Vanessa', 'parte del corpo che brucia', 'voce fuori campo', 'stato riferito: Vanessa sente bruciore', 'localizzazione della parte del corpo']","La rappresentazione del modello non include alcuna informazione riguardante Vanessa, la parte del corpo che brucia, o la voce fuori campo. Non ci sono eventi o stati che indicano che Vanessa sente bruciore, né una localizzazione della parte del corpo interessata. Pertanto, nessuno dei requisiti necessari per rispondere alla domanda è stato recuperato."
gemma-4-12B,video040,2,Quando dice la voce fuori campo che disinfetterà il piedino di Vanessa?,temporale,T1,T1,1,voce fuori campo; piede di Vanessa,evento target: la voce dice che disinfetterà il piede di Vanessa; riferimento temporale: momento o evento rispetto a cui avviene,"riconoscere i due eventi oppure l'evento e l'ancora temporale; localizzarli nella sequenza; determinare la relazione prima/dopo, primo/secondo, corrente/precedente o il momento richiesto",localizzazione rispetto a un'ancora temporale esplicita oppure ordinamento pairwise tra due eventi/stati direttamente identificabili,two_intervals,2,esplicita,alta,"[""temporale""]",0,0,0,0,insufficiente,[],"['Voce fuori campo', 'Piede di Vanessa', 'Evento in cui la voce dice che disinfetterà il piede di Vanessa', ""Riferimento temporale rispetto a cui avviene l'evento target""]","La rappresentazione del modello non include alcuna informazione riguardante la voce fuori campo, il piede di Vanessa, o l'evento in cui si dice che il piede verrà disinfettato. Mancano completamente le entità e gli eventi necessari per rispondere alla domanda, rendendo impossibile qualsiasi inferenza temporale richiesta."
gemma-4-12B,video040,3,Perché la voce fuori campo chiede ad Anastasia 'come va?'?,causale,C2,C2|T1,2,voce fuori campo; Anastasia; stato fisico o emotivo di Anastasia,effetto da spiegare: la voce chiede ad Anastasia «come va?»; causa/antecedente: da identificare nell'evidenza disponibile,riconoscere l'effetto o comportamento da spiegare; recuperare il contesto pertinente; inferire la causa/intenzione/motivazione solo se supportata dalle evidenze; evitare di colmare lacune con conoscenza non presente nel video,"la risposta richiede almeno un passaggio inferenziale implicito su motivazione, intenzione, stato mentale, valutazione sociale, finalità procedurale o relazione causale non direttamente osservabile",two_intervals,2,implicita,moderata,"[""causale"", ""temporale""]",40,30,20,25,insufficiente,"['Anastasia è una bambina con capelli lunghi e bagnati, ciuffi rosa, costume da bagno azzurro e rosa.', 'Anastasia è coinvolta in una sessione di acconciatura con una persona che pettina e intreccia i suoi capelli.']","['Voce fuori campo non identificata.', 'Stato fisico o emotivo di Anastasia non chiaramente descritto.', ""Motivazione della domanda 'come va?' non inferita.""]","La rappresentazione del modello include alcune informazioni su Anastasia e l'attività di acconciatura, ma manca l'identificazione della voce fuori campo e lo stato emotivo di Anastasia. Inoltre, non è stata inferita alcuna motivazione per la domanda 'come va?', rendendo la comprensione insufficiente per affrontare la domanda."
gemma-4-12B,video041,1,Dove sono andate le circa 60 persone secondo la tradizione?,spaziale,S1,S1|T0,1,circa 60 persone; luogo della tradizione; mare o spiaggia,evento riportato: le persone si recano in un luogo secondo la tradizione; localizzazione della destinazione,"riconoscere l'evento o la relazione spaziale pertinente; allineare il referente all'intervallo locale; recuperare origine, destinazione, direzione, supporto o posizione richiesta",una relazione spaziale esplicita o una localizzazione condizionata da un singolo evento osservabile nello stesso intervallo locale,local_interval,1,parzialmente implicita,moderata,"[""spaziale"", ""temporale""]",80,90,85,85,sufficiente,"['circa 60 persone partecipano al bagno di Capodanno in mare', 'evento di Capodanno in spiaggia', 'bagno di Capodanno in mare come tradizione']",['Esplicita menzione del numero esatto di persone (circa 60)'],"Il modello ha identificato correttamente l'evento del bagno di Capodanno in mare, che è una tradizione, e ha riconosciuto la presenza di molte persone coinvolte. Tuttavia, manca un riferimento esplicito al numero esatto di circa 60 persone, anche se la folla è stata osservata. La rappresentazione è sufficiente per affrontare la domanda, ma non completamente dettagliata."
gemma-4-12B,video041,2,Quando si è aperto il 'Capodanno pesarese' secondo la voce narrante?,temporale,T1,T1,1,Capodanno pesarese; voce narrante,evento target: apertura del Capodanno pesarese; riferimento temporale: data o momento indicato dalla voce narrante,"riconoscere i due eventi oppure l'evento e l'ancora temporale; localizzarli nella sequenza; determinare la relazione prima/dopo, primo/secondo, corrente/precedente o il momento richiesto",localizzazione rispetto a un'ancora temporale esplicita oppure ordinamento pairwise tra due eventi/stati direttamente identificabili,two_intervals,2,parzialmente implicita,alta,"[""temporale""]",0,0,0,0,insufficiente,[],"['Voce narrante', ""Riferimento temporale esplicito per l'apertura del 'Capodanno pesarese'""]","La rappresentazione del modello non include alcuna informazione sulla voce narrante o su un riferimento temporale esplicito per l'apertura del 'Capodanno pesarese'. Senza questi elementi, non è possibile determinare quando si è aperto l'evento secondo la voce narrante. Mancano completamente le entità e gli eventi richiesti, e non è possibile eseguire l'inferenza necessaria."
gemma-4-12B,video041,3,Perché le persone portano il cappello di babbo natale al mare?,causale,C2,C2|T1,2,persone; cappelli di Babbo Natale; mare; tradizione,effetto da spiegare: le persone portano cappelli di Babbo Natale al mare; causa/antecedente: da identificare nell'evidenza disponibile,riconoscere l'effetto o comportamento da spiegare; recuperare il contesto pertinente; inferire la causa/intenzione/motivazione solo se supportata dalle evidenze; evitare di colmare lacune con conoscenza non presente nel video,"la risposta richiede almeno un passaggio inferenziale implicito su motivazione, intenzione, stato mentale, valutazione sociale, finalità procedurale o relazione causale non direttamente osservabile",two_intervals,2,implicita,moderata,"[""causale"", ""temporale""]",100,100,90,90,completa,"['Persone indossano cappelli di Babbo Natale al mare.', 'Celebrazione di Capodanno in spiaggia.', 'Bagno di Capodanno in mare.', 'Causalità tra celebrazione di Capodanno e bagno in mare con cappelli di Babbo Natale.']",['Motivazione esplicita per indossare cappelli di Babbo Natale.'],"Il modello ha identificato correttamente le entità e gli eventi rilevanti, come le persone che indossano cappelli di Babbo Natale al mare e la celebrazione di Capodanno. Ha anche inferito correttamente la relazione causale tra la celebrazione di Capodanno e il bagno in mare con cappelli di Babbo Natale. Tuttavia, manca una motivazione esplicita per l'uso dei cappelli, anche se l'inferenza è supportata dal contesto generale. La rappresentazione è sufficiente per affrontare la domanda."
gemma-4-12B,video042,1,Dove hanno lavato le mani il bambino con la maglietta blu e la bambina con il vestito rosa?,spaziale,S1,S1|T0,1,bambino con la maglietta blu; bambina con il vestito rosa; luogo per lavarsi le mani,evento: i due bambini lavano le mani; localizzazione del luogo,"riconoscere l'evento o la relazione spaziale pertinente; allineare il referente all'intervallo locale; recuperare origine, destinazione, direzione, supporto o posizione richiesta",una relazione spaziale esplicita o una localizzazione condizionata da un singolo evento osservabile nello stesso intervallo locale,local_interval,1,esplicita,moderata,"[""spaziale"", ""temporale""]",0,0,0,0,insufficiente,[],"['Bambino con la maglietta blu e bambina con il vestito rosa che lavano le mani', 'Luogo specifico dove i bambini lavano le mani', 'Evento di lavaggio delle mani', 'Relazione spaziale tra i bambini e il luogo di lavaggio']","La rappresentazione del modello non include alcuna informazione riguardante il lavaggio delle mani da parte del bambino con la maglietta blu e della bambina con il vestito rosa. Non sono stati identificati né l'evento di lavaggio delle mani né il luogo specifico in cui questo avviene. Pertanto, non è possibile eseguire l'inferenza richiesta dalla domanda."
gemma-4-12B,video042,2,Sami si mette la crema solare prima o dopo essere andata a riva?,temporale,T1,T1,1,Sami; crema solare; riva,evento A: Sami mette la crema solare; evento B: Sami va a riva,"riconoscere i due eventi oppure l'evento e l'ancora temporale; localizzarli nella sequenza; determinare la relazione prima/dopo, primo/secondo, corrente/precedente o il momento richiesto",localizzazione rispetto a un'ancora temporale esplicita oppure ordinamento pairwise tra due eventi/stati direttamente identificabili,two_intervals,2,esplicita,alta,"[""temporale""]",80,60,50,55,parziale,"['Sami è identificata come la bambina protagonista in vari segmenti.', 'La crema solare è menzionata nel segmento 0009.', 'Sami è vista con la pelle coperta di crema solare nei segmenti 0006 e 0008.']","['Non è chiaro se Sami va a riva o meno.', 'Non è chiaro quando Sami applica la crema solare rispetto ad andare a riva.', 'Non ci sono eventi espliciti che mostrano Sami andare a riva.']","Il modello ha identificato correttamente Sami e la crema solare, ma manca l'evento di Sami che va a riva. Senza questo evento, non è possibile determinare la relazione temporale tra l'applicazione della crema solare e l'andare a riva. La rappresentazione è quindi parziale, mancando un elemento decisivo per rispondere alla domanda."
gemma-4-12B,video042,3,Perché la bambina con la maglietta gialla torna correndo sull'asciugamano?,causale,C2,C2|T1,2,bambina con la maglietta gialla; asciugamano; luogo da cui torna,effetto da spiegare: la bambina torna correndo sull'asciugamano; causa/antecedente: da identificare nell'evidenza disponibile,riconoscere l'effetto o comportamento da spiegare; recuperare il contesto pertinente; inferire la causa/intenzione/motivazione solo se supportata dalle evidenze; evitare di colmare lacune con conoscenza non presente nel video,"la risposta richiede almeno un passaggio inferenziale implicito su motivazione, intenzione, stato mentale, valutazione sociale, finalità procedurale o relazione causale non direttamente osservabile",two_intervals,2,implicita,moderata,"[""causale"", ""temporale""]",70,50,30,40,parziale,"['Bambina con maglietta gialla identificata in più segmenti.', 'Asciugamano identificato nel segmento 0002.']","[""Evento specifico della bambina che torna correndo sull'asciugamano."", 'Causa o antecedente che spiega il ritorno della bambina.', 'Contesto pertinente per inferire la motivazione del ritorno.']","Il modello ha identificato la bambina con la maglietta gialla e l'asciugamano, ma non ha recuperato l'evento specifico del ritorno correndo sull'asciugamano né la causa o il contesto che spiegherebbe tale comportamento. Mancano elementi chiave per inferire la motivazione del ritorno, rendendo la comprensione parziale."
gemma-4-12B,video043,1,Dove si allena la ragazza?,spaziale,S0,S0,0,ragazza; luogo di allenamento,evento: la ragazza si allena; localizzazione del luogo,identificare il referente target; recuperare una singola evidenza spaziale direttamente osservabile; restituire la localizzazione senza confronto tra fasi,recupero spaziale diretto da una singola evidenza stabile; nessun confronto temporale o ricostruzione di stato,single_frame,1,esplicita,nessuna,"[""spaziale""]",50,70,30,40,parziale,"[""La ragazza è identificata come 'donna' o 'allieva' che si allena in una sessione di arti marziali."", ""L'evento di allenamento di arti marziali è stato identificato.""]","['Luogo specifico di allenamento non identificato.', ""Non c'è evidenza spaziale esplicita del luogo di allenamento.""]","Il modello ha identificato correttamente la ragazza e l'evento di allenamento, ma manca l'informazione chiave sul luogo specifico in cui si allena. Senza questa informazione, la domanda non può essere completamente affrontata."
gemma-4-12B,video043,2,La ragazza con gli occhiali tira un calcio posteriore prima o dopo che l'uomo con la felpa rossa e blu le parli?,temporale,T1,T1,1,ragazza con gli occhiali; uomo con la felpa rossa e blu; calcio posteriore,evento A: la ragazza esegue un calcio posteriore; evento B: l'uomo le parla,"riconoscere i due eventi oppure l'evento e l'ancora temporale; localizzarli nella sequenza; determinare la relazione prima/dopo, primo/secondo, corrente/precedente o il momento richiesto",localizzazione rispetto a un'ancora temporale esplicita oppure ordinamento pairwise tra due eventi/stati direttamente identificabili,two_intervals,2,esplicita,alta,"[""temporale""]",50,30,20,30,parziale,"['Ragazza con gli occhiali identificata come donna con kimono bianco e cintura rossa.', 'Uomo con felpa rossa e blu identificato come istruttore.']","['Calcio posteriore non identificato.', ""Evento in cui l'uomo parla alla ragazza non identificato."", ""Relazione temporale tra il calcio e il parlare dell'uomo non determinata.""]","Il modello ha identificato correttamente le entità principali, ma non ha riconosciuto gli eventi specifici richiesti dalla domanda, come il calcio posteriore e il momento in cui l'uomo parla alla ragazza. Inoltre, manca la determinazione della relazione temporale tra questi eventi, rendendo impossibile rispondere alla domanda."
gemma-4-12B,video043,3,Perché Sara Luconi porta gli occhiali?,causale,C2,C2|T1,2,Sara Luconi; occhiali,effetto da spiegare: Sara Luconi porta gli occhiali; causa/antecedente: da identificare nell'evidenza disponibile,riconoscere l'effetto o comportamento da spiegare; recuperare il contesto pertinente; inferire la causa/intenzione/motivazione solo se supportata dalle evidenze; evitare di colmare lacune con conoscenza non presente nel video,"la risposta richiede almeno un passaggio inferenziale implicito su motivazione, intenzione, stato mentale, valutazione sociale, finalità procedurale o relazione causale non direttamente osservabile",two_intervals,2,implicita,moderata,"[""causale"", ""temporale""]",50,30,10,25,insufficiente,"[""Sara Luconi indossa occhiali durante l'allenamento di arti marziali.""]","['Motivazione o causa per cui Sara Luconi indossa gli occhiali.', 'Contesto che spiega la necessità degli occhiali per Sara Luconi.']","Il modello ha identificato che Sara Luconi indossa occhiali, ma non ha fornito alcuna informazione o contesto che spieghi il motivo per cui li indossa. Non ci sono evidenze di eventi o inferenze che possano suggerire una causa o motivazione per l'uso degli occhiali, rendendo la comprensione insufficiente per rispondere alla domanda."
gemma-4-12B,video044,1,"In questa scena tratta da un film, da dove viene afferrata la ragazza?",spaziale,S1,S1|T0,1,ragazza; malvivente o persona che la afferra,evento: la ragazza viene afferrata; localizzazione del punto di presa,"riconoscere l'evento o la relazione spaziale pertinente; allineare il referente all'intervallo locale; recuperare origine, destinazione, direzione, supporto o posizione richiesta",una relazione spaziale esplicita o una localizzazione condizionata da un singolo evento osservabile nello stesso intervallo locale,local_interval,1,esplicita,moderata,"[""spaziale"", ""temporale""]",80,70,60,65,sufficiente,"[""La donna (e1) viene afferrata dall'uomo (e2) nel segmento 0004."", ""L'evento di afferrare è osservato con alta confidenza.""]",['Localizzazione specifica del punto di presa sulla ragazza.'],"Il modello ha identificato correttamente le entità principali, ovvero la ragazza e l'uomo che la afferra, e ha riconosciuto l'evento di afferrare. Tuttavia, manca la specifica localizzazione del punto di presa sulla ragazza, che è un elemento chiave per rispondere alla domanda. Nonostante ciò, la rappresentazione è sufficiente per affrontare la domanda, anche se con alcune incertezze."
gemma-4-12B,video044,2,"In questa scena tratta da un film, la donna colpisce il malvivente prima o dopo aver detto: 'Io i soldi me li fatico'?",temporale,T1,T1,1,donna; malvivente; frase «Io i soldi me li fatico»,evento A: la donna colpisce il malvivente; evento B: la donna pronuncia la frase,"riconoscere i due eventi oppure l'evento e l'ancora temporale; localizzarli nella sequenza; determinare la relazione prima/dopo, primo/secondo, corrente/precedente o il momento richiesto",localizzazione rispetto a un'ancora temporale esplicita oppure ordinamento pairwise tra due eventi/stati direttamente identificabili,two_intervals,2,esplicita,alta,"[""temporale""]",0,0,0,0,insufficiente,[],"['Identificazione della donna che colpisce il malvivente', 'Identificazione del malvivente', 'Pronuncia della frase «Io i soldi me li fatico»', 'Evento in cui la donna colpisce il malvivente', 'Evento in cui la donna pronuncia la frase', 'Relazione temporale tra i due eventi']","La rappresentazione del modello non include alcuna informazione riguardante la donna che colpisce il malvivente o la pronuncia della frase specifica. Non sono stati identificati né gli eventi né le entità richieste per determinare la relazione temporale tra il colpo e la frase. Pertanto, la comprensione è insufficiente."
gemma-4-12B,video044,3,Perché in questo spezzone di film la donna alla fine scappa?,causale,C1,C1|T1,1,donna; malvivente; luogo della scena,effetto da spiegare: la donna scappa alla fine; causa/antecedente: da identificare nell'evidenza disponibile,riconoscere l'effetto; individuare un antecedente o stato direttamente osservabile/esplicitamente disponibile; verificare il nesso causale senza attribuire intenzioni o motivazioni non supportate,"collegamento causale diretto tra un antecedente esplicito e una conseguenza esplicita, con al massimo due unità di evidenza",two_intervals,2,parzialmente implicita,moderata,"[""causale"", ""temporale""]",70,80,60,65,sufficiente,"['donna identificata in vari segmenti', 'uomo identificato come aggressore', 'evento di aggressione fisica osservato', 'donna scappa alla fine']","['motivazione esplicita per cui la donna scappa', 'collegamento causale diretto tra aggressione e fuga']","Il modello ha identificato correttamente le entità principali e l'evento di aggressione fisica, che è un potenziale antecedente per la fuga della donna. Tuttavia, manca un collegamento causale esplicito tra l'aggressione e la fuga, e non è stata fornita una motivazione chiara per la fuga della donna. La rappresentazione è sufficiente per affrontare la domanda, ma con alcune lacune."
gemma-4-12B,video045,1,Dove sono stati postati i video dei fatti raccontati al telegiornale?,spaziale,S1,S1|T0,1,video dei fatti; fatti raccontati al telegiornale,evento riportato: i video vengono pubblicati; localizzazione della piattaforma,"riconoscere l'evento o la relazione spaziale pertinente; allineare il referente all'intervallo locale; recuperare origine, destinazione, direzione, supporto o posizione richiesta",una relazione spaziale esplicita o una localizzazione condizionata da un singolo evento osservabile nello stesso intervallo locale,local_interval,1,parzialmente implicita,moderata,"[""spaziale"", ""temporale""]",0,0,0,0,insufficiente,[],"['video dei fatti', 'fatti raccontati al telegiornale', 'evento di pubblicazione dei video', 'localizzazione della piattaforma di pubblicazione']","La rappresentazione del modello non include alcuna informazione riguardante la pubblicazione dei video o la loro localizzazione su una piattaforma specifica. Mancano completamente le entità e gli eventi richiesti per rispondere alla domanda, rendendo impossibile qualsiasi inferenza spaziale o temporale pertinente."
gemma-4-12B,video045,2,I fatti si sono svolti prima o dopo mezzogiorno?,temporale,T1,T1,1,fatti narrati; mezzogiorno,evento target: svolgimento dei fatti; riferimento temporale: mezzogiorno,"riconoscere i due eventi oppure l'evento e l'ancora temporale; localizzarli nella sequenza; determinare la relazione prima/dopo, primo/secondo, corrente/precedente o il momento richiesto",localizzazione rispetto a un'ancora temporale esplicita oppure ordinamento pairwise tra due eventi/stati direttamente identificabili,two_intervals,2,parzialmente implicita,alta,"[""temporale""]",0,0,0,0,insufficiente,[],"['Riferimento temporale a mezzogiorno', 'Relazione temporale tra eventi e mezzogiorno', 'Eventi specifici che si svolgono prima o dopo mezzogiorno']","La rappresentazione del modello non include alcun riferimento temporale esplicito a mezzogiorno, né fornisce informazioni che permettano di determinare se gli eventi si sono svolti prima o dopo tale momento. Mancano completamente le ancore temporali necessarie per rispondere alla domanda."
gemma-4-12B,video045,3,Perché le forze dell'ordine reclamano i rinforzi per aiutarli a sedare la folla?,causale,C0,C0,0,forze dell'ordine; rinforzi; folla,relazione causale/finalistica esplicitata nella domanda; nessun antecedente aggiuntivo deve essere ipotizzato,recuperare la causa o finalità già espressa esplicitamente; non introdurre antecedenti ulteriori non supportati,la finalità o relazione causale necessaria è già esplicitata nella formulazione disponibile; non è richiesta una ricostruzione causale aggiuntiva,local_interval,1,esplicita,nessuna,"[""causale""]",80,70,60,65,sufficiente,"[""Presenza di forze dell'ordine (agenti di polizia, carabinieri)"", 'Presenza di una folla numerosa', ""Interventi delle forze dell'ordine in contesti di assembramento""]","[""Esplicita richiesta di rinforzi da parte delle forze dell'ordine"", 'Motivazione esplicita per la richiesta di rinforzi']","La rappresentazione del modello include le entità principali come le forze dell'ordine e la folla, e descrive vari interventi delle forze dell'ordine in contesti di assembramento. Tuttavia, manca un riferimento esplicito alla richiesta di rinforzi e alla motivazione specifica per tale richiesta, che è centrale per rispondere alla domanda. La comprensione è sufficiente per riconoscere il contesto generale, ma non per rispondere completamente alla domanda."
gemma-4-12B,video046,1,Dove possiamo vedere che la prima risposta al comando vocale è giusta?,spaziale,S1,S1|T0,1,prima risposta del comando vocale,evento: il sistema dà la prima risposta; localizzazione dell'evidenza visiva che la conferma,"riconoscere l'evento o la relazione spaziale pertinente; allineare il referente all'intervallo locale; recuperare origine, destinazione, direzione, supporto o posizione richiesta",una relazione spaziale esplicita o una localizzazione condizionata da un singolo evento osservabile nello stesso intervallo locale,local_interval,1,parzialmente implicita,moderata,"[""spaziale"", ""temporale""]",0,0,0,0,insufficiente,[],"['Prima risposta al comando vocale', 'Evento di risposta del sistema al comando vocale', ""Localizzazione dell'evidenza visiva che conferma la risposta"", 'Relazione spaziale o temporale che indica la correttezza della risposta']",La rappresentazione del modello non include alcuna informazione relativa a un comando vocale o alla risposta del sistema a tale comando. Non ci sono eventi o entità che possano essere associati alla verifica della correttezza di una risposta a un comando vocale. Mancano completamente le informazioni necessarie per affrontare la domanda.
gemma-4-12B,video046,2,Il ragazzo chiede prima 'Chi ti ha programmato?' o l'orario?,temporale,T1,T1,1,ragazzo; domanda «Chi ti ha programmato?»; richiesta dell'orario,evento A: il ragazzo chiede chi ha programmato il sistema; evento B: il ragazzo chiede l'orario,"riconoscere i due eventi oppure l'evento e l'ancora temporale; localizzarli nella sequenza; determinare la relazione prima/dopo, primo/secondo, corrente/precedente o il momento richiesto",localizzazione rispetto a un'ancora temporale esplicita oppure ordinamento pairwise tra due eventi/stati direttamente identificabili,two_intervals,2,esplicita,alta,"[""temporale""]",0,0,0,0,insufficiente,[],"[""Ragazzo che chiede 'Chi ti ha programmato?'"", ""Ragazzo che chiede l'orario"", 'Ordinamento temporale tra le due domande']","La rappresentazione del modello non include alcuna informazione riguardante le domande fatte dal ragazzo, né l'ordine in cui queste domande sono state poste. Mancano completamente gli eventi specifici richiesti dalla domanda, rendendo impossibile determinare la relazione temporale tra di essi."
gemma-4-12B,video046,3,Perché l'uomo dice che le 23:47 sono l'orario giusto?,causale,C1,C1|T1,1,uomo; orario 23:47; dispositivo o comando vocale,effetto da spiegare: l'uomo afferma che 23:47 è corretto; causa/antecedente: da identificare nell'evidenza disponibile,riconoscere l'effetto; individuare un antecedente o stato direttamente osservabile/esplicitamente disponibile; verificare il nesso causale senza attribuire intenzioni o motivazioni non supportate,"collegamento causale diretto tra un antecedente esplicito e una conseguenza esplicita, con al massimo due unità di evidenza",two_intervals,2,parzialmente implicita,moderata,"[""causale"", ""temporale""]",50,30,20,30,insufficiente,"[""L'orario 23:47 è mostrato sullo smartphone."", 'Un uomo è presente e interagisce con lo smartphone.']","[""L'uomo afferma che 23:47 è l'orario giusto."", ""Motivazione o causa per cui 23:47 è considerato l'orario giusto."", ""Dispositivo o comando vocale che giustifica l'orario.""]","La rappresentazione visuale recupera l'orario 23:47 e la presenza di un uomo, ma manca l'affermazione esplicita dell'uomo riguardo l'orario e la causa o motivazione per cui 23:47 è considerato corretto. Non è possibile stabilire un nesso causale tra un antecedente e l'affermazione dell'uomo."
gemma-4-12B,video047,1,Dove si trovava il telefono prima che la donna rispondesse?,spaziale,S2,S2|T1,2,telefono; donna anziana,evento contestuale: la donna risponde al telefono; localizzazione precedente del telefono,identificare l'ancora temporale; recuperare lo stato spaziale nella fase richiesta; confrontare le fasi pertinenti senza introdurre cambiamenti non osservati,recupero spaziale condizionato da una fase precedente/successiva/iniziale o dal primo occorrere di un evento; richiede confronto tra almeno due stati temporali,two_intervals,2,esplicita,alta,"[""spaziale"", ""temporale""]",100,50,40,45,parziale,"['Telefono identificato come entità con attributi specifici.', 'Donna anziana identificata come entità con attributi specifici.', 'Donna tiene il telefono e parla al telefono.']","['Localizzazione del telefono prima che la donna rispondesse.', 'Evento specifico di risposta al telefono non chiaramente identificato.', 'Confronto tra stati temporali per determinare la posizione iniziale del telefono.']","Il modello ha identificato correttamente le entità principali, come il telefono e la donna anziana, e ha riconosciuto che la donna tiene e parla al telefono. Tuttavia, manca l'informazione critica sulla posizione del telefono prima che la donna rispondesse, e non è stato chiaramente identificato l'evento di risposta al telefono. Inoltre, non è stato possibile effettuare un confronto tra stati temporali per determinare la posizione iniziale del telefono. Queste mancanze impediscono di rispondere completamente alla domanda."
gemma-4-12B,video047,2,La signora anziana grida 'Oddio! Cosa posso fare?' prima o dopo aver detto di essere sola?,temporale,T1,T1,1,donna anziana; frase «Oddio! Cosa posso fare?»; dichiarazione di essere sola,evento A: la donna grida «Oddio! Cosa posso fare?»; evento B: dice di essere sola,"riconoscere i due eventi oppure l'evento e l'ancora temporale; localizzarli nella sequenza; determinare la relazione prima/dopo, primo/secondo, corrente/precedente o il momento richiesto",localizzazione rispetto a un'ancora temporale esplicita oppure ordinamento pairwise tra due eventi/stati direttamente identificabili,two_intervals,2,esplicita,alta,"[""temporale""]",50,30,20,25,insufficiente,"['Presenza di una donna anziana che parla al telefono.', 'Conversazione telefonica e intervista televisiva come eventi generali.']","['Frase specifica «Oddio! Cosa posso fare?» non identificata.', 'Dichiarazione di essere sola non identificata.', 'Relazione temporale tra le due frasi non determinata.']","La rappresentazione del modello non include le frasi specifiche richieste dalla domanda, né la relazione temporale tra di esse. Sebbene siano presenti eventi generali di conversazione e intervista, mancano gli elementi chiave per determinare l'ordine delle frasi. Pertanto, la comprensione è insufficiente."
gemma-4-12B,video047,3,Perché la donna anziana è preoccupata?,causale,C2,C2|T1,2,donna anziana,effetto da spiegare: la donna è preoccupata; causa/antecedente: da identificare nell'evidenza disponibile,riconoscere l'effetto o comportamento da spiegare; recuperare il contesto pertinente; inferire la causa/intenzione/motivazione solo se supportata dalle evidenze; evitare di colmare lacune con conoscenza non presente nel video,"la risposta richiede almeno un passaggio inferenziale implicito su motivazione, intenzione, stato mentale, valutazione sociale, finalità procedurale o relazione causale non direttamente osservabile",two_intervals,2,implicita,moderata,"[""causale"", ""temporale""]",80,70,50,60,sufficiente,"['La donna anziana è identificata e descritta con vari attributi.', ""La donna è coinvolta in una conversazione telefonica e in un'intervista televisiva."", ""La donna gesticola e parla durante l'intervista.""]","['Non è esplicitamente indicato che la donna è preoccupata.', 'Non è chiara la causa della preoccupazione della donna.']","La rappresentazione del modello identifica correttamente la donna anziana e le sue azioni principali, come parlare al telefono e partecipare a un'intervista. Tuttavia, manca l'indicazione esplicita dello stato di preoccupazione della donna e la causa di tale preoccupazione non è chiaramente inferita. Questo limita la capacità di rispondere alla domanda sulla motivazione della preoccupazione."
gemma-4-12B,video048,1,Dove sbatte la mano la professoressa?,spaziale,S1,S1|T0,1,professoressa; mano,evento: la professoressa sbatte la mano; localizzazione della superficie,"riconoscere l'evento o la relazione spaziale pertinente; allineare il referente all'intervallo locale; recuperare origine, destinazione, direzione, supporto o posizione richiesta",una relazione spaziale esplicita o una localizzazione condizionata da un singolo evento osservabile nello stesso intervallo locale,local_interval,1,esplicita,moderata,"[""spaziale"", ""temporale""]",0,0,0,0,insufficiente,[],"['Professoressa', 'Mano della professoressa', 'Evento di sbattere la mano', 'Localizzazione della superficie dove la mano viene sbattuta']","La rappresentazione del modello non include alcuna informazione riguardante la professoressa, la sua mano o l'evento di sbattere la mano. Non ci sono dettagli sulla localizzazione della superficie coinvolta nell'evento richiesto dalla domanda. Pertanto, nessun requisito necessario per rispondere alla domanda è stato recuperato."
gemma-4-12B,video048,2,Quale bambino inizia a ridere per primo?,temporale,T2,T2,2,bambini presenti; primo bambino che ride,insieme di eventi: inizio della risata per ciascun bambino presente; target: identificare il primo onset,"riconoscere gli eventi o stati pertinenti; ricostruire l'evoluzione temporale necessaria; calcolare conteggio/durata oppure distinguere onset, continuazione e stato già completato","durata, conteggio/iterazione, selezione del primo onset tra più candidati o ricostruzione di uno stato già in corso/completato",multi_event_sequence,>=3,esplicita,alta,"[""temporale""]",0,0,0,0,insufficiente,[],"['Identificazione dei bambini presenti nel video', ""Riconoscimento dell'inizio della risata per ciascun bambino"", 'Identificazione del primo bambino che ride', 'Sequenza temporale degli eventi di risata']","Il modello non ha recuperato alcuna informazione riguardante i bambini che ridono, né ha identificato l'inizio della risata per ciascun bambino. Mancano completamente le informazioni necessarie per determinare quale bambino inizi a ridere per primo. Pertanto, la rappresentazione è insufficiente per affrontare la domanda."
gemma-4-12B,video048,3,Perché i professori iniziano a comportarsi come dei bambini maleducati?,causale,C2,C2|T1,2,professori; bambini; comportamento maleducato,effetto da spiegare: i professori si comportano come bambini maleducati; causa/antecedente: da identificare nell'evidenza disponibile,riconoscere l'effetto o comportamento da spiegare; recuperare il contesto pertinente; inferire la causa/intenzione/motivazione solo se supportata dalle evidenze; evitare di colmare lacune con conoscenza non presente nel video,"la risposta richiede almeno un passaggio inferenziale implicito su motivazione, intenzione, stato mentale, valutazione sociale, finalità procedurale o relazione causale non direttamente osservabile",two_intervals,2,implicita,moderata,"[""causale"", ""temporale""]",0,0,0,0,insufficiente,[],"['professori', 'bambini', 'comportamento maleducato', 'professori che si comportano come bambini maleducati', 'causa del comportamento dei professori']","La rappresentazione del modello non include alcuna informazione sui professori, sui bambini o su un comportamento maleducato. Non ci sono eventi o azioni che suggeriscano che i professori si comportino in modo infantile o maleducato. Inoltre, manca qualsiasi evidenza che possa spiegare la causa di tale comportamento. Pertanto, la comprensione è insufficiente per affrontare la domanda."
gemma-4-12B,video049,1,Dove si trovano gli operai?,spaziale,S0,S0,0,operai; cantiere o luogo di lavoro,localizzazione degli operai,identificare il referente target; recuperare una singola evidenza spaziale direttamente osservabile; restituire la localizzazione senza confronto tra fasi,recupero spaziale diretto da una singola evidenza stabile; nessun confronto temporale o ricostruzione di stato,single_frame,1,esplicita,nessuna,"[""spaziale""]",100,100,100,100,completa,"[""Presenza di operai identificati come 'operaio', 'persona', 'lavoratore' in vari segmenti."", 'Localizzazione degli operai in relazione a elementi come pareti, pavimenti, pannelli, ecc.', ""Azioni degli operai che indicano la loro posizione, come 'stende intonaco sulla parete', 'lavora sul pavimento', ecc.""]",[],"Il modello ha recuperato tutte le informazioni necessarie per rispondere alla domanda. Gli operai sono chiaramente identificati e localizzati in vari segmenti del video, con dettagli sulle loro azioni e la loro posizione rispetto ad altri oggetti. Non ci sono lacune significative nella rappresentazione visuale."
gemma-4-12B,video049,2,Quanto tempo ci vuole ai ragazzi nel video per ottenere la qualifica di operatore edile?,temporale,T2,T2,2,ragazzi; qualifica di operatore edile,evento target: conseguimento della qualifica; misura temporale: durata necessaria,"riconoscere gli eventi o stati pertinenti; ricostruire l'evoluzione temporale necessaria; calcolare conteggio/durata oppure distinguere onset, continuazione e stato già completato","durata, conteggio/iterazione, selezione del primo onset tra più candidati o ricostruzione di uno stato già in corso/completato",multi_event_sequence,2,esplicita,alta,"[""temporale""]",0,0,0,0,insufficiente,[],"['ragazzi', 'qualifica di operatore edile', 'conseguimento della qualifica', 'durata necessaria per ottenere la qualifica']","La rappresentazione del modello non include alcuna informazione riguardante i ragazzi o il conseguimento della qualifica di operatore edile. Non ci sono eventi o stati che indicano il processo di qualificazione o la durata necessaria per ottenerla. Pertanto, non è possibile affrontare la domanda con le informazioni disponibili."
gemma-4-12B,video049,3,Perché gli studenti stanno lavorando come manovali?,causale,C2,C2|T1,2,studenti; lavoro da manovali,effetto da spiegare: gli studenti lavorano come manovali; causa/antecedente: da identificare nell'evidenza disponibile,riconoscere l'effetto o comportamento da spiegare; recuperare il contesto pertinente; inferire la causa/intenzione/motivazione solo se supportata dalle evidenze; evitare di colmare lacune con conoscenza non presente nel video,"la risposta richiede almeno un passaggio inferenziale implicito su motivazione, intenzione, stato mentale, valutazione sociale, finalità procedurale o relazione causale non direttamente osservabile",two_intervals,2,implicita,moderata,"[""causale"", ""temporale""]",0,20,0,15,insufficiente,"['Lavori di finitura muraria, taglio di pannelli, verniciatura, pittura, manutenzione e finitura sono stati osservati.']","['Identificazione degli studenti come lavoratori.', 'Motivazione o causa per cui gli studenti lavorano come manovali.']","La rappresentazione del modello non identifica gli studenti né fornisce una motivazione per cui lavorano come manovali. Gli eventi di lavoro manuale sono osservati, ma mancano le informazioni chiave per rispondere alla domanda."
gemma-4-12B,video050,1,I bambini si trovano dentro un autobus o per strada?,spaziale,S0,S0,0,bambini; autobus; strada,stato/localizzazione: i bambini sono dentro un autobus oppure per strada,identificare il referente target; recuperare una singola evidenza spaziale direttamente osservabile; restituire la localizzazione senza confronto tra fasi,recupero spaziale diretto da una singola evidenza stabile; nessun confronto temporale o ricostruzione di stato,single_frame,1,esplicita,nessuna,"[""spaziale""]",50,50,50,50,parziale,"['Presenza di bambini identificati in segmenti diversi.', 'Bambini osservati mentre camminano per strada.']","['Assenza di evidenza di bambini dentro un autobus.', 'Assenza di un autobus nel contesto osservato.']","Il modello ha identificato correttamente la presenza di bambini e il loro movimento per strada, ma non ha fornito alcuna evidenza di un autobus o della presenza dei bambini all'interno di esso. La domanda richiede di determinare se i bambini si trovano dentro un autobus o per strada, e l'analisi del modello si limita a mostrare i bambini per strada, senza menzionare un autobus. Pertanto, la comprensione è parziale."
gemma-4-12B,video050,2,L'app del 'Piedibus' è stata sviluppata alla nascita del progetto o dopo?,temporale,T1,T1,1,app Piedibus; nascita del progetto; sviluppo dell'app,evento A: nasce il progetto Piedibus; evento B: viene sviluppata l'app,"riconoscere i due eventi oppure l'evento e l'ancora temporale; localizzarli nella sequenza; determinare la relazione prima/dopo, primo/secondo, corrente/precedente o il momento richiesto",localizzazione rispetto a un'ancora temporale esplicita oppure ordinamento pairwise tra due eventi/stati direttamente identificabili,two_intervals,2,parzialmente implicita,alta,"[""temporale""]",0,0,0,0,insufficiente,[],"['app Piedibus', 'nascita del progetto', ""sviluppo dell'app"", 'evento A: nasce il progetto Piedibus', ""evento B: viene sviluppata l'app"", ""relazione temporale tra nascita del progetto e sviluppo dell'app""]","La rappresentazione del modello non include alcuna informazione riguardante l'app Piedibus, la nascita del progetto o lo sviluppo dell'app. Non sono presenti eventi o ancore temporali che permettano di determinare la relazione temporale richiesta dalla domanda. Pertanto, la comprensione è insufficiente."
gemma-4-12B,video050,3,Perché il 'Piedibus' è ecologico?,causale,C2,C2|T1,2,Piedibus; bambini o partecipanti,effetto da spiegare: il Piedibus è definito ecologico; causa/antecedente: da identificare nell'evidenza disponibile,riconoscere l'effetto o comportamento da spiegare; recuperare il contesto pertinente; inferire la causa/intenzione/motivazione solo se supportata dalle evidenze; evitare di colmare lacune con conoscenza non presente nel video,"la risposta richiede almeno un passaggio inferenziale implicito su motivazione, intenzione, stato mentale, valutazione sociale, finalità procedurale o relazione causale non direttamente osservabile",two_intervals,2,implicita,moderata,"[""causale"", ""temporale""]",50,40,30,35,parziale,"['Presenza di bambini e accompagnatori che camminano (segment_0003)', 'Presenza di vigili che sorvegliano il traffico (segment_0004)']","['Esplicita menzione del Piedibus come sistema ecologico', 'Causa o motivazione per cui il Piedibus è ecologico', ""Collegamento tra camminare e riduzione dell'impatto ambientale""]","Il modello ha identificato la presenza di bambini e accompagnatori che camminano, e la sorveglianza del traffico da parte dei vigili, ma manca un collegamento esplicito tra queste attività e il concetto di ecologicità del Piedibus. Non è stata recuperata alcuna informazione che spieghi perché il Piedibus sia considerato ecologico, né è stata inferita una motivazione o causa per tale definizione. La rappresentazione è quindi insufficiente per affrontare la domanda in modo completo."
gemma-4-12B,video051,1,Dove si trova la freccia per tornare indietro?,spaziale,S0,S0,0,freccia per tornare indietro; posizione della freccia,localizzazione della freccia di navigazione all'indietro,identificare il referente target; recuperare una singola evidenza spaziale direttamente osservabile; restituire la localizzazione senza confronto tra fasi,recupero spaziale diretto da una singola evidenza stabile; nessun confronto temporale o ricostruzione di stato,single_frame,1,esplicita,nessuna,"[""spaziale""]",0,0,0,0,insufficiente,[],"['freccia per tornare indietro', 'posizione della freccia', ""localizzazione della freccia di navigazione all'indietro""]","La rappresentazione del modello non include alcuna informazione riguardante la freccia per tornare indietro o la sua posizione. Non sono stati identificati né l'entità specifica della freccia né eventi o relazioni spaziali che possano indicare la sua localizzazione. Pertanto, il modello non ha recuperato alcun requisito necessario per affrontare la domanda."
gemma-4-12B,video051,2,La bambina si muove prima o dopo che le voci fuori campo elogino il bambino?,temporale,T1,T1,1,bambina; bambino; voci fuori campo,evento A: la bambina si muove; evento B: le voci fuori campo elogiano il bambino,"riconoscere i due eventi oppure l'evento e l'ancora temporale; localizzarli nella sequenza; determinare la relazione prima/dopo, primo/secondo, corrente/precedente o il momento richiesto",localizzazione rispetto a un'ancora temporale esplicita oppure ordinamento pairwise tra due eventi/stati direttamente identificabili,two_intervals,2,esplicita,alta,"[""temporale""]",50,30,20,25,insufficiente,"['Presenza della bambina e del bambino in vari segmenti', 'La bambina cammina sul tappeto in diversi segmenti']","['Evento specifico delle voci fuori campo che elogiano il bambino', ""Relazione temporale tra il movimento della bambina e l'elogio del bambino""]","La rappresentazione del modello identifica correttamente la presenza della bambina e del bambino, ma manca completamente l'evento delle voci fuori campo che elogiano il bambino. Senza questo evento, non è possibile determinare la relazione temporale richiesta dalla domanda. Pertanto, la comprensione complessiva è insufficiente."
gemma-4-12B,video051,3,Perché la donna fuori campo è contenta della bambina che si muove indietro?,causale,C2,C2|T1,2,donna fuori campo; bambina; movimento all'indietro,effetto da spiegare: la donna è contenta del movimento all'indietro della bambina; causa/antecedente: da identificare nell'evidenza disponibile,riconoscere l'effetto o comportamento da spiegare; recuperare il contesto pertinente; inferire la causa/intenzione/motivazione solo se supportata dalle evidenze; evitare di colmare lacune con conoscenza non presente nel video,"la risposta richiede almeno un passaggio inferenziale implicito su motivazione, intenzione, stato mentale, valutazione sociale, finalità procedurale o relazione causale non direttamente osservabile",two_intervals,2,implicita,moderata,"[""causale"", ""temporale""]",50,40,20,30,parziale,"['Bambina che cammina sul tappeto', 'Attività di gioco motoria', 'Osservatori presenti']","['Donna fuori campo', 'Motivazione della contentezza della donna', ""Movimento all'indietro della bambina"", 'Causa specifica della contentezza']","La rappresentazione del modello include la bambina e il suo movimento sul tappeto, ma manca completamente la donna fuori campo e la sua reazione di contentezza. Non è presente alcuna evidenza che spieghi la motivazione della contentezza della donna, né il movimento specifico all'indietro della bambina. Senza queste informazioni, l'inferenza richiesta dalla domanda non può essere completata."
gemma-4-12B,video052,1,Dove si trovava l'oggetto che pesa un quintale prima che l'uomo lo prendesse in mano?,spaziale,S2,S2|T1,2,oggetto che pesa un quintale; uomo; luogo iniziale dell'oggetto,evento contestuale: l'uomo prende l'oggetto in mano; localizzazione precedente dell'oggetto,identificare l'ancora temporale; recuperare lo stato spaziale nella fase richiesta; confrontare le fasi pertinenti senza introdurre cambiamenti non osservati,recupero spaziale condizionato da una fase precedente/successiva/iniziale o dal primo occorrere di un evento; richiede confronto tra almeno due stati temporali,two_intervals,2,esplicita,alta,"[""spaziale"", ""temporale""]",0,0,0,0,insufficiente,[],"['Oggetto che pesa un quintale', ""Luogo iniziale dell'oggetto"", ""Evento in cui l'uomo prende l'oggetto in mano"", ""Localizzazione precedente dell'oggetto""]","La rappresentazione del modello non include alcuna informazione sull'oggetto che pesa un quintale, né sul luogo in cui si trovava prima che l'uomo lo prendesse in mano. Non ci sono eventi o azioni che descrivono l'uomo che prende un oggetto in mano, né la localizzazione precedente dell'oggetto. Pertanto, non è possibile eseguire l'inferenza richiesta per rispondere alla domanda."
gemma-4-12B,video052,2,L'uomo con la pelliccia tossisce prima o dopo aver preso la bambola in mano?,temporale,T1,T1,1,uomo con la pelliccia; bambola,evento A: l'uomo tossisce; evento B: l'uomo prende la bambola in mano,"riconoscere i due eventi oppure l'evento e l'ancora temporale; localizzarli nella sequenza; determinare la relazione prima/dopo, primo/secondo, corrente/precedente o il momento richiesto",localizzazione rispetto a un'ancora temporale esplicita oppure ordinamento pairwise tra due eventi/stati direttamente identificabili,two_intervals,2,esplicita,alta,"[""temporale""]",50,50,20,30,insufficiente,"[""L'uomo con la pelliccia è identificato in diversi segmenti."", 'La bambola è identificata nel segmento finale.']","[""Evento A: l'uomo tossisce non è identificato."", ""Evento B: l'uomo prende la bambola in mano è parzialmente identificato ma non chiaramente distinto."", ""Relazione temporale tra l'uomo che tossisce e l'uomo che prende la bambola non è determinata.""]","Il modello ha identificato l'uomo con la pelliccia e la bambola, ma non ha rilevato l'evento del tossire né ha chiaramente distinto l'evento di prendere la bambola. La relazione temporale richiesta dalla domanda non è stata determinata, rendendo la comprensione insufficiente per rispondere alla domanda."
gemma-4-12B,video052,3,Perché l'uomo con il cappello dà la bambola all'uomo con il sigaro?,causale,C2,C2|T1,2,uomo con il cappello; uomo con il sigaro; bambola,effetto da spiegare: l'uomo con il cappello dà la bambola all'uomo con il sigaro; causa/antecedente: da identificare nell'evidenza disponibile,riconoscere l'effetto o comportamento da spiegare; recuperare il contesto pertinente; inferire la causa/intenzione/motivazione solo se supportata dalle evidenze; evitare di colmare lacune con conoscenza non presente nel video,"la risposta richiede almeno un passaggio inferenziale implicito su motivazione, intenzione, stato mentale, valutazione sociale, finalità procedurale o relazione causale non direttamente osservabile",two_intervals,2,implicita,moderata,"[""causale"", ""temporale""]",0,0,0,0,insufficiente,[],"['uomo con il cappello', 'uomo con il sigaro', 'bambola', 'evento di consegna della bambola', 'motivazione o causa della consegna']","La rappresentazione del modello non include alcuna informazione sulle entità specifiche richieste dalla domanda (uomo con il cappello, uomo con il sigaro, bambola) né sull'evento centrale di consegna della bambola. Inoltre, manca qualsiasi evidenza che possa supportare un'inferenza sulla motivazione o causa di tale azione. Pertanto, nessun requisito della domanda è stato recuperato."
gemma-4-12B,video053,1,Dove si mette la mano il facchino quando il receptionist gli dice: 'Hai visto che sventola?',spaziale,S1,S1|T0,1,facchino; receptionist; mano del facchino; persona definita «sventola»,evento contestuale: il receptionist dice «Hai visto che sventola?»; localizzazione della mano del facchino,"riconoscere l'evento o la relazione spaziale pertinente; allineare il referente all'intervallo locale; recuperare origine, destinazione, direzione, supporto o posizione richiesta",una relazione spaziale esplicita o una localizzazione condizionata da un singolo evento osservabile nello stesso intervallo locale,local_interval,2,esplicita,moderata,"[""spaziale"", ""temporale""]",0,0,0,0,insufficiente,[],"['Facchino', 'Receptionist', 'Mano del facchino', 'Persona definita «sventola»', 'Evento in cui il receptionist dice «Hai visto che sventola?»', 'Localizzazione della mano del facchino']","La rappresentazione del modello non include alcuna delle entità o degli eventi specifici richiesti dalla domanda. Non ci sono riferimenti al facchino, al receptionist, né all'evento in cui viene pronunciata la frase ""Hai visto che sventola?"". Inoltre, non è presente alcuna informazione sulla posizione della mano del facchino. Pertanto, la comprensione è insufficiente."
gemma-4-12B,video053,2,La donna con la pelliccia bianca si tappa le orecchie prima o dopo che il receptionist prema il campanello?,temporale,T1,T1,1,donna con la pelliccia bianca; receptionist; campanello; orecchie,evento A: la donna si tappa le orecchie; evento B: il receptionist preme il campanello,"riconoscere i due eventi oppure l'evento e l'ancora temporale; localizzarli nella sequenza; determinare la relazione prima/dopo, primo/secondo, corrente/precedente o il momento richiesto",localizzazione rispetto a un'ancora temporale esplicita oppure ordinamento pairwise tra due eventi/stati direttamente identificabili,two_intervals,2,esplicita,alta,"[""temporale""]",0,0,0,0,insufficiente,[],"['Identificazione della donna con la pelliccia bianca che si tappa le orecchie.', 'Identificazione del receptionist che preme il campanello.', 'Eventi specifici di tappare le orecchie e premere il campanello.', 'Relazione temporale tra i due eventi richiesti.']","La rappresentazione del modello non include alcuna informazione sugli eventi specifici richiesti dalla domanda, ovvero la donna con la pelliccia bianca che si tappa le orecchie e il receptionist che preme il campanello. Inoltre, manca completamente la relazione temporale tra questi eventi. Pertanto, la comprensione è insufficiente."
gemma-4-12B,video053,3,Perché il receptionist non dà la chiave all'uomo con la pelliccia?,causale,C2,C2|T1,2,receptionist; uomo con la pelliccia; chiave,effetto da spiegare: il receptionist non dà la chiave all'uomo; causa/antecedente: da identificare nell'evidenza disponibile,riconoscere l'effetto o comportamento da spiegare; recuperare il contesto pertinente; inferire la causa/intenzione/motivazione solo se supportata dalle evidenze; evitare di colmare lacune con conoscenza non presente nel video,"la risposta richiede almeno un passaggio inferenziale implicito su motivazione, intenzione, stato mentale, valutazione sociale, finalità procedurale o relazione causale non direttamente osservabile",two_intervals,2,implicita,moderata,"[""causale"", ""temporale""]",70,60,40,50,parziale,"['uomo calvo con giacca di pelliccia marrone identificato come cliente', 'uomo con giacca bordeaux identificato come addetto al banco', 'interazione al banco di ricevimento tra cliente e addetto', 'confronto e tensione tra i personaggi al banco']","['Motivazione specifica per cui il receptionist non dà la chiave', ""Dettagli sull'oggetto della discussione o tensione"", 'Causa specifica che impedisce la consegna della chiave']","Il modello ha identificato correttamente le entità principali e alcuni eventi rilevanti, come l'interazione al banco e la tensione tra i personaggi. Tuttavia, manca l'informazione cruciale sulla motivazione o causa specifica per cui il receptionist non dà la chiave all'uomo con la pelliccia. Senza questa informazione, l'inferenza richiesta dalla domanda non può essere completata."
gemma-4-12B,video054,1,Dove stanno passando per andare al mare?,spaziale,S1,S1|T0,1,persone in viaggio; mare,evento: le persone passano da un luogo per andare al mare; localizzazione del percorso,"riconoscere l'evento o la relazione spaziale pertinente; allineare il referente all'intervallo locale; recuperare origine, destinazione, direzione, supporto o posizione richiesta",una relazione spaziale esplicita o una localizzazione condizionata da un singolo evento osservabile nello stesso intervallo locale,local_interval,1,esplicita,moderata,"[""spaziale"", ""temporale""]",0,0,0,0,insufficiente,[],"['Persone in viaggio verso il mare', 'Localizzazione del percorso verso il mare', 'Evento di passaggio da un luogo per andare al mare', 'Relazione spaziale pertinente al viaggio verso il mare']","La rappresentazione del modello non include alcuna informazione riguardante un viaggio verso il mare o il passaggio da un luogo specifico per raggiungere il mare. Mancano completamente le entità e gli eventi richiesti per rispondere alla domanda, così come l'inferenza necessaria per determinare il percorso o la destinazione verso il mare. Pertanto, la comprensione è insufficiente."
gemma-4-12B,video054,2,Hanno appena visto quindici Cinquecento grigie o è successo prima?,temporale,T1,T1,1,persone nel veicolo; quindici Fiat Cinquecento grigie,evento A: vengono viste quindici Cinquecento grigie nel momento corrente; evento B: l'avvistamento è avvenuto in precedenza,"riconoscere i due eventi oppure l'evento e l'ancora temporale; localizzarli nella sequenza; determinare la relazione prima/dopo, primo/secondo, corrente/precedente o il momento richiesto",localizzazione rispetto a un'ancora temporale esplicita oppure ordinamento pairwise tra due eventi/stati direttamente identificabili,two_intervals,2,esplicita,alta,"[""temporale""]",0,0,0,0,insufficiente,[],"['quindici Fiat Cinquecento grigie', 'evento A: vengono viste quindici Cinquecento grigie nel momento corrente', ""evento B: l'avvistamento è avvenuto in precedenza"", ""relazione temporale tra l'avvistamento delle Cinquecento e il momento corrente""]","La rappresentazione del modello non include alcuna informazione riguardante le quindici Fiat Cinquecento grigie, né eventi correlati al loro avvistamento. Mancano completamente le entità e gli eventi necessari per determinare la relazione temporale richiesta dalla domanda. Pertanto, la comprensione è insufficiente."
gemma-4-12B,video054,3,Perché la bambina con la maglia azzurra crede che non troveranno più la macchina?,causale,C2,C2|T1,2,bambina con la maglia azzurra; macchina della famiglia; altre Cinquecento,effetto da spiegare: la bambina teme di non ritrovare la macchina; causa/antecedente: da identificare nell'evidenza disponibile,riconoscere l'effetto o comportamento da spiegare; recuperare il contesto pertinente; inferire la causa/intenzione/motivazione solo se supportata dalle evidenze; evitare di colmare lacune con conoscenza non presente nel video,"la risposta richiede almeno un passaggio inferenziale implicito su motivazione, intenzione, stato mentale, valutazione sociale, finalità procedurale o relazione causale non direttamente osservabile",two_intervals,2,implicita,moderata,"[""causale"", ""temporale""]",50,30,20,25,insufficiente,"['bambina con maglia azzurra identificata', 'presenza di auto nel contesto']","['timore della bambina di non ritrovare la macchina', 'causa o antecedente del timore', 'contesto pertinente al timore della bambina']","La rappresentazione del modello identifica la bambina con la maglia azzurra e la presenza di auto, ma non recupera il timore della bambina di non ritrovare la macchina né fornisce informazioni sul contesto o le cause di tale timore. Mancano elementi chiave per inferire la motivazione o l'intenzione della bambina, rendendo la comprensione insufficiente."
gemma-4-12B,video055,1,Dove si svolge la scena?,spaziale,S0,S0,0,persone della scena,localizzazione complessiva della scena,identificare il referente target; recuperare una singola evidenza spaziale direttamente osservabile; restituire la localizzazione senza confronto tra fasi,recupero spaziale diretto da una singola evidenza stabile; nessun confronto temporale o ricostruzione di stato,single_frame,1,esplicita,nessuna,"[""spaziale""]",100,100,100,100,completa,"['Gioco con pistole ad acqua sulla spiaggia (segment_0000)', 'Partita di pallavolo in acqua (segment_0001)', 'Gioco in acqua (segment_0002)', 'Bambini che giocano in mare (segment_0003)', 'Gioco in spiaggia (segment_0005)', 'Attività balneare in mare (segment_0008)', 'Bagno in mare (segment_0009)']",[],"La rappresentazione del modello ha recuperato tutte le informazioni necessarie per rispondere alla domanda sulla localizzazione della scena. Gli eventi e le entità sono stati identificati correttamente, con una chiara indicazione che la scena si svolge in un contesto balneare, alternando tra spiaggia e mare. Non ci sono lacune o incertezze nella rappresentazione spaziale, permettendo di affrontare la domanda in modo completo."
gemma-4-12B,video055,2,Il padre è andato a farsi il bagno prima o dopo le bambine?,temporale,T1,T1,1,padre; bambine; bagno in acqua,evento A: il padre va a fare il bagno; evento B: le bambine vanno a fare il bagno,"riconoscere i due eventi oppure l'evento e l'ancora temporale; localizzarli nella sequenza; determinare la relazione prima/dopo, primo/secondo, corrente/precedente o il momento richiesto",localizzazione rispetto a un'ancora temporale esplicita oppure ordinamento pairwise tra due eventi/stati direttamente identificabili,two_intervals,2,esplicita,alta,"[""temporale""]",50,50,40,45,parziale,"['Presenza di un uomo e bambine in vari segmenti.', 'Uomo in acqua identificato in segment_0001.']","[""Non è chiaro se l'uomo identificato sia il padre."", ""Non è chiaro se le bambine siano andate in acqua prima o dopo l'uomo."", ""Non ci sono eventi chiaramente identificati come 'padre va a fare il bagno' e 'bambine vanno a fare il bagno'."", ""Manca una chiara relazione temporale tra l'uomo e le bambine che vanno in acqua.""]","La rappresentazione del modello identifica la presenza di un uomo e delle bambine, ma non chiarisce se l'uomo sia il padre né stabilisce una sequenza temporale chiara tra il bagno dell'uomo e quello delle bambine. Mancano eventi specifici e relazioni temporali necessarie per rispondere alla domanda."
gemma-4-12B,video055,3,Perché Vane corre subito indietro quando tocca l'acqua?,causale,C2,C2|T1,2,Vane; acqua,effetto da spiegare: Vane corre subito indietro quando tocca l'acqua; causa/antecedente: da identificare nell'evidenza disponibile,riconoscere l'effetto o comportamento da spiegare; recuperare il contesto pertinente; inferire la causa/intenzione/motivazione solo se supportata dalle evidenze; evitare di colmare lacune con conoscenza non presente nel video,"la risposta richiede almeno un passaggio inferenziale implicito su motivazione, intenzione, stato mentale, valutazione sociale, finalità procedurale o relazione causale non direttamente osservabile",two_intervals,2,implicita,moderata,"[""causale"", ""temporale""]",50,30,20,25,insufficiente,"['Vane è una bambina con capelli lunghi e scuri, costume da bagno arancione e rosso.', 'Vane è in acqua in diversi segmenti.']","[""Evento specifico di Vane che corre indietro quando tocca l'acqua."", 'Causa o antecedente che spiega perché Vane corre indietro.', 'Inferenza sulla motivazione o causa del comportamento di Vane.']","La rappresentazione del modello non include l'evento specifico di Vane che corre indietro quando tocca l'acqua, né fornisce informazioni sulla causa o motivazione di tale comportamento. Mancano elementi chiave per inferire la ragione del comportamento di Vane, rendendo la comprensione insufficiente."
gemma-4-12B,video056,1,Dove si trova il pecorino in crema?,spaziale,S0,S0,0,pecorino in crema,localizzazione del pecorino in crema,identificare il referente target; recuperare una singola evidenza spaziale direttamente osservabile; restituire la localizzazione senza confronto tra fasi,recupero spaziale diretto da una singola evidenza stabile; nessun confronto temporale o ricostruzione di stato,single_frame,1,esplicita,nessuna,"[""spaziale""]",0,0,0,0,insufficiente,[],"['pecorino in crema', 'localizzazione del pecorino in crema']","La rappresentazione del modello non include alcuna menzione o riferimento al 'pecorino in crema', né fornisce informazioni sulla sua localizzazione. Pertanto, non è possibile rispondere alla domanda basandosi sui dati forniti."
gemma-4-12B,video056,2,La bambina mangia prima o dopo che venga buttato via l'insetto?,temporale,T1,T1,1,bambina; insetto,evento A: la bambina mangia; evento B: l'insetto viene buttato via,"riconoscere i due eventi oppure l'evento e l'ancora temporale; localizzarli nella sequenza; determinare la relazione prima/dopo, primo/secondo, corrente/precedente o il momento richiesto",localizzazione rispetto a un'ancora temporale esplicita oppure ordinamento pairwise tra due eventi/stati direttamente identificabili,two_intervals,2,esplicita,alta,"[""temporale""]",50,70,60,60,sufficiente,"['La bambina è identificata in vari segmenti.', ""L'evento di buttare qualcosa nella spazzatura è identificato (segmento 0002)."", ""L'evento di mangiare o prepararsi a mangiare è identificato (segmenti 0004 e 0006).""]","[""Non è specificato che l'oggetto buttato sia un insetto."", ""Non è chiaramente indicato che la bambina mangia dopo aver buttato via l'insetto.""]","La rappresentazione del modello identifica correttamente la bambina e gli eventi di buttare qualcosa nella spazzatura e di mangiare. Tuttavia, manca l'informazione specifica che l'oggetto buttato sia un insetto e non è chiaramente stabilita la relazione temporale tra il mangiare e il buttare via l'insetto. Questo limita la capacità di rispondere completamente alla domanda, ma la comprensione è sufficiente per affrontare la questione con alcune incertezze."
gemma-4-12B,video056,3,Perché la bambina butta via l'insetto?,causale,C2,C2|T1,2,bambina; insetto,effetto da spiegare: la bambina butta via l'insetto; causa/antecedente: da identificare nell'evidenza disponibile,riconoscere l'effetto o comportamento da spiegare; recuperare il contesto pertinente; inferire la causa/intenzione/motivazione solo se supportata dalle evidenze; evitare di colmare lacune con conoscenza non presente nel video,"la risposta richiede almeno un passaggio inferenziale implicito su motivazione, intenzione, stato mentale, valutazione sociale, finalità procedurale o relazione causale non direttamente osservabile",two_intervals,2,implicita,moderata,"[""causale"", ""temporale""]",50,60,30,40,parziale,"['La bambina è identificata come protagonista.', 'La bambina butta qualcosa nella spazzatura.']","[""Identificazione dell'insetto come oggetto buttato via."", ""Motivazione o causa per cui la bambina butta via l'insetto.""]","Il modello ha identificato la bambina come protagonista e ha riconosciuto l'azione di buttare qualcosa nella spazzatura. Tuttavia, manca l'identificazione dell'insetto come oggetto buttato via e non è stata recuperata alcuna motivazione o causa per l'azione, che è cruciale per rispondere alla domanda. Pertanto, la comprensione è parziale."
gemma-4-12B,video057,1,I 'malloreddus alla campidanese' sono nel piatto di Anastasia o in quello di un'altra bambina?,spaziale,S0,S0,0,malloreddus alla campidanese; piatto di Anastasia; piatto di un'altra bambina,localizzazione della pietanza rispetto ai due piatti,identificare il referente target; recuperare una singola evidenza spaziale direttamente osservabile; restituire la localizzazione senza confronto tra fasi,recupero spaziale diretto da una singola evidenza stabile; nessun confronto temporale o ricostruzione di stato,single_frame,1,esplicita,nessuna,"[""spaziale""]",0,0,0,0,insufficiente,[],"['malloreddus alla campidanese', 'piatto di Anastasia', ""piatto di un'altra bambina"", 'localizzazione della pietanza rispetto ai due piatti']","Il modello non ha recuperato alcuna informazione riguardante i 'malloreddus alla campidanese', né ha identificato il piatto di Anastasia o di un'altra bambina. Non ci sono evidenze di localizzazione della pietanza rispetto ai piatti, rendendo impossibile rispondere alla domanda. Mancano completamente le entità e gli eventi richiesti, e non è possibile eseguire l'inferenza necessaria."
gemma-4-12B,video057,2,Anastasia inizia a masticare dopo che la voce le chiede se è buona o stava già masticando?,temporale,T2,T2,2,Anastasia; voce fuori campo,evento A: la voce chiede ad Anastasia se il cibo è buono; stato target: stabilire se Anastasia stava già masticando oppure se inizia dopo la domanda,"riconoscere gli eventi o stati pertinenti; ricostruire l'evoluzione temporale necessaria; calcolare conteggio/durata oppure distinguere onset, continuazione e stato già completato","durata, conteggio/iterazione, selezione del primo onset tra più candidati o ricostruzione di uno stato già in corso/completato",two_intervals,2,esplicita,alta,"[""temporale""]",50,20,10,20,insufficiente,['Anastasia è identificata come una ragazza che mangia pizza in un ristorante.'],"['Voce fuori campo che chiede se il cibo è buono.', 'Stato di masticazione di Anastasia prima e dopo la domanda.', 'Evoluzione temporale degli eventi di masticazione e domanda.']","La rappresentazione del modello identifica Anastasia come una ragazza che mangia pizza, ma manca completamente l'evento della voce fuori campo che chiede se il cibo è buono. Non ci sono informazioni sullo stato di masticazione di Anastasia prima e dopo la domanda, né sull'evoluzione temporale necessaria per determinare se Anastasia stava già masticando o ha iniziato dopo la domanda. Pertanto, la comprensione è insufficiente per affrontare la domanda."
gemma-4-12B,video057,3,Perché la donna fuori campo dice che c'è un profumo buonissimo?,causale,C1,C1|T0,1,donna fuori campo; cibo o piatto; profumo,effetto da spiegare: la donna dice che c'è un profumo buonissimo; causa/antecedente: da identificare nell'evidenza disponibile,riconoscere l'effetto; individuare un antecedente o stato direttamente osservabile/esplicitamente disponibile; verificare il nesso causale senza attribuire intenzioni o motivazioni non supportate,"nesso causa-effetto fisico, sistemico o comportamentale direttamente osservabile nello stesso intervallo locale",local_interval,1,esplicita,moderata,"[""causale"", ""temporale""]",0,0,0,0,insufficiente,[],"['donna fuori campo', 'profumo', 'causa del profumo buonissimo']","La rappresentazione del modello non include alcuna informazione riguardante una donna fuori campo, un profumo o la causa di un profumo buonissimo. Non ci sono eventi o entità che possano essere collegati alla domanda, né è possibile inferire un nesso causale tra un evento osservato e il commento sul profumo. Pertanto, la comprensione è insufficiente."
gemma-4-12B,video058,1,Dove si trova la macchia che sembra un livido?,spaziale,S0,S0,0,macchia simile a un livido; parte del corpo della bambina,localizzazione della macchia,identificare il referente target; recuperare una singola evidenza spaziale direttamente osservabile; restituire la localizzazione senza confronto tra fasi,recupero spaziale diretto da una singola evidenza stabile; nessun confronto temporale o ricostruzione di stato,single_frame,1,esplicita,nessuna,"[""spaziale""]",0,0,0,0,insufficiente,[],"['macchia simile a un livido', 'parte del corpo della bambina', 'localizzazione della macchia']","La rappresentazione del modello non include alcuna informazione riguardante una macchia simile a un livido o la sua localizzazione sul corpo della bambina. Non sono stati identificati né l'entità della macchia né la parte del corpo su cui si trova, rendendo impossibile rispondere alla domanda. Pertanto, la comprensione è insufficiente."
gemma-4-12B,video058,2,Anastasia fa un balletto mentre è sul treno o dopo che è scesa?,temporale,T1,T1,1,Anastasia; treno; balletto,evento A: Anastasia fa un balletto sul treno; evento B: Anastasia scende dal treno,"riconoscere i due eventi oppure l'evento e l'ancora temporale; localizzarli nella sequenza; determinare la relazione prima/dopo, primo/secondo, corrente/precedente o il momento richiesto",localizzazione rispetto a un'ancora temporale esplicita oppure ordinamento pairwise tra due eventi/stati direttamente identificabili,two_intervals,2,esplicita,alta,"[""temporale""]",0,0,0,0,insufficiente,[],"['Anastasia', 'Balletto', 'Evento di discesa dal treno', 'Evento di balletto sul treno']","La rappresentazione del modello non include alcuna informazione su Anastasia, né sull'evento di un balletto, né sull'evento di discesa dal treno. Senza questi elementi, non è possibile determinare la relazione temporale richiesta dalla domanda."
gemma-4-12B,video058,3,Perché la donna crede che la bambina abbia preso un pugno?,causale,C2,C2|T1,2,donna; bambina; macchia o livido; pugno ipotizzato,effetto da spiegare: la donna pensa che la bambina abbia ricevuto un pugno; causa/antecedente: da identificare nell'evidenza disponibile,riconoscere l'effetto o comportamento da spiegare; recuperare il contesto pertinente; inferire la causa/intenzione/motivazione solo se supportata dalle evidenze; evitare di colmare lacune con conoscenza non presente nel video,"la risposta richiede almeno un passaggio inferenziale implicito su motivazione, intenzione, stato mentale, valutazione sociale, finalità procedurale o relazione causale non direttamente osservabile",two_intervals,2,implicita,moderata,"[""causale"", ""temporale""]",0,0,0,0,insufficiente,[],"['Macchia o livido sulla bambina', 'Pugno ipotizzato', 'Effetto da spiegare: la donna pensa che la bambina abbia ricevuto un pugno', 'Causa/antecedente del pensiero della donna']","La rappresentazione del modello non include alcuna evidenza di una macchia o livido sulla bambina, né di un pugno ipotizzato. Non c'è alcun riferimento all'effetto da spiegare, ovvero che la donna pensa che la bambina abbia ricevuto un pugno, né alla causa o antecedente di questo pensiero. Pertanto, non è possibile eseguire l'inferenza richiesta dalla domanda."
gemma-4-12B,video059,1,Dove sono seduti?,spaziale,S0,S0,0,persone sedute; seduta o luogo,localizzazione delle persone sedute,identificare il referente target; recuperare una singola evidenza spaziale direttamente osservabile; restituire la localizzazione senza confronto tra fasi,recupero spaziale diretto da una singola evidenza stabile; nessun confronto temporale o ricostruzione di stato,single_frame,1,esplicita,nessuna,"[""spaziale""]",100,100,100,100,completa,"['Persone sedute: uomo, bambina, ragazzo, donna, ragazza, bambina.', 'Luogo di seduta: gondola, sedile decorato, poltrona.', 'Localizzazione delle persone sedute: dentro la gondola, su un sedile decorato, su una poltrona.']",[],"Il modello ha recuperato tutte le entità richieste, identificando chiaramente le persone sedute e i luoghi di seduta come la gondola e il sedile decorato. Gli eventi di localizzazione delle persone sedute sono stati chiaramente osservati e descritti. L'inferenza richiesta per determinare dove sono seduti è supportata da evidenze spaziali esplicite e dirette. Pertanto, la rappresentazione è completa e sufficiente per affrontare la domanda."
gemma-4-12B,video059,2,"La bambina dice prima che, quando sono saliti, la gondola dondolava oppure che è rilassante?",temporale,T1,T1,1,bambina; gondola; dichiarazione sul dondolio; dichiarazione «è rilassante»,"evento A: la bambina spiega che, quando sono saliti, la gondola dondolava; evento B: la bambina dice che è rilassante","riconoscere i due eventi oppure l'evento e l'ancora temporale; localizzarli nella sequenza; determinare la relazione prima/dopo, primo/secondo, corrente/precedente o il momento richiesto",localizzazione rispetto a un'ancora temporale esplicita oppure ordinamento pairwise tra due eventi/stati direttamente identificabili,two_intervals,2,esplicita,alta,"[""temporale""]",0,0,0,0,insufficiente,[],"['Dichiarazione della bambina sul dondolio della gondola', 'Dichiarazione della bambina che è rilassante', 'Ordine temporale delle dichiarazioni']","La rappresentazione del modello non include alcuna informazione sulle dichiarazioni della bambina riguardo al dondolio della gondola o al fatto che sia rilassante. Non ci sono eventi o ancore temporali che permettano di determinare l'ordine delle dichiarazioni. Pertanto, nessuno dei requisiti necessari per rispondere alla domanda è stato recuperato."
gemma-4-12B,video059,3,Perché la bambina con la canottiera verde/azzurra sorride?,causale,C2,C2|T1,2,persona con la canottiera verde/azzurra,effetto da spiegare: la persona sorride; causa/antecedente: da identificare nell'evidenza disponibile,riconoscere l'effetto o comportamento da spiegare; recuperare il contesto pertinente; inferire la causa/intenzione/motivazione solo se supportata dalle evidenze; evitare di colmare lacune con conoscenza non presente nel video,"la risposta richiede almeno un passaggio inferenziale implicito su motivazione, intenzione, stato mentale, valutazione sociale, finalità procedurale o relazione causale non direttamente osservabile",two_intervals,2,implicita,moderata,"[""causale"", ""temporale""]",100,80,70,75,sufficiente,"['La bambina con la canottiera verde/azzurra è identificata e osservata mentre sorride.', 'Il contesto del viaggio in gondola è chiaramente descritto.', 'La bambina sorride durante il viaggio in gondola, suggerendo una relazione causale.']","['Motivazione esplicita del sorriso della bambina.', 'Dettagli specifici che collegano il sorriso a un evento o azione precisa.']","Il modello ha identificato correttamente la bambina con la canottiera verde/azzurra e il suo sorriso durante il viaggio in gondola. Tuttavia, manca un collegamento esplicito tra il sorriso e un evento o azione specifica che possa spiegare la causa del sorriso. La rappresentazione è sufficiente per affrontare la domanda, ma non completamente esaustiva."
gemma-4-12B,video060,1,Dove si attacca la sabbia alla bambina dopo essersi asciugata?,spaziale,S2,S2|T1,2,sabbia; bambina; asciugamano,evento contestuale: la bambina si asciuga; localizzazione della sabbia che si attacca,identificare l'ancora temporale; recuperare lo stato spaziale nella fase richiesta; confrontare le fasi pertinenti senza introdurre cambiamenti non osservati,recupero spaziale condizionato da una fase precedente/successiva/iniziale o dal primo occorrere di un evento; richiede confronto tra almeno due stati temporali,two_intervals,2,esplicita,alta,"[""spaziale"", ""temporale""]",50,60,40,45,parziale,"[""La bambina interagisce con l'asciugamano (segment_0002)"", 'La bambina gioca sulla sabbia (segment_0004)', 'La mano della bambina è coperta di sabbia (segment_0010)']","['Localizzazione specifica della sabbia sulla bambina dopo essersi asciugata', ""Confronto tra lo stato della bambina prima e dopo l'asciugatura""]","Il modello ha identificato la bambina, l'asciugamano e la sabbia, ma non ha fornito informazioni specifiche su dove la sabbia si attacca alla bambina dopo l'asciugatura. Gli eventi di interazione con l'asciugamano e il gioco sulla sabbia sono stati riconosciuti, ma manca un confronto chiaro tra lo stato della bambina prima e dopo l'asciugatura. L'inferenza richiesta per determinare la localizzazione della sabbia non è supportata da evidenze sufficienti."
gemma-4-12B,video060,2,La bambina indica col dito la sabbia prima o dopo che le si è attaccata alla mano?,temporale,T1,T1,1,bambina; sabbia; mano; dito,evento A: la bambina indica la sabbia con il dito; evento B: la sabbia si attacca alla mano,"riconoscere i due eventi oppure l'evento e l'ancora temporale; localizzarli nella sequenza; determinare la relazione prima/dopo, primo/secondo, corrente/precedente o il momento richiesto",localizzazione rispetto a un'ancora temporale esplicita oppure ordinamento pairwise tra due eventi/stati direttamente identificabili,two_intervals,2,esplicita,alta,"[""temporale""]",0,50,20,30,insufficiente,['Evento B: la sabbia si attacca alla mano (E0015)'],"['Evento A: la bambina indica la sabbia con il dito', ""Relazione temporale tra l'indicazione della sabbia e il momento in cui la sabbia si attacca alla mano""]","L'analisi del modello ha identificato l'evento in cui la sabbia si attacca alla mano della bambina, ma manca completamente l'evento in cui la bambina indica la sabbia con il dito. Senza questo evento, non è possibile determinare la relazione temporale richiesta dalla domanda. Pertanto, la comprensione complessiva è insufficiente."
gemma-4-12B,video060,3,"Perché, dopo che la bambina tocca l'asciugamano, la sabbia le si attacca alla mano?",causale,C1,C1|T0,1,bambina; asciugamano; sabbia; mano,effetto da spiegare: la sabbia si attacca alla mano dopo il contatto con l'asciugamano; causa/antecedente: da identificare nell'evidenza disponibile,riconoscere l'effetto; individuare un antecedente o stato direttamente osservabile/esplicitamente disponibile; verificare il nesso causale senza attribuire intenzioni o motivazioni non supportate,"nesso causa-effetto fisico, sistemico o comportamentale direttamente osservabile nello stesso intervallo locale",local_interval,1,esplicita,moderata,"[""causale"", ""temporale""]",80,70,60,65,sufficiente,"[""La bambina tocca l'asciugamano (segment_0002)."", 'La bambina mostra la mano destra coperta di sabbia (segment_0010).', 'La bambina interagisce con il telo mare sulla spiaggia (segment_0001).']","[""Non è esplicitamente indicato che l'asciugamano fosse bagnato o umido, il che potrebbe spiegare perché la sabbia si attacca alla mano."", ""Non è chiaramente indicato il nesso causale tra il tocco dell'asciugamano e la sabbia che si attacca alla mano.""]","Il modello ha identificato correttamente le entità principali come la bambina, l'asciugamano e la sabbia. Gli eventi chiave, come il tocco dell'asciugamano e la mano coperta di sabbia, sono stati riconosciuti. Tuttavia, manca un'inferenza chiara che colleghi il tocco dell'asciugamano con la sabbia che si attacca alla mano, come l'eventuale umidità dell'asciugamano. Questo limita la capacità di stabilire un nesso causale completo."
gemma-4-12B,video061,1,Dove è caduto il telefono?,spaziale,S1,S1|T0,1,telefono; punto o superficie di caduta,localizzazione del luogo in cui cade il telefono,"riconoscere l'evento o la relazione spaziale pertinente; allineare il referente all'intervallo locale; recuperare origine, destinazione, direzione, supporto o posizione richiesta",una relazione spaziale esplicita o una localizzazione condizionata da un singolo evento osservabile nello stesso intervallo locale,local_interval,1,esplicita,moderata,"[""spaziale"", ""temporale""]",0,0,0,0,insufficiente,[],"['Telefono', 'Punto o superficie di caduta del telefono', 'Evento di caduta del telefono', 'Localizzazione del luogo in cui cade il telefono']","La rappresentazione del modello non include alcuna informazione riguardante un telefono o il suo evento di caduta. Non sono state identificate né le entità né gli eventi richiesti per rispondere alla domanda. Pertanto, la comprensione è insufficiente."
gemma-4-12B,video061,2,Il telefono cade a terra prima che la donna entri nella stanza o dopo?,temporale,T1,T1,1,telefono; donna; stanza,evento A: il telefono cade a terra; evento B: la donna entra nella stanza,"riconoscere i due eventi oppure l'evento e l'ancora temporale; localizzarli nella sequenza; determinare la relazione prima/dopo, primo/secondo, corrente/precedente o il momento richiesto",localizzazione rispetto a un'ancora temporale esplicita oppure ordinamento pairwise tra due eventi/stati direttamente identificabili,two_intervals,2,esplicita,alta,"[""temporale""]",0,0,0,0,insufficiente,[],"['Evento A: il telefono cade a terra', 'Evento B: la donna entra nella stanza', 'Entità: telefono, donna, stanza', 'Relazione temporale tra gli eventi A e B']","La rappresentazione del modello non include alcuna informazione sugli eventi richiesti (caduta del telefono e ingresso della donna nella stanza) né sulle entità coinvolte (telefono, donna, stanza). Di conseguenza, non è possibile determinare la relazione temporale tra questi eventi. La mancanza di questi elementi fondamentali rende la comprensione insufficiente."
gemma-4-12B,video061,3,Perché la mamma rimprovera le bambine?,causale,C1,C1|T1,1,mamma; bambine; telefono caduto o altro comportamento,effetto da spiegare: la mamma rimprovera le bambine; causa/antecedente: da identificare nell'evidenza disponibile,riconoscere l'effetto; individuare un antecedente o stato direttamente osservabile/esplicitamente disponibile; verificare il nesso causale senza attribuire intenzioni o motivazioni non supportate,"collegamento causale diretto tra un antecedente esplicito e una conseguenza esplicita, con al massimo due unità di evidenza",two_intervals,2,parzialmente implicita,moderata,"[""causale"", ""temporale""]",80,70,60,65,sufficiente,"['bambina interagisce con smartphone rotto', 'reazione emotiva della bambina allo smartphone rotto', 'episodio di pianto']","['mamma che rimprovera le bambine', 'collegamento causale diretto tra comportamento delle bambine e rimprovero']","Il modello ha identificato correttamente le entità principali come le bambine e lo smartphone rotto, e ha riconosciuto eventi rilevanti come l'interazione con lo smartphone e la reazione emotiva della bambina. Tuttavia, manca l'elemento cruciale del rimprovero della mamma e il collegamento causale diretto tra il comportamento delle bambine e il rimprovero. Senza questo, l'inferenza richiesta dalla domanda non è completamente supportata."
gemma-4-12B,video062,1,Dove appoggia la gonna la signora per controllare che le stia bene?,spaziale,S1,S1|T0,1,signora; gonna,evento: la signora appoggia la gonna per verificarne la vestibilità; localizzazione del punto di appoggio,"riconoscere l'evento o la relazione spaziale pertinente; allineare il referente all'intervallo locale; recuperare origine, destinazione, direzione, supporto o posizione richiesta",una relazione spaziale esplicita o una localizzazione condizionata da un singolo evento osservabile nello stesso intervallo locale,local_interval,1,esplicita,moderata,"[""spaziale"", ""temporale""]",0,0,0,0,insufficiente,[],"['La signora che appoggia la gonna', ""L'evento di appoggiare la gonna per verificarne la vestibilità"", 'La localizzazione del punto di appoggio della gonna']","La rappresentazione del modello non include alcuna informazione riguardante una signora che appoggia una gonna per verificarne la vestibilità, né la localizzazione del punto di appoggio. Mancano completamente le entità e gli eventi richiesti per rispondere alla domanda."
gemma-4-12B,video062,2,"Dopo la gonna, la signora vuole vedere un'altra gonna o un pantalone?",temporale,T1,T1,1,signora; prima gonna; altra gonna; pantalone,"evento A: la signora esamina la gonna; evento B: sceglie di vedere un altro capo, una gonna o un pantalone","riconoscere i due eventi oppure l'evento e l'ancora temporale; localizzarli nella sequenza; determinare la relazione prima/dopo, primo/secondo, corrente/precedente o il momento richiesto",localizzazione rispetto a un'ancora temporale esplicita oppure ordinamento pairwise tra due eventi/stati direttamente identificabili,two_intervals,2,esplicita,alta,"[""temporale""]",50,40,30,35,parziale,"['La signora esamina vari capi di abbigliamento, tra cui un vestito e dei pantaloncini.', 'La signora interagisce con un venditore in un mercato.']","['Non è chiaro se la signora esamina una gonna specifica.', ""Non è chiaro se la signora sceglie di vedere un'altra gonna o un pantalone dopo la prima gonna."", ""Non ci sono informazioni esplicite sulla sequenza temporale tra l'esame della gonna e la scelta successiva.""]","La rappresentazione del modello identifica la signora e alcune delle sue azioni di esaminare capi di abbigliamento, ma non specifica chiaramente se esamina una gonna e cosa sceglie di vedere successivamente. Mancano dettagli cruciali sulla sequenza temporale e sulla scelta tra un'altra gonna o un pantalone, rendendo la comprensione parziale."
gemma-4-12B,video062,3,Perché la donna scarta la prima gonna?,causale,C2,C2|T1,2,donna; prima gonna,effetto da spiegare: la donna scarta la prima gonna; causa/antecedente: da identificare nell'evidenza disponibile,riconoscere l'effetto o comportamento da spiegare; recuperare il contesto pertinente; inferire la causa/intenzione/motivazione solo se supportata dalle evidenze; evitare di colmare lacune con conoscenza non presente nel video,"la risposta richiede almeno un passaggio inferenziale implicito su motivazione, intenzione, stato mentale, valutazione sociale, finalità procedurale o relazione causale non direttamente osservabile",two_intervals,2,implicita,moderata,"[""causale"", ""temporale""]",0,0,0,0,insufficiente,[],"['Identificazione della prima gonna', 'Evento in cui la donna scarta la prima gonna', 'Motivazione o causa per cui la donna scarta la prima gonna']","La rappresentazione del modello non include alcuna informazione riguardante la prima gonna o l'evento in cui la donna la scarta. Inoltre, non ci sono elementi che permettano di inferire la motivazione dietro questa azione. Mancano completamente le entità e gli eventi specifici richiesti dalla domanda, rendendo impossibile qualsiasi inferenza causale."
gemma-4-12B,video063,1,Dove si trova Gigi?,spaziale,S0,S0,0,Gigi; luogo in cui si trova,localizzazione di Gigi,identificare il referente target; recuperare una singola evidenza spaziale direttamente osservabile; restituire la localizzazione senza confronto tra fasi,recupero spaziale diretto da una singola evidenza stabile; nessun confronto temporale o ricostruzione di stato,single_frame,1,esplicita,nessuna,"[""spaziale""]",0,0,0,0,insufficiente,[],"['Identificazione di Gigi', 'Localizzazione di Gigi']","Il modello non ha identificato l'entità 'Gigi' né ha fornito alcuna informazione sulla sua localizzazione. Senza queste informazioni, non è possibile rispondere alla domanda. La rappresentazione manca completamente dei requisiti necessari per affrontare la domanda."
gemma-4-12B,video063,2,Gigi inizia a cantare prima o dopo che la bambina parli?,temporale,T1,T1,1,Gigi; bambina; canto o parlato,evento A: Gigi inizia a cantare; evento B: la bambina parla,"riconoscere i due eventi oppure l'evento e l'ancora temporale; localizzarli nella sequenza; determinare la relazione prima/dopo, primo/secondo, corrente/precedente o il momento richiesto",localizzazione rispetto a un'ancora temporale esplicita oppure ordinamento pairwise tra due eventi/stati direttamente identificabili,two_intervals,2,esplicita,alta,"[""temporale""]",0,0,0,0,insufficiente,[],"['Identificazione di Gigi come cantante', 'Identificazione della bambina che parla', 'Evento A: Gigi inizia a cantare', 'Evento B: la bambina parla', ""Relazione temporale tra l'inizio del canto di Gigi e il parlato della bambina""]","La rappresentazione del modello non include alcuna informazione riguardante Gigi che canta o la bambina che parla. Non sono stati identificati gli eventi richiesti né la relazione temporale tra di essi. Pertanto, non è possibile rispondere alla domanda basandosi sull'analisi fornita."
gemma-4-12B,video063,3,Perché Gigi canta?,causale,C2,C2|T1,2,Gigi; bambina o altri interlocutori,effetto da spiegare: Gigi canta; causa/antecedente: da identificare nell'evidenza disponibile,riconoscere l'effetto o comportamento da spiegare; recuperare il contesto pertinente; inferire la causa/intenzione/motivazione solo se supportata dalle evidenze; evitare di colmare lacune con conoscenza non presente nel video,"la risposta richiede almeno un passaggio inferenziale implicito su motivazione, intenzione, stato mentale, valutazione sociale, finalità procedurale o relazione causale non direttamente osservabile",two_intervals,2,implicita,moderata,"[""causale"", ""temporale""]",50,60,40,45,parziale,"['Gigi è identificata come una bambina che canta.', 'Esibizione musicale con Gigi e un musicista che suona la chitarra.']","['Motivazione o causa per cui Gigi canta.', ""Contesto che spiega l'intenzione o la motivazione di Gigi.""]","Il modello ha identificato correttamente Gigi come la bambina che canta e ha riconosciuto l'evento dell'esibizione musicale. Tuttavia, manca l'informazione cruciale sulla motivazione o causa per cui Gigi canta, che è necessaria per rispondere alla domanda. Senza questa informazione, l'inferenza richiesta non può essere completata."
gemma-4-12B,video064,1,Da dove viene il cuscino?,spaziale,S1,S1|T0,1,cuscino; divano; bambine,evento: il cuscino arriva o viene preso da un luogo; localizzazione dell'origine,"riconoscere l'evento o la relazione spaziale pertinente; allineare il referente all'intervallo locale; recuperare origine, destinazione, direzione, supporto o posizione richiesta",una relazione spaziale esplicita o una localizzazione condizionata da un singolo evento osservabile nello stesso intervallo locale,local_interval,1,esplicita,moderata,"[""spaziale"", ""temporale""]",40,20,10,25,insufficiente,"['Cuscino osservato in diversi segmenti', 'Ragazza che tiene il cuscino']","['Origine del cuscino non identificata', 'Evento di presa o movimento del cuscino non descritto', ""Relazione spaziale esplicita sull'origine del cuscino mancante""]","La rappresentazione del modello include il cuscino e la ragazza che lo tiene, ma manca completamente l'informazione sull'origine del cuscino. Non ci sono eventi o relazioni spaziali che indichino da dove il cuscino provenga, né un'analisi inferenziale che possa suggerire tale origine. Pertanto, la comprensione è insufficiente per rispondere alla domanda."
gemma-4-12B,video064,2,Le due bambine sistemano il cuscino sul divano prima o dopo che la bambina con il pigiama rosa scenda le scale?,temporale,T1,T1,1,due bambine; cuscino; divano; bambina con il pigiama rosa; scale,evento A: le due bambine sistemano il cuscino sul divano; evento B: la bambina con il pigiama rosa scende le scale,"riconoscere i due eventi oppure l'evento e l'ancora temporale; localizzarli nella sequenza; determinare la relazione prima/dopo, primo/secondo, corrente/precedente o il momento richiesto",localizzazione rispetto a un'ancora temporale esplicita oppure ordinamento pairwise tra due eventi/stati direttamente identificabili,two_intervals,2,esplicita,alta,"[""temporale""]",0,0,0,0,insufficiente,[],"['Due bambine che sistemano un cuscino sul divano', 'Bambina con il pigiama rosa che scende le scale', 'Relazione temporale tra i due eventi']","La rappresentazione del modello non include alcuna evidenza degli eventi specifici richiesti dalla domanda: le due bambine che sistemano un cuscino sul divano e la bambina con il pigiama rosa che scende le scale. Inoltre, manca completamente la relazione temporale tra questi eventi. Pertanto, non è possibile determinare l'ordine degli eventi richiesto dalla domanda."
gemma-4-12B,video064,3,Perché la ragazza sdraiata sul divano si agita?,causale,C2,C2|T1,2,ragazza sdraiata sul divano; cuscino o bambine,effetto da spiegare: la ragazza sul divano si agita; causa/antecedente: da identificare nell'evidenza disponibile,riconoscere l'effetto o comportamento da spiegare; recuperare il contesto pertinente; inferire la causa/intenzione/motivazione solo se supportata dalle evidenze; evitare di colmare lacune con conoscenza non presente nel video,"la risposta richiede almeno un passaggio inferenziale implicito su motivazione, intenzione, stato mentale, valutazione sociale, finalità procedurale o relazione causale non direttamente osservabile",two_intervals,2,implicita,moderata,"[""causale"", ""temporale""]",70,60,50,55,parziale,"[""La ragazza sdraiata sul divano è identificata come 'bambina' nel segmento 0005."", ""La bambina si sdraia sul divano e fa una smorfia o un'espressione di disagio (segmento 0005).""]","['Non è chiaro il motivo per cui la ragazza si agita sul divano.', ""Non ci sono evidenze di un evento o causa specifica che spieghi l'agitazione della ragazza.""]","Il modello ha identificato correttamente la ragazza sdraiata sul divano e ha osservato un'espressione di disagio, ma manca l'identificazione di una causa o evento specifico che spieghi l'agitazione. L'inferenza richiesta per determinare la causa dell'agitazione non è supportata dalle evidenze disponibili."
gemma-4-12B,video065,1,Dove si svolge la premiazione?,spaziale,S0,S0,0,premiazione; ragazzi premiati,localizzazione della cerimonia di premiazione,identificare il referente target; recuperare una singola evidenza spaziale direttamente osservabile; restituire la localizzazione senza confronto tra fasi,recupero spaziale diretto da una singola evidenza stabile; nessun confronto temporale o ricostruzione di stato,single_frame,1,esplicita,nessuna,"[""spaziale""]",0,100,0,30,parziale,['Evento di cerimonia di premiazione identificato nel segmento 0004.'],"['Localizzazione spaziale della cerimonia di premiazione.', 'Identificazione dei ragazzi premiati.']","L'analisi del modello ha identificato correttamente l'evento di cerimonia di premiazione, ma manca completamente la localizzazione spaziale dell'evento, che è cruciale per rispondere alla domanda. Inoltre, non sono stati identificati i ragazzi premiati, che potrebbero aiutare a contestualizzare meglio l'evento. Pertanto, la comprensione è parziale."
gemma-4-12B,video065,2,I ragazzi che ricevono la premiazione hanno già conseguito il diploma di maturità o lo stanno ricevendo ora?,temporale,T2,T2,2,ragazzi premiati; diploma di maturità,evento/stato A: conseguimento del diploma di maturità; evento/stato B: premiazione attuale; target: distinguere stato già completato da evento in corso,"riconoscere gli eventi o stati pertinenti; ricostruire l'evoluzione temporale necessaria; calcolare conteggio/durata oppure distinguere onset, continuazione e stato già completato","durata, conteggio/iterazione, selezione del primo onset tra più candidati o ricostruzione di uno stato già in corso/completato",two_intervals,2,esplicita,alta,"[""temporale""]",0,30,10,20,insufficiente,['cerimonia di premiazione osservata nel segmento 0004'],"['Informazioni sul conseguimento del diploma di maturità', 'Distinzione tra premiazione e conseguimento del diploma', 'Evidenza di un evento di diploma già completato o in corso']","La rappresentazione del modello non recupera informazioni sul conseguimento del diploma di maturità, né distingue tra la premiazione e il conseguimento del diploma. Sebbene sia stata osservata una cerimonia di premiazione, manca l'evidenza necessaria per determinare se i ragazzi abbiano già conseguito il diploma o lo stiano ricevendo ora. Pertanto, la comprensione è insufficiente per affrontare la domanda."
gemma-4-12B,video065,3,Perché il ragazzo con la giacca grigia riceve un premio?,causale,C1,C1|T1,1,ragazzo con la giacca grigia; premio,effetto da spiegare: il ragazzo riceve un premio; causa/antecedente: da identificare nell'evidenza disponibile,riconoscere l'effetto; individuare un antecedente o stato direttamente osservabile/esplicitamente disponibile; verificare il nesso causale senza attribuire intenzioni o motivazioni non supportate,"collegamento causale diretto tra un antecedente esplicito e una conseguenza esplicita, con al massimo due unità di evidenza",two_intervals,2,parzialmente implicita,moderata,"[""causale"", ""temporale""]",50,60,30,40,parziale,"['cerimonia di premiazione', 'consegna di una cartella']","['ragazzo con la giacca grigia', 'collegamento causale tra azione e premio']","Il modello ha identificato eventi di cerimonia e consegna, ma non ha riconosciuto specificamente il ragazzo con la giacca grigia né ha fornito un collegamento causale chiaro tra un'azione specifica e il ricevimento del premio. Mancano dettagli cruciali per stabilire il motivo del premio."
gemma-4-12B,video066,1,Dove si trova il quadro di Antonio?,spaziale,S0,S0,0,quadro di Antonio; parete o luogo in cui si trova,localizzazione del quadro di Antonio,identificare il referente target; recuperare una singola evidenza spaziale direttamente osservabile; restituire la localizzazione senza confronto tra fasi,recupero spaziale diretto da una singola evidenza stabile; nessun confronto temporale o ricostruzione di stato,single_frame,1,esplicita,nessuna,"[""spaziale""]",0,0,0,0,insufficiente,[],"['quadro di Antonio', 'localizzazione del quadro di Antonio', 'parete o luogo in cui si trova il quadro']","La rappresentazione del modello non include alcuna informazione riguardante il quadro di Antonio o la sua localizzazione. Non sono state identificate né l'entità del quadro né il luogo in cui si trova, rendendo impossibile rispondere alla domanda. Mancano completamente le evidenze necessarie per affrontare il quesito."
gemma-4-12B,video066,2,La donna dice che l'uomo ha una fissazione prima o dopo aver ricevuto il suo regalo?,temporale,T1,T1,1,donna; uomo; regalo; fissazione,evento A: la donna dice che l'uomo ha una fissazione; evento B: l'uomo riceve il regalo,"riconoscere i due eventi oppure l'evento e l'ancora temporale; localizzarli nella sequenza; determinare la relazione prima/dopo, primo/secondo, corrente/precedente o il momento richiesto",localizzazione rispetto a un'ancora temporale esplicita oppure ordinamento pairwise tra due eventi/stati direttamente identificabili,two_intervals,2,esplicita,alta,"[""temporale""]",40,30,20,30,insufficiente,"['Presenza di un uomo e una donna che interagiscono in vari segmenti', ""La donna porge un oggetto all'uomo in segment_0002""]","[""Evento specifico in cui la donna dice che l'uomo ha una fissazione"", ""Evento specifico in cui l'uomo riceve un regalo"", ""Relazione temporale tra l'affermazione della donna e il ricevimento del regalo""]","La rappresentazione del modello non include gli eventi specifici richiesti dalla domanda, come l'affermazione della donna sulla fissazione dell'uomo e il momento in cui l'uomo riceve il regalo. Mancano anche le relazioni temporali necessarie per determinare se l'affermazione avviene prima o dopo il ricevimento del regalo. Pertanto, la comprensione è insufficiente per affrontare la domanda."
gemma-4-12B,video066,3,Perché Peppino chiede a Lietta di togliere il quadro?,causale,C2,C2|T1,2,Peppino; Lietta; quadro,effetto da spiegare: Peppino chiede a Lietta di togliere il quadro; causa/antecedente: da identificare nell'evidenza disponibile,riconoscere l'effetto o comportamento da spiegare; recuperare il contesto pertinente; inferire la causa/intenzione/motivazione solo se supportata dalle evidenze; evitare di colmare lacune con conoscenza non presente nel video,"la risposta richiede almeno un passaggio inferenziale implicito su motivazione, intenzione, stato mentale, valutazione sociale, finalità procedurale o relazione causale non direttamente osservabile",two_intervals,2,implicita,moderata,"[""causale"", ""temporale""]",50,30,20,30,insufficiente,"['Presenza di un uomo e una donna che interagiscono in vari segmenti', 'Presenza di un quadro in un segmento']","['Identificazione chiara di Peppino e Lietta', 'Evento specifico in cui Peppino chiede a Lietta di togliere il quadro', 'Motivazione o contesto per cui Peppino chiede di togliere il quadro']","La rappresentazione del modello non riesce a identificare chiaramente Peppino e Lietta, né l'evento specifico in cui Peppino chiede a Lietta di togliere il quadro. Inoltre, manca qualsiasi contesto o motivazione che spieghi il perché di questa richiesta. Senza questi elementi, l'inferenza richiesta dalla domanda non può essere eseguita."
gemma-4-12B,video067,1,Dove mette le mani l'uomo col cappello?,spaziale,S1,S1|T0,1,uomo col cappello; mani; altra persona o superficie su cui le mette,evento: l'uomo mette le mani in una posizione; localizzazione del punto di contatto,"riconoscere l'evento o la relazione spaziale pertinente; allineare il referente all'intervallo locale; recuperare origine, destinazione, direzione, supporto o posizione richiesta",una relazione spaziale esplicita o una localizzazione condizionata da un singolo evento osservabile nello stesso intervallo locale,local_interval,1,esplicita,moderata,"[""spaziale"", ""temporale""]",50,50,30,40,parziale,"[""L'uomo con cappello è identificato come 'e2'."", ""L'uomo con cappello stringe la mano all'uomo in abito grigio in diversi segmenti.""]","[""Non è specificato dove l'uomo con cappello mette le mani oltre a stringere la mano."", ""Non ci sono dettagli su altre posizioni delle mani dell'uomo con cappello.""]","Il modello ha identificato l'uomo con cappello e ha rilevato che stringe la mano all'altro uomo in alcuni segmenti. Tuttavia, manca una descrizione completa di dove l'uomo con cappello mette le mani in altri momenti, limitando la capacità di rispondere alla domanda in modo esaustivo."
gemma-4-12B,video067,2,L'uomo con il cappello ride prima o dopo che l'uomo in grigio scansi le sue mani?,temporale,T1,T1,1,uomo col cappello; uomo in grigio; mani,evento A: l'uomo col cappello ride; evento B: l'uomo in grigio scansa le sue mani,"riconoscere i due eventi oppure l'evento e l'ancora temporale; localizzarli nella sequenza; determinare la relazione prima/dopo, primo/secondo, corrente/precedente o il momento richiesto",localizzazione rispetto a un'ancora temporale esplicita oppure ordinamento pairwise tra due eventi/stati direttamente identificabili,two_intervals,2,esplicita,alta,"[""temporale""]",100,20,20,30,parziale,"[""Presenza dell'uomo con il cappello e dell'uomo in grigio in vari segmenti."", 'Azioni di parlare, ascoltare e gesticolare da parte dei due uomini.']","[""Evento specifico dell'uomo con il cappello che ride."", ""Evento specifico dell'uomo in grigio che scansa le mani."", 'Relazione temporale tra i due eventi specifici richiesti.']","Il modello ha identificato correttamente le entità principali, l'uomo con il cappello e l'uomo in grigio, ma non ha recuperato gli eventi specifici richiesti dalla domanda: l'uomo con il cappello che ride e l'uomo in grigio che scansa le mani. Senza questi eventi, non è possibile determinare la relazione temporale richiesta. Pertanto, la comprensione è parziale."
gemma-4-12B,video067,3,Perché l'uomo senza cappello continua a spostare le mani dell'uomo col cappello?,causale,C2,C2|T1,2,uomo senza cappello; uomo col cappello; mani,effetto da spiegare: l'uomo senza cappello continua a spostare le mani dell'altro; causa/antecedente: da identificare nell'evidenza disponibile,riconoscere l'effetto o comportamento da spiegare; recuperare il contesto pertinente; inferire la causa/intenzione/motivazione solo se supportata dalle evidenze; evitare di colmare lacune con conoscenza non presente nel video,"la risposta richiede almeno un passaggio inferenziale implicito su motivazione, intenzione, stato mentale, valutazione sociale, finalità procedurale o relazione causale non direttamente osservabile",two_intervals,2,implicita,moderata,"[""causale"", ""temporale""]",50,30,20,25,insufficiente,"['uomo senza cappello (uomo in abito grigio)', 'uomo col cappello (uomo con cappello a cilindro)', 'conversazione tra i due uomini']","['azione specifica di spostare le mani', ""motivazione o causa per cui l'uomo senza cappello sposta le mani dell'altro""]","La rappresentazione del modello identifica correttamente le entità principali (uomo senza cappello e uomo col cappello) e il contesto generale di una conversazione tra i due. Tuttavia, manca l'azione specifica di spostare le mani e non viene fornita alcuna motivazione o causa per tale azione. Senza queste informazioni, l'inferenza richiesta dalla domanda non può essere eseguita."
gemma-4-12B,video068,1,Dove si trova la reception?,spaziale,S0,S0,0,reception,localizzazione della reception,identificare il referente target; recuperare una singola evidenza spaziale direttamente osservabile; restituire la localizzazione senza confronto tra fasi,recupero spaziale diretto da una singola evidenza stabile; nessun confronto temporale o ricostruzione di stato,single_frame,1,esplicita,nessuna,"[""spaziale""]",100,100,100,100,completa,"['Identificazione del bancone come reception (e2) nel segmento 0000.', ""Relazione spaziale 'davanti a' tra cliente e bancone nel segmento 0000."", ""Evento 'arrivo di un cliente alla reception' nel segmento 0000.""]",[],"Il modello ha identificato correttamente il bancone come la reception e ha fornito una chiara relazione spaziale tra il cliente e il bancone. L'evento di arrivo alla reception è stato osservato, permettendo di localizzare la reception senza necessità di ulteriori inferenze. Tutti i requisiti della domanda sono stati soddisfatti."
gemma-4-12B,video068,2,Il ragazzo trova un volantino prima o dopo essere andato a parlare con la donna?,temporale,T1,T1,1,ragazzo; volantino; donna,evento A: il ragazzo trova un volantino; evento B: il ragazzo va a parlare con la donna,"riconoscere i due eventi oppure l'evento e l'ancora temporale; localizzarli nella sequenza; determinare la relazione prima/dopo, primo/secondo, corrente/precedente o il momento richiesto",localizzazione rispetto a un'ancora temporale esplicita oppure ordinamento pairwise tra due eventi/stati direttamente identificabili,two_intervals,2,esplicita,alta,"[""temporale""]",50,60,40,50,parziale,"['Il ragazzo tiene e guarda un volantino (segment_0002).', 'Interazione tra cliente e addetta al banco (segment_0002).']","['Non è chiaro se il ragazzo trova il volantino prima o dopo aver parlato con la donna.', 'Non è chiaro se il ragazzo va a parlare con la donna prima o dopo aver trovato il volantino.']","Il modello ha identificato il ragazzo che tiene un volantino e un'interazione con una donna, ma non ha chiaramente determinato l'ordine temporale tra il trovare il volantino e parlare con la donna. Mancano informazioni decisive per stabilire la relazione temporale richiesta dalla domanda."
gemma-4-12B,video068,3,Perché la ragazza tira fuori un foglio da mostrare al ragazzo?,causale,C0,C0,0,ragazza; ragazzo; foglio; informazione mostrata,relazione causale/finalistica esplicitata nella domanda; nessun antecedente aggiuntivo deve essere ipotizzato,recuperare la causa o finalità già espressa esplicitamente; non introdurre antecedenti ulteriori non supportati,la finalità o relazione causale necessaria è già esplicitata nella formulazione disponibile; non è richiesta una ricostruzione causale aggiuntiva,local_interval,1,esplicita,nessuna,"[""causale""]",0,0,0,0,insufficiente,[],"['ragazza tira fuori un foglio', 'ragazzo a cui viene mostrato il foglio', 'informazione mostrata nel foglio', 'causa o finalità per cui il foglio viene mostrato']","La rappresentazione del modello non include alcuna informazione riguardante una ragazza che tira fuori un foglio da mostrare a un ragazzo, né la causa o finalità di tale azione. Mancano completamente le entità e gli eventi specifici richiesti dalla domanda, rendendo impossibile qualsiasi inferenza causale o finalistica."
gemma-4-12B,video069,1,Dove si trova il ragazzo quando fa l'esercizio?,spaziale,S1,S1|T0,1,ragazzo; esercizio,evento contestuale: il ragazzo esegue l'esercizio; localizzazione della sua posizione,"riconoscere l'evento o la relazione spaziale pertinente; allineare il referente all'intervallo locale; recuperare origine, destinazione, direzione, supporto o posizione richiesta",una relazione spaziale esplicita o una localizzazione condizionata da un singolo evento osservabile nello stesso intervallo locale,local_interval,2,esplicita,moderata,"[""spaziale"", ""temporale""]",100,100,100,100,completa,"[""Il ragazzo è identificato come 'e1' in segment_0002 e segment_0003."", 'Il ragazzo esegue una flessione in segment_0002 e una flessione a corpo libero in segment_0003.', ""La posizione del ragazzo è 'a sinistra di' l'istruttore e 'vicino a' il pavimento in segment_0003.""]",[],"Il modello ha recuperato tutte le informazioni necessarie per rispondere alla domanda. Le entità richieste, il ragazzo e l'esercizio, sono chiaramente identificate. Gli eventi di esecuzione dell'esercizio sono ben documentati nei segmenti pertinenti, e le relazioni spaziali che indicano la posizione del ragazzo durante l'esercizio sono esplicitamente descritte. Non ci sono lacune significative nella rappresentazione."
gemma-4-12B,video069,2,L'allenatore rimprovera il ragazzo prima o dopo avergli detto che deve fare le flessioni?,temporale,T1,T1,1,allenatore; ragazzo; rimprovero; flessioni,evento A: l'allenatore rimprovera il ragazzo; evento B: gli dice che deve fare le flessioni,"riconoscere i due eventi oppure l'evento e l'ancora temporale; localizzarli nella sequenza; determinare la relazione prima/dopo, primo/secondo, corrente/precedente o il momento richiesto",localizzazione rispetto a un'ancora temporale esplicita oppure ordinamento pairwise tra due eventi/stati direttamente identificabili,two_intervals,2,esplicita,alta,"[""temporale""]",80,40,30,35,parziale,"[""Presenza dell'istruttore e dell'atleta (ragazzo)"", 'Interazione tra istruttore e atleta', ""Esecuzione di flessioni da parte dell'atleta""]","[""Rimprovero esplicito da parte dell'istruttore"", ""Istruttore che dice all'atleta di fare flessioni"", 'Relazione temporale tra rimprovero e istruzione di fare flessioni']","Il modello ha identificato correttamente le entità principali e alcune interazioni tra l'istruttore e l'atleta, ma non ha recuperato gli eventi specifici di rimprovero e istruzione di fare flessioni. Inoltre, manca la relazione temporale tra questi eventi, che è cruciale per rispondere alla domanda. Pertanto, la comprensione è parziale."
gemma-4-12B,video069,3,Perché il ragazzo si trova in terra a fare flessioni?,causale,C1,C1|T1,1,ragazzo; allenatore; terra; flessioni,effetto da spiegare: il ragazzo è a terra a fare flessioni; causa/antecedente: da identificare nell'evidenza disponibile,riconoscere l'effetto; individuare un antecedente o stato direttamente osservabile/esplicitamente disponibile; verificare il nesso causale senza attribuire intenzioni o motivazioni non supportate,"collegamento causale diretto tra un antecedente esplicito e una conseguenza esplicita, con al massimo due unità di evidenza",two_intervals,2,parzialmente implicita,moderata,"[""causale"", ""temporale""]",80,70,60,65,sufficiente,"['Il ragazzo (e1) esegue una flessione a terra (segment_0002).', ""L'istruttore (e2) osserva e indica il ragazzo mentre esegue la flessione (segment_0002)."", ""Causalità inferita: istruzioni dell'istruttore portano all'esecuzione dell'esercizio da parte dell'atleta (segment_0002).""]","['Motivazione esplicita per cui il ragazzo si trova a fare flessioni.', ""Dettagli specifici su cosa l'istruttore abbia detto o fatto per far eseguire le flessioni.""]","Il modello ha identificato correttamente le entità principali e l'evento di esecuzione delle flessioni. Tuttavia, manca un collegamento causale esplicito e dettagliato che spieghi perché il ragazzo si trova a fare flessioni, sebbene ci sia un'inferenza generale che collega le istruzioni dell'istruttore all'azione del ragazzo. La rappresentazione è sufficiente per affrontare la domanda, ma con alcune lacune."
gemma-4-12B,video070,1,Dove si trova la donna quando inizia a scalciare?,spaziale,S1,S1|T0,1,donna; luogo in cui si trova,evento contestuale: la donna inizia a scalciare; localizzazione della donna,"riconoscere l'evento o la relazione spaziale pertinente; allineare il referente all'intervallo locale; recuperare origine, destinazione, direzione, supporto o posizione richiesta",una relazione spaziale esplicita o una localizzazione condizionata da un singolo evento osservabile nello stesso intervallo locale,local_interval,2,esplicita,moderata,"[""spaziale"", ""temporale""]",0,0,0,0,insufficiente,[],"['La donna che inizia a scalciare', 'Luogo in cui si trova la donna quando inizia a scalciare', 'Evento di scalciare', ""Localizzazione della donna durante l'evento di scalciare""]","La rappresentazione del modello non include alcuna informazione riguardante l'evento in cui la donna inizia a scalciare, né la localizzazione della donna durante tale evento. Non sono presenti riferimenti a un'azione di scalciare o a un contesto spaziale associato a tale azione. Pertanto, nessuno dei requisiti necessari per rispondere alla domanda è stato recuperato."
gemma-4-12B,video070,2,La donna viene presa in braccio prima o dopo essere arrivata alla carrozza?,temporale,T1,T1,1,donna; uomo che la prende; carrozza,evento A: la donna viene presa in braccio; evento B: la donna arriva alla carrozza,"riconoscere i due eventi oppure l'evento e l'ancora temporale; localizzarli nella sequenza; determinare la relazione prima/dopo, primo/secondo, corrente/precedente o il momento richiesto",localizzazione rispetto a un'ancora temporale esplicita oppure ordinamento pairwise tra due eventi/stati direttamente identificabili,two_intervals,2,esplicita,alta,"[""temporale""]",80,70,60,65,sufficiente,"['La donna viene presa in braccio (evento A) è identificato nel segmento 0004.', 'La carrozza è identificata nel segmento 0003 e 0004.', ""La donna e l'uomo sono identificati in più segmenti.""]","[""Non è chiaramente identificato l'evento B: la donna arriva alla carrozza."", ""Non è chiaramente determinata la relazione temporale tra l'essere presa in braccio e l'arrivo alla carrozza.""]","Il modello ha identificato correttamente le entità principali e l'evento in cui la donna viene presa in braccio. Tuttavia, manca l'identificazione chiara dell'evento in cui la donna arriva alla carrozza, rendendo difficile stabilire la relazione temporale richiesta dalla domanda. La rappresentazione è sufficiente per affrontare la domanda, ma con alcune incertezze."
gemma-4-12B,video070,3,Perché la donna oppone resistenza all'uomo?,causale,C2,C2|T1,2,donna; uomo; carrozza o destinazione,effetto da spiegare: la donna oppone resistenza all'uomo; causa/antecedente: da identificare nell'evidenza disponibile,riconoscere l'effetto o comportamento da spiegare; recuperare il contesto pertinente; inferire la causa/intenzione/motivazione solo se supportata dalle evidenze; evitare di colmare lacune con conoscenza non presente nel video,"la risposta richiede almeno un passaggio inferenziale implicito su motivazione, intenzione, stato mentale, valutazione sociale, finalità procedurale o relazione causale non direttamente osservabile",two_intervals,2,implicita,moderata,"[""causale"", ""temporale""]",70,60,40,50,parziale,"['Donna e uomo identificati', 'Incontro tra donna e uomo osservato', 'Uomo afferra il braccio della donna']","['Motivazione della resistenza della donna', 'Contesto che spiega la resistenza', 'Causa specifica della resistenza']","Il modello ha identificato le entità principali e l'evento in cui l'uomo afferra il braccio della donna, ma manca di evidenza sul perché la donna opponga resistenza. Non è stata recuperata alcuna motivazione o contesto che spieghi il comportamento della donna, rendendo l'inferenza causale incompleta."
gemma-4-12B,video071,1,Dove si trovano gli ostacoli che la bambina bendata deve superare?,spaziale,S0,S0,0,ostacoli; bambina bendata,localizzazione degli ostacoli da superare,identificare il referente target; recuperare una singola evidenza spaziale direttamente osservabile; restituire la localizzazione senza confronto tra fasi,recupero spaziale diretto da una singola evidenza stabile; nessun confronto temporale o ricostruzione di stato,single_frame,1,esplicita,nessuna,"[""spaziale""]",50,30,20,30,parziale,"['Bambina bendata identificata come e1 in segment_0002.', 'Presenza di una pedana blu identificata come e4 in segment_0002.']","['Localizzazione specifica degli ostacoli che la bambina bendata deve superare.', 'Descrizione degli ostacoli specifici presenti nel percorso della bambina bendata.']","Il modello ha identificato la bambina bendata e una pedana blu, ma non ha fornito informazioni specifiche sulla localizzazione degli ostacoli che la bambina deve superare. Mancano dettagli sugli ostacoli stessi e sulla loro posizione rispetto alla bambina, rendendo impossibile rispondere alla domanda con precisione."
gemma-4-12B,video071,2,La ragazzina con la benda sugli occhi scavalca lo step prima o dopo aver ruotato?,temporale,T1,T1,1,ragazzina bendata; step,evento A: la ragazzina scavalca lo step; evento B: la ragazzina ruota,"riconoscere i due eventi oppure l'evento e l'ancora temporale; localizzarli nella sequenza; determinare la relazione prima/dopo, primo/secondo, corrente/precedente o il momento richiesto",localizzazione rispetto a un'ancora temporale esplicita oppure ordinamento pairwise tra due eventi/stati direttamente identificabili,two_intervals,2,esplicita,alta,"[""temporale""]",50,20,10,25,insufficiente,"['Identificazione della ragazzina bendata (e1)', 'Presenza di una pedana (e4)']","['Evento A: la ragazzina scavalca lo step', 'Evento B: la ragazzina ruota', 'Relazione temporale tra scavalcare e ruotare']","La rappresentazione del modello identifica correttamente la ragazzina bendata e la presenza di una pedana, ma non riesce a recuperare gli eventi specifici di scavalcare lo step e ruotare. Inoltre, manca la relazione temporale tra questi eventi, che è cruciale per rispondere alla domanda. Pertanto, la comprensione complessiva è insufficiente."
gemma-4-12B,video071,3,Perché la ragazza con la benda riesce a superare gli ostacoli?,causale,C2,C2|T1,2,ragazza con la benda; ostacoli,effetto da spiegare: la ragazza riesce a superare gli ostacoli; causa/antecedente: da identificare nell'evidenza disponibile,riconoscere l'effetto o comportamento da spiegare; recuperare il contesto pertinente; inferire la causa/intenzione/motivazione solo se supportata dalle evidenze; evitare di colmare lacune con conoscenza non presente nel video,"la risposta richiede almeno un passaggio inferenziale implicito su motivazione, intenzione, stato mentale, valutazione sociale, finalità procedurale o relazione causale non direttamente osservabile",two_intervals,2,implicita,moderata,"[""causale"", ""temporale""]",80,70,50,60,sufficiente,"['La ragazza con la benda è identificata come e1 in segment_0002.', 'La ragazza cammina in avanti durante un esercizio di equilibrio a occhi bendati (segment_0002).', ""La presenza di ostacoli è implicita nella descrizione dell'esercizio di equilibrio.""]","['Motivazione o causa specifica per cui la ragazza riesce a superare gli ostacoli.', 'Dettagli espliciti sugli ostacoli che la ragazza supera.']","La rappresentazione del modello identifica correttamente la ragazza con la benda e il contesto dell'esercizio di equilibrio, ma manca di dettagli espliciti sugli ostacoli e sulla motivazione o causa specifica per cui la ragazza riesce a superarli. L'inferenza causale è solo parzialmente supportata, limitando la comprensione complessiva."
gemma-4-12B,video072,1,Dove vengono messe le cose lasciate in giro?,spaziale,S1,S1|T0,1,cose lasciate in giro; ragazzo con la maglia nera,evento: gli oggetti vengono messi via; localizzazione della destinazione,"riconoscere l'evento o la relazione spaziale pertinente; allineare il referente all'intervallo locale; recuperare origine, destinazione, direzione, supporto o posizione richiesta",una relazione spaziale esplicita o una localizzazione condizionata da un singolo evento osservabile nello stesso intervallo locale,local_interval,1,esplicita,moderata,"[""spaziale"", ""temporale""]",0,0,0,0,insufficiente,['Riconoscimento della persona con maglietta nera (e1)'],"[""Identificazione delle 'cose lasciate in giro'"", 'Evento di mettere via gli oggetti', 'Localizzazione della destinazione degli oggetti', 'Relazione spaziale esplicita tra oggetti e destinazione']","La rappresentazione del modello non include informazioni su dove vengono messe le cose lasciate in giro. Non sono stati identificati gli oggetti specifici lasciati in giro, né è stato osservato un evento in cui questi oggetti vengono messi via. Inoltre, manca una localizzazione chiara della destinazione degli oggetti. Pertanto, la comprensione è insufficiente per rispondere alla domanda."
gemma-4-12B,video072,2,Cosa succede prima: Albi viene rimproverato o il ragazzo con la maglia nera sistema il disordine?,temporale,T1,T1,1,Albi; ragazzo con la maglia nera; rimprovero,evento A: Albi viene rimproverato; evento B: il ragazzo con la maglia nera sistema il disordine,"riconoscere i due eventi oppure l'evento e l'ancora temporale; localizzarli nella sequenza; determinare la relazione prima/dopo, primo/secondo, corrente/precedente o il momento richiesto",localizzazione rispetto a un'ancora temporale esplicita oppure ordinamento pairwise tra due eventi/stati direttamente identificabili,two_intervals,2,esplicita,alta,"[""temporale""]",0,0,0,0,insufficiente,[],"['Identificazione di Albi', 'Identificazione del ragazzo con la maglia nera', 'Evento di rimprovero di Albi', 'Evento di sistemazione del disordine da parte del ragazzo con la maglia nera', 'Relazione temporale tra il rimprovero di Albi e la sistemazione del disordine']","La rappresentazione del modello non include alcuna informazione riguardante Albi, il ragazzo con la maglia nera, il rimprovero o la sistemazione del disordine. Mancano completamente gli eventi richiesti e la relazione temporale tra di essi. Pertanto, non è possibile affrontare la domanda con le informazioni disponibili."
gemma-4-12B,video072,3,Perché Albi viene rimproverato dal ragazzo con la maglia nera?,causale,C1,C1|T1,1,Albi; ragazzo con la maglia nera; oggetti lasciati in giro,effetto da spiegare: Albi viene rimproverato; causa/antecedente: da identificare nell'evidenza disponibile,riconoscere l'effetto; individuare un antecedente o stato direttamente osservabile/esplicitamente disponibile; verificare il nesso causale senza attribuire intenzioni o motivazioni non supportate,"collegamento causale diretto tra un antecedente esplicito e una conseguenza esplicita, con al massimo due unità di evidenza",two_intervals,2,parzialmente implicita,moderata,"[""causale"", ""temporale""]",30,20,10,20,insufficiente,['ragazzo con la maglia nera identificato in più segmenti'],"['Identificazione di Albi', 'Rimprovero da parte del ragazzo con la maglia nera', 'Motivo del rimprovero', 'Oggetti lasciati in giro']","La rappresentazione del modello non recupera informazioni sufficienti per rispondere alla domanda. Manca l'identificazione di Albi, il rimprovero da parte del ragazzo con la maglia nera e il motivo del rimprovero. Senza questi elementi, non è possibile stabilire un nesso causale tra le azioni osservate e il rimprovero."
gemma-4-12B,video073,1,Dov'è seduta la coppia?,spaziale,S0,S0,0,coppia; seduta o luogo in cui è seduta,localizzazione della coppia,identificare il referente target; recuperare una singola evidenza spaziale direttamente osservabile; restituire la localizzazione senza confronto tra fasi,recupero spaziale diretto da una singola evidenza stabile; nessun confronto temporale o ricostruzione di stato,single_frame,1,esplicita,nessuna,"[""spaziale""]",100,100,100,100,completa,"['La coppia è composta da un uomo e una donna.', 'La coppia è seduta su un letto.', 'La localizzazione della coppia è esplicitamente osservata nel segmento 0001.']",[],"La rappresentazione del modello ha recuperato tutte le informazioni necessarie per rispondere alla domanda. Le entità della coppia e del letto sono chiaramente identificate, e la localizzazione della coppia sul letto è esplicitamente osservata. Non ci sono lacune o incertezze nella rappresentazione visuale per affrontare la domanda."
gemma-4-12B,video073,2,Chi si sveglia prima tra il ragazzo e la ragazza?,temporale,T1,T1,1,ragazzo; ragazza,evento A: il ragazzo si sveglia; evento B: la ragazza si sveglia,"riconoscere i due eventi oppure l'evento e l'ancora temporale; localizzarli nella sequenza; determinare la relazione prima/dopo, primo/secondo, corrente/precedente o il momento richiesto",localizzazione rispetto a un'ancora temporale esplicita oppure ordinamento pairwise tra due eventi/stati direttamente identificabili,two_intervals,2,esplicita,alta,"[""temporale""]",0,0,0,0,insufficiente,[],"['Evento A: il ragazzo si sveglia', 'Evento B: la ragazza si sveglia', 'Relazione temporale tra il risveglio del ragazzo e della ragazza']","La rappresentazione del modello non include alcuna informazione riguardante il risveglio del ragazzo o della ragazza, né eventi che possano essere interpretati come tali. Mancano completamente le informazioni necessarie per determinare chi si sveglia prima."
gemma-4-12B,video073,3,Perché il ragazzo abbraccia la ragazza?,causale,C2,C2|T1,2,ragazzo; ragazza; abbraccio,effetto da spiegare: il ragazzo abbraccia la ragazza; causa/antecedente: da identificare nell'evidenza disponibile,riconoscere l'effetto o comportamento da spiegare; recuperare il contesto pertinente; inferire la causa/intenzione/motivazione solo se supportata dalle evidenze; evitare di colmare lacune con conoscenza non presente nel video,"la risposta richiede almeno un passaggio inferenziale implicito su motivazione, intenzione, stato mentale, valutazione sociale, finalità procedurale o relazione causale non direttamente osservabile",two_intervals,2,implicita,moderata,"[""causale"", ""temporale""]",50,30,20,30,insufficiente,"['uomo e donna identificati in vari segmenti', 'interazioni tra uomo e donna osservate']","['abbraccio tra ragazzo e ragazza', ""causa o antecedente dell'abbraccio"", ""motivazione o intenzione dell'abbraccio""]","Il modello ha identificato le entità principali (uomo e donna) e alcune interazioni tra di loro, ma non ha recuperato l'evento specifico dell'abbraccio né ha fornito informazioni sufficienti per inferire la causa o la motivazione di tale gesto. Mancano elementi chiave per rispondere alla domanda, come l'evento dell'abbraccio e il contesto che lo precede."
gemma-4-12B,video074,1,Dove si trovano le bambine?,spaziale,S0,S0,0,bambine; luogo in cui si trovano,localizzazione delle bambine,identificare il referente target; recuperare una singola evidenza spaziale direttamente osservabile; restituire la localizzazione senza confronto tra fasi,recupero spaziale diretto da una singola evidenza stabile; nessun confronto temporale o ricostruzione di stato,single_frame,1,esplicita,nessuna,"[""spaziale""]",0,0,0,0,insufficiente,[],"['Localizzazione delle bambine', 'Luogo in cui si trovano le bambine']","La rappresentazione del modello non include alcuna informazione sulla localizzazione delle bambine o sul luogo in cui si trovano. Nonostante siano presenti descrizioni dettagliate delle azioni e degli attributi delle bambine, manca completamente l'informazione spaziale richiesta dalla domanda. Pertanto, il modello non ha recuperato nessuno dei requisiti necessari per rispondere alla domanda."
gemma-4-12B,video074,2,La bambina con lo spazzolino viola ride prima o dopo aver detto di sì?,temporale,T1,T1,1,bambina con lo spazzolino viola,evento A: la bambina ride; evento B: la bambina dice di sì,"riconoscere i due eventi oppure l'evento e l'ancora temporale; localizzarli nella sequenza; determinare la relazione prima/dopo, primo/secondo, corrente/precedente o il momento richiesto",localizzazione rispetto a un'ancora temporale esplicita oppure ordinamento pairwise tra due eventi/stati direttamente identificabili,two_intervals,2,esplicita,alta,"[""temporale""]",0,0,0,0,insufficiente,[],"['Identificazione della bambina con lo spazzolino viola', 'Evento A: la bambina ride', 'Evento B: la bambina dice di sì', 'Relazione temporale tra il ridere e il dire di sì']","Il modello non ha identificato la bambina con lo spazzolino viola né ha rilevato gli eventi specifici di ridere e dire di sì. Inoltre, manca completamente la relazione temporale tra questi eventi, che è cruciale per rispondere alla domanda."
gemma-4-12B,video074,3,Perché la bambina con lo spazzolino arancione rallenta i movimenti quando spazzola i denti?,causale,C2,C2|T1,2,bambina con lo spazzolino arancione; spazzolino; denti; movimento,effetto da spiegare: la bambina rallenta i movimenti mentre si lava i denti; causa/antecedente: da identificare nell'evidenza disponibile,riconoscere l'effetto o comportamento da spiegare; recuperare il contesto pertinente; inferire la causa/intenzione/motivazione solo se supportata dalle evidenze; evitare di colmare lacune con conoscenza non presente nel video,"la risposta richiede almeno un passaggio inferenziale implicito su motivazione, intenzione, stato mentale, valutazione sociale, finalità procedurale o relazione causale non direttamente osservabile",two_intervals,2,implicita,moderata,"[""causale"", ""temporale""]",80,60,40,50,parziale,"['Bambina con spazzolino arancione identificata', 'Azione di lavarsi i denti osservata', 'Cambio di espressione da sorriso a concentrazione']","['Rallentamento dei movimenti non esplicitamente osservato', 'Causa del rallentamento non identificata']","Il modello ha identificato correttamente la bambina con lo spazzolino arancione e l'azione di lavarsi i denti, ma non ha esplicitamente osservato il rallentamento dei movimenti. Inoltre, manca l'identificazione della causa del rallentamento, che è cruciale per rispondere alla domanda. L'inferenza sulla motivazione o causa del rallentamento non è supportata dalle evidenze disponibili."
gemma-4-12B,video075,1,Dove si trova il bambino che tira la palla di neve alla giornalista?,spaziale,S1,S1|T0,1,bambino; palla di neve; giornalista; luogo in cui si trova il bambino,localizzazione del bambino che lancia la palla di neve,"riconoscere l'evento o la relazione spaziale pertinente; allineare il referente all'intervallo locale; recuperare origine, destinazione, direzione, supporto o posizione richiesta",una relazione spaziale esplicita o una localizzazione condizionata da un singolo evento osservabile nello stesso intervallo locale,local_interval,2,esplicita,moderata,"[""spaziale"", ""temporale""]",50,20,10,25,insufficiente,"['Presenza di un bambino con una palla di neve (segment_0000)', 'Giornalista identificata con microfono (segment_0000)', 'Relazione spaziale: bambino a destra della giornalista (segment_0000)']","['Evento specifico del lancio della palla di neve', 'Localizzazione precisa del bambino durante il lancio', ""Relazione spaziale durante l'evento di lancio""]","La rappresentazione del modello identifica alcune entità come il bambino e la giornalista, e una relazione spaziale iniziale, ma manca l'evento specifico del lancio della palla di neve e la localizzazione precisa del bambino durante tale evento. Senza queste informazioni, l'inferenza richiesta non può essere completata."
gemma-4-12B,video075,2,La giornalista intervista il bambino prima o dopo che venga tirata la palla di neve?,temporale,T1,T1,1,giornalista; bambino; intervista; palla di neve,evento A: la giornalista intervista il bambino; evento B: viene lanciata la palla di neve,"riconoscere i due eventi oppure l'evento e l'ancora temporale; localizzarli nella sequenza; determinare la relazione prima/dopo, primo/secondo, corrente/precedente o il momento richiesto",localizzazione rispetto a un'ancora temporale esplicita oppure ordinamento pairwise tra due eventi/stati direttamente identificabili,two_intervals,2,esplicita,alta,"[""temporale""]",50,50,20,30,parziale,"['Giornalista identificata in più segmenti', 'Bambino identificato in più segmenti', 'Intervista in un parco innevato identificata in più segmenti']","['Evento del lancio della palla di neve non identificato', 'Relazione temporale tra intervista e lancio della palla di neve non determinata']","Il modello ha identificato correttamente le entità principali come la giornalista e il bambino, e ha riconosciuto l'evento dell'intervista. Tuttavia, manca completamente l'identificazione dell'evento del lancio della palla di neve, che è cruciale per determinare la relazione temporale richiesta dalla domanda. Senza questo evento, l'inferenza temporale non può essere completata, portando a una comprensione parziale."
gemma-4-12B,video075,3,Perché i bambini non sono a scuola?,causale,C1,C1|T1,1,bambini; scuola; neve o condizioni ambientali,effetto da spiegare: i bambini non sono a scuola; causa/antecedente: da identificare nell'evidenza disponibile,riconoscere l'effetto; individuare un antecedente o stato direttamente osservabile/esplicitamente disponibile; verificare il nesso causale senza attribuire intenzioni o motivazioni non supportate,"collegamento causale diretto tra un antecedente esplicito e una conseguenza esplicita, con al massimo due unità di evidenza",two_intervals,2,parzialmente implicita,moderata,"[""causale"", ""temporale""]",80,70,60,65,sufficiente,"['Presenza di bambini nel video', 'Nevicata e neve al suolo osservata', 'Bambini che giocano con la neve']","['Esplicita menzione della scuola', 'Collegamento causale diretto tra neve e assenza da scuola']","Il modello ha identificato correttamente la presenza di bambini e la nevicata, che sono elementi chiave per rispondere alla domanda. Tuttavia, manca un collegamento causale esplicito tra la neve e l'assenza dei bambini da scuola. La rappresentazione è sufficiente per affrontare la domanda, ma con alcune lacune nel collegamento causale."
gemma-4-12B,video076,1,Dove vengono messi gli UFO?,spaziale,S1,S1|T0,1,UFO giocattolo o oggetti chiamati «ufo»; ciotole o recipiente,evento: gli ufo vengono messi in un luogo; localizzazione della destinazione,"riconoscere l'evento o la relazione spaziale pertinente; allineare il referente all'intervallo locale; recuperare origine, destinazione, direzione, supporto o posizione richiesta",una relazione spaziale esplicita o una localizzazione condizionata da un singolo evento osservabile nello stesso intervallo locale,local_interval,1,esplicita,moderata,"[""spaziale"", ""temporale""]",50,40,30,35,parziale,"['Presenza di ciotole e piatti trasparenti contenenti acqua', 'Oggetti blu (palle di schiuma, bombe da bagno) manipolati vicino a ciotole']","[""Identificazione chiara degli oggetti come 'UFO'"", 'Evento specifico di posizionamento degli UFO in un luogo', 'Relazione spaziale esplicita tra UFO e ciotole/piatti']","Il modello ha identificato la presenza di ciotole e oggetti blu, ma non ha chiaramente identificato gli oggetti come 'UFO' né ha descritto un evento specifico di posizionamento degli UFO in un luogo. Mancano anche relazioni spaziali esplicite che colleghino gli UFO alle ciotole o piatti. La comprensione è quindi parziale."
gemma-4-12B,video076,2,Il babbo passa gli UFO ai bambini prima o dopo che l'acqua si colori?,temporale,T1,T1,1,babbo; bambini; ufo; acqua nelle ciotole,evento A: il babbo passa gli ufo ai bambini; evento B: l'acqua si colora,"riconoscere i due eventi oppure l'evento e l'ancora temporale; localizzarli nella sequenza; determinare la relazione prima/dopo, primo/secondo, corrente/precedente o il momento richiesto",localizzazione rispetto a un'ancora temporale esplicita oppure ordinamento pairwise tra due eventi/stati direttamente identificabili,two_intervals,2,esplicita,alta,"[""temporale""]",50,30,20,30,parziale,"['Presenza di un adulto e bambini', 'Presenza di oggetti blu (palle di schiuma, bombe da bagno)', 'Interazione tra adulto e bambini']","['Evento specifico del babbo che passa gli UFO ai bambini', ""Evento specifico dell'acqua che si colora"", ""Relazione temporale tra il passaggio degli UFO e il cambiamento di colore dell'acqua""]","Il modello ha identificato alcune entità e interazioni generali tra adulti e bambini, ma non ha recuperato gli eventi specifici richiesti dalla domanda, come il passaggio degli UFO e il cambiamento di colore dell'acqua. Inoltre, manca la relazione temporale tra questi eventi, rendendo impossibile determinare se il passaggio degli UFO avviene prima o dopo il cambiamento di colore dell'acqua."
gemma-4-12B,video076,3,Perché le due ciotole d'acqua si colorano in maniera diversa?,causale,C1,C1|T0,1,due ciotole d'acqua; sostanze o ufo inseriti; colori risultanti,effetto da spiegare: le due ciotole si colorano diversamente; causa/antecedente: da identificare nell'evidenza disponibile,riconoscere l'effetto; individuare un antecedente o stato direttamente osservabile/esplicitamente disponibile; verificare il nesso causale senza attribuire intenzioni o motivazioni non supportate,"nesso causa-effetto fisico, sistemico o comportamentale direttamente osservabile nello stesso intervallo locale",local_interval,1,esplicita,moderata,"[""causale"", ""temporale""]",50,40,30,35,parziale,"[""Presenza di ciotole d'acqua e oggetti blu (palle di schiuma, spugne)"", 'Interazione con oggetti blu e acqua']","['Descrizione esplicita del cambiamento di colore delle ciotole', 'Identificazione delle sostanze specifiche che causano il cambiamento di colore', ""Nesso causale tra l'immersione degli oggetti e il cambiamento di colore""]","La rappresentazione del modello include alcune entità e azioni rilevanti, come le ciotole d'acqua e gli oggetti blu, ma manca di dettagli cruciali per spiegare il cambiamento di colore delle ciotole. Non viene fornita una descrizione esplicita del cambiamento di colore né delle sostanze specifiche coinvolte. Inoltre, manca un nesso causale chiaro tra l'immersione degli oggetti e il cambiamento di colore, rendendo la comprensione complessiva parziale."
gemma-4-12B,video077,1,Dove si è addormentato Cristian?,spaziale,S1,S1|T0,1,Cristian; luogo o superficie in cui si è addormentato,localizzazione di Cristian addormentato,"riconoscere l'evento o la relazione spaziale pertinente; allineare il referente all'intervallo locale; recuperare origine, destinazione, direzione, supporto o posizione richiesta",una relazione spaziale esplicita o una localizzazione condizionata da un singolo evento osservabile nello stesso intervallo locale,local_interval,1,esplicita,moderata,"[""spaziale"", ""temporale""]",50,60,40,45,parziale,"['Persona distesa a terra (segment_0001)', 'Persona immobile a terra (segment_0002)', 'Bambino sdraiato sul pavimento (segment_0010)']","['Identificazione esplicita di Cristian', 'Conferma che la persona addormentata sia Cristian', 'Luogo specifico dove Cristian si è addormentato']","La rappresentazione del modello include eventi di persone distese o immobili a terra, che potrebbero indicare un addormentamento. Tuttavia, manca l'identificazione esplicita di Cristian e la conferma che la persona addormentata sia effettivamente lui. Inoltre, non è chiaro il luogo specifico dove Cristian si è addormentato, limitando la capacità di rispondere alla domanda."
gemma-4-12B,video077,2,La donna chiama Cristian a mangiare prima o dopo averlo trovato addormentato?,temporale,T1,T1,1,donna; Cristian,evento A: la donna chiama Cristian a mangiare; evento B: la donna trova Cristian addormentato,"riconoscere i due eventi oppure l'evento e l'ancora temporale; localizzarli nella sequenza; determinare la relazione prima/dopo, primo/secondo, corrente/precedente o il momento richiesto",localizzazione rispetto a un'ancora temporale esplicita oppure ordinamento pairwise tra due eventi/stati direttamente identificabili,two_intervals,2,esplicita,alta,"[""temporale""]",0,0,0,0,insufficiente,[],"['Identificazione della donna', 'Identificazione di Cristian', 'Evento A: la donna chiama Cristian a mangiare', 'Evento B: la donna trova Cristian addormentato', 'Relazione temporale tra gli eventi A e B']","La rappresentazione del modello non include alcuna informazione riguardante la donna o Cristian, né gli eventi specifici di chiamare a mangiare o trovare addormentato. Mancano completamente le entità e gli eventi richiesti per determinare la relazione temporale tra di essi. Pertanto, la comprensione è insufficiente."
gemma-4-12B,video077,3,Perché il bambino non risponde alla donna?,causale,C1,C1|T0,1,bambino o Cristian; donna,effetto da spiegare: il bambino non risponde alla donna; causa/antecedente: da identificare nell'evidenza disponibile,riconoscere l'effetto; individuare un antecedente o stato direttamente osservabile/esplicitamente disponibile; verificare il nesso causale senza attribuire intenzioni o motivazioni non supportate,"nesso causa-effetto fisico, sistemico o comportamentale direttamente osservabile nello stesso intervallo locale",local_interval,1,esplicita,moderata,"[""causale"", ""temporale""]",0,50,0,20,insufficiente,['Il bambino è identificato come entità che gioca a terra con giocattoli.'],"['Identificazione della donna.', 'Interazione tra il bambino e la donna.', 'Motivo per cui il bambino non risponde alla donna.', 'Causa o antecedente per il comportamento del bambino.']","La rappresentazione del modello identifica il bambino e le sue attività di gioco, ma manca completamente l'identificazione della donna e qualsiasi interazione tra il bambino e la donna. Non è possibile determinare perché il bambino non risponda alla donna, poiché non ci sono informazioni sulla presenza o azioni della donna. La mancanza di un nesso causale o di un antecedente osservabile rende la comprensione insufficiente."
gemma-4-12B,video078,1,Dove legge 'l'imperfetto del verbo mangiare' la bambina?,spaziale,S1,S1|T0,1,bambina; forma verbale «l'imperfetto del verbo mangiare»; quaderno o libro,evento: la bambina legge la forma verbale; localizzazione della fonte scritta,"riconoscere l'evento o la relazione spaziale pertinente; allineare il referente all'intervallo locale; recuperare origine, destinazione, direzione, supporto o posizione richiesta",una relazione spaziale esplicita o una localizzazione condizionata da un singolo evento osservabile nello stesso intervallo locale,local_interval,1,esplicita,moderata,"[""spaziale"", ""temporale""]",0,0,0,0,insufficiente,[],"['Bambina che legge', ""Forma verbale 'l'imperfetto del verbo mangiare'"", 'Quaderno o libro come fonte scritta specifica', 'Evento di lettura della forma verbale', 'Localizzazione della fonte scritta']","La rappresentazione del modello non include alcuna evidenza della bambina che legge la forma verbale 'l'imperfetto del verbo mangiare'. Non sono presenti eventi di lettura, né viene identificata una fonte scritta specifica come un quaderno o un libro contenente tale informazione. Pertanto, nessuno dei requisiti necessari per rispondere alla domanda è stato recuperato."
gemma-4-12B,video078,2,La donna si arrabbia prima o dopo aver abbassato il quaderno della bambina?,temporale,T1,T1,1,donna; quaderno della bambina,evento A: la donna si arrabbia; evento B: la donna abbassa il quaderno della bambina,"riconoscere i due eventi oppure l'evento e l'ancora temporale; localizzarli nella sequenza; determinare la relazione prima/dopo, primo/secondo, corrente/precedente o il momento richiesto",localizzazione rispetto a un'ancora temporale esplicita oppure ordinamento pairwise tra due eventi/stati direttamente identificabili,two_intervals,2,esplicita,alta,"[""temporale""]",0,0,0,0,insufficiente,[],"['Identificazione della donna', 'Identificazione del quaderno della bambina', 'Evento in cui la donna si arrabbia', 'Evento in cui la donna abbassa il quaderno della bambina', 'Relazione temporale tra i due eventi']","La rappresentazione del modello non include alcuna informazione riguardante la donna, il quaderno della bambina, né gli eventi specifici richiesti dalla domanda. Mancano completamente le entità e gli eventi necessari per determinare la relazione temporale richiesta. Pertanto, la comprensione è insufficiente."
gemma-4-12B,video078,3,Perché la donna si arrabbia?,causale,C2,C2|T1,2,donna; bambina; quaderno; risposta o comportamento della bambina,effetto da spiegare: la donna si arrabbia; causa/antecedente: da identificare nell'evidenza disponibile,riconoscere l'effetto o comportamento da spiegare; recuperare il contesto pertinente; inferire la causa/intenzione/motivazione solo se supportata dalle evidenze; evitare di colmare lacune con conoscenza non presente nel video,"la risposta richiede almeno un passaggio inferenziale implicito su motivazione, intenzione, stato mentale, valutazione sociale, finalità procedurale o relazione causale non direttamente osservabile",two_intervals,2,implicita,moderata,"[""causale"", ""temporale""]",0,0,0,0,insufficiente,[],"['donna', 'bambina', 'quaderno', 'risposta o comportamento della bambina', 'la donna si arrabbia', ""causa/antecedente dell'arrabbiatura della donna""]","La rappresentazione del modello non include alcuna delle entità o degli eventi richiesti per rispondere alla domanda. Non viene identificata una donna, né un evento di arrabbiatura, né il contesto o il comportamento che potrebbero spiegare tale emozione. Mancano completamente le informazioni necessarie per inferire la causa dell'arrabbiatura della donna. Pertanto, la comprensione è insufficiente."
gemma-4-12B,video079,1,Dove si trovano i ragazzi?,spaziale,S0,S0,0,due ragazzi; luogo in cui si trovano,localizzazione dei ragazzi,identificare il referente target; recuperare una singola evidenza spaziale direttamente osservabile; restituire la localizzazione senza confronto tra fasi,recupero spaziale diretto da una singola evidenza stabile; nessun confronto temporale o ricostruzione di stato,single_frame,1,esplicita,nessuna,"[""spaziale""]",80,70,60,70,sufficiente,"['Due ragazzi identificati come entità e1 e e2 nel segmento 0010.', 'Localizzazione dei ragazzi su un balcone nel segmento 0010.']","['Non è chiaro se i ragazzi siano gli stessi in tutti i segmenti.', 'Non è esplicitamente indicato che i ragazzi siano gli stessi in segmenti diversi.']","Il modello ha identificato correttamente due ragazzi e la loro localizzazione su un balcone nel segmento 0010. Tuttavia, manca la conferma che questi siano gli stessi ragazzi in tutti i segmenti, il che limita la capacità di inferire con certezza la loro posizione in tutto il video. La rappresentazione è sufficiente per affrontare la domanda, ma con alcune incertezze."
gemma-4-12B,video079,2,I due ragazzi parlano prima o dopo le 11:30 di mattina?,temporale,T1,T1,1,due ragazzi,evento target: i due ragazzi parlano; riferimento temporale: le 11:30 del mattino,"riconoscere i due eventi oppure l'evento e l'ancora temporale; localizzarli nella sequenza; determinare la relazione prima/dopo, primo/secondo, corrente/precedente o il momento richiesto",localizzazione rispetto a un'ancora temporale esplicita oppure ordinamento pairwise tra due eventi/stati direttamente identificabili,two_intervals,2,parzialmente implicita,alta,"[""temporale""]",50,50,20,30,insufficiente,"['Due ragazzi identificati come entità che parlano in diversi segmenti.', 'Eventi di conversazione tra due persone identificati in vari segmenti.']","['Riferimento temporale esplicito alle 11:30 del mattino.', ""Relazione temporale chiara tra l'evento di conversazione e l'ancora temporale richiesta.""]","Il modello ha identificato i due ragazzi e gli eventi di conversazione, ma manca un riferimento temporale esplicito alle 11:30 del mattino. Senza questa ancora temporale, non è possibile determinare se la conversazione avviene prima o dopo l'orario specificato. La rappresentazione è quindi insufficiente per rispondere alla domanda."
gemma-4-12B,video079,3,Perché la ragazza crede che l'amico si sia 'impressionato'?,causale,C2,C2|T1,2,ragazza; amico; reazione di impressione,effetto da spiegare: la ragazza pensa che l'amico si sia impressionato; causa/antecedente: da identificare nell'evidenza disponibile,riconoscere l'effetto o comportamento da spiegare; recuperare il contesto pertinente; inferire la causa/intenzione/motivazione solo se supportata dalle evidenze; evitare di colmare lacune con conoscenza non presente nel video,"la risposta richiede almeno un passaggio inferenziale implicito su motivazione, intenzione, stato mentale, valutazione sociale, finalità procedurale o relazione causale non direttamente osservabile",two_intervals,2,implicita,moderata,"[""causale"", ""temporale""]",80,60,40,50,parziale,"[""Identificazione della ragazza e dell'amico come entità principali."", ""Conversazioni tra la ragazza e l'amico in diversi segmenti.""]","[""Reazione di impressione dell'amico."", ""Causa o antecedente specifico che porta la ragazza a pensare che l'amico sia impressionato."", 'Dettagli sul contesto che potrebbero spiegare la reazione di impressione.']","Il modello ha identificato correttamente le entità principali e le conversazioni tra la ragazza e l'amico, ma manca l'elemento chiave della reazione di impressione dell'amico e il contesto che spiegherebbe tale reazione. Senza queste informazioni, l'inferenza richiesta dalla domanda non può essere completata."
gemma-4-12B,video080,1,Dov'è il libro preferito di 'Ele'?,spaziale,S0,S0,0,libro preferito di Ele,localizzazione del libro preferito di Ele,identificare il referente target; recuperare una singola evidenza spaziale direttamente osservabile; restituire la localizzazione senza confronto tra fasi,recupero spaziale diretto da una singola evidenza stabile; nessun confronto temporale o ricostruzione di stato,single_frame,1,esplicita,nessuna,"[""spaziale""]",0,0,0,0,insufficiente,[],"['Identificazione del libro preferito di Ele', 'Localizzazione del libro preferito di Ele', 'Evidenza spaziale diretta del libro preferito di Ele']","La rappresentazione del modello non include alcuna informazione riguardante il libro preferito di Ele, né la sua localizzazione. Non ci sono riferimenti a libri specifici o alla loro posizione, rendendo impossibile rispondere alla domanda."
gemma-4-12B,video080,2,La ragazza con la felpa rosa dice a un'altra di sorridere prima o dopo aver finito di girare il video?,temporale,T1,T1,1,ragazza con la felpa rosa; altra ragazza; video,evento A: la ragazza chiede all'altra di sorridere; evento B: termina la registrazione del video,"riconoscere i due eventi oppure l'evento e l'ancora temporale; localizzarli nella sequenza; determinare la relazione prima/dopo, primo/secondo, corrente/precedente o il momento richiesto",localizzazione rispetto a un'ancora temporale esplicita oppure ordinamento pairwise tra due eventi/stati direttamente identificabili,two_intervals,2,esplicita,alta,"[""temporale""]",50,30,20,30,insufficiente,"['ragazza con felpa rosa identificata', 'presenza di conversazioni e scatti di foto/selfie']","['evento specifico in cui la ragazza con la felpa rosa chiede di sorridere', 'momento in cui termina la registrazione del video', 'relazione temporale tra richiesta di sorridere e fine registrazione']","La rappresentazione del modello identifica la ragazza con la felpa rosa e la presenza di conversazioni e scatti di foto/selfie, ma manca l'evento specifico in cui la ragazza chiede di sorridere e il momento in cui termina la registrazione del video. Inoltre, non è possibile determinare la relazione temporale tra questi eventi. Pertanto, la comprensione è insufficiente per rispondere alla domanda."
gemma-4-12B,video080,3,Perché le ragazze mandano un video a 'Ele'?,causale,C2,C2|T1,2,ragazze; Ele; video,effetto da spiegare: le ragazze mandano un video a Ele; causa/antecedente: da identificare nell'evidenza disponibile,riconoscere l'effetto o comportamento da spiegare; recuperare il contesto pertinente; inferire la causa/intenzione/motivazione solo se supportata dalle evidenze; evitare di colmare lacune con conoscenza non presente nel video,"la risposta richiede almeno un passaggio inferenziale implicito su motivazione, intenzione, stato mentale, valutazione sociale, finalità procedurale o relazione causale non direttamente osservabile",two_intervals,2,implicita,moderata,"[""causale"", ""temporale""]",50,60,30,40,parziale,"['Presenza di ragazze che scattano foto e selfie in gruppo.', 'Uso di smartphone per scattare foto e guardare immagini.']","[""Identificazione di 'Ele' come destinatario del video."", ""Motivazione o causa per cui le ragazze mandano il video a 'Ele'."", ""Contesto specifico che spiega l'invio del video a 'Ele'."", ""Intenzione o stato mentale delle ragazze riguardo l'invio del video.""]","Il modello ha identificato le ragazze e le loro azioni di scattare foto e selfie, ma manca l'identificazione di 'Ele' e la motivazione per cui il video viene inviato a 'Ele'. Senza queste informazioni, l'inferenza richiesta dalla domanda non può essere completata."
gemma-4-12B,video081,1,Dov'è il biscotto quando la ragazza con la felpa nera corregge l'esercizio?,spaziale,S1,S1|T0,1,biscotto; ragazza con la felpa nera; esercizio o quaderno; luogo in cui si trova il biscotto,evento contestuale: la ragazza corregge l'esercizio; localizzazione del biscotto in quel momento,"riconoscere l'evento o la relazione spaziale pertinente; allineare il referente all'intervallo locale; recuperare origine, destinazione, direzione, supporto o posizione richiesta",una relazione spaziale esplicita o una localizzazione condizionata da un singolo evento osservabile nello stesso intervallo locale,local_interval,2,esplicita,moderata,"[""spaziale"", ""temporale""]",0,0,0,0,insufficiente,[],"['Biscotto', ""Evento di correzione dell'esercizio da parte della ragazza con la felpa nera"", ""Localizzazione del biscotto durante l'evento di correzione""]","La rappresentazione del modello non include alcuna informazione riguardante il biscotto o l'evento specifico in cui la ragazza con la felpa nera corregge l'esercizio. Senza questi elementi, non è possibile determinare la posizione del biscotto durante l'evento richiesto dalla domanda."
gemma-4-12B,video081,2,La ragazza con la felpa nera prende il quaderno dell'altra prima o dopo aver confrontato con lei il risultato?,temporale,T1,T1,1,ragazza con la felpa nera; altra ragazza; quaderno; risultato,evento A: la ragazza prende il quaderno dell'altra; evento B: le due confrontano il risultato,"riconoscere i due eventi oppure l'evento e l'ancora temporale; localizzarli nella sequenza; determinare la relazione prima/dopo, primo/secondo, corrente/precedente o il momento richiesto",localizzazione rispetto a un'ancora temporale esplicita oppure ordinamento pairwise tra due eventi/stati direttamente identificabili,two_intervals,2,esplicita,alta,"[""temporale""]",0,0,0,0,insufficiente,[],"[""Identificazione della ragazza con la felpa nera che prende il quaderno dell'altra."", ""Identificazione dell'evento di confronto del risultato tra le due ragazze."", 'Relazione temporale tra il prendere il quaderno e il confronto del risultato.']","La rappresentazione del modello non include alcuna evidenza degli eventi specifici richiesti dalla domanda: la ragazza con la felpa nera che prende il quaderno e il confronto del risultato tra le due ragazze. Inoltre, manca completamente la relazione temporale tra questi eventi. Pertanto, la comprensione è insufficiente."
gemma-4-12B,video081,3,Perché la ragazza con la canottiera verde è sorpresa di sentire che il risultato è '-4'?,causale,C2,C2|T1,2,ragazza con la canottiera verde; risultato «-4»; esercizio; altra ragazza,effetto da spiegare: la ragazza è sorpresa dal risultato -4; causa/antecedente: da identificare nell'evidenza disponibile,riconoscere l'effetto o comportamento da spiegare; recuperare il contesto pertinente; inferire la causa/intenzione/motivazione solo se supportata dalle evidenze; evitare di colmare lacune con conoscenza non presente nel video,"la risposta richiede almeno un passaggio inferenziale implicito su motivazione, intenzione, stato mentale, valutazione sociale, finalità procedurale o relazione causale non direttamente osservabile",two_intervals,2,implicita,moderata,"[""causale"", ""temporale""]",50,30,20,30,parziale,"['ragazza con la canottiera verde identificata', 'presenza di un contesto di studio in biblioteca', 'interazione tra due ragazze']","[""risultato '-4' non menzionato"", 'sorpresa della ragazza non osservata', 'causa della sorpresa non identificata']","La rappresentazione del modello identifica correttamente la ragazza con la canottiera verde e il contesto di studio, ma manca completamente il riferimento al risultato '-4' e alla reazione di sorpresa della ragazza. Senza queste informazioni, non è possibile inferire la causa della sorpresa. La comprensione è quindi limitata al riconoscimento del contesto e delle entità, ma manca un elemento decisivo per affrontare la domanda."
gemma-4-12B,video082,1,Dove indica l'uomo senza un braccio quando chiede aiuto?,spaziale,S1,S1|T0,1,uomo senza un braccio; luogo o oggetto indicato; persona a cui chiede aiuto,evento contestuale: l'uomo chiede aiuto; localizzazione della direzione indicata,"riconoscere l'evento o la relazione spaziale pertinente; allineare il referente all'intervallo locale; recuperare origine, destinazione, direzione, supporto o posizione richiesta",una relazione spaziale esplicita o una localizzazione condizionata da un singolo evento osservabile nello stesso intervallo locale,local_interval,2,parzialmente implicita,moderata,"[""spaziale"", ""temporale""]",0,0,0,0,insufficiente,[],"['uomo senza un braccio', 'luogo o oggetto indicato', 'persona a cui chiede aiuto', ""evento in cui l'uomo chiede aiuto"", ""direzione indicata dall'uomo""]","La rappresentazione del modello non include alcuna informazione riguardante un uomo senza un braccio, né eventi o azioni che coinvolgano una richiesta di aiuto o un'indicazione di direzione. Mancano completamente le entità e gli eventi necessari per rispondere alla domanda, rendendo impossibile qualsiasi inferenza utile."
gemma-4-12B,video082,2,Il signore con la maglietta nera chiede all'uomo con la camicia a quadri informazioni sul suo braccio prima o dopo avergli allacciato la scarpa?,temporale,T1,T1,1,signore con la maglietta nera; uomo con la camicia a quadri; braccio; scarpa,evento A: il signore chiede informazioni sul braccio; evento B: gli allaccia la scarpa,"riconoscere i due eventi oppure l'evento e l'ancora temporale; localizzarli nella sequenza; determinare la relazione prima/dopo, primo/secondo, corrente/precedente o il momento richiesto",localizzazione rispetto a un'ancora temporale esplicita oppure ordinamento pairwise tra due eventi/stati direttamente identificabili,two_intervals,2,esplicita,alta,"[""temporale""]",100,50,30,40,parziale,"['signore con la maglietta nera', 'uomo con la camicia a quadri', 'scarpa', 'conversazione tra due uomini', 'allacciarsi le scarpe']","['evento in cui il signore chiede informazioni sul braccio', 'relazione temporale tra chiedere informazioni sul braccio e allacciare la scarpa']","Il modello ha identificato correttamente le entità coinvolte, come il signore con la maglietta nera e l'uomo con la camicia a quadri, e l'evento di allacciarsi le scarpe. Tuttavia, manca l'identificazione dell'evento in cui il signore chiede informazioni sul braccio e la relazione temporale tra questo evento e l'allacciarsi le scarpe. Senza queste informazioni, l'inferenza richiesta non può essere completata."
gemma-4-12B,video082,3,Perché l'uomo con la camicia a quadri si fa allacciare la scarpa dal signore sulla panchina?,causale,C1,C1|T0,1,uomo con la camicia a quadri; signore sulla panchina; scarpa; braccio mancante,effetto da spiegare: l'uomo si fa allacciare la scarpa; causa/antecedente: da identificare nell'evidenza disponibile,riconoscere l'effetto; individuare un antecedente o stato direttamente osservabile/esplicitamente disponibile; verificare il nesso causale senza attribuire intenzioni o motivazioni non supportate,"nesso causa-effetto fisico, sistemico o comportamentale direttamente osservabile nello stesso intervallo locale",local_interval,1,esplicita,moderata,"[""causale"", ""temporale""]",50,50,30,40,parziale,"['uomo con camicia a quadri identificato', 'signore sulla panchina identificato', 'scarpa identificata', 'azione di allacciarsi le scarpe osservata']","['braccio mancante non identificato', ""nesso causale tra l'uomo con la camicia a quadri e il signore sulla panchina non chiarito"", ""motivo per cui l'uomo si fa allacciare la scarpa non esplicitato""]","Il modello ha identificato le entità principali e l'azione di allacciarsi le scarpe, ma manca l'identificazione del braccio mancante e il nesso causale che spiegherebbe perché l'uomo con la camicia a quadri si fa allacciare la scarpa. Senza queste informazioni, la comprensione è limitata."
gemma-4-12B,video083,1,Dove porta la mamma il piatto?,spaziale,S1,S1|T0,1,mamma; piatto; luogo o persona verso cui lo porta,evento: la mamma porta il piatto; localizzazione della destinazione,"riconoscere l'evento o la relazione spaziale pertinente; allineare il referente all'intervallo locale; recuperare origine, destinazione, direzione, supporto o posizione richiesta",una relazione spaziale esplicita o una localizzazione condizionata da un singolo evento osservabile nello stesso intervallo locale,local_interval,1,esplicita,moderata,"[""spaziale"", ""temporale""]",0,0,0,0,insufficiente,[],"['Identificazione della mamma come entità.', 'Identificazione del piatto come entità.', ""Descrizione dell'evento in cui la mamma porta il piatto."", 'Localizzazione della destinazione del piatto.']","La rappresentazione del modello non include alcuna informazione riguardante l'evento in cui la mamma porta il piatto, né identifica la mamma o il piatto come entità. Non ci sono dettagli sulla destinazione del piatto o sulla relazione spaziale richiesta dalla domanda. Pertanto, nessun requisito necessario per rispondere alla domanda è stato recuperato."
gemma-4-12B,video083,2,Vanessa piange prima o dopo che la mamma le dia la panna?,temporale,T1,T1,1,Vanessa; mamma; panna,evento A: Vanessa piange; evento B: la mamma le dà la panna,"riconoscere i due eventi oppure l'evento e l'ancora temporale; localizzarli nella sequenza; determinare la relazione prima/dopo, primo/secondo, corrente/precedente o il momento richiesto",localizzazione rispetto a un'ancora temporale esplicita oppure ordinamento pairwise tra due eventi/stati direttamente identificabili,two_intervals,2,esplicita,alta,"[""temporale""]",0,0,0,0,insufficiente,[],"['Vanessa', 'mamma', 'panna', 'evento A: Vanessa piange', 'evento B: la mamma le dà la panna', 'relazione temporale tra pianto di Vanessa e ricezione della panna']","La rappresentazione del modello non include alcuna informazione su Vanessa, la mamma o la panna, né sugli eventi specifici del pianto di Vanessa o della mamma che le dà la panna. Mancano completamente le entità e gli eventi richiesti, rendendo impossibile determinare la relazione temporale tra di essi."
gemma-4-12B,video083,3,Perché Vanessa è sorpresa?,causale,C2,C2|T1,2,Vanessa; panna o piatto; mamma,effetto da spiegare: Vanessa è sorpresa; causa/antecedente: da identificare nell'evidenza disponibile,riconoscere l'effetto o comportamento da spiegare; recuperare il contesto pertinente; inferire la causa/intenzione/motivazione solo se supportata dalle evidenze; evitare di colmare lacune con conoscenza non presente nel video,"la risposta richiede almeno un passaggio inferenziale implicito su motivazione, intenzione, stato mentale, valutazione sociale, finalità procedurale o relazione causale non direttamente osservabile",two_intervals,2,implicita,moderata,"[""causale"", ""temporale""]",50,60,40,45,parziale,"['Vanessa è identificata come una ragazza con schiuma sul viso.', 'La schiuma è stata applicata su un piatto e poi usata per giocare.']","['Non è chiaro il motivo specifico per cui Vanessa è sorpresa.', 'Non è identificata una reazione di sorpresa di Vanessa.', 'Non è chiaro il ruolo della mamma nel contesto della sorpresa.']","La rappresentazione del modello identifica alcune entità e azioni rilevanti, come Vanessa e la schiuma, ma manca di dettagli cruciali per spiegare perché Vanessa sia sorpresa. Non è chiaro il contesto completo della sorpresa, né il ruolo della mamma, che sono necessari per una comprensione completa della domanda."
gemma-4-12B,video084,1,Dove mette la bambina con la maglia grigia ciò che le dà la bambina con la maglia rosa?,spaziale,S1,S1|T0,1,bambina con la maglia grigia; bambina con la maglia rosa,evento: la bambina grigia riceve e mette l'oggetto; localizzazione della destinazione,"riconoscere l'evento o la relazione spaziale pertinente; allineare il referente all'intervallo locale; recuperare origine, destinazione, direzione, supporto o posizione richiesta",una relazione spaziale esplicita o una localizzazione condizionata da un singolo evento osservabile nello stesso intervallo locale,local_interval,1,parzialmente implicita,moderata,"[""spaziale"", ""temporale""]",80,50,40,45,parziale,"['Identificazione della bambina con la maglia grigia e la bambina con la maglia rosa.', 'La bambina con la maglia rosa versa un liquido nella tazza tenuta dalla bambina con la maglia grigia.']","[""Non è chiaro dove la bambina con la maglia grigia metta l'oggetto ricevuto."", ""Non è esplicitato l'evento di ricezione e posizionamento dell'oggetto da parte della bambina con la maglia grigia.""]","Il modello ha identificato correttamente le entità principali e l'azione iniziale di versare il liquido, ma manca l'informazione cruciale su dove la bambina con la maglia grigia metta l'oggetto ricevuto. Senza questa informazione, l'inferenza richiesta dalla domanda non può essere completata."
gemma-4-12B,video084,2,La bambina con la maglia grigia urla prima o dopo che quella con la maglia rosa inizi a correre?,temporale,T1,T1,1,bambina con la maglia grigia; bambina con la maglia rosa,evento A: la bambina con la maglia grigia urla; evento B: la bambina con la maglia rosa inizia a correre,"riconoscere i due eventi oppure l'evento e l'ancora temporale; localizzarli nella sequenza; determinare la relazione prima/dopo, primo/secondo, corrente/precedente o il momento richiesto",localizzazione rispetto a un'ancora temporale esplicita oppure ordinamento pairwise tra due eventi/stati direttamente identificabili,two_intervals,2,esplicita,alta,"[""temporale""]",0,0,0,0,insufficiente,[],"['Identificazione della bambina con la maglia grigia che urla.', 'Identificazione della bambina con la maglia rosa che inizia a correre.', ""Relazione temporale tra l'urlo e l'inizio della corsa.""]","La rappresentazione del modello non include alcuna informazione sugli eventi specifici richiesti dalla domanda: l'urlo della bambina con la maglia grigia e l'inizio della corsa della bambina con la maglia rosa. Senza questi eventi, non è possibile determinare la relazione temporale richiesta. Pertanto, la comprensione è insufficiente."
gemma-4-12B,video084,3,Cosa ha causato il dolore della bambina con la maglia grigia?,causale,C1,C1|T1,1,bambina con la maglia grigia; parte del corpo dolorante; oggetto o azione che provoca il dolore,effetto da spiegare: la bambina prova dolore; causa/antecedente: da identificare nell'evidenza disponibile,riconoscere l'effetto; individuare un antecedente o stato direttamente osservabile/esplicitamente disponibile; verificare il nesso causale senza attribuire intenzioni o motivazioni non supportate,"collegamento causale diretto tra un antecedente esplicito e una conseguenza esplicita, con al massimo due unità di evidenza",two_intervals,2,parzialmente implicita,moderata,"[""causale"", ""temporale""]",50,30,20,30,insufficiente,"[""bambina con la maglia grigia identificata come 'ragazza' con maglietta grigia"", 'azioni di piegamento e interazione con oggetto blu']","['parte del corpo dolorante della bambina', 'oggetto o azione specifica che provoca il dolore', 'evento specifico in cui la bambina prova dolore', ""nesso causale tra un'azione o oggetto e il dolore della bambina""]","La rappresentazione del modello identifica la bambina con la maglia grigia e alcune sue azioni, ma manca completamente l'identificazione di un evento di dolore e la causa specifica di tale dolore. Non è presente un nesso causale tra un'azione o un oggetto e il dolore della bambina, rendendo impossibile rispondere alla domanda."
gemma-4-12B,video085,1,Dove stanno giocando le bambine?,spaziale,S0,S0,0,bambine; luogo o area di gioco; piscina o gonfiabile,evento: le bambine giocano; localizzazione del luogo,identificare il referente target; recuperare una singola evidenza spaziale direttamente osservabile; restituire la localizzazione senza confronto tra fasi,recupero spaziale diretto da una singola evidenza stabile; nessun confronto temporale o ricostruzione di stato,single_frame,1,esplicita,nessuna,"[""spaziale""]",100,100,100,100,completa,"[""Bambine identificate nei segmenti come 'bambina' o 'ragazza'."", ""Luogo di gioco identificato come 'piscina'."", 'Eventi di gioco in piscina osservati in più segmenti.']",[],"Tutti i requisiti della domanda sono stati completamente recuperati. Le entità richieste, come le bambine e la piscina, sono chiaramente identificate. Gli eventi di gioco in piscina sono osservati in diversi segmenti, confermando che le bambine stanno giocando in piscina. L'inferenza richiesta è diretta e supportata da evidenze esplicite nei segmenti analizzati."
gemma-4-12B,video085,2,La bambina con i braccioli cade in acqua prima o dopo che la donna l'aiuti?,temporale,T1,T1,1,bambina con i braccioli; donna; acqua; aiuto,evento A: la bambina cade in acqua; evento B: la donna la aiuta,"riconoscere i due eventi oppure l'evento e l'ancora temporale; localizzarli nella sequenza; determinare la relazione prima/dopo, primo/secondo, corrente/precedente o il momento richiesto",localizzazione rispetto a un'ancora temporale esplicita oppure ordinamento pairwise tra due eventi/stati direttamente identificabili,two_intervals,2,esplicita,alta,"[""temporale""]",0,0,0,0,insufficiente,[],"['Bambina con i braccioli', 'Donna che aiuta', 'Evento della caduta in acqua', ""Evento dell'aiuto della donna"", 'Relazione temporale tra caduta e aiuto']","La rappresentazione del modello non include alcuna informazione sugli eventi specifici richiesti dalla domanda, come la caduta della bambina in acqua o l'aiuto della donna. Inoltre, non ci sono elementi che permettano di stabilire una relazione temporale tra questi eventi. Pertanto, la comprensione è insufficiente."
gemma-4-12B,video085,3,Perché la bambina con i braccioli non riesce a salire sul gonfiabile?,causale,C1,C1|T0,1,bambina con i braccioli; gonfiabile; acqua,effetto da spiegare: la bambina non riesce a salire sul gonfiabile; causa/antecedente: da identificare nell'evidenza disponibile,riconoscere l'effetto; individuare un antecedente o stato direttamente osservabile/esplicitamente disponibile; verificare il nesso causale senza attribuire intenzioni o motivazioni non supportate,"nesso causa-effetto fisico, sistemico o comportamentale direttamente osservabile nello stesso intervallo locale",local_interval,1,esplicita,moderata,"[""causale"", ""temporale""]",50,30,20,30,parziale,"['bambina con i braccioli identificata', 'presenza di un gonfiabile', 'bambina in piscina con braccioli e salvagente']","['bambina non riesce a salire sul gonfiabile', 'causa specifica per cui la bambina non riesce a salire', 'nesso causale tra braccioli e difficoltà a salire']","Il modello ha identificato la bambina con i braccioli e la presenza di un gonfiabile, ma non ha recuperato l'evento specifico della bambina che non riesce a salire sul gonfiabile. Inoltre, manca l'identificazione di una causa specifica e del nesso causale richiesto dalla domanda. La comprensione è quindi parziale, con elementi fondamentali mancanti per rispondere alla domanda."
gemma-4-12B,video086,1,Dove è inciampata la bambina?,spaziale,S1,S1|T0,1,bambina; punto o oggetto su cui inciampa,evento: la bambina inciampa; localizzazione del punto,"riconoscere l'evento o la relazione spaziale pertinente; allineare il referente all'intervallo locale; recuperare origine, destinazione, direzione, supporto o posizione richiesta",una relazione spaziale esplicita o una localizzazione condizionata da un singolo evento osservabile nello stesso intervallo locale,local_interval,1,esplicita,moderata,"[""spaziale"", ""temporale""]",50,0,0,10,insufficiente,"['Presenza della bambina in vari segmenti', 'Presenza di oggetti come gonfiabile, piscina, scivolo']","['Evento specifico in cui la bambina inciampa', 'Localizzazione del punto o oggetto su cui inciampa', ""Relazione spaziale esplicita o localizzazione condizionata dall'evento di inciampo""]","La rappresentazione del modello non include l'evento specifico in cui la bambina inciampa, né identifica il punto o l'oggetto su cui inciampa. Mancano quindi le informazioni cruciali per rispondere alla domanda, rendendo la comprensione insufficiente."
gemma-4-12B,video086,2,La bambina con i braccioli cade prima o dopo che la sorella esca dalla piscina?,temporale,T1,T1,1,bambina con i braccioli; sorella; piscina,evento A: la bambina cade; evento B: la sorella esce dalla piscina,"riconoscere i due eventi oppure l'evento e l'ancora temporale; localizzarli nella sequenza; determinare la relazione prima/dopo, primo/secondo, corrente/precedente o il momento richiesto",localizzazione rispetto a un'ancora temporale esplicita oppure ordinamento pairwise tra due eventi/stati direttamente identificabili,two_intervals,2,esplicita,alta,"[""temporale""]",50,30,20,25,insufficiente,"['Presenza di una bambina in piscina (segment_0000)', 'Presenza di una ragazza che si asciuga (segment_0001)']","['Evento specifico della bambina con i braccioli che cade', 'Evento specifico della sorella che esce dalla piscina', ""Relazione temporale tra la caduta della bambina e l'uscita della sorella""]","La rappresentazione del modello identifica alcune entità come la bambina e la piscina, ma non riesce a identificare chiaramente gli eventi specifici richiesti dalla domanda, come la caduta della bambina con i braccioli e l'uscita della sorella dalla piscina. Inoltre, manca la relazione temporale tra questi eventi, rendendo impossibile determinare se la caduta avviene prima o dopo l'uscita della sorella. Pertanto, la comprensione complessiva è insufficiente."
gemma-4-12B,video086,3,Perché la bambina in piscina deve aiutare la sorella?,causale,C1,C1|T1,1,bambina in piscina; sorella,effetto da spiegare: la bambina deve aiutare la sorella; causa/antecedente: da identificare nell'evidenza disponibile,riconoscere l'effetto; individuare un antecedente o stato direttamente osservabile/esplicitamente disponibile; verificare il nesso causale senza attribuire intenzioni o motivazioni non supportate,"collegamento causale diretto tra un antecedente esplicito e una conseguenza esplicita, con al massimo due unità di evidenza",two_intervals,2,parzialmente implicita,moderata,"[""causale"", ""temporale""]",50,30,20,25,insufficiente,"['bambina in piscina', 'interazione fisica tra due persone']","['sorella della bambina', 'motivo per cui la bambina deve aiutare la sorella', 'collegamento causale tra un evento e la necessità di aiuto']","La rappresentazione del modello identifica la presenza di una bambina in piscina e un'interazione fisica tra due persone, ma non riesce a identificare la sorella della bambina né a fornire un motivo o un evento che giustifichi la necessità di aiuto. Mancano quindi elementi chiave per stabilire un nesso causale tra un evento e la necessità di aiuto, rendendo la comprensione insufficiente."
gemma-4-12B,video087,1,Dove mette il dito la bambina davanti allo specchio?,spaziale,S1,S1|T0,1,bambina davanti allo specchio; dito; bocca o dente; specchio,evento: la bambina mette il dito in una posizione; localizzazione della parte del corpo,"riconoscere l'evento o la relazione spaziale pertinente; allineare il referente all'intervallo locale; recuperare origine, destinazione, direzione, supporto o posizione richiesta",una relazione spaziale esplicita o una localizzazione condizionata da un singolo evento osservabile nello stesso intervallo locale,local_interval,1,esplicita,moderata,"[""spaziale"", ""temporale""]",100,100,100,100,completa,"['Bambina davanti allo specchio identificata nel segmento 0000.', 'Dito della bambina messo sulle labbra nel segmento 0000.', 'Specchio identificato con cornice dorata nel segmento 0000.', 'Evento della bambina che mette il dito sulle labbra osservato nel segmento 0000.']",[],"Tutti i requisiti della domanda sono stati completamente recuperati. Le entità richieste, come la bambina, il dito e lo specchio, sono chiaramente identificate. L'evento specifico della bambina che mette il dito sulle labbra è stato osservato e descritto con precisione. La relazione spaziale tra la bambina e lo specchio è stata chiaramente stabilita. Non ci sono lacune o incertezze nella rappresentazione del modello."
gemma-4-12B,video087,2,La donna prova a togliere il dente alla bambina prima o dopo aver detto che ne sono già caduti altri?,temporale,T1,T1,1,donna; bambina; dente; denti già caduti,evento A: la donna prova a togliere il dente; evento B: dice che altri denti sono già caduti,"riconoscere i due eventi oppure l'evento e l'ancora temporale; localizzarli nella sequenza; determinare la relazione prima/dopo, primo/secondo, corrente/precedente o il momento richiesto",localizzazione rispetto a un'ancora temporale esplicita oppure ordinamento pairwise tra due eventi/stati direttamente identificabili,two_intervals,2,esplicita,alta,"[""temporale""]",0,0,0,0,insufficiente,[],"['Presenza della donna', 'Tentativo della donna di togliere il dente', 'Dichiarazione della donna sui denti già caduti', 'Relazione temporale tra i due eventi']","La rappresentazione del modello non include alcuna informazione riguardante la donna, il tentativo di togliere il dente o la dichiarazione sui denti già caduti. Mancano completamente gli eventi richiesti e la relazione temporale tra di essi, rendendo impossibile affrontare la domanda."
gemma-4-12B,video087,3,Perché la bambina sta soffrendo?,causale,C1,C1|T0,1,bambina; dente; donna,effetto da spiegare: la bambina soffre; causa/antecedente: da identificare nell'evidenza disponibile,riconoscere l'effetto; individuare un antecedente o stato direttamente osservabile/esplicitamente disponibile; verificare il nesso causale senza attribuire intenzioni o motivazioni non supportate,"nesso causa-effetto fisico, sistemico o comportamentale direttamente osservabile nello stesso intervallo locale",local_interval,1,esplicita,moderata,"[""causale"", ""temporale""]",0,0,0,0,insufficiente,[],"['La bambina soffre', 'Causa della sofferenza della bambina', 'Presenza di un dente o dolore associato', 'Interazione con una donna che potrebbe spiegare la sofferenza']","L'analisi del modello non recupera alcuna evidenza di sofferenza della bambina, né identifica una causa o un evento che possa spiegare tale sofferenza. Mancano completamente le entità e gli eventi richiesti per stabilire un nesso causale tra una possibile causa e l'effetto della sofferenza. Pertanto, la rappresentazione è insufficiente per affrontare la domanda."
gemma-4-12B,video088,1,Dove va tenuto il foglio per fargli produrre il rumore?,spaziale,S1,S1|T0,1,foglio; punto o posizione in cui va tenuto,evento: il foglio viene tenuto per produrre un rumore; localizzazione della posizione corretta,"riconoscere l'evento o la relazione spaziale pertinente; allineare il referente all'intervallo locale; recuperare origine, destinazione, direzione, supporto o posizione richiesta",una relazione spaziale esplicita o una localizzazione condizionata da un singolo evento osservabile nello stesso intervallo locale,local_interval,1,esplicita,moderata,"[""spaziale"", ""temporale""]",50,50,30,40,parziale,"['foglio di carta tenuto dalla bambina', 'bambina muove il foglio di carta']","['posizione specifica in cui il foglio deve essere tenuto per produrre rumore', 'evento specifico di produzione del rumore']","Il modello ha identificato il foglio di carta e l'azione di tenerlo e muoverlo, ma manca l'informazione chiave sulla posizione specifica necessaria per produrre il rumore. Inoltre, non è stato osservato un evento esplicito di produzione del rumore. L'inferenza sulla relazione spaziale richiesta per rispondere alla domanda è quindi incompleta."
gemma-4-12B,video088,2,Il foglio di carta fa rumore prima o dopo essere stato piegato?,temporale,T1,T1,1,foglio di carta; rumore,evento A: il foglio produce rumore; evento B: il foglio viene piegato,"riconoscere i due eventi oppure l'evento e l'ancora temporale; localizzarli nella sequenza; determinare la relazione prima/dopo, primo/secondo, corrente/precedente o il momento richiesto",localizzazione rispetto a un'ancora temporale esplicita oppure ordinamento pairwise tra due eventi/stati direttamente identificabili,two_intervals,2,esplicita,alta,"[""temporale""]",0,50,0,20,insufficiente,['Evento B: il foglio viene piegato (segment_0009)'],"['Evento A: il foglio produce rumore', 'Relazione temporale tra il rumore e il piegamento del foglio']","Il modello ha identificato l'evento del foglio che viene piegato, ma manca completamente l'evento del foglio che produce rumore. Senza la presenza di entrambi gli eventi, non è possibile determinare la relazione temporale richiesta dalla domanda. Pertanto, la comprensione è insufficiente."
gemma-4-12B,video088,3,Perché si sente un botto?,causale,C1,C1|T0,1,foglio; botto; configurazione del foglio,effetto da spiegare: si sente un botto; causa/antecedente: da identificare nell'evidenza disponibile,riconoscere l'effetto; individuare un antecedente o stato direttamente osservabile/esplicitamente disponibile; verificare il nesso causale senza attribuire intenzioni o motivazioni non supportate,"nesso causa-effetto fisico, sistemico o comportamentale direttamente osservabile nello stesso intervallo locale",local_interval,1,esplicita,moderata,"[""causale"", ""temporale""]",50,30,20,25,insufficiente,"['foglio di carta', 'bambina', 'azioni di manipolazione del foglio']","['botto', 'configurazione del foglio che causa il botto', 'evento del botto', 'causa del botto']","La rappresentazione del modello include alcune entità come il foglio di carta e la bambina, ma manca completamente l'evento del botto e la sua causa. Non ci sono informazioni sul suono del botto né su una configurazione del foglio che potrebbe causarlo. L'inferenza causale richiesta non è supportata dai dati disponibili, rendendo la comprensione complessiva insufficiente."
gemma-4-12B,video089,1,Dove si trova la spigola?,spaziale,S0,S0,0,spigola; luogo o contenitore in cui si trova,localizzazione della spigola,identificare il referente target; recuperare una singola evidenza spaziale direttamente osservabile; restituire la localizzazione senza confronto tra fasi,recupero spaziale diretto da una singola evidenza stabile; nessun confronto temporale o ricostruzione di stato,single_frame,1,esplicita,nessuna,"[""spaziale""]",0,0,0,0,insufficiente,[],"['Identificazione della spigola', 'Localizzazione della spigola in un luogo o contenitore specifico']","Il modello non ha recuperato alcuna informazione riguardante la spigola o la sua localizzazione. Non ci sono riferimenti a una spigola o a un luogo specifico in cui si trova nel video analizzato. Pertanto, non è possibile rispondere alla domanda con le informazioni disponibili."
gemma-4-12B,video089,2,Il 'Collega Bonanno' mostra una spigola prima o dopo aver iniziato a urlare?,temporale,T1,T1,1,Collega Bonanno; spigola,evento A: Bonanno mostra una spigola; evento B: Bonanno inizia a urlare,"riconoscere i due eventi oppure l'evento e l'ancora temporale; localizzarli nella sequenza; determinare la relazione prima/dopo, primo/secondo, corrente/precedente o il momento richiesto",localizzazione rispetto a un'ancora temporale esplicita oppure ordinamento pairwise tra due eventi/stati direttamente identificabili,two_intervals,2,esplicita,alta,"[""temporale""]",0,50,0,20,insufficiente,"['Evento A: Bonanno mostra una spigola (segment_0004, segment_0006, segment_0007)']","[""Entità 'Collega Bonanno' non identificata"", 'Evento B: Bonanno inizia a urlare non identificato', 'Relazione temporale tra mostrare la spigola e urlare non determinata']","Il modello ha identificato l'evento in cui un politico mostra una spigola, ma non ha identificato l'entità 'Collega Bonanno' né l'evento in cui inizia a urlare. Senza questi elementi, non è possibile determinare la relazione temporale richiesta dalla domanda."
gemma-4-12B,video089,3,Perché il 'Collega Bonanno' viene espulso dall'aula?,causale,C1,C1|T1,1,Collega Bonanno; aula,effetto da spiegare: Bonanno viene espulso dall'aula; causa/antecedente: da identificare nell'evidenza disponibile,riconoscere l'effetto; individuare un antecedente o stato direttamente osservabile/esplicitamente disponibile; verificare il nesso causale senza attribuire intenzioni o motivazioni non supportate,"collegamento causale diretto tra un antecedente esplicito e una conseguenza esplicita, con al massimo due unità di evidenza",two_intervals,2,parzialmente implicita,moderata,"[""causale"", ""temporale""]",0,0,0,0,insufficiente,[],"[""Identificazione del 'Collega Bonanno'."", ""Evento di espulsione dall'aula."", ""Causa o antecedente dell'espulsione."", ""Nesso causale tra un'azione o evento e l'espulsione.""]","La rappresentazione del modello non include alcuna informazione riguardante il 'Collega Bonanno', l'evento di espulsione dall'aula o le cause che potrebbero aver portato a tale espulsione. Mancano completamente le entità e gli eventi necessari per rispondere alla domanda, così come l'inferenza causale richiesta. Pertanto, la comprensione è insufficiente."
gemma-4-12B,video090,1,Dove guarda l'uomo quando i musicisti gli chiedono il giorno?,spaziale,S1,S1|T0,1,uomo; musicisti; oggetto o direzione guardata; giorno richiesto,evento contestuale: i musicisti chiedono il giorno; localizzazione della direzione dello sguardo dell'uomo,"riconoscere l'evento o la relazione spaziale pertinente; allineare il referente all'intervallo locale; recuperare origine, destinazione, direzione, supporto o posizione richiesta",una relazione spaziale esplicita o una localizzazione condizionata da un singolo evento osservabile nello stesso intervallo locale,local_interval,2,esplicita,moderata,"[""spaziale"", ""temporale""]",0,0,0,0,insufficiente,[],"['uomo', 'musicisti', 'oggetto o direzione guardata', 'giorno richiesto', 'evento in cui i musicisti chiedono il giorno', ""localizzazione della direzione dello sguardo dell'uomo""]","La rappresentazione del modello non include alcuna informazione riguardante l'evento in cui i musicisti chiedono il giorno all'uomo, né la direzione dello sguardo dell'uomo in quel contesto. Mancano completamente le entità e gli eventi necessari per rispondere alla domanda, rendendo impossibile qualsiasi inferenza utile."
gemma-4-12B,video090,2,Il perito industriale Gudo Colsi arriva prima o dopo l'appuntamento stabilito?,temporale,T1,T1,1,perito industriale Guido Colsi; appuntamento; orario stabilito,evento target: arrivo del perito; riferimento temporale: orario dell'appuntamento,"riconoscere i due eventi oppure l'evento e l'ancora temporale; localizzarli nella sequenza; determinare la relazione prima/dopo, primo/secondo, corrente/precedente o il momento richiesto",localizzazione rispetto a un'ancora temporale esplicita oppure ordinamento pairwise tra due eventi/stati direttamente identificabili,two_intervals,2,parzialmente implicita,alta,"[""temporale""]",0,0,0,0,insufficiente,[],"['Identificazione del perito industriale Guido Colsi', ""Riconoscimento dell'appuntamento e del suo orario"", 'Evento di arrivo del perito', ""Riferimento temporale dell'appuntamento"", ""Relazione temporale tra arrivo e orario dell'appuntamento""]","La rappresentazione del modello non include alcuna informazione riguardante il perito industriale Guido Colsi, l'appuntamento o il suo orario. Non sono stati identificati eventi di arrivo o riferimenti temporali specifici che permettano di determinare se l'arrivo avviene prima o dopo l'appuntamento. Pertanto, nessuno dei requisiti necessari per rispondere alla domanda è stato recuperato."
gemma-4-12B,video090,3,Perché l'uomo in costume si è congelato?,causale,C1,C1|T0,1,uomo in costume,effetto da spiegare: l'uomo in costume si è congelato; causa/antecedente: da identificare nell'evidenza disponibile,riconoscere l'effetto; individuare un antecedente o stato direttamente osservabile/esplicitamente disponibile; verificare il nesso causale senza attribuire intenzioni o motivazioni non supportate,"nesso causa-effetto fisico, sistemico o comportamentale direttamente osservabile nello stesso intervallo locale",local_interval,1,esplicita,moderata,"[""causale"", ""temporale""]",80,20,10,25,insufficiente,"['uomo in costume identificato in vari segmenti', ""azioni dell'uomo in costume come camminare e guardare un oggetto""]","[""evento specifico in cui l'uomo in costume si congela"", 'causa o antecedente del congelamento', 'nesso causale tra un evento e il congelamento']","L'analisi del modello ha identificato l'uomo in costume e alcune delle sue azioni, ma non ha recuperato l'evento specifico del congelamento né ha identificato una causa o antecedente per tale evento. Mancano quindi elementi fondamentali per stabilire un nesso causale, rendendo la comprensione insufficiente per rispondere alla domanda."
gemma-4-12B,video091,1,Dove salgono i passeggeri?,spaziale,S1,S1|T0,1,passeggeri,evento: i passeggeri salgono su un mezzo; localizzazione del punto o mezzo,"riconoscere l'evento o la relazione spaziale pertinente; allineare il referente all'intervallo locale; recuperare origine, destinazione, direzione, supporto o posizione richiesta",una relazione spaziale esplicita o una localizzazione condizionata da un singolo evento osservabile nello stesso intervallo locale,local_interval,1,esplicita,moderata,"[""spaziale"", ""temporale""]",0,0,0,0,insufficiente,[],"['Evento di salita dei passeggeri su un mezzo', 'Localizzazione del punto o mezzo su cui i passeggeri salgono', ""Relazione spaziale pertinente all'evento di salita""]","L'analisi del modello non ha recuperato alcuna informazione riguardante l'evento di salita dei passeggeri su un mezzo, né ha identificato la localizzazione o la relazione spaziale necessaria per rispondere alla domanda. Gli eventi osservati riguardano principalmente la discesa o l'uscita da un aereo, ma non la salita. Pertanto, la rappresentazione è insufficiente per affrontare la domanda."
gemma-4-12B,video091,2,La donna urla agli uomini prima o dopo che inizino a correre?,temporale,T1,T1,1,donna; uomini,evento A: la donna urla agli uomini; evento B: gli uomini iniziano a correre,"riconoscere i due eventi oppure l'evento e l'ancora temporale; localizzarli nella sequenza; determinare la relazione prima/dopo, primo/secondo, corrente/precedente o il momento richiesto",localizzazione rispetto a un'ancora temporale esplicita oppure ordinamento pairwise tra due eventi/stati direttamente identificabili,two_intervals,2,esplicita,alta,"[""temporale""]",0,0,0,0,insufficiente,[],"['Identificazione della donna che urla.', 'Identificazione degli uomini che iniziano a correre.', 'Evento A: la donna urla agli uomini.', 'Evento B: gli uomini iniziano a correre.', ""Relazione temporale tra l'urlo della donna e l'inizio della corsa degli uomini.""]","Il modello non ha recuperato alcuna informazione rilevante per rispondere alla domanda. Non sono state identificate né la donna né gli uomini, né gli eventi specifici richiesti (urlo e corsa), né la relazione temporale tra di essi. Pertanto, la comprensione è insufficiente."
gemma-4-12B,video091,3,Cosa causa l'ira della donna?,causale,C2,C2|T1,2,donna; uomini; comportamento che provoca l'ira,effetto da spiegare: la donna si infuria; causa/antecedente: da identificare nell'evidenza disponibile,riconoscere l'effetto o comportamento da spiegare; recuperare il contesto pertinente; inferire la causa/intenzione/motivazione solo se supportata dalle evidenze; evitare di colmare lacune con conoscenza non presente nel video,"la risposta richiede almeno un passaggio inferenziale implicito su motivazione, intenzione, stato mentale, valutazione sociale, finalità procedurale o relazione causale non direttamente osservabile",two_intervals,2,implicita,moderata,"[""causale"", ""temporale""]",0,0,0,0,insufficiente,[],"['Identificazione della donna', 'Identificazione degli uomini', ""Comportamento che provoca l'ira della donna"", 'Evento in cui la donna si infuria', ""Causa o antecedente dell'ira della donna""]","La rappresentazione del modello non include alcuna informazione riguardante una donna, il suo stato d'ira, o il comportamento che potrebbe aver causato tale stato. Mancano completamente le entità e gli eventi necessari per rispondere alla domanda, e non ci sono elementi che permettano di inferire una relazione causale tra un comportamento e l'ira della donna. Pertanto, la comprensione è insufficiente."
gemma-4-12B,video092,1,Dove va l'uomo con i pantaloncini blu dopo che si è alzato?,spaziale,S2,S2|T1,2,uomo con i pantaloncini blu,evento contestuale: l'uomo si alza; localizzazione della destinazione successiva,identificare l'ancora temporale; recuperare lo stato spaziale nella fase richiesta; confrontare le fasi pertinenti senza introdurre cambiamenti non osservati,recupero spaziale condizionato da una fase precedente/successiva/iniziale o dal primo occorrere di un evento; richiede confronto tra almeno due stati temporali,two_intervals,2,esplicita,alta,"[""spaziale"", ""temporale""]",0,0,0,0,insufficiente,[],"[""Identificazione dell'uomo con i pantaloncini blu"", ""Evento in cui l'uomo si alza"", ""Destinazione successiva dell'uomo dopo essersi alzato""]","La rappresentazione del modello non include l'identificazione dell'uomo con i pantaloncini blu, né l'evento in cui si alza, né la sua destinazione successiva. Questi elementi sono fondamentali per rispondere alla domanda, quindi la comprensione è insufficiente."
gemma-4-12B,video092,2,La donna con la scopa si arrabbia prima o dopo essere caduta nel buco?,temporale,T1,T1,1,donna con la scopa; buco; caduta,evento A: la donna si arrabbia; evento B: la donna cade nel buco,"riconoscere i due eventi oppure l'evento e l'ancora temporale; localizzarli nella sequenza; determinare la relazione prima/dopo, primo/secondo, corrente/precedente o il momento richiesto",localizzazione rispetto a un'ancora temporale esplicita oppure ordinamento pairwise tra due eventi/stati direttamente identificabili,two_intervals,2,esplicita,alta,"[""temporale""]",0,0,0,0,insufficiente,[],"['donna con la scopa', 'buco', 'caduta della donna nel buco', 'evento di arrabbiatura della donna', 'relazione temporale tra arrabbiatura e caduta']","La rappresentazione del modello non include alcuna informazione riguardante la donna con la scopa, il buco, la caduta nel buco o l'arrabbiatura della donna. Non sono stati identificati né gli eventi richiesti né la relazione temporale tra di essi. Pertanto, la comprensione è insufficiente per affrontare la domanda."
gemma-4-12B,video092,3,Perché l'hostess si arrabbia?,causale,C2,C2|T1,2,hostess; buco o situazione problematica,effetto da spiegare: l'hostess si arrabbia; causa/antecedente: da identificare nell'evidenza disponibile,riconoscere l'effetto o comportamento da spiegare; recuperare il contesto pertinente; inferire la causa/intenzione/motivazione solo se supportata dalle evidenze; evitare di colmare lacune con conoscenza non presente nel video,"la risposta richiede almeno un passaggio inferenziale implicito su motivazione, intenzione, stato mentale, valutazione sociale, finalità procedurale o relazione causale non direttamente osservabile",two_intervals,2,implicita,moderata,"[""causale"", ""temporale""]",0,0,0,0,insufficiente,[],"[""Presenza dell'hostess"", ""Evento in cui l'hostess si arrabbia"", ""Causa o situazione problematica che provoca l'arrabbiatura dell'hostess""]","La rappresentazione del modello non include alcuna informazione sull'hostess o su un evento in cui si arrabbia. Non sono presenti neanche indizi su una situazione problematica che potrebbe causare tale reazione. Pertanto, non è possibile eseguire l'inferenza richiesta dalla domanda."
gemma-4-12B,video093,1,Dove indica la bambina con la maglietta gialla?,spaziale,S1,S1|T0,1,bambina con la maglietta gialla; oggetto o direzione indicata,evento: la bambina indica qualcosa; localizzazione del referente,"riconoscere l'evento o la relazione spaziale pertinente; allineare il referente all'intervallo locale; recuperare origine, destinazione, direzione, supporto o posizione richiesta",una relazione spaziale esplicita o una localizzazione condizionata da un singolo evento osservabile nello stesso intervallo locale,local_interval,1,parzialmente implicita,moderata,"[""spaziale"", ""temporale""]",0,0,0,0,insufficiente,[],"['Bambina con la maglietta gialla', 'Evento di indicazione da parte della bambina', 'Oggetto o direzione indicata dalla bambina']","La rappresentazione del modello non include alcuna informazione riguardante una bambina con una maglietta gialla che indica qualcosa. Non sono stati identificati né l'evento di indicazione né l'oggetto o la direzione indicata. Pertanto, non è possibile eseguire l'inferenza richiesta per rispondere alla domanda."
gemma-4-12B,video093,2,La bambina con la maglia gialla chiede alla mamma di comprare le patatine prima o dopo che la bambina con la coroncina salga sulla Ferrari?,temporale,T1,T1,1,bambina con la maglia gialla; mamma; patatine; bambina con la coroncina; Ferrari,evento A: la bambina chiede di comprare le patatine; evento B: l'altra bambina sale sulla Ferrari,"riconoscere i due eventi oppure l'evento e l'ancora temporale; localizzarli nella sequenza; determinare la relazione prima/dopo, primo/secondo, corrente/precedente o il momento richiesto",localizzazione rispetto a un'ancora temporale esplicita oppure ordinamento pairwise tra due eventi/stati direttamente identificabili,two_intervals,2,esplicita,alta,"[""temporale""]",0,0,0,0,insufficiente,[],"['bambina con la maglia gialla', 'mamma', 'patatine', 'bambina con la coroncina', 'Ferrari', 'evento A: la bambina chiede di comprare le patatine', ""evento B: l'altra bambina sale sulla Ferrari""]","Il modello non ha recuperato nessuna delle entità o degli eventi richiesti dalla domanda. Non ci sono riferimenti alla bambina con la maglia gialla, alla mamma, alle patatine, alla bambina con la coroncina o alla Ferrari. Inoltre, non sono stati identificati gli eventi specifici di richiesta di comprare le patatine o di salire sulla Ferrari. Di conseguenza, non è possibile eseguire l'inferenza temporale richiesta."
gemma-4-12B,video093,3,Perché la donna dice alla bambina di andare piano?,causale,C2,C2|T1,2,donna; bambina; Ferrari o movimento,effetto da spiegare: la donna dice alla bambina di andare piano; causa/antecedente: da identificare nell'evidenza disponibile,riconoscere l'effetto o comportamento da spiegare; recuperare il contesto pertinente; inferire la causa/intenzione/motivazione solo se supportata dalle evidenze; evitare di colmare lacune con conoscenza non presente nel video,"la risposta richiede almeno un passaggio inferenziale implicito su motivazione, intenzione, stato mentale, valutazione sociale, finalità procedurale o relazione causale non direttamente osservabile",two_intervals,2,implicita,moderata,"[""causale"", ""temporale""]",50,30,20,30,insufficiente,"[""bambina guida un'auto giocattolo Ferrari"", 'bambina sorride mentre guida', 'presenza di una persona a sinistra della bambina']","['donna che dice alla bambina di andare piano', 'motivo per cui la donna dice alla bambina di andare piano', 'contesto che giustifica la richiesta di andare piano']","La rappresentazione del modello include alcune entità come la bambina e l'auto giocattolo, ma manca completamente l'evento chiave in cui la donna dice alla bambina di andare piano. Senza questo evento, non è possibile inferire la motivazione o il contesto della richiesta. La comprensione complessiva è insufficiente perché manca un elemento decisivo per rispondere alla domanda."
gemma-4-12B,video094,1,Dove inciampa la donna col vestito verde?,spaziale,S1,S1|T0,1,donna col vestito verde; ostacolo o punto d'inciampo,evento: la donna inciampa; localizzazione del punto,"riconoscere l'evento o la relazione spaziale pertinente; allineare il referente all'intervallo locale; recuperare origine, destinazione, direzione, supporto o posizione richiesta",una relazione spaziale esplicita o una localizzazione condizionata da un singolo evento osservabile nello stesso intervallo locale,local_interval,1,esplicita,moderata,"[""spaziale"", ""temporale""]",0,0,0,0,insufficiente,[],"['Evento di inciampo della donna col vestito verde', 'Localizzazione del punto di inciampo', ""Ostacolo o punto d'inciampo specifico""]","L'analisi del modello non ha recuperato alcuna informazione riguardante l'evento di inciampo della donna col vestito verde, né ha identificato un ostacolo o un punto specifico dove l'inciampo potrebbe essere avvenuto. Senza queste informazioni, non è possibile rispondere alla domanda."
gemma-4-12B,video094,2,La folla ride prima o dopo che la donna urti l'uomo?,temporale,T1,T1,1,folla; donna col vestito verde; uomo urtato,evento A: la folla ride; evento B: la donna urta l'uomo,"riconoscere i due eventi oppure l'evento e l'ancora temporale; localizzarli nella sequenza; determinare la relazione prima/dopo, primo/secondo, corrente/precedente o il momento richiesto",localizzazione rispetto a un'ancora temporale esplicita oppure ordinamento pairwise tra due eventi/stati direttamente identificabili,two_intervals,2,esplicita,alta,"[""temporale""]",0,0,0,0,insufficiente,[],"['Identificazione della folla che ride', ""Identificazione dell'urto tra la donna e l'uomo"", ""Relazione temporale tra la risata della folla e l'urto""]","Il modello non ha recuperato alcuna informazione riguardante gli eventi specifici richiesti dalla domanda: la risata della folla e l'urto tra la donna e l'uomo. Senza questi eventi, non è possibile determinare la relazione temporale richiesta. Pertanto, la comprensione è insufficiente."
gemma-4-12B,video094,3,Perché la folla ride?,causale,C1,C1|T1,1,folla; donna; uomo,effetto da spiegare: la folla ride; causa/antecedente: da identificare nell'evidenza disponibile,riconoscere l'effetto; individuare un antecedente o stato direttamente osservabile/esplicitamente disponibile; verificare il nesso causale senza attribuire intenzioni o motivazioni non supportate,"collegamento causale diretto tra un antecedente esplicito e una conseguenza esplicita, con al massimo due unità di evidenza",two_intervals,2,parzialmente implicita,moderata,"[""causale"", ""temporale""]",80,60,40,50,parziale,"[""Presenza della folla, della donna e dell'uomo in uniforme."", ""La donna mostra sorpresa quando l'uomo in uniforme la afferra.""]","['Motivo per cui la folla ride.', ""Collegamento causale tra un'azione specifica e la risata della folla.""]","Il modello ha identificato correttamente le entità principali e alcuni eventi, come l'interazione tra l'uomo in uniforme e la donna. Tuttavia, manca l'identificazione di un evento o azione specifica che spieghi perché la folla ride, e non è stato stabilito un nesso causale chiaro tra le azioni osservate e la risata della folla. Pertanto, la comprensione è parziale."
gemma-4-12B,video095,1,Dov'era il professore prima di andare dal preside?,spaziale,S2,S2|T1,2,professore; preside o ufficio del preside,evento contestuale: il professore va dal preside; localizzazione precedente del professore,identificare l'ancora temporale; recuperare lo stato spaziale nella fase richiesta; confrontare le fasi pertinenti senza introdurre cambiamenti non osservati,recupero spaziale condizionato da una fase precedente/successiva/iniziale o dal primo occorrere di un evento; richiede confronto tra almeno due stati temporali,two_intervals,2,esplicita,alta,"[""spaziale"", ""temporale""]",50,40,30,35,parziale,"['Presenza di un insegnante (professore) in un contesto scolastico (segment_0000, segment_0003).', 'Presenza di un uomo in un contesto di ufficio (segment_0004, segment_0005).']","[""Identificazione chiara del preside o dell'ufficio del preside."", 'Evento specifico in cui il professore va dal preside.', 'Localizzazione precisa del professore prima di andare dal preside.']","Il modello ha identificato la presenza di un insegnante in un contesto scolastico e di un uomo in un contesto di ufficio, ma non ha fornito informazioni sufficienti per determinare dove si trovasse il professore prima di andare dal preside. Mancano dettagli cruciali come l'identificazione del preside o dell'ufficio del preside e l'evento specifico del professore che si reca dal preside. Pertanto, la comprensione è parziale."
gemma-4-12B,video095,2,Il professore va nell'ufficio del preside prima o dopo aver parlato con il bidello?,temporale,T1,T1,1,professore; ufficio del preside; bidello,evento A: il professore va nell'ufficio del preside; evento B: il professore parla con il bidello,"riconoscere i due eventi oppure l'evento e l'ancora temporale; localizzarli nella sequenza; determinare la relazione prima/dopo, primo/secondo, corrente/precedente o il momento richiesto",localizzazione rispetto a un'ancora temporale esplicita oppure ordinamento pairwise tra due eventi/stati direttamente identificabili,two_intervals,2,esplicita,alta,"[""temporale""]",0,0,0,0,insufficiente,[],"['Identificazione del professore', ""Identificazione dell'ufficio del preside"", 'Identificazione del bidello', ""Evento del professore che va nell'ufficio del preside"", 'Evento del professore che parla con il bidello', 'Relazione temporale tra i due eventi']","La rappresentazione del modello non include alcuna delle entità o degli eventi specifici richiesti dalla domanda. Non sono stati identificati né il professore, né l'ufficio del preside, né il bidello. Inoltre, non sono stati riconosciuti gli eventi chiave di andare nell'ufficio del preside o parlare con il bidello, né è stata stabilita una relazione temporale tra questi eventi. Pertanto, la comprensione è insufficiente."
gemma-4-12B,video095,3,Perché il professore esce dalla classe?,causale,C2,C2|T1,2,professore; classe; preside o bidello,effetto da spiegare: il professore esce dalla classe; causa/antecedente: da identificare nell'evidenza disponibile,riconoscere l'effetto o comportamento da spiegare; recuperare il contesto pertinente; inferire la causa/intenzione/motivazione solo se supportata dalle evidenze; evitare di colmare lacune con conoscenza non presente nel video,"la risposta richiede almeno un passaggio inferenziale implicito su motivazione, intenzione, stato mentale, valutazione sociale, finalità procedurale o relazione causale non direttamente osservabile",two_intervals,2,implicita,moderata,"[""causale"", ""temporale""]",50,40,30,35,parziale,"['Presenza di un insegnante e studenti in una lezione scolastica', 'Insegnante che parla e studenti che ascoltano']","['Motivo specifico per cui il professore esce dalla classe', 'Presenza di un preside o bidello', ""Causa o antecedente dell'uscita del professore"", ""Contesto che spiega l'uscita del professore""]","Il modello ha identificato la presenza di un insegnante e studenti in una lezione scolastica, ma non ha recuperato informazioni sul motivo specifico per cui il professore esce dalla classe. Mancano dettagli cruciali come la presenza di un preside o bidello e il contesto che spiega l'uscita del professore. L'inferenza richiesta non è supportata dalle evidenze disponibili."
gemma-4-12B,video096,1,Dove si trova la cagnolina?,spaziale,S0,S0,0,cagnolina; luogo in cui si trova,localizzazione della cagnolina,identificare il referente target; recuperare una singola evidenza spaziale direttamente osservabile; restituire la localizzazione senza confronto tra fasi,recupero spaziale diretto da una singola evidenza stabile; nessun confronto temporale o ricostruzione di stato,single_frame,1,esplicita,nessuna,"[""spaziale""]",100,100,100,100,completa,"[""La cagnolina è identificata come 'cane' con attributi specifici (nero, macchie marroni, orecchie lunghe, collare a catena)."", ""La cagnolina è localizzata 'su terreno' in diversi segmenti, con evidenza diretta e stabile.""]",[],"Il modello ha recuperato tutte le informazioni necessarie per rispondere alla domanda. La cagnolina è chiaramente identificata e la sua posizione è esplicitamente descritta come 'su terreno' in più segmenti, soddisfacendo il requisito di una singola evidenza spaziale stabile. Non ci sono lacune o incertezze nella rappresentazione visuale."
gemma-4-12B,video096,2,L'animale mangia il biscotto prima o dopo il comando?,temporale,T1,T1,1,cagnolina; biscotto; comando dell'uomo,evento A: la cagnolina mangia il biscotto; evento B: l'uomo impartisce il comando,"riconoscere i due eventi oppure l'evento e l'ancora temporale; localizzarli nella sequenza; determinare la relazione prima/dopo, primo/secondo, corrente/precedente o il momento richiesto",localizzazione rispetto a un'ancora temporale esplicita oppure ordinamento pairwise tra due eventi/stati direttamente identificabili,two_intervals,2,esplicita,alta,"[""temporale""]",0,0,0,0,insufficiente,[],"['cagnolina', 'biscotto', ""comando dell'uomo"", 'evento A: la cagnolina mangia il biscotto', ""evento B: l'uomo impartisce il comando"", 'relazione temporale tra mangiare il biscotto e il comando']","La rappresentazione del modello non include alcuna informazione riguardante la cagnolina, il biscotto o il comando dell'uomo. Non sono stati identificati gli eventi chiave richiesti dalla domanda, né è stata stabilita alcuna relazione temporale tra di essi. Pertanto, la comprensione è insufficiente per affrontare la domanda."
gemma-4-12B,video096,3,Perché l'uomo dà un biscotto alla cagnolina?,causale,C2,C2|T1,2,uomo; cagnolina; biscotto,effetto da spiegare: l'uomo dà un biscotto alla cagnolina; causa/antecedente: da identificare nell'evidenza disponibile,riconoscere l'effetto o comportamento da spiegare; recuperare il contesto pertinente; inferire la causa/intenzione/motivazione solo se supportata dalle evidenze; evitare di colmare lacune con conoscenza non presente nel video,"la risposta richiede almeno un passaggio inferenziale implicito su motivazione, intenzione, stato mentale, valutazione sociale, finalità procedurale o relazione causale non direttamente osservabile",two_intervals,2,implicita,moderata,"[""causale"", ""temporale""]",0,0,0,0,insufficiente,[],"[""Presenza dell'uomo"", 'Presenza del biscotto', ""Evento dell'uomo che dà un biscotto alla cagnolina"", ""Motivazione o contesto per cui l'uomo dà un biscotto alla cagnolina""]","La rappresentazione del modello non include alcuna informazione sull'uomo, sul biscotto o sull'evento in cui l'uomo dà un biscotto alla cagnolina. Mancano completamente le entità e gli eventi necessari per rispondere alla domanda, e non è possibile eseguire alcuna inferenza causale senza queste informazioni. Pertanto, la comprensione è insufficiente."
gemma-4-12B,video097,1,Dove si sono appese le ragazze?,spaziale,S1,S1|T0,1,ragazze; sbarre,evento: le ragazze si appendono alle sbarre; localizzazione della struttura,"riconoscere l'evento o la relazione spaziale pertinente; allineare il referente all'intervallo locale; recuperare origine, destinazione, direzione, supporto o posizione richiesta",una relazione spaziale esplicita o una localizzazione condizionata da un singolo evento osservabile nello stesso intervallo locale,local_interval,1,esplicita,moderata,"[""spaziale"", ""temporale""]",80,90,85,85,sufficiente,"['Entità: ragazze identificate come ginnaste in vari segmenti.', 'Entità: barre parallele o strutture metalliche osservate in vari segmenti.', 'Evento: ginnaste appese alle barre in segmenti 0002, 0005, 0008, 0009.', 'Relazione spaziale: ginnaste su o sospese alle barre.']",['Localizzazione precisa della struttura delle barre.'],"Il modello ha identificato correttamente le entità principali (ragazze e barre) e ha osservato l'evento di sospensione alle barre in più segmenti. Tuttavia, manca una localizzazione precisa della struttura delle barre, che è un elemento richiesto per rispondere completamente alla domanda. Nonostante ciò, la rappresentazione è sufficiente per affrontare la domanda con un buon grado di comprensione."
gemma-4-12B,video097,2,Le ragazze si sono appese prima o dopo aver alzato le ginocchia?,temporale,T1,T1,1,ragazze; sbarre; ginocchia,evento A: le ragazze si appendono; evento B: alzano le ginocchia,"riconoscere i due eventi oppure l'evento e l'ancora temporale; localizzarli nella sequenza; determinare la relazione prima/dopo, primo/secondo, corrente/precedente o il momento richiesto",localizzazione rispetto a un'ancora temporale esplicita oppure ordinamento pairwise tra due eventi/stati direttamente identificabili,two_intervals,2,esplicita,alta,"[""temporale""]",50,30,20,30,insufficiente,"['Presenza di ginnaste e barre parallele', 'Ginnaste appese alle barre in segment_0002']","['Evento di sollevamento delle ginocchia', 'Relazione temporale tra appendersi e sollevare le ginocchia']","La rappresentazione del modello identifica correttamente le entità principali come le ginnaste e le barre, ma manca l'identificazione chiara degli eventi specifici richiesti dalla domanda, in particolare il sollevamento delle ginocchia. Inoltre, non è stata stabilita una relazione temporale tra l'appendersi e il sollevamento delle ginocchia, rendendo impossibile determinare l'ordine degli eventi. Pertanto, la comprensione complessiva è insufficiente per rispondere alla domanda."
gemma-4-12B,video097,3,Perché le ragazze si sono appese alle sbarre?,causale,C2,C2|T1,2,ragazze; sbarre,effetto da spiegare: le ragazze si appendono alle sbarre; causa/antecedente: da identificare nell'evidenza disponibile,riconoscere l'effetto o comportamento da spiegare; recuperare il contesto pertinente; inferire la causa/intenzione/motivazione solo se supportata dalle evidenze; evitare di colmare lacune con conoscenza non presente nel video,"la risposta richiede almeno un passaggio inferenziale implicito su motivazione, intenzione, stato mentale, valutazione sociale, finalità procedurale o relazione causale non direttamente osservabile",two_intervals,2,implicita,moderata,"[""causale"", ""temporale""]",80,70,50,60,sufficiente,"['Le ragazze sono identificate come ginnaste.', 'Le sbarre sono identificate come barre parallele.', ""Le ragazze si appendono alle sbarre durante l'allenamento di ginnastica.""]","['Motivazione specifica per cui le ragazze si appendono alle sbarre.', ""Contesto dettagliato che spiega l'intenzione o la finalità dell'azione.""]","Il modello ha identificato correttamente le entità principali (ragazze e sbarre) e ha riconosciuto l'evento di appendersi alle sbarre. Tuttavia, manca un'inferenza chiara sulla motivazione o causa dell'azione, che è cruciale per rispondere alla domanda. La rappresentazione è sufficiente per comprendere il contesto generale, ma non per dedurre la causa specifica dell'azione."
gemma-4-12B,video098,1,Dove si trova il jack di picche?,spaziale,S0,S0,0,jack di picche; mazzo o sequenza di carte; posizione della carta,localizzazione del jack di picche,identificare il referente target; recuperare una singola evidenza spaziale direttamente osservabile; restituire la localizzazione senza confronto tra fasi,recupero spaziale diretto da una singola evidenza stabile; nessun confronto temporale o ricostruzione di stato,single_frame,1,esplicita,nessuna,"[""spaziale""]",0,0,0,0,insufficiente,[],"['jack di picche', 'posizione del jack di picche', 'localizzazione del jack di picche']","La rappresentazione del modello non include alcuna informazione riguardante il jack di picche o la sua posizione. Non sono stati identificati né il jack di picche né la sua localizzazione, che sono elementi fondamentali per rispondere alla domanda. Pertanto, la comprensione è insufficiente."
gemma-4-12B,video098,2,Dopo quante carte viene estratta la carta corretta?,temporale,T2,T2,2,carte estratte; carta corretta,evento target: estrazione della carta corretta; misura temporale/ordinale: numero di carte precedenti,"riconoscere gli eventi o stati pertinenti; ricostruire l'evoluzione temporale necessaria; calcolare conteggio/durata oppure distinguere onset, continuazione e stato già completato","durata, conteggio/iterazione, selezione del primo onset tra più candidati o ricostruzione di uno stato già in corso/completato",multi_event_sequence,>=3,esplicita,alta,"[""temporale""]",50,40,30,35,parziale,"['Presenza di un mazzo di carte e di giocatori coinvolti nel gioco di carte.', 'Azioni di mescolare e distribuire le carte.']","[""Identificazione esplicita della 'carta corretta'."", 'Conteggio delle carte estratte prima della carta corretta.', 'Evento specifico di estrazione della carta corretta.']","Il modello ha identificato la presenza di un mazzo di carte e le azioni generali di gioco, ma non ha recuperato informazioni specifiche sull'estrazione della carta corretta o sul conteggio delle carte precedenti. Mancano dettagli cruciali per rispondere alla domanda, come l'identificazione della carta corretta e il numero di carte estratte prima di essa."
gemma-4-12B,video098,3,Perché la donna è sorpresa di trovare il jack di picche?,causale,C2,C2|T1,2,donna; jack di picche; mazzo di carte,effetto da spiegare: la donna è sorpresa di trovare il jack di picche; causa/antecedente: da identificare nell'evidenza disponibile,riconoscere l'effetto o comportamento da spiegare; recuperare il contesto pertinente; inferire la causa/intenzione/motivazione solo se supportata dalle evidenze; evitare di colmare lacune con conoscenza non presente nel video,"la risposta richiede almeno un passaggio inferenziale implicito su motivazione, intenzione, stato mentale, valutazione sociale, finalità procedurale o relazione causale non direttamente osservabile",two_intervals,2,implicita,moderata,"[""causale"", ""temporale""]",50,30,20,30,insufficiente,"['Mazzo di carte presente in più segmenti', 'Gioco di carte tra due persone']","['Identificazione della donna', 'Jack di picche', 'Reazione di sorpresa della donna', 'Contesto che spiega la sorpresa']","La rappresentazione del modello manca di elementi chiave per rispondere alla domanda. Non è stata identificata la donna né il jack di picche, e non è stata osservata alcuna reazione di sorpresa. Inoltre, manca il contesto che spiegherebbe la sorpresa della donna. Senza questi elementi, l'inferenza richiesta non può essere eseguita."
gemma-4-12B,video099,1,Dove si trova la leccia?,spaziale,S0,S0,0,leccia,localizzazione della leccia,identificare il referente target; recuperare una singola evidenza spaziale direttamente osservabile; restituire la localizzazione senza confronto tra fasi,recupero spaziale diretto da una singola evidenza stabile; nessun confronto temporale o ricostruzione di stato,single_frame,1,esplicita,nessuna,"[""spaziale""]",50,50,30,40,parziale,"[""Presenza di un pesce grigio/argento che salta fuori dall'acqua nel segmento 0000."", 'Relazione spaziale del pesce sopra il mare nel segmento 0000.']","['Identificazione esplicita della leccia come entità specifica.', 'Localizzazione precisa e stabile della leccia in un singolo frame.']","Il modello ha identificato un pesce grigio/argento che salta fuori dall'acqua, ma non ha identificato esplicitamente la leccia né fornito una localizzazione precisa e stabile. La rappresentazione è parziale e manca di elementi decisivi per rispondere alla domanda."
gemma-4-12B,video099,2,Il pescatore capisce che la leccia è grossa prima o dopo averla pescata?,temporale,T1,T1,1,pescatore; leccia; dimensione del pesce,evento A: il pescatore capisce che la leccia è grossa; evento B: il pescatore pesca la leccia,"riconoscere i due eventi oppure l'evento e l'ancora temporale; localizzarli nella sequenza; determinare la relazione prima/dopo, primo/secondo, corrente/precedente o il momento richiesto",localizzazione rispetto a un'ancora temporale esplicita oppure ordinamento pairwise tra due eventi/stati direttamente identificabili,two_intervals,2,esplicita,alta,"[""temporale""]",50,40,30,35,parziale,"['Presenza del pescatore e della canna da pesca', 'Evento di pesca di un pesce', 'Curvatura della canna da pesca']","['Evento specifico in cui il pescatore capisce che la leccia è grossa', 'Relazione temporale chiara tra il capire la dimensione della leccia e la pesca', 'Identificazione esplicita della leccia come pesce pescato']","Il modello ha identificato il pescatore e l'evento di pesca, ma manca l'evento specifico in cui il pescatore capisce che la leccia è grossa. Inoltre, non è stata stabilita una relazione temporale chiara tra il capire la dimensione della leccia e la pesca. Senza queste informazioni, la comprensione è parziale."
gemma-4-12B,video099,3,Perché la leccia non entra nel guadino?,causale,C1,C1|T0,1,leccia; guadino; pescatore; dimensioni del pesce,effetto da spiegare: la leccia non entra nel guadino; causa/antecedente: da identificare nell'evidenza disponibile,riconoscere l'effetto; individuare un antecedente o stato direttamente osservabile/esplicitamente disponibile; verificare il nesso causale senza attribuire intenzioni o motivazioni non supportate,"nesso causa-effetto fisico, sistemico o comportamentale direttamente osservabile nello stesso intervallo locale",local_interval,1,esplicita,moderata,"[""causale"", ""temporale""]",50,30,20,25,insufficiente,"['Presenza del pescatore e della canna da pesca', 'Presenza di un pesce grigio/argento', 'Attività di pesca in corso']","['Presenza del guadino', 'Dimensioni del pesce', 'Evento specifico della leccia che non entra nel guadino', 'Causa specifica per cui la leccia non entra nel guadino']","La rappresentazione del modello include alcune entità come il pescatore e il pesce, ma manca completamente il guadino, che è cruciale per la domanda. Gli eventi di pesca sono presenti, ma non c'è evidenza specifica dell'evento in cui la leccia non entra nel guadino. Inoltre, manca un'analisi causale che spieghi perché la leccia non entra nel guadino. Queste lacune rendono la comprensione insufficiente per affrontare la domanda."
gemma-4-12B,video100,1,Dove si trova il cartello con le istruzioni per entrare?,spaziale,S0,S0,0,cartello con le istruzioni,localizzazione del cartello per entrare,identificare il referente target; recuperare una singola evidenza spaziale direttamente osservabile; restituire la localizzazione senza confronto tra fasi,recupero spaziale diretto da una singola evidenza stabile; nessun confronto temporale o ricostruzione di stato,single_frame,1,esplicita,nessuna,"[""spaziale""]",100,100,100,100,completa,"['Presenza del biglietto sulla porta (segment_0000)', 'Relazione spaziale: biglietto su porta (segment_0000)']",[],"Il modello ha identificato correttamente il 'cartello con le istruzioni' come un 'biglietto' e ha fornito la sua localizzazione precisa 'su una porta'. Tutti i requisiti della domanda sono stati soddisfatti, con evidenza chiara e diretta della posizione del cartello. Non ci sono elementi mancanti o ambigui nella rappresentazione."
gemma-4-12B,video100,2,Cosa mostra prima la bambina: il disegno che ritrae lei o quello che ritrae Vanessa?,temporale,T1,T1,1,bambina; disegno di sé; disegno di Vanessa,evento A: la bambina mostra il proprio disegno; evento B: mostra il disegno di Vanessa,"riconoscere i due eventi oppure l'evento e l'ancora temporale; localizzarli nella sequenza; determinare la relazione prima/dopo, primo/secondo, corrente/precedente o il momento richiesto",localizzazione rispetto a un'ancora temporale esplicita oppure ordinamento pairwise tra due eventi/stati direttamente identificabili,two_intervals,2,esplicita,alta,"[""temporale""]",0,0,0,0,insufficiente,[],"['Identificazione della bambina', 'Identificazione del disegno che ritrae la bambina', 'Identificazione del disegno che ritrae Vanessa', 'Evento in cui la bambina mostra il proprio disegno', 'Evento in cui la bambina mostra il disegno di Vanessa', 'Relazione temporale tra i due eventi di mostrare i disegni']","La rappresentazione del modello non include alcuna informazione riguardante la bambina, i disegni o gli eventi di mostrare i disegni. Mancano completamente le entità e gli eventi necessari per determinare quale disegno viene mostrato per primo. Di conseguenza, non è possibile eseguire l'inferenza temporale richiesta dalla domanda."
gemma-4-12B,video100,3,Perché la mamma dice alla bambina che da grande farà l'artistico?,causale,C2,C2|T1,2,mamma; bambina; disegni; percorso scolastico artistico,effetto da spiegare: la mamma dice che la bambina farà l'artistico; causa/antecedente: da identificare nell'evidenza disponibile,riconoscere l'effetto o comportamento da spiegare; recuperare il contesto pertinente; inferire la causa/intenzione/motivazione solo se supportata dalle evidenze; evitare di colmare lacune con conoscenza non presente nel video,"la risposta richiede almeno un passaggio inferenziale implicito su motivazione, intenzione, stato mentale, valutazione sociale, finalità procedurale o relazione causale non direttamente osservabile",two_intervals,2,implicita,moderata,"[""causale"", ""temporale""]",50,60,40,45,parziale,"['bambina che disegna', 'presentazione di disegni', 'bambina sorridente mentre mostra i disegni']","['mamma', 'dialogo o interazione verbale tra mamma e bambina', ""intenzione della mamma nel dire che la bambina farà l'artistico""]","La rappresentazione del modello include la bambina che disegna e mostra i suoi disegni, ma manca completamente la figura della mamma e qualsiasi interazione verbale o motivazionale che spieghi perché la mamma dica che la bambina farà l'artistico. Senza queste informazioni, l'inferenza sulla motivazione della mamma è impossibile. La comprensione è quindi parziale, con una copertura insufficiente degli elementi causali richiesti."
