model,video_id,question_order,question,principal_dimension,principal_label,diagnostic_label,complexity_level,entity_required,event_required,inference_required,objective_criterion,evidence_scope,evidence_units,information_explicitness,temporal_dependency,dimension_combination,score_entita,score_eventi,score_inferenza,score_comprensione,livello,evidenza_recuperata,evidenza_mancante,motivazione
qwen-30B,video001,1,Dove cerca il rimedio al singhiozzo l'uomo con il camice?,spaziale,S1,S1|T0,1,uomo con il camice; rimedio al singhiozzo,ricerca del rimedio al singhiozzo da parte dell'uomo con il camice,"riconoscere l'evento o la relazione spaziale pertinente; allineare il referente all'intervallo locale; recuperare origine, destinazione, direzione, supporto o posizione richiesta",una relazione spaziale esplicita o una localizzazione condizionata da un singolo evento osservabile nello stesso intervallo locale,local_interval,1,esplicita,moderata,"[""spaziale"", ""temporale""]",0,0,0,0,insufficiente,[],"['uomo con il camice', 'rimedio al singhiozzo', ""ricerca del rimedio al singhiozzo da parte dell'uomo con il camice"", 'relazione spaziale o localizzazione del rimedio al singhiozzo']","La rappresentazione del modello non include alcuna informazione riguardante l'uomo con il camice che cerca un rimedio al singhiozzo. Non sono presenti né le entità specifiche richieste né l'evento di ricerca del rimedio. Inoltre, manca qualsiasi relazione spaziale o localizzazione del rimedio al singhiozzo. Pertanto, la comprensione è insufficiente."
qwen-30B,video001,2,L'uomo con gli occhiali urla prima o dopo che l'uomo dietro il bancone esca?,temporale,T1,T1,1,uomo con gli occhiali; uomo dietro il bancone,evento A: l'uomo con gli occhiali urla; evento B: l'uomo dietro il bancone esce,"riconoscere i due eventi oppure l'evento e l'ancora temporale; localizzarli nella sequenza; determinare la relazione prima/dopo, primo/secondo, corrente/precedente o il momento richiesto",localizzazione rispetto a un'ancora temporale esplicita oppure ordinamento pairwise tra due eventi/stati direttamente identificabili,two_intervals,2,esplicita,alta,"[""temporale""]",100,50,50,50,parziale,"['uomo con gli occhiali identificato come cliente', 'uomo dietro il bancone identificato come farmacista', ""evento A: l'uomo con gli occhiali urla""]","[""evento B: l'uomo dietro il bancone esce"", ""relazione temporale tra l'urlo e l'uscita del farmacista""]","Il modello ha identificato correttamente le entità richieste, ovvero l'uomo con gli occhiali e l'uomo dietro il bancone. Tuttavia, manca l'identificazione dell'evento specifico in cui l'uomo dietro il bancone esce, e non è stata stabilita una relazione temporale chiara tra l'urlo dell'uomo con gli occhiali e l'uscita del farmacista. Questo limita la capacità di determinare l'ordine temporale richiesto dalla domanda."
qwen-30B,video001,3,Perché il signore con gli occhiali balbetta?,causale,C2,C2|T1,2,signore con gli occhiali,effetto da spiegare: il signore con gli occhiali balbetta; causa/antecedente: da identificare nell'evidenza disponibile,riconoscere l'effetto o comportamento da spiegare; recuperare il contesto pertinente; inferire la causa/intenzione/motivazione solo se supportata dalle evidenze; evitare di colmare lacune con conoscenza non presente nel video,"la risposta richiede almeno un passaggio inferenziale implicito su motivazione, intenzione, stato mentale, valutazione sociale, finalità procedurale o relazione causale non direttamente osservabile",two_intervals,2,implicita,moderata,"[""causale"", ""temporale""]",50,50,30,40,parziale,"['Il signore con gli occhiali è identificato come cliente.', 'Il cliente è coinvolto in una situazione di minaccia con un ladro.']","['Non è specificato che il signore con gli occhiali balbetta.', 'Non è identificata una causa diretta per il balbettio del signore con gli occhiali.', 'Non ci sono inferenze dirette sul motivo del balbettio.']","Il modello ha identificato il signore con gli occhiali e una situazione di minaccia, ma non ha recuperato l'evento specifico del balbettio né ha fornito una causa diretta o inferenza per spiegare il comportamento. Mancano elementi chiave per rispondere alla domanda."
qwen-30B,video002,1,Dove si trova la moglie dell'uomo con gli occhiali?,spaziale,S0,S0,0,moglie dell'uomo con gli occhiali; uomo con gli occhiali; luogo in cui si trova la moglie,localizzazione della moglie dell'uomo con gli occhiali,identificare il referente target; recuperare una singola evidenza spaziale direttamente osservabile; restituire la localizzazione senza confronto tra fasi,recupero spaziale diretto da una singola evidenza stabile; nessun confronto temporale o ricostruzione di stato,single_frame,1,esplicita,nessuna,"[""spaziale""]",100,100,100,100,completa,"[""Identificazione dell'uomo con gli occhiali (e1) e della donna (e2) come moglie."", ""Localizzazione della moglie vicino all'uomo con gli occhiali in vari segmenti."", ""Relazione spaziale 'vicino a' tra l'uomo con gli occhiali e la donna.""]",[],"Il modello ha identificato correttamente l'uomo con gli occhiali e la donna come moglie, e ha fornito una chiara evidenza della loro posizione spaziale vicina in diversi segmenti. Tutti i requisiti della domanda sono stati soddisfatti, permettendo di rispondere alla domanda con sicurezza."
qwen-30B,video002,2,La donna bionda sbuffa prima o dopo che il telefono squilli?,temporale,T1,T1,1,donna bionda; telefono,evento A: la donna bionda sbuffa; evento B: il telefono squilla,"riconoscere i due eventi oppure l'evento e l'ancora temporale; localizzarli nella sequenza; determinare la relazione prima/dopo, primo/secondo, corrente/precedente o il momento richiesto",localizzazione rispetto a un'ancora temporale esplicita oppure ordinamento pairwise tra due eventi/stati direttamente identificabili,two_intervals,2,esplicita,alta,"[""temporale""]",0,0,0,0,insufficiente,[],"['Identificazione della donna bionda', 'Evento in cui la donna bionda sbuffa', 'Evento in cui il telefono squilla', 'Relazione temporale tra lo sbuffo della donna e lo squillo del telefono']","La rappresentazione del modello non include né l'identificazione della donna bionda né gli eventi specifici richiesti dalla domanda, ovvero lo sbuffo della donna e lo squillo del telefono. Senza questi elementi, non è possibile determinare la relazione temporale richiesta. Pertanto, la comprensione è insufficiente."
qwen-30B,video002,3,Perché l'uomo con gli occhiali fa degli strani versi al telefono e lo allontana dall'orecchio?,causale,C2,C2|T1,2,uomo con gli occhiali; telefono,effetto da spiegare: l'uomo fa strani versi e allontana il telefono dall'orecchio; causa/antecedente: da identificare nell'evidenza disponibile,riconoscere l'effetto o comportamento da spiegare; recuperare il contesto pertinente; inferire la causa/intenzione/motivazione solo se supportata dalle evidenze; evitare di colmare lacune con conoscenza non presente nel video,"la risposta richiede almeno un passaggio inferenziale implicito su motivazione, intenzione, stato mentale, valutazione sociale, finalità procedurale o relazione causale non direttamente osservabile",two_intervals,2,implicita,moderata,"[""causale"", ""temporale""]",50,30,20,30,insufficiente,"['uomo con occhiali identificato', 'telefono identificato', 'uomo parla al telefono']","['uomo fa strani versi al telefono', ""uomo allontana il telefono dall'orecchio"", ""causa o antecedente dell'azione dell'uomo"", ""contesto che spiega il comportamento dell'uomo""]","La rappresentazione del modello identifica correttamente l'uomo con gli occhiali e il telefono, ma non recupera l'evento specifico in cui l'uomo fa strani versi e allontana il telefono dall'orecchio. Inoltre, manca l'identificazione di una causa o contesto che spieghi questo comportamento. Senza questi elementi, l'inferenza richiesta dalla domanda non può essere eseguita."
qwen-30B,video003,1,"Quando l'uomo con la maglietta gialla dice: 'Ma chi c'ha messo qui?', dov'è il 'qui'?",spaziale,S1,S1|T0,1,uomo con la maglietta gialla; referente deittico «qui»,evento contestuale: l'uomo dice «Ma chi c'ha messo qui?»; localizzazione del referente di «qui»,"riconoscere l'evento o la relazione spaziale pertinente; allineare il referente all'intervallo locale; recuperare origine, destinazione, direzione, supporto o posizione richiesta",una relazione spaziale esplicita o una localizzazione condizionata da un singolo evento osservabile nello stesso intervallo locale,local_interval,2,parzialmente implicita,moderata,"[""spaziale"", ""temporale""]",50,30,20,30,parziale,"['uomo con maglietta gialla identificato in vari segmenti', 'uomo in maglietta gialla parla in segment_0010']","[""evento specifico in cui l'uomo con la maglietta gialla dice 'Ma chi c'ha messo qui?'"", ""localizzazione del referente deittico 'qui'"", 'relazione spaziale esplicita o localizzazione condizionata da un evento osservabile']","Il modello ha identificato l'uomo con la maglietta gialla, ma non ha recuperato l'evento specifico in cui pronuncia la frase chiave. Inoltre, manca la localizzazione del referente deittico 'qui', che è cruciale per rispondere alla domanda. Senza queste informazioni, l'inferenza richiesta non può essere completata."
qwen-30B,video003,2,La finestra del balcone viene chiusa prima o dopo che l'uomo urli 'barbone'?,temporale,T1,T1,1,finestra del balcone; uomo che urla «barbone»,evento A: la finestra del balcone viene chiusa; evento B: l'uomo urla «barbone»,"riconoscere i due eventi oppure l'evento e l'ancora temporale; localizzarli nella sequenza; determinare la relazione prima/dopo, primo/secondo, corrente/precedente o il momento richiesto",localizzazione rispetto a un'ancora temporale esplicita oppure ordinamento pairwise tra due eventi/stati direttamente identificabili,two_intervals,2,esplicita,alta,"[""temporale""]",0,0,0,0,insufficiente,[],"['Finestra del balcone', ""Uomo che urla 'barbone'"", 'Evento di chiusura della finestra del balcone', ""Evento dell'uomo che urla 'barbone'"", ""Relazione temporale tra la chiusura della finestra e l'urlo 'barbone'""]","La rappresentazione del modello non include alcuna informazione riguardante la finestra del balcone o l'uomo che urla 'barbone'. Non sono stati identificati né gli eventi specifici richiesti né la relazione temporale tra di essi. Pertanto, la comprensione è insufficiente per affrontare la domanda."
qwen-30B,video003,3,Perché l'uomo con la maglietta gialla si preoccupa di cosa dirà allo zio?,causale,C2,C2|T1,2,uomo con la maglietta gialla; zio; contenuto di ciò che dovrà dire,effetto da spiegare: l'uomo si preoccupa di cosa dirà allo zio; causa/antecedente: da identificare nell'evidenza disponibile,riconoscere l'effetto o comportamento da spiegare; recuperare il contesto pertinente; inferire la causa/intenzione/motivazione solo se supportata dalle evidenze; evitare di colmare lacune con conoscenza non presente nel video,"la risposta richiede almeno un passaggio inferenziale implicito su motivazione, intenzione, stato mentale, valutazione sociale, finalità procedurale o relazione causale non direttamente osservabile",two_intervals,2,implicita,moderata,"[""causale"", ""temporale""]",50,30,20,25,insufficiente,"['uomo con maglietta gialla identificato in più segmenti', ""uomo con maglietta gialla ha un'espressione preoccupata""]","['identificazione dello zio', 'contenuto di ciò che dovrà dire', 'causa o antecedente della preoccupazione', ""contesto pertinente per l'inferenza""]","La rappresentazione del modello identifica l'uomo con la maglietta gialla e la sua espressione preoccupata, ma manca l'identificazione dello zio e del contenuto di ciò che dovrà dire. Non è presente alcuna evidenza che spieghi la causa della preoccupazione o il contesto necessario per inferire la motivazione. Pertanto, la comprensione è insufficiente per affrontare la domanda."
qwen-30B,video004,1,Dove si trova il cane quando viene dato il comando 'dietro'?,spaziale,S1,S1|T0,1,cane; persona che impartisce il comando; posizione associata a «dietro»,evento contestuale: viene dato il comando «dietro»; localizzazione del cane in quel momento,"riconoscere l'evento o la relazione spaziale pertinente; allineare il referente all'intervallo locale; recuperare origine, destinazione, direzione, supporto o posizione richiesta",una relazione spaziale esplicita o una localizzazione condizionata da un singolo evento osservabile nello stesso intervallo locale,local_interval,2,esplicita,moderata,"[""spaziale"", ""temporale""]",0,0,0,0,insufficiente,[],"[""Posizione del cane quando viene dato il comando 'dietro'."", ""Evento in cui viene dato il comando 'dietro'."", 'Relazione spaziale tra il cane e la persona che impartisce il comando.']","La rappresentazione del modello non include alcuna informazione riguardante il comando 'dietro' o la posizione del cane in relazione a questo comando. Mancano completamente le entità e gli eventi necessari per rispondere alla domanda, rendendo impossibile qualsiasi inferenza utile."
qwen-30B,video004,2,"Cosa viene ordinato prima al cane, 'due' o 'spin'?",temporale,T1,T1,1,cane; comando «due»; comando «spin»,evento A: viene impartito il comando «due»; evento B: viene impartito il comando «spin»,"riconoscere i due eventi oppure l'evento e l'ancora temporale; localizzarli nella sequenza; determinare la relazione prima/dopo, primo/secondo, corrente/precedente o il momento richiesto",localizzazione rispetto a un'ancora temporale esplicita oppure ordinamento pairwise tra due eventi/stati direttamente identificabili,two_intervals,2,esplicita,alta,"[""temporale""]",0,0,0,0,insufficiente,[],"[""Comando 'due'"", ""Comando 'spin'"", ""Evento A: viene impartito il comando 'due'"", ""Evento B: viene impartito il comando 'spin'"", ""Relazione temporale tra i comandi 'due' e 'spin'""]","La rappresentazione del modello non include alcuna informazione sui comandi 'due' e 'spin', né sugli eventi associati a questi comandi. Di conseguenza, non è possibile determinare l'ordine temporale tra i due comandi, che è l'obiettivo principale della domanda. Mancano completamente le entità e gli eventi richiesti, rendendo impossibile l'inferenza necessaria."
qwen-30B,video004,3,Perché il padrone dice al cane 'incrocia bene'?,causale,C1,C1|T0,1,padrone; cane; posizione delle zampe o postura da incrociare,effetto da spiegare: il padrone dice al cane «incrocia bene»; causa/antecedente: da identificare nell'evidenza disponibile,riconoscere l'effetto; individuare un antecedente o stato direttamente osservabile/esplicitamente disponibile; verificare il nesso causale senza attribuire intenzioni o motivazioni non supportate,"nesso causa-effetto fisico, sistemico o comportamentale direttamente osservabile nello stesso intervallo locale",local_interval,1,esplicita,moderata,"[""causale"", ""temporale""]",50,30,20,25,insufficiente,"['Cane identificato in vari segmenti', 'Movimenti del cane osservati']","['Padrone non identificato chiaramente', 'Posizione delle zampe o postura da incrociare non osservata', ""Evento specifico del padrone che dice 'incrocia bene' non presente"", 'Nesso causale tra comando e azione del cane non stabilito']","La rappresentazione del modello manca di elementi chiave per rispondere alla domanda. Sebbene il cane sia identificato e i suoi movimenti siano osservati, non c'è evidenza del padrone che dice 'incrocia bene', né della posizione delle zampe o postura da incrociare. Inoltre, manca un nesso causale tra un comando e un'azione specifica del cane. Pertanto, la comprensione è insufficiente."
qwen-30B,video005,1,Dove viene inserito il beccuccio della lozione?,spaziale,S1,S1|T0,1,beccuccio della lozione; orecchio o condotto auricolare del cane; lozione,evento: inserimento del beccuccio della lozione; posizione anatomica di inserimento,"riconoscere l'evento o la relazione spaziale pertinente; allineare il referente all'intervallo locale; recuperare origine, destinazione, direzione, supporto o posizione richiesta",una relazione spaziale esplicita o una localizzazione condizionata da un singolo evento osservabile nello stesso intervallo locale,local_interval,1,esplicita,moderata,"[""spaziale"", ""temporale""]",100,100,100,100,completa,"['Beccuccio della lozione identificato come parte del flacone (e3).', 'Orecchio del cane identificato come parte del cane (e2).', ""Evento di inserimento del beccuccio della lozione nell'orecchio del cane osservato."", ""Relazione spaziale 'dentro' tra il flacone (e3) e l'orecchio del cane (e2) osservata.""]",[],"Tutti i requisiti della domanda sono stati completamente recuperati. Le entità necessarie, come il beccuccio della lozione e l'orecchio del cane, sono chiaramente identificate. L'evento di inserimento del beccuccio nell'orecchio è osservato e la relazione spaziale pertinente è esplicitamente descritta. La rappresentazione visuale è sufficiente per affrontare la domanda con precisione."
qwen-30B,video005,2,Il massaggio viene fatto prima o dopo l'applicazione del detergente auricolare?,temporale,T1,T1,1,massaggio; detergente auricolare; orecchio del cane,evento A: viene effettuato il massaggio; evento B: viene fatto uscire il detergente auricolare,"riconoscere i due eventi oppure l'evento e l'ancora temporale; localizzarli nella sequenza; determinare la relazione prima/dopo, primo/secondo, corrente/precedente o il momento richiesto",localizzazione rispetto a un'ancora temporale esplicita oppure ordinamento pairwise tra due eventi/stati direttamente identificabili,two_intervals,2,esplicita,alta,"[""temporale""]",50,50,30,40,parziale,"[""Applicazione di un prodotto nell'orecchio del cane (segment_0000)"", 'Massaggio della testa del gatto (segment_0006)']","[""Massaggio dell'orecchio del cane"", ""Relazione temporale tra applicazione del detergente e massaggio dell'orecchio del cane""]","Il modello ha identificato l'applicazione di un prodotto nell'orecchio del cane e un massaggio, ma non ha chiaramente distinto il massaggio dell'orecchio del cane né stabilito una relazione temporale tra l'applicazione del detergente e il massaggio. La rappresentazione è quindi insufficiente per determinare l'ordine degli eventi richiesto dalla domanda."
qwen-30B,video005,3,Perché il massaggio all'orecchio del cane produce un suono?,causale,C1,C1|T0,1,massaggio; orecchio del cane; detergente o liquido auricolare; suono prodotto,effetto da spiegare: il massaggio all'orecchio produce un suono; causa/antecedente: da identificare nell'evidenza disponibile,riconoscere l'effetto; individuare un antecedente o stato direttamente osservabile/esplicitamente disponibile; verificare il nesso causale senza attribuire intenzioni o motivazioni non supportate,"nesso causa-effetto fisico, sistemico o comportamentale direttamente osservabile nello stesso intervallo locale",local_interval,1,esplicita,moderata,"[""causale"", ""temporale""]",50,40,30,35,parziale,"[""Una persona applica un prodotto da un flacone nell'orecchio di un cane."", ""Il cane ha l'orecchio sollevato."", 'Il flacone è bianco con tappo e etichetta gialla.']","['Descrizione del suono prodotto durante il massaggio.', ""Causa specifica del suono prodotto dal massaggio all'orecchio."", 'Nesso causale tra il massaggio e il suono prodotto.']","La rappresentazione del modello include l'applicazione di un prodotto nell'orecchio del cane, ma manca la descrizione del suono prodotto e la causa specifica di tale suono. Inoltre, non è presente un nesso causale esplicito tra il massaggio e il suono, rendendo difficile rispondere alla domanda in modo completo."
qwen-30B,video006,1,Dove parla il ragazzo che dice 'pizza'?,spaziale,S1,S1|T0,1,ragazzo che dice «pizza»; luogo in cui parla,evento: il ragazzo pronuncia «pizza»; localizzazione del ragazzo durante l'enunciato,"riconoscere l'evento o la relazione spaziale pertinente; allineare il referente all'intervallo locale; recuperare origine, destinazione, direzione, supporto o posizione richiesta",una relazione spaziale esplicita o una localizzazione condizionata da un singolo evento osservabile nello stesso intervallo locale,local_interval,1,esplicita,moderata,"[""spaziale"", ""temporale""]",0,0,0,0,insufficiente,[],"[""Ragazzo che dice 'pizza'"", ""Luogo in cui il ragazzo pronuncia 'pizza'"", ""Evento in cui il ragazzo pronuncia 'pizza'"", ""Localizzazione del ragazzo durante l'enunciato""]","La rappresentazione non include alcuna informazione riguardante un ragazzo che pronuncia 'pizza' o il luogo in cui ciò avviene. Non sono stati identificati né l'evento specifico né la localizzazione spaziale richiesta dalla domanda. Pertanto, la comprensione è insufficiente."
qwen-30B,video006,2,"Chi saluta per primo, l'uomo con la maglia bianca o quello con la maglia verde?",temporale,T1,T1,1,uomo con la maglia bianca; uomo con la maglia verde,evento A: l'uomo con la maglia bianca saluta; evento B: l'uomo con la maglia verde saluta,"riconoscere i due eventi oppure l'evento e l'ancora temporale; localizzarli nella sequenza; determinare la relazione prima/dopo, primo/secondo, corrente/precedente o il momento richiesto",localizzazione rispetto a un'ancora temporale esplicita oppure ordinamento pairwise tra due eventi/stati direttamente identificabili,two_intervals,2,esplicita,alta,"[""temporale""]",0,0,0,0,insufficiente,[],"[""Identificazione dell'uomo con la maglia bianca che saluta."", ""Identificazione dell'uomo con la maglia verde che saluta."", 'Ordinamento temporale degli eventi di saluto.']","Il modello non ha recuperato alcuna informazione riguardante gli eventi di saluto degli uomini con la maglia bianca e verde. Non sono stati identificati né gli eventi di saluto né l'ordine temporale tra di essi, rendendo impossibile rispondere alla domanda."
qwen-30B,video006,3,Perché l'uomo decide di non pagare il ragazzo?,causale,C2,C2|T1,2,uomo che dovrebbe pagare; ragazzo; pagamento,effetto da spiegare: l'uomo decide di non pagare il ragazzo; causa/antecedente: da identificare nell'evidenza disponibile,riconoscere l'effetto o comportamento da spiegare; recuperare il contesto pertinente; inferire la causa/intenzione/motivazione solo se supportata dalle evidenze; evitare di colmare lacune con conoscenza non presente nel video,"la risposta richiede almeno un passaggio inferenziale implicito su motivazione, intenzione, stato mentale, valutazione sociale, finalità procedurale o relazione causale non direttamente osservabile",two_intervals,2,implicita,moderata,"[""causale"", ""temporale""]",50,60,30,40,parziale,"['uomo che consegna una scatola di pizza', 'ragazzo che riceve la scatola di pizza', 'consegna della scatola di pizza']","[""decisione dell'uomo di non pagare"", ""motivazione o causa per cui l'uomo decide di non pagare""]","La rappresentazione del modello include le entità principali come l'uomo e il ragazzo, e l'evento della consegna della pizza. Tuttavia, manca l'evento chiave della decisione di non pagare e la motivazione dietro questa decisione. Senza queste informazioni, l'inferenza richiesta per rispondere alla domanda non è supportata."
qwen-30B,video007,1,Dove si trova Anastasia quando inizia a piangere?,spaziale,S1,S1|T0,1,Anastasia; luogo in cui si trova,evento contestuale: Anastasia inizia a piangere; localizzazione di Anastasia in quel momento,"riconoscere l'evento o la relazione spaziale pertinente; allineare il referente all'intervallo locale; recuperare origine, destinazione, direzione, supporto o posizione richiesta",una relazione spaziale esplicita o una localizzazione condizionata da un singolo evento osservabile nello stesso intervallo locale,local_interval,2,esplicita,moderata,"[""spaziale"", ""temporale""]",0,0,0,0,insufficiente,[],"['Identificazione di Anastasia', 'Luogo in cui si trova Anastasia', 'Evento di Anastasia che inizia a piangere', ""Localizzazione di Anastasia al momento dell'evento""]","L'analisi del modello non ha recuperato alcuna informazione utile riguardo all'identificazione di Anastasia, al luogo in cui si trova, o all'evento di pianto. Mancano completamente le informazioni necessarie per determinare la posizione di Anastasia quando inizia a piangere. Pertanto, la comprensione è insufficiente."
qwen-30B,video007,2,La bambina ride prima o dopo essere caduta?,temporale,T1,T1,1,bambina; caduta,evento A: la bambina ride; evento B: la bambina cade,"riconoscere i due eventi oppure l'evento e l'ancora temporale; localizzarli nella sequenza; determinare la relazione prima/dopo, primo/secondo, corrente/precedente o il momento richiesto",localizzazione rispetto a un'ancora temporale esplicita oppure ordinamento pairwise tra due eventi/stati direttamente identificabili,two_intervals,2,esplicita,alta,"[""temporale""]",0,0,0,0,insufficiente,[],"['Identificazione della bambina', 'Evento della bambina che ride', 'Evento della bambina che cade', 'Relazione temporale tra i due eventi']","Il modello non ha recuperato alcuna informazione utile per rispondere alla domanda. Mancano sia le entità che gli eventi richiesti, e non è possibile determinare la relazione temporale tra il ridere e il cadere della bambina. Pertanto, la comprensione è insufficiente."
qwen-30B,video007,3,Perché Anastasia piange?,causale,C1,C1|T1,1,Anastasia,effetto da spiegare: Anastasia piange; causa/antecedente: da identificare nell'evidenza disponibile,riconoscere l'effetto; individuare un antecedente o stato direttamente osservabile/esplicitamente disponibile; verificare il nesso causale senza attribuire intenzioni o motivazioni non supportate,"collegamento causale diretto tra un antecedente esplicito e una conseguenza esplicita, con al massimo due unità di evidenza",two_intervals,2,parzialmente implicita,moderata,"[""causale"", ""temporale""]",0,0,0,0,insufficiente,[],"['Identificazione di Anastasia', 'Osservazione di Anastasia che piange', 'Identificazione di un evento o stato antecedente che spiega il pianto', ""Collegamento causale tra l'evento antecedente e il pianto""]","L'analisi del modello non ha recuperato alcuna informazione utile per rispondere alla domanda. Non sono state identificate né l'entità principale (Anastasia) né l'evento chiave (il pianto di Anastasia), né tantomeno un antecedente che possa spiegare il pianto. Di conseguenza, non è possibile stabilire alcun nesso causale. La rappresentazione è insufficiente per affrontare la domanda."
qwen-30B,video008,1,Dove mette 'spesa proletaria' l'uomo con la fascia rossa?,spaziale,S1,S1|T0,1,uomo con la fascia rossa; oggetto o denaro chiamato «spesa proletaria»,evento: l'uomo mette la «spesa proletaria» in un luogo; localizzazione della destinazione,"riconoscere l'evento o la relazione spaziale pertinente; allineare il referente all'intervallo locale; recuperare origine, destinazione, direzione, supporto o posizione richiesta",una relazione spaziale esplicita o una localizzazione condizionata da un singolo evento osservabile nello stesso intervallo locale,local_interval,1,esplicita,moderata,"[""spaziale"", ""temporale""]",0,0,0,0,insufficiente,[],"[""Identificazione dell'uomo con la fascia rossa come colui che interagisce con la 'spesa proletaria'."", ""Evento specifico in cui l'uomo con la fascia rossa mette la 'spesa proletaria' in un luogo."", ""Localizzazione della destinazione della 'spesa proletaria'."", ""Relazione spaziale esplicita tra l'uomo con la fascia rossa e la 'spesa proletaria'."", ""Descrizione dell'oggetto o denaro chiamato 'spesa proletaria'.""]","La rappresentazione del modello non recupera alcuna informazione specifica riguardante l'uomo con la fascia rossa che mette la 'spesa proletaria' in un luogo. Mancano sia l'identificazione dell'uomo con la fascia rossa in relazione alla 'spesa proletaria', sia l'evento specifico e la localizzazione della destinazione. Pertanto, la comprensione è insufficiente."
qwen-30B,video008,2,La donna con il grembiule rosso arriva prima o dopo che l'uomo con il gilet nero spieghi il piano di fuga all'uomo col completo?,temporale,T1,T1,1,donna con il grembiule rosso; uomo con il gilet nero; uomo con il completo; piano di fuga,evento A: la donna con il grembiule rosso arriva; evento B: l'uomo con il gilet nero spiega il piano di fuga all'uomo col completo,"riconoscere i due eventi oppure l'evento e l'ancora temporale; localizzarli nella sequenza; determinare la relazione prima/dopo, primo/secondo, corrente/precedente o il momento richiesto",localizzazione rispetto a un'ancora temporale esplicita oppure ordinamento pairwise tra due eventi/stati direttamente identificabili,two_intervals,2,esplicita,alta,"[""temporale""]",0,0,0,0,insufficiente,[],"['donna con il grembiule rosso', 'uomo con il gilet nero', 'uomo con il completo', 'piano di fuga', 'evento A: la donna con il grembiule rosso arriva', ""evento B: l'uomo con il gilet nero spiega il piano di fuga all'uomo col completo"", ""relazione temporale tra l'arrivo della donna e la spiegazione del piano di fuga""]","La rappresentazione del modello non include alcuna delle entità o degli eventi specifici richiesti dalla domanda. Non sono stati identificati né la donna con il grembiule rosso né l'uomo con il gilet nero, né tantomeno l'evento della spiegazione del piano di fuga. Di conseguenza, non è possibile determinare la relazione temporale richiesta dalla domanda."
qwen-30B,video008,3,Perché l'uomo con il completo grigio è preoccupato di finire 'elemosinaro'?,causale,C2,C2|T1,2,uomo con completo grigio; condizione di «elemosinaro»,effetto da spiegare: l'uomo teme di finire «elemosinaro»; causa/antecedente: da identificare nell'evidenza disponibile,riconoscere l'effetto o comportamento da spiegare; recuperare il contesto pertinente; inferire la causa/intenzione/motivazione solo se supportata dalle evidenze; evitare di colmare lacune con conoscenza non presente nel video,"la risposta richiede almeno un passaggio inferenziale implicito su motivazione, intenzione, stato mentale, valutazione sociale, finalità procedurale o relazione causale non direttamente osservabile",two_intervals,2,implicita,moderata,"[""causale"", ""temporale""]",0,0,0,0,insufficiente,[],"['Uomo con completo grigio', ""Condizione di 'elemosinaro'"", ""Effetto da spiegare: l'uomo teme di finire 'elemosinaro'"", ""Causa/antecedente del timore di finire 'elemosinaro'""]",La rappresentazione del modello non recupera alcuna informazione riguardante l'uomo con il completo grigio e il suo timore di finire 'elemosinaro'. Non sono presenti eventi o inferenze che possano spiegare la causa di tale preoccupazione. Mancano completamente le entità e gli eventi richiesti per affrontare la domanda.
qwen-30B,video009,1,Dove mette i 100 dollari l'uomo col cappello peloso?,spaziale,S1,S1|T0,1,uomo col cappello peloso; 100 dollari,evento: l'uomo mette i 100 dollari in un luogo; localizzazione della destinazione,"riconoscere l'evento o la relazione spaziale pertinente; allineare il referente all'intervallo locale; recuperare origine, destinazione, direzione, supporto o posizione richiesta",una relazione spaziale esplicita o una localizzazione condizionata da un singolo evento osservabile nello stesso intervallo locale,local_interval,1,esplicita,moderata,"[""spaziale"", ""temporale""]",0,0,0,0,insufficiente,[],"[""Identificazione dell'uomo col cappello peloso"", 'Individuazione dei 100 dollari', 'Evento di posizionamento dei 100 dollari', 'Localizzazione della destinazione dei 100 dollari']","La rappresentazione del modello non include alcuna informazione riguardante l'uomo col cappello peloso o i 100 dollari. Non è stato identificato l'evento in cui l'uomo mette i 100 dollari in un luogo, né è stata fornita alcuna localizzazione della destinazione. Pertanto, non è possibile eseguire l'inferenza richiesta per rispondere alla domanda."
qwen-30B,video009,2,L'uomo con il cappello peloso viene scambiato per omosessuale prima o dopo aver chiesto il cambio di camera?,temporale,T1,T1,1,uomo col cappello peloso; camera o richiesta di cambio,evento A: l'uomo viene scambiato per omosessuale; evento B: l'uomo chiede il cambio di camera,"riconoscere i due eventi oppure l'evento e l'ancora temporale; localizzarli nella sequenza; determinare la relazione prima/dopo, primo/secondo, corrente/precedente o il momento richiesto",localizzazione rispetto a un'ancora temporale esplicita oppure ordinamento pairwise tra due eventi/stati direttamente identificabili,two_intervals,2,esplicita,alta,"[""temporale""]",50,30,20,25,insufficiente,"['uomo con cappello di pelliccia identificato', 'interazioni tra receptionist e ospite']","[""evento in cui l'uomo viene scambiato per omosessuale"", ""evento in cui l'uomo chiede il cambio di camera"", 'relazione temporale tra i due eventi']","La rappresentazione del modello identifica l'uomo con il cappello di pelliccia e alcune interazioni generiche con il receptionist, ma non recupera gli eventi specifici richiesti dalla domanda, come l'essere scambiato per omosessuale o la richiesta di cambio camera. Inoltre, manca la relazione temporale tra questi eventi, rendendo impossibile determinare l'ordine richiesto dalla domanda."
qwen-30B,video009,3,Perché l'uomo con il cappello peloso urla 'a me non piacciono gli uomini'?,causale,C1,C1|T1,1,uomo col cappello peloso; uomini a cui fa riferimento,effetto da spiegare: l'uomo urla «a me non piacciono gli uomini»; causa/antecedente: da identificare nell'evidenza disponibile,riconoscere l'effetto; individuare un antecedente o stato direttamente osservabile/esplicitamente disponibile; verificare il nesso causale senza attribuire intenzioni o motivazioni non supportate,"collegamento causale diretto tra un antecedente esplicito e una conseguenza esplicita, con al massimo due unità di evidenza",two_intervals,2,parzialmente implicita,moderata,"[""causale"", ""temporale""]",80,50,30,40,parziale,"['uomo con cappello di pelliccia identificato', 'uomo con cappellino identificato', 'uomo con cappello di pelliccia parla e gesticola']","[""evento specifico in cui l'uomo urla 'a me non piacciono gli uomini'"", ""causa o antecedente specifico che porta l'uomo a urlare"", ""nesso causale tra un evento e l'urlo dell'uomo""]","Il modello ha identificato correttamente l'uomo con il cappello di pelliccia e alcune interazioni generali, ma manca l'evento specifico in cui l'uomo urla 'a me non piacciono gli uomini'. Inoltre, non è stato identificato un antecedente o una causa specifica che porti a questo urlo, né è stato stabilito un nesso causale chiaro. La comprensione è quindi parziale, con elementi fondamentali mancanti per rispondere alla domanda."
qwen-30B,video010,1,Da dove scende l'acqua?,spaziale,S1,S1|T0,1,acqua; punto o struttura da cui scende,evento: l'acqua scende; localizzazione del punto di origine,"riconoscere l'evento o la relazione spaziale pertinente; allineare il referente all'intervallo locale; recuperare origine, destinazione, direzione, supporto o posizione richiesta",una relazione spaziale esplicita o una localizzazione condizionata da un singolo evento osservabile nello stesso intervallo locale,local_interval,1,esplicita,moderata,"[""spaziale"", ""temporale""]",100,100,90,90,sufficiente,"[""Entità 'acqua' identificata come 'pioggia'."", ""Evento di 'pioggia che cade' osservato."", ""Relazione spaziale tra 'pioggia' e 'alberi' (pioggia cade su alberi)."", 'Soffitto danneggiato con pioggia che entra nel corridoio.']","[""Esplicita menzione del soffitto come punto di origine dell'acqua.""]","Il modello ha identificato correttamente l'entità 'acqua' come 'pioggia' e ha osservato l'evento di pioggia che cade. Ha anche riconosciuto la relazione spaziale tra la pioggia e gli alberi, e il soffitto danneggiato che permette alla pioggia di entrare nel corridoio. Tuttavia, manca un'esplicita menzione del soffitto come punto di origine dell'acqua, che è un'informazione chiave per rispondere alla domanda. Nonostante ciò, la rappresentazione è sufficiente per affrontare la domanda."
qwen-30B,video010,2,I familiari dei pazienti denunciano i danni all'ospedale prima o dopo che piova?,temporale,T1,T1,1,familiari dei pazienti; danni all'ospedale,evento A: i familiari denunciano i danni all'ospedale; evento B: piove,"riconoscere i due eventi oppure l'evento e l'ancora temporale; localizzarli nella sequenza; determinare la relazione prima/dopo, primo/secondo, corrente/precedente o il momento richiesto",localizzazione rispetto a un'ancora temporale esplicita oppure ordinamento pairwise tra due eventi/stati direttamente identificabili,two_intervals,2,esplicita,alta,"[""temporale""]",0,50,0,20,insufficiente,['Evento B: pioggia intensa con vento (E0001)'],"[""Evento A: i familiari denunciano i danni all'ospedale"", 'Relazione temporale tra evento A e evento B']","Il modello ha identificato l'evento della pioggia, ma non ha recuperato l'evento in cui i familiari denunciano i danni all'ospedale. Senza questo evento, non è possibile determinare la relazione temporale richiesta dalla domanda. Pertanto, la comprensione complessiva è insufficiente."
qwen-30B,video010,3,Perché i pazienti e i familiari sono arrabbiati?,causale,C2,C2|T1,2,pazienti; familiari; ospedale; danni o condizioni problematiche,effetto da spiegare: pazienti e familiari sono arrabbiati; causa/antecedente: da identificare nell'evidenza disponibile,riconoscere l'effetto o comportamento da spiegare; recuperare il contesto pertinente; inferire la causa/intenzione/motivazione solo se supportata dalle evidenze; evitare di colmare lacune con conoscenza non presente nel video,"la risposta richiede almeno un passaggio inferenziale implicito su motivazione, intenzione, stato mentale, valutazione sociale, finalità procedurale o relazione causale non direttamente osservabile",two_intervals,2,implicita,moderata,"[""causale"", ""temporale""]",0,0,0,0,insufficiente,[],"['Pazienti e familiari', 'Ospedale', 'Danni o condizioni problematiche', 'Effetto da spiegare: pazienti e familiari sono arrabbiati', ""Causa/antecedente: da identificare nell'evidenza disponibile""]","La rappresentazione del modello non include alcuna informazione sui pazienti, i familiari o l'ospedale, né sugli stati emotivi o le cause della loro rabbia. Mancano completamente le entità e gli eventi necessari per rispondere alla domanda, e non è possibile eseguire alcuna inferenza causale o motivazionale basata sull'analisi fornita. Pertanto, la comprensione è insufficiente."
qwen-30B,video011,1,Dove si trova il cellulare?,spaziale,S0,S0,0,cellulare; luogo o superficie in cui si trova,localizzazione del cellulare,identificare il referente target; recuperare una singola evidenza spaziale direttamente osservabile; restituire la localizzazione senza confronto tra fasi,recupero spaziale diretto da una singola evidenza stabile; nessun confronto temporale o ricostruzione di stato,single_frame,1,esplicita,nessuna,"[""spaziale""]",100,100,100,100,completa,"['Il telefono è identificato come entità e2.', ""Il telefono è tenuto in mano dall'uomo (e1) in diversi segmenti."", ""La localizzazione del telefono è esplicitamente osservata in mano all'uomo.""]",[],"Il modello ha recuperato tutte le informazioni necessarie per rispondere alla domanda. Il telefono è chiaramente identificato e localizzato in mano all'uomo in più segmenti, soddisfacendo pienamente i requisiti di entità, eventi e inferenza. La rappresentazione è completa e coerente con la domanda."
qwen-30B,video011,2,La figlia si arrabbia prima o dopo aver chiamato il padre?,temporale,T1,T1,1,figlia; padre,evento A: la figlia si arrabbia; evento B: la figlia chiama il padre,"riconoscere i due eventi oppure l'evento e l'ancora temporale; localizzarli nella sequenza; determinare la relazione prima/dopo, primo/secondo, corrente/precedente o il momento richiesto",localizzazione rispetto a un'ancora temporale esplicita oppure ordinamento pairwise tra due eventi/stati direttamente identificabili,two_intervals,2,esplicita,alta,"[""temporale""]",0,0,0,0,insufficiente,[],"['Identificazione della figlia', 'Identificazione del padre', 'Evento in cui la figlia si arrabbia', 'Evento in cui la figlia chiama il padre', 'Relazione temporale tra i due eventi']","La rappresentazione del modello non include alcuna informazione riguardante la figlia o il padre, né gli eventi specifici di arrabbiarsi o chiamare. Mancano completamente le entità e gli eventi richiesti per determinare la relazione temporale tra l'arrabbiarsi della figlia e la chiamata al padre. Pertanto, la comprensione è insufficiente."
qwen-30B,video011,3,Perché la figlia dice al padre 'scandaloso'?,causale,C2,C2|T1,2,figlia; padre; comportamento giudicato «scandaloso»,effetto da spiegare: la figlia dice al padre «scandaloso»; causa/antecedente: da identificare nell'evidenza disponibile,riconoscere l'effetto o comportamento da spiegare; recuperare il contesto pertinente; inferire la causa/intenzione/motivazione solo se supportata dalle evidenze; evitare di colmare lacune con conoscenza non presente nel video,"la risposta richiede almeno un passaggio inferenziale implicito su motivazione, intenzione, stato mentale, valutazione sociale, finalità procedurale o relazione causale non direttamente osservabile",two_intervals,2,implicita,moderata,"[""causale"", ""temporale""]",50,40,30,35,parziale,"['uomo che guarda il telefono', ""ragazza che osserva l'uomo"", 'uomo che parla e gesticola']","[""figlia che dice 'scandaloso'"", ""comportamento specifico giudicato 'scandaloso'"", ""motivazione o causa per cui la figlia dice 'scandaloso'""]","La rappresentazione del modello include alcune entità e azioni rilevanti, come l'uomo che guarda il telefono e la ragazza che lo osserva, ma manca l'evento chiave in cui la figlia dice 'scandaloso'. Inoltre, non è chiaro quale comportamento specifico sia giudicato 'scandaloso', né è presente un'inferenza chiara che spieghi la motivazione dietro l'affermazione della figlia. La comprensione è quindi parziale, con elementi fondamentali mancanti per rispondere alla domanda."
qwen-30B,video012,1,Dove viene applicato l'ombretto dorato?,spaziale,S1,S1|T0,1,ombretto dorato; parte del volto o della palpebra; applicatrice,evento: applicazione dell'ombretto dorato; localizzazione della zona di applicazione,"riconoscere l'evento o la relazione spaziale pertinente; allineare il referente all'intervallo locale; recuperare origine, destinazione, direzione, supporto o posizione richiesta",una relazione spaziale esplicita o una localizzazione condizionata da un singolo evento osservabile nello stesso intervallo locale,local_interval,1,esplicita,moderata,"[""spaziale"", ""temporale""]",50,70,40,50,parziale,"[""Una persona applica un prodotto cosmetico sull'occhio (segment_0000)."", 'Apparizione di una paletta ombretti e applicazione di ombretto (segment_0001).', ""Applicazione di ombretto sull'occhio (segment_0003).""]","[""Identificazione specifica dell'ombretto dorato."", ""Localizzazione precisa della parte del volto o della palpebra dove viene applicato l'ombretto dorato."", ""Conferma che l'ombretto applicato sia dorato.""]","Il modello ha identificato l'applicazione di un prodotto cosmetico sull'occhio e l'uso di una paletta ombretti, ma non ha specificato che l'ombretto applicato sia dorato né ha localizzato precisamente la parte del volto o della palpebra. Mancano dettagli cruciali per determinare dove viene applicato l'ombretto dorato."
qwen-30B,video012,2,La base viene stesa prima o dopo l'ombretto sulla palpebra?,temporale,T1,T1,1,base per il trucco; ombretto; palpebra,evento A: viene stesa la base; evento B: viene applicato l'ombretto sulla palpebra,"riconoscere i due eventi oppure l'evento e l'ancora temporale; localizzarli nella sequenza; determinare la relazione prima/dopo, primo/secondo, corrente/precedente o il momento richiesto",localizzazione rispetto a un'ancora temporale esplicita oppure ordinamento pairwise tra due eventi/stati direttamente identificabili,two_intervals,2,esplicita,alta,"[""temporale""]",100,100,100,100,completa,"['Entità: base per il trucco, ombretto, palpebra.', 'Evento A: applicazione della base (segmento 0000).', ""Evento B: applicazione dell'ombretto (segmenti 0001-0009)."", 'Relazione temporale: Evento A (base) avviene prima di Evento B (ombretto).']",[],"Il modello ha identificato correttamente tutte le entità richieste, ha riconosciuto gli eventi di applicazione della base e dell'ombretto, e ha determinato la relazione temporale tra questi eventi. La rappresentazione è completa e sufficiente per rispondere alla domanda."
qwen-30B,video012,3,Perché la donna decide di non partire dal fondotinta?,causale,C2,C2|T1,2,donna che si trucca; fondotinta,effetto da spiegare: la donna decide di non iniziare dal fondotinta; causa/antecedente: da identificare nell'evidenza disponibile,riconoscere l'effetto o comportamento da spiegare; recuperare il contesto pertinente; inferire la causa/intenzione/motivazione solo se supportata dalle evidenze; evitare di colmare lacune con conoscenza non presente nel video,"la risposta richiede almeno un passaggio inferenziale implicito su motivazione, intenzione, stato mentale, valutazione sociale, finalità procedurale o relazione causale non direttamente osservabile",two_intervals,2,implicita,moderata,"[""causale"", ""temporale""]",50,50,20,30,insufficiente,"[""La donna applica un prodotto cosmetico sull'occhio."", 'La donna utilizza una paletta di ombretti e una spazzola per applicare il trucco.']","['Non è stato identificato il fondotinta come entità specifica.', 'Non è stato osservato un evento in cui la donna decide di non partire dal fondotinta.', 'Non ci sono inferenze sulle motivazioni della donna per non iniziare dal fondotinta.']","La rappresentazione del modello include alcune azioni di trucco, ma manca l'identificazione specifica del fondotinta e l'evento chiave della decisione di non iniziare con esso. Inoltre, non ci sono inferenze sulle motivazioni della donna, che sono cruciali per rispondere alla domanda."
qwen-30B,video013,1,Dove vengono aggiunti i due cucchiai in più di farina?,spaziale,S1,S1|T0,1,due cucchiai aggiuntivi di farina; donna che cucina,evento: aggiunta di due cucchiai di farina; localizzazione del recipiente di destinazione,"riconoscere l'evento o la relazione spaziale pertinente; allineare il referente all'intervallo locale; recuperare origine, destinazione, direzione, supporto o posizione richiesta",una relazione spaziale esplicita o una localizzazione condizionata da un singolo evento osservabile nello stesso intervallo locale,local_interval,1,esplicita,moderata,"[""spaziale"", ""temporale""]",0,0,0,0,insufficiente,[],"['Due cucchiai aggiuntivi di farina', 'Evento di aggiunta di due cucchiai di farina', 'Localizzazione del recipiente di destinazione per i due cucchiai di farina']","La rappresentazione del modello non include alcuna informazione riguardante l'aggiunta di due cucchiai di farina, né identifica il recipiente in cui questi vengono aggiunti. Mancano completamente le entità e gli eventi specifici richiesti dalla domanda, rendendo impossibile eseguire l'inferenza necessaria per rispondere alla domanda."
qwen-30B,video013,2,La donna parla dello zucchero di canna prima o dopo aver rotto le uova?,temporale,T1,T1,1,donna; zucchero di canna; uova,evento A: la donna parla dello zucchero di canna; evento B: la donna rompe le uova,"riconoscere i due eventi oppure l'evento e l'ancora temporale; localizzarli nella sequenza; determinare la relazione prima/dopo, primo/secondo, corrente/precedente o il momento richiesto",localizzazione rispetto a un'ancora temporale esplicita oppure ordinamento pairwise tra due eventi/stati direttamente identificabili,two_intervals,2,esplicita,alta,"[""temporale""]",0,50,0,20,insufficiente,['Evento B: la donna rompe le uova (E0001)'],"['Evento A: la donna parla dello zucchero di canna', 'Relazione temporale tra evento A e evento B']","Il modello ha identificato l'evento in cui la donna rompe le uova, ma manca completamente l'evento in cui la donna parla dello zucchero di canna. Senza questo evento, non è possibile determinare la relazione temporale richiesta dalla domanda. Pertanto, la comprensione è insufficiente per affrontare la domanda."
qwen-30B,video013,3,Perché la farina viene messa dopo lo zucchero?,causale,C2,C2|T1,2,farina; zucchero,effetto da spiegare: la farina viene aggiunta dopo lo zucchero; causa/antecedente: da identificare nell'evidenza disponibile,riconoscere l'effetto o comportamento da spiegare; recuperare il contesto pertinente; inferire la causa/intenzione/motivazione solo se supportata dalle evidenze; evitare di colmare lacune con conoscenza non presente nel video,"la risposta richiede almeno un passaggio inferenziale implicito su motivazione, intenzione, stato mentale, valutazione sociale, finalità procedurale o relazione causale non direttamente osservabile",two_intervals,2,implicita,moderata,"[""causale"", ""temporale""]",50,60,30,40,parziale,"['Lo zucchero viene aggiunto prima della farina.', 'La farina viene aggiunta dopo lo zucchero.']",['Motivazione o causa per cui la farina viene aggiunta dopo lo zucchero.'],"Il modello ha identificato correttamente che lo zucchero viene aggiunto prima della farina, ma non ha fornito alcuna motivazione o causa per questa sequenza. Mancano informazioni cruciali per inferire il motivo della sequenza degli ingredienti, che è il cuore della domanda."
qwen-30B,video014,1,Dove va messa la piantina?,spaziale,S1,S1|T0,1,piantina; terreno o buca di trapianto; uomo che esegue il trapianto,evento: collocazione della piantina; localizzazione del punto di trapianto,"riconoscere l'evento o la relazione spaziale pertinente; allineare il referente all'intervallo locale; recuperare origine, destinazione, direzione, supporto o posizione richiesta",una relazione spaziale esplicita o una localizzazione condizionata da un singolo evento osservabile nello stesso intervallo locale,local_interval,1,esplicita,moderata,"[""spaziale"", ""temporale""]",100,100,100,100,completa,"['Entità: piantina, terreno, uomo che esegue il trapianto (segment_0004, segment_0008, segment_0009)', 'Evento: collocazione della piantina nel terreno (segment_0004, segment_0008, segment_0009)', 'Relazione spaziale: piantina dentro il terreno (segment_0004, segment_0008, segment_0009)']",[],"Tutti i requisiti della domanda sono stati completamente recuperati. Le entità necessarie, come la piantina, il terreno e l'uomo che esegue il trapianto, sono chiaramente identificate. Gli eventi di collocazione della piantina nel terreno sono osservati e descritti nei segmenti pertinenti. Le relazioni spaziali richieste sono esplicitamente rappresentate, permettendo di inferire correttamente la posizione della piantina. La rappresentazione è sufficiente per affrontare la domanda in modo completo."
qwen-30B,video014,2,L'uomo trova l'animale trasparente prima o dopo aver piantato la lattuga?,temporale,T1,T1,1,uomo; animale trasparente; lattuga,evento A: l'uomo trova l'animale trasparente; evento B: l'uomo pianta la lattuga,"riconoscere i due eventi oppure l'evento e l'ancora temporale; localizzarli nella sequenza; determinare la relazione prima/dopo, primo/secondo, corrente/precedente o il momento richiesto",localizzazione rispetto a un'ancora temporale esplicita oppure ordinamento pairwise tra due eventi/stati direttamente identificabili,two_intervals,2,esplicita,alta,"[""temporale""]",0,0,0,0,insufficiente,[],"['Entità: animale trasparente', ""Evento A: l'uomo trova l'animale trasparente"", ""Evento B: l'uomo pianta la lattuga"", 'Relazione temporale tra evento A e evento B']","La rappresentazione del modello non include alcuna informazione sull'animale trasparente o sull'evento in cui l'uomo lo trova. Inoltre, non c'è evidenza dell'evento specifico di piantare la lattuga. Senza questi elementi, non è possibile determinare la relazione temporale richiesta dalla domanda."
qwen-30B,video014,3,Perché la tecnica di trapiantare solo due dita va bene sulla piantina mostrata?,causale,C2,C2|T1,2,tecnica di trapianto a due dita; piantina; apparato radicale o dimensioni della pianta,effetto da spiegare: la tecnica a due dita è adatta alla piantina; causa/antecedente: da identificare nell'evidenza disponibile,riconoscere l'effetto o comportamento da spiegare; recuperare il contesto pertinente; inferire la causa/intenzione/motivazione solo se supportata dalle evidenze; evitare di colmare lacune con conoscenza non presente nel video,"la risposta richiede almeno un passaggio inferenziale implicito su motivazione, intenzione, stato mentale, valutazione sociale, finalità procedurale o relazione causale non direttamente osservabile",two_intervals,2,implicita,moderata,"[""causale"", ""temporale""]",50,40,30,35,parziale,"['Piantina con radici e terriccio attaccato', 'Persona che tiene la piantina', 'Piantina piantata nel terreno']","['Dettagli sulla tecnica di trapianto a due dita', 'Motivazione per cui la tecnica è adatta alla piantina', ""Dimensioni specifiche dell'apparato radicale o della pianta""]","La rappresentazione del modello include alcune entità come la piantina e il terriccio, ma manca di dettagli specifici sulla tecnica di trapianto a due dita e sulla motivazione per cui è adatta. Gli eventi di piantare e tenere la piantina sono presenti, ma non sono sufficientemente collegati alla tecnica specifica richiesta dalla domanda. L'inferenza sulla motivazione o l'efficacia della tecnica non è supportata dalle evidenze disponibili."
qwen-30B,video015,1,Dove fanno esercizi le ginnaste dell'Eterea?,spaziale,S0,S0,0,ginnaste dell'Eterea,evento: le ginnaste fanno esercizi; localizzazione del luogo,identificare il referente target; recuperare una singola evidenza spaziale direttamente osservabile; restituire la localizzazione senza confronto tra fasi,recupero spaziale diretto da una singola evidenza stabile; nessun confronto temporale o ricostruzione di stato,single_frame,1,esplicita,nessuna,"[""spaziale""]",80,70,60,65,sufficiente,"['Ginnaste eseguono esercizi di ginnastica con elastici (segment_0004)', 'Allenatrice aiuta atleta a fare esercizio (segment_0003)', 'Ginnaste eseguono esercizi di flessibilità (segment_0008)']","[""Identificazione esplicita delle 'ginnaste dell'Eterea'"", 'Localizzazione specifica del luogo degli esercizi']","Il modello ha identificato correttamente le ginnaste che eseguono esercizi e ha riconosciuto l'azione di fare esercizi con elastici. Tuttavia, manca l'identificazione esplicita delle 'ginnaste dell'Eterea' e la localizzazione specifica del luogo in cui si svolgono gli esercizi. Queste lacune impediscono una comprensione completa della domanda, ma la rappresentazione è sufficiente per affrontare la domanda in modo parziale."
qwen-30B,video015,2,Quando si è qualificata alla fase nazionale la squadra di ginnaste?,temporale,T1,T1,1,squadra di ginnaste; fase nazionale,evento target: la squadra si qualifica alla fase nazionale; riferimento temporale: data o periodo indicato nel video,"riconoscere i due eventi oppure l'evento e l'ancora temporale; localizzarli nella sequenza; determinare la relazione prima/dopo, primo/secondo, corrente/precedente o il momento richiesto",localizzazione rispetto a un'ancora temporale esplicita oppure ordinamento pairwise tra due eventi/stati direttamente identificabili,two_intervals,2,parzialmente implicita,alta,"[""temporale""]",0,0,0,0,insufficiente,[],"['squadra di ginnaste', 'fase nazionale', 'evento di qualificazione alla fase nazionale', 'riferimento temporale specifico per la qualificazione']","La rappresentazione del modello non include alcuna informazione riguardante la qualificazione della squadra di ginnaste alla fase nazionale, né fornisce un riferimento temporale specifico per tale evento. Mancano completamente le entità e gli eventi richiesti per rispondere alla domanda."
qwen-30B,video015,3,Perché Alice Caldora è stata premiata nel 2016?,causale,C1,C1|T1,1,Alice Caldora; premio; anno 2016,effetto da spiegare: Alice Caldora viene premiata nel 2016; causa/antecedente: da identificare nell'evidenza disponibile,riconoscere l'effetto; individuare un antecedente o stato direttamente osservabile/esplicitamente disponibile; verificare il nesso causale senza attribuire intenzioni o motivazioni non supportate,"collegamento causale diretto tra un antecedente esplicito e una conseguenza esplicita, con al massimo due unità di evidenza",two_intervals,2,parzialmente implicita,moderata,"[""causale"", ""temporale""]",0,0,0,0,insufficiente,[],"['Alice Caldora', 'premio', 'anno 2016', 'evento di premiazione', 'causa della premiazione']","La rappresentazione del modello non recupera alcuna informazione rilevante per rispondere alla domanda. Non sono identificate le entità chiave come Alice Caldora, il premio o l'anno 2016. Inoltre, non ci sono eventi o cause che possano spiegare perché Alice Caldora sia stata premiata nel 2016. La mancanza di queste informazioni fondamentali rende impossibile affrontare la domanda."
qwen-30B,video016,1,Dove viene messo il pepe macinato al momento?,spaziale,S1,S1|T0,1,pepe macinato al momento,evento: aggiunta del pepe macinato; localizzazione della pietanza o del recipiente,"riconoscere l'evento o la relazione spaziale pertinente; allineare il referente all'intervallo locale; recuperare origine, destinazione, direzione, supporto o posizione richiesta",una relazione spaziale esplicita o una localizzazione condizionata da un singolo evento osservabile nello stesso intervallo locale,local_interval,1,esplicita,moderata,"[""spaziale"", ""temporale""]",50,70,60,60,sufficiente,"['Evento di aggiunta del pepe alla carne (segmento 0004)', 'Localizzazione della carne come destinatario del pepe']","['Esplicita menzione del pepe macinato al momento', 'Dettagli sulla macinazione del pepe']","Il modello ha identificato l'evento di aggiunta del pepe alla carne e la localizzazione della carne come destinatario, ma manca l'esplicita menzione del pepe macinato al momento. L'inferenza sulla destinazione del pepe è possibile, ma non completamente supportata da dettagli espliciti sulla macinazione. La rappresentazione è sufficiente per affrontare la domanda, ma con alcune lacune."
qwen-30B,video016,2,Il pepe viene macinato prima o dopo che si mette a fare il brodo vegetale?,temporale,T1,T1,1,pepe; brodo vegetale; uomo che cucina,evento A: il pepe viene macinato; evento B: viene messo a fare il brodo vegetale,"riconoscere i due eventi oppure l'evento e l'ancora temporale; localizzarli nella sequenza; determinare la relazione prima/dopo, primo/secondo, corrente/precedente o il momento richiesto",localizzazione rispetto a un'ancora temporale esplicita oppure ordinamento pairwise tra due eventi/stati direttamente identificabili,two_intervals,2,esplicita,alta,"[""temporale""]",0,50,20,30,insufficiente,['Evento B: brodo vegetale bolle in una pentola (E0006)'],"['Evento A: il pepe viene macinato', 'Relazione temporale tra macinazione del pepe e preparazione del brodo vegetale']","Il modello ha identificato l'evento di preparazione del brodo vegetale, ma manca completamente l'evento di macinazione del pepe. Senza entrambi gli eventi, non è possibile determinare la relazione temporale richiesta dalla domanda. Pertanto, la comprensione è insufficiente."
qwen-30B,video016,3,Perché l'uomo taglia una quantità superiore di sedano?,causale,C2,C2|T1,2,uomo che cucina; sedano; quantità necessaria; brodo o preparazione,effetto da spiegare: l'uomo taglia più sedano; causa/antecedente: da identificare nell'evidenza disponibile,riconoscere l'effetto o comportamento da spiegare; recuperare il contesto pertinente; inferire la causa/intenzione/motivazione solo se supportata dalle evidenze; evitare di colmare lacune con conoscenza non presente nel video,"la risposta richiede almeno un passaggio inferenziale implicito su motivazione, intenzione, stato mentale, valutazione sociale, finalità procedurale o relazione causale non direttamente osservabile",two_intervals,2,implicita,moderata,"[""causale"", ""temporale""]",40,50,30,35,parziale,"['Presenza di un uomo che cucina con grembiule e occhiali.', 'Presenza di sedano come ingrediente.', 'Azione di tagliare il sedano.']","['Quantità di sedano tagliata rispetto a quella necessaria.', 'Contesto del brodo o preparazione specifica.', 'Motivazione o causa per cui viene tagliata una quantità superiore di sedano.']","Il modello ha identificato alcune entità e azioni rilevanti, come l'uomo che cucina e il sedano, ma manca di informazioni cruciali come la quantità di sedano tagliata rispetto a quella necessaria e il contesto specifico della preparazione. Inoltre, non è stata inferita alcuna motivazione o causa per l'azione di tagliare una quantità superiore di sedano. Queste lacune impediscono una comprensione completa della domanda."
qwen-30B,video017,1,Dove si trovano le biglie?,spaziale,S0,S0,0,biglie; contenitore o superficie in cui si trovano,localizzazione delle biglie,identificare il referente target; recuperare una singola evidenza spaziale direttamente osservabile; restituire la localizzazione senza confronto tra fasi,recupero spaziale diretto da una singola evidenza stabile; nessun confronto temporale o ricostruzione di stato,single_frame,1,esplicita,nessuna,"[""spaziale""]",0,0,0,0,insufficiente,[],"['Presenza delle biglie', 'Localizzazione delle biglie', 'Contenitore o superficie in cui si trovano le biglie']","La rappresentazione del modello non include alcuna informazione riguardante le biglie, la loro localizzazione o il contenitore/superficie in cui si trovano. Pertanto, non è possibile rispondere alla domanda sulla base dei dati forniti."
qwen-30B,video017,2,La donna guarda la foto prima o dopo aver chiuso il manuale?,temporale,T1,T1,1,donna; foto; manuale,evento A: la donna guarda la foto; evento B: la donna chiude il manuale,"riconoscere i due eventi oppure l'evento e l'ancora temporale; localizzarli nella sequenza; determinare la relazione prima/dopo, primo/secondo, corrente/precedente o il momento richiesto",localizzazione rispetto a un'ancora temporale esplicita oppure ordinamento pairwise tra due eventi/stati direttamente identificabili,two_intervals,2,esplicita,alta,"[""temporale""]",0,0,0,0,insufficiente,[],"['Identificazione della donna che guarda la foto', ""Identificazione dell'evento in cui la donna chiude il manuale"", 'Relazione temporale tra la donna che guarda la foto e la chiusura del manuale']","Il modello non ha identificato né la donna che guarda la foto né l'evento in cui la donna chiude il manuale. Inoltre, manca la relazione temporale tra questi due eventi, che è cruciale per rispondere alla domanda. Pertanto, la rappresentazione è insufficiente per affrontare la domanda."
qwen-30B,video017,3,Perché il padre ironizza sul futuro da architetto del figlio?,causale,C2,C2|T1,2,padre; futuro da architetto,effetto da spiegare: il padre ironizza sul futuro da architetto del figlio; causa/antecedente: da identificare nell'evidenza disponibile,riconoscere l'effetto o comportamento da spiegare; recuperare il contesto pertinente; inferire la causa/intenzione/motivazione solo se supportata dalle evidenze; evitare di colmare lacune con conoscenza non presente nel video,"la risposta richiede almeno un passaggio inferenziale implicito su motivazione, intenzione, stato mentale, valutazione sociale, finalità procedurale o relazione causale non direttamente osservabile",two_intervals,2,implicita,moderata,"[""causale"", ""temporale""]",0,0,0,0,insufficiente,[],"['Identificazione del padre e del figlio', 'Evento di ironia sul futuro da architetto', ""Contesto che giustifica l'ironia"", ""Motivazione o causa dell'ironia""]","La rappresentazione del modello non recupera alcuna informazione rilevante per la domanda. Non sono identificati il padre e il figlio, né l'evento di ironia sul futuro da architetto. Mancano completamente il contesto e la motivazione che giustificherebbero l'ironia. Pertanto, la comprensione è insufficiente."
qwen-30B,video018,1,Dove si siede l'uomo per lavorare?,spaziale,S1,S1|T0,1,uomo; seduta o postazione; luogo di lavoro,evento: l'uomo si siede per lavorare; localizzazione della seduta,"riconoscere l'evento o la relazione spaziale pertinente; allineare il referente all'intervallo locale; recuperare origine, destinazione, direzione, supporto o posizione richiesta",una relazione spaziale esplicita o una localizzazione condizionata da un singolo evento osservabile nello stesso intervallo locale,local_interval,1,esplicita,moderata,"[""spaziale"", ""temporale""]",100,100,100,100,completa,"[""L'uomo è identificato come seduto a una scrivania (segment_0008, segment_0009)."", ""L'uomo è visto scrivere a una scrivania (segment_0008, segment_0009)."", ""La relazione spaziale tra l'uomo e la scrivania è chiaramente descritta (segment_0008, segment_0009).""]",[],"Tutti i requisiti della domanda sono stati completamente recuperati. L'uomo è chiaramente identificato come seduto a una scrivania, e l'evento di scrivere è osservato in più segmenti. Le relazioni spaziali e temporali sono ben definite, permettendo di inferire correttamente la posizione dell'uomo mentre lavora."
qwen-30B,video018,2,L'uomo dà i suoi omaggi alla donna prima o dopo essersi seduto?,temporale,T1,T1,1,uomo; donna; omaggi; seduta,evento A: l'uomo porge i suoi omaggi alla donna; evento B: l'uomo si siede,"riconoscere i due eventi oppure l'evento e l'ancora temporale; localizzarli nella sequenza; determinare la relazione prima/dopo, primo/secondo, corrente/precedente o il momento richiesto",localizzazione rispetto a un'ancora temporale esplicita oppure ordinamento pairwise tra due eventi/stati direttamente identificabili,two_intervals,2,esplicita,alta,"[""temporale""]",50,30,20,25,insufficiente,"[""L'uomo si alza dalla sedia (segment_0000)"", 'La donna rimane in piedi (segment_0000)']","[""L'uomo porge i suoi omaggi alla donna"", ""L'uomo si siede"", ""Relazione temporale tra l'uomo che porge i suoi omaggi e l'uomo che si siede""]","La rappresentazione del modello identifica l'uomo e la donna, ma non recupera l'evento in cui l'uomo porge i suoi omaggi alla donna, né l'evento in cui l'uomo si siede. Senza questi eventi, non è possibile determinare la relazione temporale richiesta dalla domanda. La mancanza di questi elementi fondamentali rende la comprensione insufficiente."
qwen-30B,video018,3,Perché la donna crede che l'uomo voglia stare solo?,causale,C2,C2|T1,2,donna; uomo,effetto da spiegare: la donna crede che l'uomo voglia stare solo; causa/antecedente: da identificare nell'evidenza disponibile,riconoscere l'effetto o comportamento da spiegare; recuperare il contesto pertinente; inferire la causa/intenzione/motivazione solo se supportata dalle evidenze; evitare di colmare lacune con conoscenza non presente nel video,"la risposta richiede almeno un passaggio inferenziale implicito su motivazione, intenzione, stato mentale, valutazione sociale, finalità procedurale o relazione causale non direttamente osservabile",two_intervals,2,implicita,moderata,"[""causale"", ""temporale""]",80,70,50,60,sufficiente,"['Identificazione delle entità: uomo e donna presenti nei segmenti.', ""Eventi osservati: l'uomo si alza dalla sedia, si allontana dalla donna, si avvicina al tavolo e scrive."", ""La donna osserva l'uomo mentre scrive.""]","[""Motivazione o causa per cui la donna crede che l'uomo voglia stare solo."", ""Esplicita connessione tra l'azione dell'uomo e la percezione della donna.""]","Il modello ha identificato correttamente le entità e gli eventi principali, come l'uomo che si allontana e scrive, e la donna che osserva. Tuttavia, manca l'inferenza chiave che spieghi perché la donna crede che l'uomo voglia stare solo. Senza questa connessione, la comprensione è limitata, ma sufficiente per riconoscere il contesto generale."
qwen-30B,video019,1,Dove appoggia il libro il padre?,spaziale,S1,S1|T0,1,padre; libro; superficie o luogo di appoggio,evento: il padre appoggia il libro; localizzazione della superficie,"riconoscere l'evento o la relazione spaziale pertinente; allineare il referente all'intervallo locale; recuperare origine, destinazione, direzione, supporto o posizione richiesta",una relazione spaziale esplicita o una localizzazione condizionata da un singolo evento osservabile nello stesso intervallo locale,local_interval,1,esplicita,moderata,"[""spaziale"", ""temporale""]",0,0,0,0,insufficiente,[],"['Presenza del padre', 'Presenza del libro', 'Evento di appoggio del libro', 'Superficie o luogo di appoggio del libro']","La rappresentazione del modello non include alcuna informazione riguardante il padre, il libro o l'evento di appoggio del libro. Non sono presenti neanche riferimenti a una superficie o luogo di appoggio. Pertanto, nessuno dei requisiti necessari per rispondere alla domanda è stato recuperato."
qwen-30B,video019,2,Si mangerà prima o dopo che il papà avrà lavorato?,temporale,T1,T1,1,famiglia o persone che mangeranno; papà; lavoro,evento A: si mangia; evento B: il papà lavora,"riconoscere i due eventi oppure l'evento e l'ancora temporale; localizzarli nella sequenza; determinare la relazione prima/dopo, primo/secondo, corrente/precedente o il momento richiesto",localizzazione rispetto a un'ancora temporale esplicita oppure ordinamento pairwise tra due eventi/stati direttamente identificabili,two_intervals,2,esplicita,alta,"[""temporale""]",0,0,0,0,insufficiente,[],"['Entità: famiglia o persone che mangeranno, papà, lavoro.', 'Eventi: evento A (si mangia), evento B (il papà lavora).', 'Inferenza: relazione temporale tra mangiare e lavorare.']","La rappresentazione del modello non include alcuna informazione rilevante per la domanda. Non sono state identificate le entità chiave come il papà o il contesto del lavoro, né gli eventi di mangiare o lavorare. Di conseguenza, non è possibile determinare la relazione temporale richiesta dalla domanda."
qwen-30B,video019,3,Perché l'uomo dice alla bambina di guardare le figure?,causale,C2,C2|T1,2,uomo o padre; bambina; libro; figure,effetto da spiegare: l'uomo dice alla bambina di guardare le figure; causa/antecedente: da identificare nell'evidenza disponibile,riconoscere l'effetto o comportamento da spiegare; recuperare il contesto pertinente; inferire la causa/intenzione/motivazione solo se supportata dalle evidenze; evitare di colmare lacune con conoscenza non presente nel video,"la risposta richiede almeno un passaggio inferenziale implicito su motivazione, intenzione, stato mentale, valutazione sociale, finalità procedurale o relazione causale non direttamente osservabile",two_intervals,2,implicita,moderata,"[""causale"", ""temporale""]",50,70,40,45,parziale,"['Presenza di un adulto e una bambina', 'Interazione tra adulto e bambina con un libro', ""L'adulto porge un libro alla bambina"", 'La bambina tiene il libro']","[""Motivazione esplicita dell'adulto nel dire alla bambina di guardare le figure"", ""Contesto specifico che spiega l'intenzione dell'adulto"", 'Dettagli sulle figure nel libro']","Il modello ha identificato le entità principali e alcuni eventi rilevanti, come l'interazione tra l'adulto e la bambina con il libro. Tuttavia, manca l'informazione cruciale sulla motivazione dell'adulto nel dire alla bambina di guardare le figure, che è essenziale per rispondere alla domanda. L'inferenza richiesta non è supportata da evidenze sufficienti nel video."
qwen-30B,video020,1,Da dove è caduto 'Caruso' secondo il professore?,spaziale,S1,S1|T0,1,Caruso; professore; luogo o struttura da cui sarebbe caduto,evento riportato: Caruso cade; localizzazione del punto di origine secondo il professore,"riconoscere l'evento o la relazione spaziale pertinente; allineare il referente all'intervallo locale; recuperare origine, destinazione, direzione, supporto o posizione richiesta",una relazione spaziale esplicita o una localizzazione condizionata da un singolo evento osservabile nello stesso intervallo locale,local_interval,1,parzialmente implicita,moderata,"[""spaziale"", ""temporale""]",0,0,0,0,insufficiente,[],"['Caruso', 'professore', 'luogo o struttura da cui sarebbe caduto', 'evento riportato: Caruso cade', 'localizzazione del punto di origine secondo il professore']","La rappresentazione del modello non include alcuna informazione riguardante 'Caruso', il professore, o l'evento di una caduta. Non ci sono riferimenti a un luogo o struttura da cui Caruso sarebbe caduto, né a una localizzazione del punto di origine secondo il professore. Pertanto, nessuno dei requisiti necessari per rispondere alla domanda è stato recuperato."
qwen-30B,video020,2,La classe fa casino prima o dopo il botto?,temporale,T1,T1,1,classe; botto,evento A: la classe fa confusione; evento B: si sente il botto,"riconoscere i due eventi oppure l'evento e l'ancora temporale; localizzarli nella sequenza; determinare la relazione prima/dopo, primo/secondo, corrente/precedente o il momento richiesto",localizzazione rispetto a un'ancora temporale esplicita oppure ordinamento pairwise tra due eventi/stati direttamente identificabili,two_intervals,2,esplicita,alta,"[""temporale""]",0,0,0,0,insufficiente,[],"['Evento A: la classe fa confusione', 'Evento B: si sente il botto', 'Relazione temporale tra la confusione della classe e il botto']","Il modello non ha identificato né l'evento della classe che fa confusione né l'evento del botto. Inoltre, non è stata stabilita alcuna relazione temporale tra questi eventi. Senza queste informazioni, non è possibile determinare se la classe fa casino prima o dopo il botto."
qwen-30B,video020,3,Perché accorre il collaboratore scolastico preoccupato?,causale,C1,C1|T1,1,collaboratore scolastico; classe o luogo del rumore; botto,effetto da spiegare: il collaboratore accorre preoccupato; causa/antecedente: da identificare nell'evidenza disponibile,riconoscere l'effetto; individuare un antecedente o stato direttamente osservabile/esplicitamente disponibile; verificare il nesso causale senza attribuire intenzioni o motivazioni non supportate,"collegamento causale diretto tra un antecedente esplicito e una conseguenza esplicita, con al massimo due unità di evidenza",two_intervals,2,parzialmente implicita,moderata,"[""causale"", ""temporale""]",0,0,0,0,insufficiente,[],"['collaboratore scolastico', 'classe o luogo del rumore', 'botto', 'effetto da spiegare: il collaboratore accorre preoccupato', ""causa/antecedente: da identificare nell'evidenza disponibile""]","La rappresentazione del modello non include alcuna informazione riguardante il collaboratore scolastico, il luogo del rumore o un evento di ""botto"" che possa spiegare la preoccupazione del collaboratore. Non sono stati identificati né l'effetto (il collaboratore che accorre preoccupato) né un antecedente che possa essere collegato causalmente a tale effetto. Pertanto, la comprensione è insufficiente per affrontare la domanda."
qwen-30B,video021,1,Dove è rivolto lo sguardo di Italo quando la donna lo rimprovera di guardarla?,spaziale,S1,S1|T0,1,Italo; donna che lo rimprovera; direzione dello sguardo,evento contestuale: la donna rimprovera Italo perché la guarda; localizzazione della direzione dello sguardo,"riconoscere l'evento o la relazione spaziale pertinente; allineare il referente all'intervallo locale; recuperare origine, destinazione, direzione, supporto o posizione richiesta",una relazione spaziale esplicita o una localizzazione condizionata da un singolo evento osservabile nello stesso intervallo locale,local_interval,2,esplicita,moderata,"[""spaziale"", ""temporale""]",100,80,70,75,sufficiente,"['Italo (uomo con capelli grigi, tuta blu)', 'donna (capelli castani ricci, camicetta marrone)', 'Italo guarda verso il basso', 'donna parla con Italo']",['Evento specifico in cui la donna rimprovera Italo per averla guardata'],"Il modello ha identificato correttamente le entità principali, Italo e la donna, e ha osservato che Italo guarda verso il basso mentre la donna parla con lui. Tuttavia, manca l'evento specifico in cui la donna rimprovera Italo per averla guardata, che è cruciale per determinare la direzione dello sguardo di Italo in quel momento. L'inferenza sulla direzione dello sguardo è parzialmente supportata, ma non completamente esplicitata nel contesto richiesto dalla domanda."
qwen-30B,video021,2,Cosa deve fare Italo prima di 'rimettere piede' in casa?,temporale,T1,T1,1,Italo; casa,evento target: Italo rimette piede in casa; prerequisito: azione che deve compiere prima,"riconoscere i due eventi oppure l'evento e l'ancora temporale; localizzarli nella sequenza; determinare la relazione prima/dopo, primo/secondo, corrente/precedente o il momento richiesto",localizzazione rispetto a un'ancora temporale esplicita oppure ordinamento pairwise tra due eventi/stati direttamente identificabili,two_intervals,2,esplicita,alta,"[""temporale""]",0,0,0,0,insufficiente,[],"['Italo', 'Casa', 'Evento target: Italo rimette piede in casa', 'Azione che Italo deve compiere prima di rimettere piede in casa', ""Relazione temporale tra l'azione e l'evento target""]","La rappresentazione del modello non include alcuna informazione su Italo, la casa o l'evento di 'rimettere piede' in casa. Non sono presenti eventi o azioni che possano essere collegati a Italo o alla sua interazione con una casa. Mancano completamente le informazioni necessarie per determinare cosa Italo debba fare prima di rientrare in casa."
qwen-30B,video021,3,Perché la donna si arrabbia con Italo?,causale,C2,C2|T1,2,donna; Italo; comportamento o sguardo di Italo,effetto da spiegare: la donna si arrabbia con Italo; causa/antecedente: da identificare nell'evidenza disponibile,riconoscere l'effetto o comportamento da spiegare; recuperare il contesto pertinente; inferire la causa/intenzione/motivazione solo se supportata dalle evidenze; evitare di colmare lacune con conoscenza non presente nel video,"la risposta richiede almeno un passaggio inferenziale implicito su motivazione, intenzione, stato mentale, valutazione sociale, finalità procedurale o relazione causale non direttamente osservabile",two_intervals,2,implicita,moderata,"[""causale"", ""temporale""]",50,40,30,35,parziale,"[""La donna e l'uomo sono identificati come entità principali."", ""La donna parla con l'uomo in più segmenti."", ""L'uomo guarda verso il basso in più occasioni.""]","['Non è chiaro il motivo per cui la donna si arrabbia con Italo.', 'Non ci sono evidenze di un cambiamento emotivo della donna che indichi rabbia.', ""Non è presente un evento specifico che causi l'arrabbiatura della donna.""]","La rappresentazione del modello identifica correttamente le entità principali e alcune interazioni tra di loro, come il parlare e il guardare verso il basso. Tuttavia, manca l'elemento chiave della domanda: il motivo per cui la donna si arrabbia con Italo. Non ci sono evidenze di un cambiamento emotivo che indichi rabbia, né un evento specifico che possa essere interpretato come causa dell'arrabbiatura. Pertanto, la comprensione è parziale."
qwen-30B,video022,1,Dove si sono incontrati Scott e Luis per la prima volta?,spaziale,S2,S2|T1,2,Scott; Luis; luogo del primo incontro,evento: primo incontro tra Scott e Luis; localizzazione del luogo,identificare l'ancora temporale; recuperare lo stato spaziale nella fase richiesta; confrontare le fasi pertinenti senza introdurre cambiamenti non osservati,recupero spaziale condizionato da una fase precedente/successiva/iniziale o dal primo occorrere di un evento; richiede confronto tra almeno due stati temporali,two_intervals,2,esplicita,alta,"[""spaziale"", ""temporale""]",0,0,0,0,insufficiente,[],"['Identificazione di Scott e Luis', 'Luogo del primo incontro tra Scott e Luis', 'Evento del primo incontro tra Scott e Luis', 'Localizzazione del luogo del primo incontro', 'Confronto tra fasi temporali per identificare il primo incontro']","La rappresentazione del modello non recupera alcuna informazione specifica riguardante Scott, Luis o il luogo del loro primo incontro. Non ci sono eventi o entità che possano essere associati a un primo incontro tra due persone specifiche. Inoltre, manca la capacità di confrontare fasi temporali per determinare il primo incontro. Pertanto, la comprensione è insufficiente per affrontare la domanda."
qwen-30B,video022,2,La moglie di Scott lo ha lasciato prima o dopo che Scott incontrasse Luis per la prima volta?,temporale,T1,T1,1,Scott; moglie di Scott; Luis,evento A: la moglie lascia Scott; evento B: Scott incontra Luis per la prima volta,"riconoscere i due eventi oppure l'evento e l'ancora temporale; localizzarli nella sequenza; determinare la relazione prima/dopo, primo/secondo, corrente/precedente o il momento richiesto",localizzazione rispetto a un'ancora temporale esplicita oppure ordinamento pairwise tra due eventi/stati direttamente identificabili,two_intervals,2,esplicita,alta,"[""temporale""]",0,0,0,0,insufficiente,[],"['Identificazione di Scott', 'Identificazione della moglie di Scott', 'Identificazione di Luis', 'Evento A: la moglie lascia Scott', 'Evento B: Scott incontra Luis per la prima volta', 'Relazione temporale tra evento A e evento B']","Il modello non ha recuperato alcuna informazione rilevante per rispondere alla domanda. Non sono state identificate le entità chiave (Scott, sua moglie, Luis) né gli eventi richiesti (la moglie lascia Scott, Scott incontra Luis). Di conseguenza, non è possibile determinare la relazione temporale tra gli eventi."
qwen-30B,video022,3,Perché Scott è triste mentre guarda i fogli in prigione?,causale,C2,C2|T1,2,Scott; fogli; prigione; contenuto dei fogli,effetto da spiegare: Scott è triste mentre guarda i fogli in prigione; causa/antecedente: da identificare nell'evidenza disponibile,riconoscere l'effetto o comportamento da spiegare; recuperare il contesto pertinente; inferire la causa/intenzione/motivazione solo se supportata dalle evidenze; evitare di colmare lacune con conoscenza non presente nel video,"la risposta richiede almeno un passaggio inferenziale implicito su motivazione, intenzione, stato mentale, valutazione sociale, finalità procedurale o relazione causale non direttamente osservabile",two_intervals,2,implicita,moderata,"[""causale"", ""temporale""]",50,40,20,30,insufficiente,['Scott è in prigione e guarda un documento.'],"['Identificazione chiara di Scott.', 'Espressione di tristezza di Scott.', 'Contenuto dei fogli.', 'Causa della tristezza di Scott.']","Il modello ha identificato che Scott è in prigione e guarda un documento, ma non ha recuperato informazioni sul contenuto dei fogli o sull'espressione di tristezza di Scott. Mancano elementi chiave per inferire la causa della sua tristezza, rendendo la comprensione insufficiente."
qwen-30B,video023,1,Da dove cade la bambina?,spaziale,S1,S1|T0,1,bambina; punto o struttura da cui cade,evento: la bambina cade; localizzazione del punto di origine,"riconoscere l'evento o la relazione spaziale pertinente; allineare il referente all'intervallo locale; recuperare origine, destinazione, direzione, supporto o posizione richiesta",una relazione spaziale esplicita o una localizzazione condizionata da un singolo evento osservabile nello stesso intervallo locale,local_interval,1,esplicita,moderata,"[""spaziale"", ""temporale""]",0,0,0,0,insufficiente,[],"['Evento della caduta della bambina', 'Punto o struttura da cui la bambina cade', 'Relazione spaziale della caduta', 'Localizzazione del punto di origine della caduta']","L'analisi del modello non recupera alcuna informazione riguardante l'evento della caduta della bambina, né identifica il punto o la struttura da cui cade. Mancano completamente le relazioni spaziali e temporali necessarie per determinare l'origine della caduta. Pertanto, la rappresentazione è insufficiente per affrontare la domanda."
qwen-30B,video023,2,La donna dice ad 'Ani' di salire prima o dopo essere scesa nell'acqua?,temporale,T1,T1,1,donna; Ani; acqua,evento A: la donna dice ad Ani di salire; evento B: la donna scende nell'acqua,"riconoscere i due eventi oppure l'evento e l'ancora temporale; localizzarli nella sequenza; determinare la relazione prima/dopo, primo/secondo, corrente/precedente o il momento richiesto",localizzazione rispetto a un'ancora temporale esplicita oppure ordinamento pairwise tra due eventi/stati direttamente identificabili,two_intervals,2,esplicita,alta,"[""temporale""]",0,0,0,0,insufficiente,[],"['Identificazione della donna', ""Identificazione di 'Ani'"", 'Evento in cui la donna dice ad Ani di salire', ""Evento in cui la donna scende nell'acqua"", 'Relazione temporale tra i due eventi']","La rappresentazione del modello non include alcuna informazione riguardante la donna, 'Ani', o gli eventi specifici richiesti dalla domanda. Non ci sono evidenze di un dialogo o di un'azione che coinvolga la donna che dice ad 'Ani' di salire, né di un evento in cui la donna scende nell'acqua. Pertanto, non è possibile determinare la relazione temporale richiesta dalla domanda."
qwen-30B,video023,3,Perché la donna ringrazia Anastasia?,causale,C1,C1|T1,1,donna; Anastasia; azione compiuta da Anastasia,effetto da spiegare: la donna ringrazia Anastasia; causa/antecedente: da identificare nell'evidenza disponibile,riconoscere l'effetto; individuare un antecedente o stato direttamente osservabile/esplicitamente disponibile; verificare il nesso causale senza attribuire intenzioni o motivazioni non supportate,"collegamento causale diretto tra un antecedente esplicito e una conseguenza esplicita, con al massimo due unità di evidenza",two_intervals,2,parzialmente implicita,moderata,"[""causale"", ""temporale""]",0,0,0,0,insufficiente,[],"['Identificazione della donna e di Anastasia', 'Azione compiuta da Anastasia', 'Evento del ringraziamento della donna', 'Causa o antecedente del ringraziamento']","La rappresentazione del modello non include alcuna informazione riguardante la donna, Anastasia, o l'azione che ha portato al ringraziamento. Mancano completamente le entità e gli eventi necessari per stabilire un nesso causale tra un'azione di Anastasia e il ringraziamento della donna. Pertanto, la comprensione è insufficiente."
qwen-30B,video024,1,Le bambine e la nonna stanno giocando dentro casa o fuori in giardino?,spaziale,S0,S0,0,bambine; nonna; casa; giardino,evento: bambine e nonna giocano; scelta tra localizzazione interna alla casa ed esterna in giardino,identificare il referente target; recuperare una singola evidenza spaziale direttamente osservabile; restituire la localizzazione senza confronto tra fasi,recupero spaziale diretto da una singola evidenza stabile; nessun confronto temporale o ricostruzione di stato,single_frame,1,esplicita,nessuna,"[""spaziale""]",80,70,60,65,sufficiente,"['Presenza di una bambina e una donna (probabilmente la nonna) che sorridono e ballano.', 'Descrizione di un ambiente interno con elementi come una finestra e un letto.']","[""Conferma esplicita che l'attività si svolge in casa o in giardino."", ""Descrizione chiara e diretta dell'ambiente come interno o esterno.""]","Il modello ha identificato correttamente le entità principali (bambina e nonna) e ha descritto alcune attività come sorridere e ballare. Tuttavia, manca una chiara evidenza che confermi se l'attività si svolge dentro casa o fuori in giardino. La presenza di elementi come una finestra e un letto suggerisce un ambiente interno, ma non è esplicitamente confermato. Pertanto, la comprensione è sufficiente ma non completa."
qwen-30B,video024,2,Alla nonna gira la testa prima o dopo essersi coperta gli occhi?,temporale,T1,T1,1,nonna; testa; occhi o mascherina,evento A: alla nonna gira la testa; evento B: la nonna si copre gli occhi,"riconoscere i due eventi oppure l'evento e l'ancora temporale; localizzarli nella sequenza; determinare la relazione prima/dopo, primo/secondo, corrente/precedente o il momento richiesto",localizzazione rispetto a un'ancora temporale esplicita oppure ordinamento pairwise tra due eventi/stati direttamente identificabili,two_intervals,2,esplicita,alta,"[""temporale""]",0,50,0,20,insufficiente,"['Evento A: alla nonna gira la testa (segment_0009, 27.0-29.0)']","['Evento B: la nonna si copre gli occhi', 'Relazione temporale tra evento A e evento B']","Il modello ha identificato l'evento in cui alla nonna gira la testa, ma non ha recuperato l'evento in cui la nonna si copre gli occhi. Senza entrambi gli eventi, non è possibile determinare la relazione temporale richiesta dalla domanda. Pertanto, la comprensione è insufficiente per rispondere alla domanda."
qwen-30B,video024,3,Perché la nonna porta la mascherina sugli occhi?,causale,C2,C2|T1,2,nonna; mascherina sugli occhi; bambine o gioco,effetto da spiegare: la nonna porta la mascherina sugli occhi; causa/antecedente: da identificare nell'evidenza disponibile,riconoscere l'effetto o comportamento da spiegare; recuperare il contesto pertinente; inferire la causa/intenzione/motivazione solo se supportata dalle evidenze; evitare di colmare lacune con conoscenza non presente nel video,"la risposta richiede almeno un passaggio inferenziale implicito su motivazione, intenzione, stato mentale, valutazione sociale, finalità procedurale o relazione causale non direttamente osservabile",two_intervals,2,implicita,moderata,"[""causale"", ""temporale""]",70,60,40,50,parziale,"['La nonna indossa una mascherina chirurgica.', 'La nonna balla con una bambina.']","['Motivazione per cui la nonna indossa la mascherina sugli occhi.', ""Contesto di gioco che spieghi l'uso della mascherina sugli occhi.""]","Il modello ha identificato correttamente la nonna e la mascherina, ma non ha fornito informazioni sufficienti per inferire la motivazione o il contesto per cui la nonna indossa la mascherina sugli occhi. Mancano elementi chiave per comprendere il contesto di gioco o la causa specifica di questo comportamento."
qwen-30B,video025,1,Dove si trova lo scivolo?,spaziale,S0,S0,0,scivolo,localizzazione dello scivolo,identificare il referente target; recuperare una singola evidenza spaziale direttamente osservabile; restituire la localizzazione senza confronto tra fasi,recupero spaziale diretto da una singola evidenza stabile; nessun confronto temporale o ricostruzione di stato,single_frame,1,esplicita,nessuna,"[""spaziale""]",0,0,0,0,insufficiente,[],"['Identificazione dello scivolo', 'Localizzazione spaziale dello scivolo']","Il modello non ha recuperato alcuna informazione utile riguardo alla presenza o alla localizzazione dello scivolo nel video. Non sono state identificate né l'entità 'scivolo' né la sua posizione spaziale, che erano i requisiti fondamentali per rispondere alla domanda. Pertanto, la comprensione è insufficiente."
qwen-30B,video025,2,La bambina con il costume azzurro va sullo scivolo prima o dopo che Aria saluti la donna?,temporale,T1,T1,1,bambina con il costume azzurro; scivolo; Aria; donna,evento A: la bambina va sullo scivolo; evento B: Aria saluta la donna,"riconoscere i due eventi oppure l'evento e l'ancora temporale; localizzarli nella sequenza; determinare la relazione prima/dopo, primo/secondo, corrente/precedente o il momento richiesto",localizzazione rispetto a un'ancora temporale esplicita oppure ordinamento pairwise tra due eventi/stati direttamente identificabili,two_intervals,2,esplicita,alta,"[""temporale""]",0,0,0,0,insufficiente,[],"['bambina con il costume azzurro', 'scivolo', 'Aria', 'donna', 'evento A: la bambina va sullo scivolo', 'evento B: Aria saluta la donna', 'relazione temporale tra gli eventi']","Il modello non ha recuperato alcuna informazione rilevante per rispondere alla domanda. Mancano completamente le entità chiave, gli eventi specifici e la relazione temporale richiesta. Di conseguenza, non è possibile eseguire l'inferenza necessaria per determinare l'ordine degli eventi."
qwen-30B,video025,3,Perché la mamma fa i complimenti alla bambina?,causale,C1,C1|T1,1,mamma; bambina; azione o risultato della bambina,effetto da spiegare: la mamma fa i complimenti alla bambina; causa/antecedente: da identificare nell'evidenza disponibile,riconoscere l'effetto; individuare un antecedente o stato direttamente osservabile/esplicitamente disponibile; verificare il nesso causale senza attribuire intenzioni o motivazioni non supportate,"collegamento causale diretto tra un antecedente esplicito e una conseguenza esplicita, con al massimo due unità di evidenza",two_intervals,2,parzialmente implicita,moderata,"[""causale"", ""temporale""]",0,0,0,0,insufficiente,[],"['Identificazione della mamma e della bambina', 'Azione o risultato della bambina che giustifica i complimenti', 'Evento dei complimenti della mamma alla bambina', ""Collegamento causale tra l'azione della bambina e i complimenti della mamma""]","L'analisi del modello non ha recuperato alcuna informazione utile riguardo alle entità, agli eventi o alle inferenze necessarie per rispondere alla domanda. Non sono state identificate né la mamma né la bambina, né l'azione o il risultato che giustifica i complimenti, né l'evento dei complimenti stessi. Di conseguenza, non è possibile stabilire alcun collegamento causale. La rappresentazione è quindi insufficiente."
qwen-30B,video026,1,Dove deve rilasciare liberi i pesi l'uomo sull'attrezzo?,spaziale,S1,S1|T0,1,uomo sull'attrezzo; pesi; punto o posizione di rilascio,evento: rilascio libero dei pesi; localizzazione del punto in cui devono essere lasciati,"riconoscere l'evento o la relazione spaziale pertinente; allineare il referente all'intervallo locale; recuperare origine, destinazione, direzione, supporto o posizione richiesta",una relazione spaziale esplicita o una localizzazione condizionata da un singolo evento osservabile nello stesso intervallo locale,local_interval,1,esplicita,moderata,"[""spaziale"", ""temporale""]",0,0,0,0,insufficiente,[],"[""uomo sull'attrezzo"", 'pesi', 'punto o posizione di rilascio', 'evento di rilascio libero dei pesi', 'localizzazione del punto di rilascio', ""riconoscimento dell'evento di rilascio o relazione spaziale pertinente""]","La rappresentazione del modello non include alcuna informazione riguardante il rilascio dei pesi o la posizione in cui dovrebbero essere rilasciati. Mancano completamente le entità e gli eventi specifici richiesti dalla domanda, rendendo impossibile eseguire l'inferenza necessaria."
qwen-30B,video026,2,Dopo quale ripetizione il pelato dà assistenza?,temporale,T2,T2,2,uomo pelato che assiste; ripetizioni,evento target: il pelato presta assistenza; riferimento temporale: numero della ripetizione dopo cui interviene,"riconoscere gli eventi o stati pertinenti; ricostruire l'evoluzione temporale necessaria; calcolare conteggio/durata oppure distinguere onset, continuazione e stato già completato","durata, conteggio/iterazione, selezione del primo onset tra più candidati o ricostruzione di uno stato già in corso/completato",multi_event_sequence,>=3,esplicita,alta,"[""temporale""]",50,30,20,30,insufficiente,"[""Presenza dell'uomo pelato (allenatore) e dell'allenato"", 'Esecuzione di esercizi di press a sedere']","['Conteggio delle ripetizioni', ""Momento specifico in cui l'allenatore presta assistenza"", 'Riferimento temporale preciso legato alle ripetizioni']","La rappresentazione del modello identifica correttamente le entità principali, come l'uomo pelato e l'allenato, e descrive l'esecuzione di esercizi. Tuttavia, manca il conteggio delle ripetizioni e il momento specifico in cui l'allenatore presta assistenza, che sono cruciali per rispondere alla domanda. L'inferenza temporale necessaria per determinare dopo quale ripetizione l'assistenza viene fornita non è supportata dai dati disponibili."
qwen-30B,video026,3,Perché l'uomo in piedi dice che 'ora è bello per lo spotter'?,causale,C2,C2|T1,2,uomo in piedi; spotter,effetto da spiegare: l'uomo dice «ora è bello per lo spotter»; causa/antecedente: da identificare nell'evidenza disponibile,riconoscere l'effetto o comportamento da spiegare; recuperare il contesto pertinente; inferire la causa/intenzione/motivazione solo se supportata dalle evidenze; evitare di colmare lacune con conoscenza non presente nel video,"la risposta richiede almeno un passaggio inferenziale implicito su motivazione, intenzione, stato mentale, valutazione sociale, finalità procedurale o relazione causale non direttamente osservabile",two_intervals,2,implicita,moderata,"[""causale"", ""temporale""]",0,0,0,0,insufficiente,[],"[""Identificazione dell'uomo in piedi come colui che dice 'ora è bello per lo spotter'."", 'Identificazione dello spotter o del contesto in cui lo spotter è rilevante.', ""Evento specifico in cui l'uomo dice 'ora è bello per lo spotter'."", ""Causa o contesto che giustifica la frase 'ora è bello per lo spotter'.""]","La rappresentazione del modello non recupera alcuna informazione specifica riguardante l'uomo in piedi che dice 'ora è bello per lo spotter', né identifica lo spotter o il contesto pertinente. Mancano completamente gli eventi e le inferenze necessarie per affrontare la domanda."
qwen-30B,video027,1,Dove indica di dormire l'uomo?,spaziale,S1,S1|T0,1,uomo; luogo o superficie indicata per dormire,evento: l'uomo indica dove dormire; localizzazione del luogo indicato,"riconoscere l'evento o la relazione spaziale pertinente; allineare il referente all'intervallo locale; recuperare origine, destinazione, direzione, supporto o posizione richiesta",una relazione spaziale esplicita o una localizzazione condizionata da un singolo evento osservabile nello stesso intervallo locale,local_interval,1,parzialmente implicita,moderata,"[""spaziale"", ""temporale""]",0,0,0,0,insufficiente,[],"[""L'uomo che indica un luogo per dormire"", 'Luogo o superficie indicata per dormire', ""Evento di indicazione da parte dell'uomo"", ""Relazione spaziale tra l'uomo e il luogo indicato""]","La rappresentazione del modello non include alcuna informazione riguardante l'uomo che indica un luogo per dormire. Non sono stati identificati né l'evento di indicazione né il luogo o superficie specifica per dormire. Pertanto, non è possibile eseguire l'inferenza richiesta per rispondere alla domanda."
qwen-30B,video027,2,La ragazza ride prima o dopo aver aperto la porta?,temporale,T1,T1,1,ragazza; porta,evento A: la ragazza ride; evento B: la ragazza apre la porta,"riconoscere i due eventi oppure l'evento e l'ancora temporale; localizzarli nella sequenza; determinare la relazione prima/dopo, primo/secondo, corrente/precedente o il momento richiesto",localizzazione rispetto a un'ancora temporale esplicita oppure ordinamento pairwise tra due eventi/stati direttamente identificabili,two_intervals,2,esplicita,alta,"[""temporale""]",50,50,30,40,parziale,"['La ragazza ride (evento A) è stato identificato nel segmento 0004.', ""La ragazza apre l'armadio (evento B) è stato identificato nel segmento 0003.""]","[""Non è stata identificata l'apertura di una porta, solo di un armadio."", ""Non è stata stabilita una relazione temporale chiara tra il ridere e l'apertura della porta.""]","Il modello ha identificato l'evento del ridere della ragazza e l'apertura di un armadio, ma non ha identificato l'apertura di una porta. Inoltre, manca una chiara relazione temporale tra il ridere e l'apertura della porta, che è cruciale per rispondere alla domanda. Pertanto, la comprensione è parziale."
qwen-30B,video027,3,Perché la ragazza trova la situazione divertente?,causale,C2,C2|T1,2,ragazza; situazione osservata,effetto da spiegare: la ragazza trova la situazione divertente; causa/antecedente: da identificare nell'evidenza disponibile,riconoscere l'effetto o comportamento da spiegare; recuperare il contesto pertinente; inferire la causa/intenzione/motivazione solo se supportata dalle evidenze; evitare di colmare lacune con conoscenza non presente nel video,"la risposta richiede almeno un passaggio inferenziale implicito su motivazione, intenzione, stato mentale, valutazione sociale, finalità procedurale o relazione causale non direttamente osservabile",two_intervals,2,implicita,moderata,"[""causale"", ""temporale""]",80,70,60,65,sufficiente,"['La ragazza (e1) è identificata e descritta in vari segmenti.', 'La ragazza ride in diversi segmenti, indicando che trova qualcosa divertente.', ""L'uomo (e2) parla e gesticola, e la ragazza ride mentre lui parla.""]","['Motivazione specifica per cui la ragazza trova la situazione divertente.', ""Dettagli sul contenuto del dialogo tra la ragazza e l'uomo che potrebbero spiegare la risata."", ""Contesto completo che collega il comportamento dell'uomo alla risata della ragazza.""]","La rappresentazione visuale identifica correttamente la ragazza e il suo comportamento di ridere, ma manca di dettagli specifici sul motivo per cui trova la situazione divertente. Sebbene ci siano inferenze che collegano il parlare dell'uomo alla risata della ragazza, non ci sono evidenze sufficienti per determinare la causa esatta della sua reazione. Pertanto, la comprensione è sufficiente ma non completa."
qwen-30B,video028,1,Dove vengono messe le banane?,spaziale,S1,S1|T0,1,banane,evento: le banane vengono messe in un luogo; localizzazione della destinazione,"riconoscere l'evento o la relazione spaziale pertinente; allineare il referente all'intervallo locale; recuperare origine, destinazione, direzione, supporto o posizione richiesta",una relazione spaziale esplicita o una localizzazione condizionata da un singolo evento osservabile nello stesso intervallo locale,local_interval,1,esplicita,moderata,"[""spaziale"", ""temporale""]",100,100,100,100,completa,"['Le banane sono identificate come entità (e2) nel segmento 0004.', ""L'evento di mettere le banane in una borsa di carta è descritto nel segmento 0006."", ""La relazione spaziale delle banane all'interno della borsa di carta è esplicitamente indicata.""]",[],"Tutti i requisiti della domanda sono stati completamente recuperati. Le banane sono chiaramente identificate, l'evento di metterle in una borsa di carta è descritto, e la relazione spaziale è esplicitamente indicata. La rappresentazione del modello è sufficiente per rispondere alla domanda."
qwen-30B,video028,2,I due uomini con gli occhiali si accordano su cosa prendere prima o dopo aver salutato l'uomo con il grembiule giallo?,temporale,T1,T1,1,due uomini con gli occhiali; uomo con il grembiule giallo; oggetti da prendere,evento A: i due uomini si accordano su cosa prendere; evento B: salutano l'uomo con il grembiule giallo,"riconoscere i due eventi oppure l'evento e l'ancora temporale; localizzarli nella sequenza; determinare la relazione prima/dopo, primo/secondo, corrente/precedente o il momento richiesto",localizzazione rispetto a un'ancora temporale esplicita oppure ordinamento pairwise tra due eventi/stati direttamente identificabili,two_intervals,2,esplicita,alta,"[""temporale""]",80,50,40,45,parziale,"['Due uomini con gli occhiali sono identificati come clienti.', ""L'uomo con il grembiule giallo è identificato come negoziante."", 'Interazione tra negoziante e clienti osservata.']","['Accordo tra i due uomini su cosa prendere non è esplicitamente osservato.', ""Saluto all'uomo con il grembiule giallo non è esplicitamente osservato."", 'Relazione temporale tra accordo e saluto non è determinata.']","Il modello ha identificato correttamente le entità principali e ha osservato interazioni tra di loro, ma non ha recuperato gli eventi specifici richiesti dalla domanda, come l'accordo su cosa prendere e il saluto. Inoltre, manca la determinazione della relazione temporale tra questi eventi, che è cruciale per rispondere alla domanda."
qwen-30B,video028,3,Perché l'uomo con gli occhiali chiede le banane all'uomo con il grembiule giallo?,causale,C2,C2|T1,2,uomo con gli occhiali; uomo con il grembiule giallo; banane,effetto da spiegare: l'uomo con gli occhiali chiede le banane; causa/antecedente: da identificare nell'evidenza disponibile,riconoscere l'effetto o comportamento da spiegare; recuperare il contesto pertinente; inferire la causa/intenzione/motivazione solo se supportata dalle evidenze; evitare di colmare lacune con conoscenza non presente nel video,"la risposta richiede almeno un passaggio inferenziale implicito su motivazione, intenzione, stato mentale, valutazione sociale, finalità procedurale o relazione causale non direttamente osservabile",two_intervals,2,implicita,moderata,"[""causale"", ""temporale""]",80,60,40,50,parziale,"['uomo con gli occhiali identificato come cliente con cappello grigio e occhiali', 'uomo con il grembiule giallo identificato come commesso', 'banane identificate come oggetto mostrato dal commesso']","[""L'evento specifico in cui l'uomo con gli occhiali chiede le banane non è esplicitamente descritto"", ""La motivazione o causa per cui l'uomo con gli occhiali chiede le banane non è inferita""]","Il modello ha identificato correttamente le entità principali, come l'uomo con gli occhiali e l'uomo con il grembiule giallo, e ha riconosciuto le banane come oggetto. Tuttavia, manca l'evento specifico in cui l'uomo con gli occhiali chiede le banane, e non è stata inferita una motivazione o causa per questa richiesta. La rappresentazione è quindi parziale, con una copertura insufficiente degli eventi e delle inferenze necessarie per rispondere alla domanda."
qwen-30B,video029,1,Dove si trova il tabaccaio?,spaziale,S0,S0,0,tabaccaio; luogo in cui si trova,localizzazione del tabaccaio,identificare il referente target; recuperare una singola evidenza spaziale direttamente osservabile; restituire la localizzazione senza confronto tra fasi,recupero spaziale diretto da una singola evidenza stabile; nessun confronto temporale o ricostruzione di stato,single_frame,1,esplicita,nessuna,"[""spaziale""]",0,0,0,0,insufficiente,[],"['Identificazione del tabaccaio', 'Localizzazione del tabaccaio']","Il modello non ha recuperato alcuna informazione riguardante il tabaccaio o la sua localizzazione. Non ci sono riferimenti a un tabaccaio nei segmenti analizzati, né eventi o relazioni spaziali che possano indicare la sua posizione. Pertanto, la rappresentazione visuale è insufficiente per affrontare la domanda."
qwen-30B,video029,2,Il tabaccaio si arrabbia prima o dopo che il signore con la maglia a righe dia indicazioni?,temporale,T1,T1,1,tabaccaio; signore con la maglia a righe; indicazioni,evento A: il tabaccaio si arrabbia; evento B: il signore con la maglia a righe dà indicazioni,"riconoscere i due eventi oppure l'evento e l'ancora temporale; localizzarli nella sequenza; determinare la relazione prima/dopo, primo/secondo, corrente/precedente o il momento richiesto",localizzazione rispetto a un'ancora temporale esplicita oppure ordinamento pairwise tra due eventi/stati direttamente identificabili,two_intervals,2,esplicita,alta,"[""temporale""]",0,0,0,0,insufficiente,[],"['Identificazione del tabaccaio', 'Identificazione del signore con la maglia a righe', 'Evento in cui il tabaccaio si arrabbia', 'Evento in cui il signore con la maglia a righe dà indicazioni', 'Relazione temporale tra i due eventi']","La rappresentazione del modello non include né l'identificazione del tabaccaio né del signore con la maglia a righe. Inoltre, non sono stati rilevati gli eventi specifici richiesti dalla domanda, ovvero il tabaccaio che si arrabbia e il signore che dà indicazioni. Senza questi elementi, non è possibile determinare la relazione temporale richiesta dalla domanda."
qwen-30B,video029,3,Perché il signore con la camicia bianca urla al tabaccaio?,causale,C2,C2|T1,2,signore con la camicia bianca; situazione o indicazioni,effetto da spiegare: il signore con la camicia bianca urla al tabaccaio; causa/antecedente: da identificare nell'evidenza disponibile,riconoscere l'effetto o comportamento da spiegare; recuperare il contesto pertinente; inferire la causa/intenzione/motivazione solo se supportata dalle evidenze; evitare di colmare lacune con conoscenza non presente nel video,"la risposta richiede almeno un passaggio inferenziale implicito su motivazione, intenzione, stato mentale, valutazione sociale, finalità procedurale o relazione causale non direttamente osservabile",two_intervals,2,implicita,moderata,"[""causale"", ""temporale""]",50,40,30,35,parziale,"['Signore con camicia bianca identificato come cliente (e1)', 'Tabaccaio identificato come commesso (e2)', 'Signore con camicia bianca esprime sorpresa', 'Commesso esprime rabbia e urla']","['Motivazione o causa specifica per cui il signore urla al tabaccaio', ""Contesto o situazione che porta all'urlo"", 'Dettagli su interazioni precedenti tra il signore e il tabaccaio']","La rappresentazione del modello identifica correttamente le entità principali e alcuni eventi chiave, come l'urlo del commesso e la sorpresa del cliente. Tuttavia, manca l'identificazione della causa o della motivazione specifica per cui il signore con la camicia bianca urla al tabaccaio. Senza questa informazione, l'inferenza richiesta dalla domanda non può essere completata."
qwen-30B,video030,1,Dove vuole mettere i gonfiabili la donna fuori campo?,spaziale,S1,S1|T0,1,donna fuori campo; gonfiabili,evento: la donna propone di mettere i gonfiabili in un luogo; localizzazione della destinazione,"riconoscere l'evento o la relazione spaziale pertinente; allineare il referente all'intervallo locale; recuperare origine, destinazione, direzione, supporto o posizione richiesta",una relazione spaziale esplicita o una localizzazione condizionata da un singolo evento osservabile nello stesso intervallo locale,local_interval,1,esplicita,moderata,"[""spaziale"", ""temporale""]",0,0,0,0,insufficiente,[],"['donna fuori campo', 'gonfiabili', 'proposta di mettere i gonfiabili in un luogo', 'localizzazione della destinazione dei gonfiabili', 'relazione spaziale pertinente ai gonfiabili']","La rappresentazione del modello non include alcuna informazione riguardante la donna fuori campo, i gonfiabili o la proposta di posizionamento degli stessi. Non ci sono eventi o relazioni spaziali pertinenti ai requisiti della domanda. Pertanto, la comprensione è insufficiente."
qwen-30B,video030,2,La bambina con la maglia rosa ha cenato prima di mettere il piede in piscina o ha messo il piede in piscina prima di cenare?,temporale,T1,T1,1,bambina con la maglia rosa; piscina; cena,evento A: la bambina cena; evento B: la bambina mette il piede in piscina,"riconoscere i due eventi oppure l'evento e l'ancora temporale; localizzarli nella sequenza; determinare la relazione prima/dopo, primo/secondo, corrente/precedente o il momento richiesto",localizzazione rispetto a un'ancora temporale esplicita oppure ordinamento pairwise tra due eventi/stati direttamente identificabili,two_intervals,2,esplicita,alta,"[""temporale""]",50,50,20,30,insufficiente,"['La bambina con la maglia rosa è identificata.', 'La bambina mette il piede in piscina.']","['Evento della bambina che cena.', 'Relazione temporale tra cena e mettere il piede in piscina.']","Il modello ha identificato la bambina con la maglia rosa e l'evento in cui mette il piede in piscina, ma manca completamente l'evento della cena. Senza questo evento, non è possibile determinare la relazione temporale richiesta dalla domanda. L'inferenza temporale non può essere eseguita correttamente, portando a una comprensione insufficiente."
qwen-30B,video030,3,Perché la bambina con la maglietta bianca urla?,causale,C2,C2|T1,2,bambina con la maglietta bianca,effetto da spiegare: la bambina urla; causa/antecedente: da identificare nell'evidenza disponibile,riconoscere l'effetto o comportamento da spiegare; recuperare il contesto pertinente; inferire la causa/intenzione/motivazione solo se supportata dalle evidenze; evitare di colmare lacune con conoscenza non presente nel video,"la risposta richiede almeno un passaggio inferenziale implicito su motivazione, intenzione, stato mentale, valutazione sociale, finalità procedurale o relazione causale non direttamente osservabile",two_intervals,2,implicita,moderata,"[""causale"", ""temporale""]",0,20,0,15,insufficiente,"['La bambina con la maglietta bianca è identificata in alcuni segmenti.', ""La bambina con la maglietta bianca si siede sul bordo della piscina e mette il piede nell'acqua.""]","[""Non è stato osservato l'evento della bambina che urla."", 'Non ci sono informazioni sul motivo per cui la bambina urla.', ""Non ci sono inferenze causali o motivazionali relative all'urlo della bambina.""]","La rappresentazione del modello non include l'evento chiave della bambina che urla, né fornisce informazioni sul motivo dell'urlo. Mancano completamente le inferenze necessarie per determinare la causa dell'urlo. Pertanto, la comprensione è insufficiente per affrontare la domanda."
qwen-30B,video031,1,Dove mette la donna fuori campo l'avocado per farlo assaggiare alla bambina?,spaziale,S1,S1|T0,1,donna fuori campo; avocado; bambina,evento: la donna mette l'avocado per farlo assaggiare alla bambina; localizzazione della destinazione,"riconoscere l'evento o la relazione spaziale pertinente; allineare il referente all'intervallo locale; recuperare origine, destinazione, direzione, supporto o posizione richiesta",una relazione spaziale esplicita o una localizzazione condizionata da un singolo evento osservabile nello stesso intervallo locale,local_interval,1,esplicita,moderata,"[""spaziale"", ""temporale""]",0,0,0,0,insufficiente,[],"['donna fuori campo', 'avocado', 'bambina', ""evento di mettere l'avocado"", 'localizzazione della destinazione']","Il modello non ha recuperato alcuna informazione utile dai frame del video. Mancano completamente le entità chiave come la donna fuori campo, l'avocado e la bambina, così come l'evento specifico di mettere l'avocado e la localizzazione della destinazione. Senza queste informazioni, non è possibile affrontare la domanda."
qwen-30B,video031,2,La bambina acconsente a mangiare il frutto prima o dopo che la donna dica 'dai prova amore'?,temporale,T1,T1,1,bambina; donna; frutto; invito «dai prova amore»,evento A: la bambina acconsente a mangiare il frutto; evento B: la donna dice «dai prova amore»,"riconoscere i due eventi oppure l'evento e l'ancora temporale; localizzarli nella sequenza; determinare la relazione prima/dopo, primo/secondo, corrente/precedente o il momento richiesto",localizzazione rispetto a un'ancora temporale esplicita oppure ordinamento pairwise tra due eventi/stati direttamente identificabili,two_intervals,2,esplicita,alta,"[""temporale""]",0,0,0,0,insufficiente,[],"['Identificazione della bambina', 'Identificazione della donna', 'Identificazione del frutto', ""Riconoscimento dell'invito 'dai prova amore'"", 'Evento A: la bambina acconsente a mangiare il frutto', ""Evento B: la donna dice 'dai prova amore'"", 'Relazione temporale tra evento A e evento B']","Il modello non ha recuperato alcuna informazione utile per rispondere alla domanda. Mancano completamente le entità, gli eventi e la relazione temporale richiesta. Non è possibile determinare se la bambina acconsente a mangiare il frutto prima o dopo l'invito della donna."
qwen-30B,video031,3,Perché la bambina urla?,causale,C2,C2|T1,2,bambina; avocado o altro stimolo; donna fuori campo,effetto da spiegare: la bambina urla; causa/antecedente: da identificare nell'evidenza disponibile,riconoscere l'effetto o comportamento da spiegare; recuperare il contesto pertinente; inferire la causa/intenzione/motivazione solo se supportata dalle evidenze; evitare di colmare lacune con conoscenza non presente nel video,"la risposta richiede almeno un passaggio inferenziale implicito su motivazione, intenzione, stato mentale, valutazione sociale, finalità procedurale o relazione causale non direttamente osservabile",two_intervals,2,implicita,moderata,"[""causale"", ""temporale""]",0,0,0,0,insufficiente,[],"['Identificazione della bambina', 'Identificazione di un avocado o altro stimolo', 'Identificazione della donna fuori campo', 'Evento della bambina che urla', ""Causa o antecedente dell'urlo della bambina""]","L'analisi del modello non ha recuperato alcuna informazione utile per rispondere alla domanda. Mancano completamente le entità chiave, come la bambina e il possibile stimolo, e non è stato identificato l'evento dell'urlo né alcuna causa o antecedente. Senza queste informazioni, non è possibile eseguire l'inferenza richiesta."
qwen-30B,video032,1,Dove si trova l'oggetto che vuole la bambina con la maglietta rossa e bianca?,spaziale,S1,S1|T0,1,bambina con la maglietta rossa e bianca; oggetto desiderato; luogo in cui si trova,evento: la bambina vuole un oggetto; localizzazione dell'oggetto,"riconoscere l'evento o la relazione spaziale pertinente; allineare il referente all'intervallo locale; recuperare origine, destinazione, direzione, supporto o posizione richiesta",una relazione spaziale esplicita o una localizzazione condizionata da un singolo evento osservabile nello stesso intervallo locale,local_interval,2,esplicita,moderata,"[""spaziale"", ""temporale""]",0,0,0,0,insufficiente,[],"['Identificazione della bambina con la maglietta rossa e bianca', ""Identificazione dell'oggetto desiderato dalla bambina"", ""Localizzazione dell'oggetto desiderato"", ""Evento in cui la bambina esprime il desiderio per l'oggetto"", ""Relazione spaziale tra la bambina e l'oggetto""]","Il modello non ha recuperato alcuna informazione utile per rispondere alla domanda. Mancano completamente l'identificazione delle entità chiave, l'evento rilevante e la relazione spaziale richiesta. Pertanto, la comprensione è insufficiente."
qwen-30B,video032,2,La bambina con la maglietta rossa e bianca prende la forchetta in mano prima o dopo che la bambina con la maglia rosa dica 'no'?,temporale,T1,T1,1,bambina con la maglietta rossa e bianca; bambina con la maglia rosa; forchetta,evento A: la prima bambina prende la forchetta; evento B: la seconda bambina dice «no»,"riconoscere i due eventi oppure l'evento e l'ancora temporale; localizzarli nella sequenza; determinare la relazione prima/dopo, primo/secondo, corrente/precedente o il momento richiesto",localizzazione rispetto a un'ancora temporale esplicita oppure ordinamento pairwise tra due eventi/stati direttamente identificabili,two_intervals,2,esplicita,alta,"[""temporale""]",0,0,0,0,insufficiente,[],"['Identificazione della bambina con la maglietta rossa e bianca.', 'Identificazione della bambina con la maglia rosa.', ""Riconoscimento dell'evento in cui la bambina con la maglietta rossa e bianca prende la forchetta."", ""Riconoscimento dell'evento in cui la bambina con la maglia rosa dice 'no'."", 'Determinazione della relazione temporale tra i due eventi.']","Il modello non ha recuperato alcuna informazione utile per rispondere alla domanda. Non sono state identificate le entità chiave né gli eventi richiesti, e manca completamente la capacità di inferire la relazione temporale tra gli eventi."
qwen-30B,video032,3,Perché la bambina con la maglietta rosa dice di 'no'?,causale,C2,C2|T1,2,bambina con la maglietta rosa; altra bambina; oggetto o azione rifiutata,effetto da spiegare: la bambina dice «no»; causa/antecedente: da identificare nell'evidenza disponibile,riconoscere l'effetto o comportamento da spiegare; recuperare il contesto pertinente; inferire la causa/intenzione/motivazione solo se supportata dalle evidenze; evitare di colmare lacune con conoscenza non presente nel video,"la risposta richiede almeno un passaggio inferenziale implicito su motivazione, intenzione, stato mentale, valutazione sociale, finalità procedurale o relazione causale non direttamente osservabile",two_intervals,2,implicita,moderata,"[""causale"", ""temporale""]",0,0,0,0,insufficiente,[],"['Identificazione della bambina con la maglietta rosa', ""Identificazione dell'altra bambina"", ""Descrizione dell'oggetto o azione rifiutata"", ""Evento della bambina che dice 'no'"", ""Causa o antecedente dell'evento"", 'Contesto pertinente per inferire la motivazione']","L'analisi del modello non ha recuperato alcuna informazione utile per rispondere alla domanda. Mancano completamente le entità, gli eventi e le inferenze necessarie per comprendere il motivo per cui la bambina con la maglietta rosa dice 'no'. Senza queste informazioni, non è possibile costruire una rappresentazione sufficiente per affrontare la domanda."
qwen-30B,video033,1,Dove si tuffano i due uomini in costume?,spaziale,S1,S1|T0,1,due uomini in costume; acqua o punto di tuffo,evento: i due uomini si tuffano; localizzazione del luogo del tuffo,"riconoscere l'evento o la relazione spaziale pertinente; allineare il referente all'intervallo locale; recuperare origine, destinazione, direzione, supporto o posizione richiesta",una relazione spaziale esplicita o una localizzazione condizionata da un singolo evento osservabile nello stesso intervallo locale,local_interval,1,esplicita,moderata,"[""spaziale"", ""temporale""]",100,100,100,100,completa,"['Due uomini in costume da bagno sono identificati come e1 e e2.', ""L'evento del tuffo è descritto nei segmenti 0004 e 0005."", 'La localizzazione del tuffo è nella neve, come indicato nei segmenti 0004 e 0005.', 'Relazione spaziale: i nuotatori si tuffano nella neve.']",[],"Tutti i requisiti della domanda sono stati completamente recuperati. Le entità, gli eventi e le inferenze necessarie sono chiaramente presenti nell'analisi del modello. I due uomini in costume da bagno sono identificati, l'evento del tuffo è descritto e la localizzazione del tuffo nella neve è esplicitamente indicata. La rappresentazione è sufficiente per affrontare la domanda."
qwen-30B,video033,2,Chi si trova in vantaggio per primo tra 'Bobo' e 'Massi'?,temporale,T1,T1,1,Bobo; Massi,evento A: Bobo passa in vantaggio; evento B: Massi passa in vantaggio,"riconoscere i due eventi oppure l'evento e l'ancora temporale; localizzarli nella sequenza; determinare la relazione prima/dopo, primo/secondo, corrente/precedente o il momento richiesto",localizzazione rispetto a un'ancora temporale esplicita oppure ordinamento pairwise tra due eventi/stati direttamente identificabili,two_intervals,2,esplicita,alta,"[""temporale""]",0,0,0,0,insufficiente,[],"['Identificazione di Bobo e Massi', 'Evento A: Bobo passa in vantaggio', 'Evento B: Massi passa in vantaggio', 'Relazione temporale tra gli eventi A e B']","Il modello non ha identificato le entità 'Bobo' e 'Massi', né ha riconosciuto gli eventi specifici in cui uno dei due passa in vantaggio. Inoltre, manca la relazione temporale tra questi eventi, necessaria per determinare chi sia in vantaggio per primo. Pertanto, la rappresentazione è insufficiente per affrontare la domanda."
qwen-30B,video033,3,Perché la donna in sottofondo è preoccupata?,causale,C2,C2|T1,2,donna in sottofondo; due uomini; situazione della gara o del tuffo,effetto da spiegare: la donna è preoccupata; causa/antecedente: da identificare nell'evidenza disponibile,riconoscere l'effetto o comportamento da spiegare; recuperare il contesto pertinente; inferire la causa/intenzione/motivazione solo se supportata dalle evidenze; evitare di colmare lacune con conoscenza non presente nel video,"la risposta richiede almeno un passaggio inferenziale implicito su motivazione, intenzione, stato mentale, valutazione sociale, finalità procedurale o relazione causale non direttamente osservabile",two_intervals,2,implicita,moderata,"[""causale"", ""temporale""]",0,0,0,0,insufficiente,[],"['Presenza della donna in sottofondo', 'Stato emotivo della donna (preoccupata)', 'Motivo della preoccupazione della donna', 'Contesto che potrebbe causare preoccupazione']","La rappresentazione del modello non include alcuna informazione sulla donna in sottofondo, il suo stato emotivo o il motivo della sua preoccupazione. Mancano completamente le entità e gli eventi necessari per inferire la causa della preoccupazione della donna. Pertanto, la comprensione è insufficiente."
qwen-30B,video034,1,"Dove si trova la palla all'inizio, nelle mani di Anastasia o nelle mani di Vanessa?",spaziale,S2,S2|T1,2,palla; Vanessa; mani delle due bambine,evento o stato iniziale: la palla è nelle mani di una delle due bambine; localizzazione all'inizio del video,identificare l'ancora temporale; recuperare lo stato spaziale nella fase richiesta; confrontare le fasi pertinenti senza introdurre cambiamenti non osservati,recupero spaziale condizionato da una fase precedente/successiva/iniziale o dal primo occorrere di un evento; richiede confronto tra almeno due stati temporali,two_intervals,2,esplicita,alta,"[""spaziale"", ""temporale""]",50,50,40,45,parziale,"[""Una bambina tiene una palla da calcio all'inizio del video (segment_0000).""]","['Identificazione chiara di Anastasia e Vanessa.', 'Confronto tra le mani delle due bambine per determinare chi tiene la palla.', ""Localizzazione temporale precisa dell'inizio del video per determinare chi tiene la palla.""]","Il modello ha identificato che una bambina tiene una palla all'inizio del video, ma non ha fornito informazioni sufficienti per distinguere tra Anastasia e Vanessa. Mancano dettagli cruciali per determinare chi delle due bambine tiene la palla all'inizio, come l'identificazione chiara delle bambine e un confronto tra le loro mani. Pertanto, la comprensione è parziale."
qwen-30B,video034,2,Anastasia fa le flessioni prima o dopo che Vanessa venga rimproverata?,temporale,T1,T1,1,Anastasia; Vanessa; flessioni; rimprovero,evento A: Anastasia fa le flessioni; evento B: Vanessa viene rimproverata,"riconoscere i due eventi oppure l'evento e l'ancora temporale; localizzarli nella sequenza; determinare la relazione prima/dopo, primo/secondo, corrente/precedente o il momento richiesto",localizzazione rispetto a un'ancora temporale esplicita oppure ordinamento pairwise tra due eventi/stati direttamente identificabili,two_intervals,2,esplicita,alta,"[""temporale""]",0,0,0,0,insufficiente,[],"['Anastasia fa le flessioni', 'Vanessa viene rimproverata', 'Relazione temporale tra le flessioni di Anastasia e il rimprovero di Vanessa']","La rappresentazione del modello non include alcuna informazione riguardante Anastasia che fa le flessioni o Vanessa che viene rimproverata. Inoltre, non ci sono eventi o relazioni temporali che possano essere utilizzati per determinare l'ordine degli eventi richiesti dalla domanda. Pertanto, la comprensione è insufficiente."
qwen-30B,video034,3,Perché la donna rimprovera Vanessa?,causale,C1,C1|T1,1,donna; Vanessa; comportamento di Vanessa,effetto da spiegare: la donna rimprovera Vanessa; causa/antecedente: da identificare nell'evidenza disponibile,riconoscere l'effetto; individuare un antecedente o stato direttamente osservabile/esplicitamente disponibile; verificare il nesso causale senza attribuire intenzioni o motivazioni non supportate,"collegamento causale diretto tra un antecedente esplicito e una conseguenza esplicita, con al massimo due unità di evidenza",two_intervals,2,parzialmente implicita,moderata,"[""causale"", ""temporale""]",0,0,0,0,insufficiente,[],"['Identificazione della donna', 'Identificazione di Vanessa', 'Evento della donna che rimprovera Vanessa', 'Comportamento di Vanessa che causa il rimprovero', 'Nesso causale tra comportamento di Vanessa e rimprovero']","La rappresentazione del modello non include alcuna informazione riguardante una donna che rimprovera Vanessa, né identifica le entità coinvolte o il comportamento di Vanessa che potrebbe causare il rimprovero. Mancano completamente gli eventi e le inferenze necessarie per rispondere alla domanda."
qwen-30B,video035,1,Dove si trova il cliente che non saluta?,spaziale,S1,S1|T0,1,cliente che non saluta; luogo in cui si trova,localizzazione del cliente che non saluta,"riconoscere l'evento o la relazione spaziale pertinente; allineare il referente all'intervallo locale; recuperare origine, destinazione, direzione, supporto o posizione richiesta",una relazione spaziale esplicita o una localizzazione condizionata da un singolo evento osservabile nello stesso intervallo locale,local_interval,2,esplicita,moderata,"[""spaziale"", ""temporale""]",0,0,0,0,insufficiente,[],"['Identificazione del cliente che non saluta', 'Localizzazione del cliente che non saluta', 'Evento di mancato saluto', 'Relazione spaziale del cliente rispetto ad altri elementi']","La rappresentazione del modello non include alcuna informazione riguardante un cliente che non saluta, né la sua localizzazione. Non sono stati identificati eventi o relazioni spaziali pertinenti al cliente che non saluta. Pertanto, non è possibile eseguire l'inferenza richiesta dalla domanda."
qwen-30B,video035,2,Il cliente che risponde al saluto si presenta prima o dopo il cliente che non saluta?,temporale,T1,T1,1,cliente che risponde al saluto; cliente che non saluta; momento della presentazione,evento A: si presenta il cliente che risponde al saluto; evento B: si presenta il cliente che non saluta,"riconoscere i due eventi oppure l'evento e l'ancora temporale; localizzarli nella sequenza; determinare la relazione prima/dopo, primo/secondo, corrente/precedente o il momento richiesto",localizzazione rispetto a un'ancora temporale esplicita oppure ordinamento pairwise tra due eventi/stati direttamente identificabili,two_intervals,2,esplicita,alta,"[""temporale""]",0,0,0,0,insufficiente,[],"['Identificazione del cliente che risponde al saluto', 'Identificazione del cliente che non saluta', 'Momento della presentazione di entrambi i clienti', 'Eventi di presentazione dei clienti', 'Relazione temporale tra gli eventi di presentazione']","La rappresentazione del modello non include alcuna informazione riguardante i clienti che rispondono o non rispondono al saluto, né i momenti in cui si presentano. Non sono stati identificati gli eventi di presentazione dei clienti, né è stata stabilita una relazione temporale tra tali eventi. Pertanto, la comprensione è insufficiente per affrontare la domanda."
qwen-30B,video035,3,Perché il contatore in rosso apparso a video aumenta?,causale,C1,C1|T0,1,contatore rosso sullo schermo,effetto da spiegare: il contatore rosso aumenta; causa/antecedente: da identificare nell'evidenza disponibile,riconoscere l'effetto; individuare un antecedente o stato direttamente osservabile/esplicitamente disponibile; verificare il nesso causale senza attribuire intenzioni o motivazioni non supportate,"nesso causa-effetto fisico, sistemico o comportamentale direttamente osservabile nello stesso intervallo locale",local_interval,1,esplicita,moderata,"[""causale"", ""temporale""]",0,0,0,0,insufficiente,[],"['Contatore rosso sullo schermo', 'Aumento del contatore rosso', ""Causa dell'aumento del contatore rosso""]","La rappresentazione del modello non include alcuna informazione riguardante il contatore rosso sullo schermo, il suo aumento o le cause di tale aumento. Mancano completamente le entità e gli eventi necessari per affrontare la domanda, rendendo impossibile qualsiasi inferenza causale richiesta."
qwen-30B,video036,1,Dove si trova il finto cieco?,spaziale,S0,S0,0,ragazzo che finge di essere cieco; luogo in cui si trova,localizzazione del finto cieco,identificare il referente target; recuperare una singola evidenza spaziale direttamente osservabile; restituire la localizzazione senza confronto tra fasi,recupero spaziale diretto da una singola evidenza stabile; nessun confronto temporale o ricostruzione di stato,single_frame,1,esplicita,nessuna,"[""spaziale""]",50,50,50,50,parziale,"['Una persona con un bastone da cieco è osservata in piedi sul marciapiede in diversi segmenti.', 'La persona è descritta come in piedi sul marciapiede, aspettando di attraversare la strada.']","[""Identificazione esplicita del 'finto cieco'."", ""Localizzazione precisa e univoca del 'finto cieco' in un singolo frame.""]","Il modello ha identificato una persona con un bastone da cieco in piedi sul marciapiede, che potrebbe essere il 'finto cieco', ma non ha fornito una localizzazione precisa e univoca in un singolo frame. Inoltre, manca l'identificazione esplicita del 'finto cieco', rendendo la rappresentazione parziale."
qwen-30B,video036,2,Il ragazzo si abbassa gli occhiali da sole prima o dopo aver detto che si fingerà cieco?,temporale,T1,T1,1,ragazzo; occhiali da sole; dichiarazione di fingersi cieco,evento A: il ragazzo abbassa gli occhiali da sole; evento B: dice che si fingerà cieco,"riconoscere i due eventi oppure l'evento e l'ancora temporale; localizzarli nella sequenza; determinare la relazione prima/dopo, primo/secondo, corrente/precedente o il momento richiesto",localizzazione rispetto a un'ancora temporale esplicita oppure ordinamento pairwise tra due eventi/stati direttamente identificabili,two_intervals,2,esplicita,alta,"[""temporale""]",0,0,0,0,insufficiente,[],"['Evento A: il ragazzo abbassa gli occhiali da sole', 'Evento B: il ragazzo dice che si fingerà cieco', 'Relazione temporale tra gli eventi A e B']","La rappresentazione del modello non include né l'evento in cui il ragazzo abbassa gli occhiali da sole né l'evento in cui dichiara di fingersi cieco. Inoltre, manca completamente la relazione temporale tra questi due eventi, che è cruciale per rispondere alla domanda. Pertanto, nessuno dei requisiti necessari è stato recuperato."
qwen-30B,video036,3,Perché il ragazzo che finge di essere cieco non attraversa la strada?,causale,C2,C2|T1,2,ragazzo che finge di essere cieco; strada,effetto da spiegare: il ragazzo non attraversa la strada; causa/antecedente: da identificare nell'evidenza disponibile,riconoscere l'effetto o comportamento da spiegare; recuperare il contesto pertinente; inferire la causa/intenzione/motivazione solo se supportata dalle evidenze; evitare di colmare lacune con conoscenza non presente nel video,"la risposta richiede almeno un passaggio inferenziale implicito su motivazione, intenzione, stato mentale, valutazione sociale, finalità procedurale o relazione causale non direttamente osservabile",two_intervals,2,implicita,moderata,"[""causale"", ""temporale""]",80,70,60,65,sufficiente,"['Il ragazzo con il bastone da cieco è identificato e descritto in vari segmenti.', 'La strada è descritta come asfaltata e con auto in transito.', 'Il ragazzo è visto aspettare di attraversare la strada in più segmenti.', 'I veicoli passano senza fermarsi mentre il ragazzo aspetta.']","['Motivazione chiara per cui il ragazzo non attraversa la strada.', ""Dettagli su eventuali segnali stradali o semafori che potrebbero influenzare l'attraversamento."", 'Interazioni sociali o segnali che potrebbero spiegare il comportamento del ragazzo.']","Il modello ha identificato correttamente le entità principali e gli eventi di attesa del ragazzo di attraversare la strada. Tuttavia, manca una chiara inferenza sulla motivazione o causa per cui il ragazzo non attraversa, che è un elemento cruciale per rispondere alla domanda. La rappresentazione è sufficiente per comprendere il contesto, ma non per dedurre completamente la causa del comportamento."
qwen-30B,video037,1,Dove si trovano i rifiuti?,spaziale,S0,S0,0,rifiuti; luogo in cui si trovano,localizzazione dei rifiuti,identificare il referente target; recuperare una singola evidenza spaziale direttamente osservabile; restituire la localizzazione senza confronto tra fasi,recupero spaziale diretto da una singola evidenza stabile; nessun confronto temporale o ricostruzione di stato,single_frame,1,esplicita,nessuna,"[""spaziale""]",100,100,100,100,completa,"[""Rifiuti identificati come 'un contenitore di plastica' e 'un sacchetto di carta'."", ""Rifiuti localizzati 'sul terreno' vicino a un cestino giallo a forma di secchio con un sacco nero.""]",[],"Il modello ha identificato correttamente sia i rifiuti che la loro localizzazione, fornendo una descrizione chiara e dettagliata delle entità e delle relazioni spaziali. Non ci sono lacune nelle informazioni necessarie per rispondere alla domanda, rendendo la rappresentazione visuale completa e sufficiente."
qwen-30B,video037,2,Le trombette vengono suonate prima o dopo che la donna vestita di nero si pieghi?,temporale,T1,T1,1,trombette; donna vestita di nero,evento A: vengono suonate le trombette; evento B: la donna vestita di nero si piega,"riconoscere i due eventi oppure l'evento e l'ancora temporale; localizzarli nella sequenza; determinare la relazione prima/dopo, primo/secondo, corrente/precedente o il momento richiesto",localizzazione rispetto a un'ancora temporale esplicita oppure ordinamento pairwise tra due eventi/stati direttamente identificabili,two_intervals,2,esplicita,alta,"[""temporale""]",0,0,0,0,insufficiente,[],"['Identificazione delle trombette', 'Identificazione della donna vestita di nero', 'Evento delle trombette suonate', 'Evento della donna vestita di nero che si piega', 'Relazione temporale tra i due eventi']","Il modello non ha identificato né le entità chiave (trombette e donna vestita di nero) né gli eventi richiesti (suonare delle trombette e la donna che si piega). Di conseguenza, non è possibile determinare la relazione temporale tra questi eventi. La rappresentazione è insufficiente per affrontare la domanda."
qwen-30B,video037,3,Perché il ragazzo con il cappellino a punta suona la trombetta?,causale,C2,C2|T1,2,ragazzo con il cappellino a punta; trombetta; donna o situazione circostante,effetto da spiegare: il ragazzo suona la trombetta; causa/antecedente: da identificare nell'evidenza disponibile,riconoscere l'effetto o comportamento da spiegare; recuperare il contesto pertinente; inferire la causa/intenzione/motivazione solo se supportata dalle evidenze; evitare di colmare lacune con conoscenza non presente nel video,"la risposta richiede almeno un passaggio inferenziale implicito su motivazione, intenzione, stato mentale, valutazione sociale, finalità procedurale o relazione causale non direttamente osservabile",two_intervals,2,implicita,moderata,"[""causale"", ""temporale""]",0,0,0,0,insufficiente,[],"['Ragazzo con il cappellino a punta', 'Trombetta', 'Evento del ragazzo che suona la trombetta', 'Causa o contesto che spiega perché il ragazzo suona la trombetta']","La rappresentazione del modello non include alcuna informazione riguardante il ragazzo con il cappellino a punta o l'evento di suonare la trombetta. Mancano completamente le entità e gli eventi necessari per affrontare la domanda, e non ci sono elementi che permettano di inferire la causa o la motivazione dell'azione richiesta. Pertanto, la comprensione è insufficiente."
qwen-30B,video038,1,Dove si trovano le 'ragazze'?,spaziale,S0,S0,0,«ragazze» menzionate; luogo in cui si trovano,localizzazione delle persone chiamate «ragazze»,identificare il referente target; recuperare una singola evidenza spaziale direttamente osservabile; restituire la localizzazione senza confronto tra fasi,recupero spaziale diretto da una singola evidenza stabile; nessun confronto temporale o ricostruzione di stato,single_frame,1,esplicita,nessuna,"[""spaziale""]",0,0,0,0,insufficiente,[],"[""Identificazione delle 'ragazze'"", ""Localizzazione delle 'ragazze'""]","Il modello non ha identificato né localizzato le 'ragazze', che sono le entità centrali per rispondere alla domanda. Non ci sono riferimenti a persone che potrebbero essere interpretate come 'ragazze' nei dati forniti. Pertanto, non è possibile eseguire l'inferenza richiesta per determinare la loro posizione."
qwen-30B,video038,2,L'osso viene fatto annusare prima a 'Nandina' o a 'Giulietta'?,temporale,T1,T1,1,osso; Nandina; Giulietta; uomo che lo fa annusare,evento A: l'osso viene fatto annusare a Nandina; evento B: l'osso viene fatto annusare a Giulietta,"riconoscere i due eventi oppure l'evento e l'ancora temporale; localizzarli nella sequenza; determinare la relazione prima/dopo, primo/secondo, corrente/precedente o il momento richiesto",localizzazione rispetto a un'ancora temporale esplicita oppure ordinamento pairwise tra due eventi/stati direttamente identificabili,two_intervals,2,esplicita,alta,"[""temporale""]",0,0,0,0,insufficiente,[],"[""Identificazione dell'osso come entità."", 'Identificazione di Nandina e Giulietta come entità.', ""Evento in cui l'osso viene fatto annusare a Nandina."", ""Evento in cui l'osso viene fatto annusare a Giulietta."", ""Relazione temporale tra gli eventi di annusare l'osso.""]","La rappresentazione del modello non include alcuna informazione relativa all'osso, a Nandina o a Giulietta, né agli eventi specifici in cui l'osso viene fatto annusare. Mancano completamente le entità e gli eventi necessari per rispondere alla domanda, rendendo impossibile qualsiasi inferenza temporale richiesta."
qwen-30B,video038,3,Perché l'uomo con la tuta blu definisce la situazione inquietante?,causale,C2,C2|T1,2,uomo con la tuta blu; Nandina e Giulietta o altre «ragazze»; situazione osservata,effetto da spiegare: l'uomo definisce la situazione inquietante; causa/antecedente: da identificare nell'evidenza disponibile,riconoscere l'effetto o comportamento da spiegare; recuperare il contesto pertinente; inferire la causa/intenzione/motivazione solo se supportata dalle evidenze; evitare di colmare lacune con conoscenza non presente nel video,"la risposta richiede almeno un passaggio inferenziale implicito su motivazione, intenzione, stato mentale, valutazione sociale, finalità procedurale o relazione causale non direttamente osservabile",two_intervals,2,implicita,moderata,"[""causale"", ""temporale""]",50,30,20,30,insufficiente,"['uomo con la tuta blu identificato come persona con felpa blu e azzurra', 'interazione con vitello e cani osservata']","['Nandina e Giulietta o altre «ragazze» non identificate', 'situazione osservata non chiaramente definita come inquietante', 'nessuna evidenza di dichiarazione di situazione inquietante', 'nessuna causa o antecedente identificato per definire la situazione inquietante']","La rappresentazione del modello identifica l'uomo con la tuta blu e le interazioni con animali, ma manca completamente l'identificazione di Nandina e Giulietta o altre ragazze, e non fornisce alcuna evidenza di una situazione definita inquietante. Non è presente alcuna dichiarazione o comportamento che possa essere interpretato come tale, né sono identificati eventi o cause che giustifichino una tale definizione. Pertanto, la comprensione è insufficiente per affrontare la domanda."
qwen-30B,video039,1,Dove guarda l'uomo con la camicia azzurra quando fa un verso di sorpresa?,spaziale,S1,S1|T0,1,uomo con la camicia azzurra; oggetto o persona guardata,evento contestuale: l'uomo fa un verso di sorpresa; localizzazione della direzione del suo sguardo,"riconoscere l'evento o la relazione spaziale pertinente; allineare il referente all'intervallo locale; recuperare origine, destinazione, direzione, supporto o posizione richiesta",una relazione spaziale esplicita o una localizzazione condizionata da un singolo evento osservabile nello stesso intervallo locale,local_interval,2,esplicita,moderata,"[""spaziale"", ""temporale""]",0,0,0,0,insufficiente,[],"['Uomo con la camicia azzurra che fa un verso di sorpresa', ""Direzione dello sguardo dell'uomo con la camicia azzurra durante il verso di sorpresa""]","La rappresentazione del modello non include alcuna informazione sull'uomo con la camicia azzurra che fa un verso di sorpresa, né sulla direzione del suo sguardo in quel momento. Questi elementi sono essenziali per rispondere alla domanda, ma non sono stati recuperati dal modello."
qwen-30B,video039,2,L'uomo con la maglia grigia intima all'uomo in camicia che pagherà lui prima o dopo che si sono seduti?,temporale,T1,T1,1,uomo con la maglia grigia; uomo in camicia; conto; seduta,evento A: l'uomo con la maglia grigia dice che pagherà lui; evento B: i due uomini si siedono,"riconoscere i due eventi oppure l'evento e l'ancora temporale; localizzarli nella sequenza; determinare la relazione prima/dopo, primo/secondo, corrente/precedente o il momento richiesto",localizzazione rispetto a un'ancora temporale esplicita oppure ordinamento pairwise tra due eventi/stati direttamente identificabili,two_intervals,2,esplicita,alta,"[""temporale""]",0,50,0,20,insufficiente,"[""Due uomini si siedono a un tavolo all'aperto (evento B)""]","[""L'uomo con la maglia grigia intima all'uomo in camicia che pagherà lui (evento A)"", 'Relazione temporale tra evento A e evento B']","La rappresentazione del modello ha identificato l'evento in cui due uomini si siedono a un tavolo, ma manca completamente l'evento in cui l'uomo con la maglia grigia intima all'uomo in camicia che pagherà lui. Senza questo evento, non è possibile determinare la relazione temporale richiesta dalla domanda. Pertanto, la comprensione è insufficiente."
qwen-30B,video039,3,Perché l'uomo con la maglietta grigia vuole pagare il conto?,causale,C2,C2|T1,2,uomo con la maglietta grigia; altro uomo; conto,effetto da spiegare: l'uomo vuole pagare il conto; causa/antecedente: da identificare nell'evidenza disponibile,riconoscere l'effetto o comportamento da spiegare; recuperare il contesto pertinente; inferire la causa/intenzione/motivazione solo se supportata dalle evidenze; evitare di colmare lacune con conoscenza non presente nel video,"la risposta richiede almeno un passaggio inferenziale implicito su motivazione, intenzione, stato mentale, valutazione sociale, finalità procedurale o relazione causale non direttamente osservabile",two_intervals,2,implicita,moderata,"[""causale"", ""temporale""]",50,30,20,25,insufficiente,"['Presenza di un uomo con maglietta a righe (e2)', 'Interazione tra clienti e cameriera', 'Discussione tra due uomini accanto a un tavolo']","[""Identificazione chiara dell'uomo con la maglietta grigia"", ""Evento specifico in cui l'uomo vuole pagare il conto"", ""Motivazione o causa per cui l'uomo vuole pagare il conto""]","La rappresentazione del modello non recupera informazioni sufficienti per rispondere alla domanda. Mancano dettagli chiave come l'identificazione dell'uomo con la maglietta grigia e l'evento specifico in cui esprime il desiderio di pagare il conto. Inoltre, non ci sono evidenze che supportino un'inferenza sulla motivazione dell'uomo. Pertanto, la comprensione è insufficiente."
qwen-30B,video040,1,"Dove sente bruciore Vanessa, secondo la voce fuori campo?",spaziale,S1,S1|T0,1,Vanessa; parte del corpo che brucia; voce fuori campo,stato riferito: Vanessa sente bruciore; localizzazione della parte del corpo,"riconoscere l'evento o la relazione spaziale pertinente; allineare il referente all'intervallo locale; recuperare origine, destinazione, direzione, supporto o posizione richiesta",una relazione spaziale esplicita o una localizzazione condizionata da un singolo evento osservabile nello stesso intervallo locale,local_interval,1,parzialmente implicita,moderata,"[""spaziale"", ""temporale""]",0,0,0,0,insufficiente,[],"['Vanessa', 'parte del corpo che brucia', 'voce fuori campo', 'stato riferito: Vanessa sente bruciore', 'localizzazione della parte del corpo']","La rappresentazione del modello non include alcuna informazione riguardante Vanessa, la parte del corpo che brucia, o la voce fuori campo. Non ci sono eventi o stati che indicano che Vanessa sente bruciore, né una localizzazione della parte del corpo interessata. Pertanto, nessun requisito della domanda è stato recuperato."
qwen-30B,video040,2,Quando dice la voce fuori campo che disinfetterà il piedino di Vanessa?,temporale,T1,T1,1,voce fuori campo; piede di Vanessa,evento target: la voce dice che disinfetterà il piede di Vanessa; riferimento temporale: momento o evento rispetto a cui avviene,"riconoscere i due eventi oppure l'evento e l'ancora temporale; localizzarli nella sequenza; determinare la relazione prima/dopo, primo/secondo, corrente/precedente o il momento richiesto",localizzazione rispetto a un'ancora temporale esplicita oppure ordinamento pairwise tra due eventi/stati direttamente identificabili,two_intervals,2,esplicita,alta,"[""temporale""]",0,0,0,0,insufficiente,[],"['Voce fuori campo', 'Piede di Vanessa', 'Evento in cui la voce dice che disinfetterà il piede di Vanessa', ""Riferimento temporale rispetto a cui avviene l'evento target""]","La rappresentazione del modello non include alcuna informazione riguardante la voce fuori campo, il piede di Vanessa o l'evento in cui si dice che verrà disinfettato. Mancano completamente le entità e gli eventi necessari per rispondere alla domanda, rendendo impossibile qualsiasi inferenza temporale richiesta."
qwen-30B,video040,3,Perché la voce fuori campo chiede ad Anastasia 'come va?'?,causale,C2,C2|T1,2,voce fuori campo; Anastasia; stato fisico o emotivo di Anastasia,effetto da spiegare: la voce chiede ad Anastasia «come va?»; causa/antecedente: da identificare nell'evidenza disponibile,riconoscere l'effetto o comportamento da spiegare; recuperare il contesto pertinente; inferire la causa/intenzione/motivazione solo se supportata dalle evidenze; evitare di colmare lacune con conoscenza non presente nel video,"la risposta richiede almeno un passaggio inferenziale implicito su motivazione, intenzione, stato mentale, valutazione sociale, finalità procedurale o relazione causale non direttamente osservabile",two_intervals,2,implicita,moderata,"[""causale"", ""temporale""]",50,30,20,25,insufficiente,"['Anastasia è una bambina con capelli bagnati e intrecciati.', 'Una persona sta intrecciando i capelli di Anastasia.']","['Voce fuori campo non identificata.', 'Stato fisico o emotivo di Anastasia non chiaramente descritto.', ""Motivazione della domanda 'come va?' non inferita.""]","La rappresentazione del modello identifica Anastasia e l'azione di intrecciare i capelli, ma manca l'identificazione della voce fuori campo e lo stato fisico o emotivo di Anastasia. Inoltre, non è stata inferita alcuna motivazione per la domanda 'come va?', rendendo la comprensione complessiva insufficiente."
qwen-30B,video041,1,Dove sono andate le circa 60 persone secondo la tradizione?,spaziale,S1,S1|T0,1,circa 60 persone; luogo della tradizione; mare o spiaggia,evento riportato: le persone si recano in un luogo secondo la tradizione; localizzazione della destinazione,"riconoscere l'evento o la relazione spaziale pertinente; allineare il referente all'intervallo locale; recuperare origine, destinazione, direzione, supporto o posizione richiesta",una relazione spaziale esplicita o una localizzazione condizionata da un singolo evento osservabile nello stesso intervallo locale,local_interval,1,parzialmente implicita,moderata,"[""spaziale"", ""temporale""]",80,90,85,85,sufficiente,"['circa 60 persone partecipano a un bagno di Capodanno in mare', 'evento di persone che si radunano in riva al mare', 'evento di persone che fanno il bagno in mare', 'luogo identificato come spiaggia e mare']",['Esplicita menzione della tradizione legata al bagno di Capodanno'],"Il modello ha identificato correttamente le entità principali come le persone e il luogo (spiaggia e mare), e ha riconosciuto gli eventi chiave di raduno e bagno in mare. Tuttavia, manca un riferimento esplicito alla tradizione specifica del bagno di Capodanno, che è implicita ma non chiaramente esplicitata. Nonostante ciò, la rappresentazione è sufficiente per affrontare la domanda, poiché la relazione spaziale e l'evento sono ben delineati."
qwen-30B,video041,2,Quando si è aperto il 'Capodanno pesarese' secondo la voce narrante?,temporale,T1,T1,1,Capodanno pesarese; voce narrante,evento target: apertura del Capodanno pesarese; riferimento temporale: data o momento indicato dalla voce narrante,"riconoscere i due eventi oppure l'evento e l'ancora temporale; localizzarli nella sequenza; determinare la relazione prima/dopo, primo/secondo, corrente/precedente o il momento richiesto",localizzazione rispetto a un'ancora temporale esplicita oppure ordinamento pairwise tra due eventi/stati direttamente identificabili,two_intervals,2,parzialmente implicita,alta,"[""temporale""]",0,0,0,0,insufficiente,[],"['Voce narrante', ""Riferimento temporale esplicito per l'apertura del 'Capodanno pesarese'""]","La rappresentazione del modello non include alcuna informazione sulla voce narrante o su un riferimento temporale esplicito per l'apertura del 'Capodanno pesarese'. Senza questi elementi, non è possibile determinare quando si è aperto l'evento secondo la voce narrante. Pertanto, la comprensione è insufficiente."
qwen-30B,video041,3,Perché le persone portano il cappello di babbo natale al mare?,causale,C2,C2|T1,2,persone; cappelli di Babbo Natale; mare; tradizione,effetto da spiegare: le persone portano cappelli di Babbo Natale al mare; causa/antecedente: da identificare nell'evidenza disponibile,riconoscere l'effetto o comportamento da spiegare; recuperare il contesto pertinente; inferire la causa/intenzione/motivazione solo se supportata dalle evidenze; evitare di colmare lacune con conoscenza non presente nel video,"la risposta richiede almeno un passaggio inferenziale implicito su motivazione, intenzione, stato mentale, valutazione sociale, finalità procedurale o relazione causale non direttamente osservabile",two_intervals,2,implicita,moderata,"[""causale"", ""temporale""]",100,100,90,90,completa,"['Persone con cappelli di Babbo Natale sulla spiaggia', 'Evento di bagno di Capodanno', 'Causa inferita: festa di Capodanno', 'Relazione causale tra evento di Capodanno e indossare cappelli di Babbo Natale']",['Motivazione esplicita per indossare cappelli di Babbo Natale al mare'],"Il modello ha identificato correttamente le entità chiave come le persone, i cappelli di Babbo Natale e il mare. Gli eventi rilevanti, come il bagno di Capodanno, sono stati riconosciuti e collegati causalmente alla festa di Capodanno. Tuttavia, manca una motivazione esplicita per l'uso dei cappelli al mare, anche se la relazione con la festa è stata inferita. La rappresentazione è sufficiente per affrontare la domanda, ma con una piccola lacuna nella motivazione esplicita."
qwen-30B,video042,1,Dove hanno lavato le mani il bambino con la maglietta blu e la bambina con il vestito rosa?,spaziale,S1,S1|T0,1,bambino con la maglietta blu; bambina con il vestito rosa; luogo per lavarsi le mani,evento: i due bambini lavano le mani; localizzazione del luogo,"riconoscere l'evento o la relazione spaziale pertinente; allineare il referente all'intervallo locale; recuperare origine, destinazione, direzione, supporto o posizione richiesta",una relazione spaziale esplicita o una localizzazione condizionata da un singolo evento osservabile nello stesso intervallo locale,local_interval,1,esplicita,moderata,"[""spaziale"", ""temporale""]",0,0,0,0,insufficiente,[],"['Bambino con la maglietta blu', 'Bambina con il vestito rosa', 'Luogo per lavarsi le mani', 'Evento di lavaggio delle mani', 'Localizzazione del luogo di lavaggio']","Il modello non ha recuperato alcuna informazione rilevante per rispondere alla domanda. Mancano completamente le entità chiave, gli eventi e le inferenze necessarie per determinare dove i bambini abbiano lavato le mani. Pertanto, la comprensione è insufficiente."
qwen-30B,video042,2,Sami si mette la crema solare prima o dopo essere andata a riva?,temporale,T1,T1,1,Sami; crema solare; riva,evento A: Sami mette la crema solare; evento B: Sami va a riva,"riconoscere i due eventi oppure l'evento e l'ancora temporale; localizzarli nella sequenza; determinare la relazione prima/dopo, primo/secondo, corrente/precedente o il momento richiesto",localizzazione rispetto a un'ancora temporale esplicita oppure ordinamento pairwise tra due eventi/stati direttamente identificabili,two_intervals,2,esplicita,alta,"[""temporale""]",0,0,0,0,insufficiente,[],"['Identificazione di Sami', 'Evento di Sami che si mette la crema solare', 'Evento di Sami che va a riva', 'Relazione temporale tra i due eventi']","Il modello non ha recuperato alcuna informazione utile per rispondere alla domanda. Mancano completamente le entità e gli eventi richiesti, così come la relazione temporale tra di essi. Non è possibile determinare se Sami si mette la crema solare prima o dopo essere andata a riva."
qwen-30B,video042,3,Perché la bambina con la maglietta gialla torna correndo sull'asciugamano?,causale,C2,C2|T1,2,bambina con la maglietta gialla; asciugamano; luogo da cui torna,effetto da spiegare: la bambina torna correndo sull'asciugamano; causa/antecedente: da identificare nell'evidenza disponibile,riconoscere l'effetto o comportamento da spiegare; recuperare il contesto pertinente; inferire la causa/intenzione/motivazione solo se supportata dalle evidenze; evitare di colmare lacune con conoscenza non presente nel video,"la risposta richiede almeno un passaggio inferenziale implicito su motivazione, intenzione, stato mentale, valutazione sociale, finalità procedurale o relazione causale non direttamente osservabile",two_intervals,2,implicita,moderata,"[""causale"", ""temporale""]",0,0,0,0,insufficiente,[],"['bambina con la maglietta gialla', 'asciugamano', 'luogo da cui torna', ""evento del ritorno della bambina sull'asciugamano"", 'causa o antecedente del ritorno']","L'analisi del modello non ha recuperato alcuna informazione utile riguardo alle entità, agli eventi o alle inferenze necessarie per rispondere alla domanda. Non sono state identificate né la bambina con la maglietta gialla, né l'asciugamano, né il contesto o gli eventi che potrebbero spiegare il suo comportamento. Pertanto, la comprensione è insufficiente."
qwen-30B,video043,1,Dove si allena la ragazza?,spaziale,S0,S0,0,ragazza; luogo di allenamento,evento: la ragazza si allena; localizzazione del luogo,identificare il referente target; recuperare una singola evidenza spaziale direttamente osservabile; restituire la localizzazione senza confronto tra fasi,recupero spaziale diretto da una singola evidenza stabile; nessun confronto temporale o ricostruzione di stato,single_frame,1,esplicita,nessuna,"[""spaziale""]",80,70,60,70,sufficiente,"['La ragazza (e2) è identificata come praticante.', 'La ragazza si allena eseguendo calci.', 'La presenza di un tappetino a strisce rosse e blu è osservata.']","[""Luogo specifico di allenamento non chiaramente identificato come 'ginnasio'."", ""Assenza di un'indicazione esplicita del luogo di allenamento nel contesto generale.""]","Il modello ha identificato correttamente la ragazza e le sue azioni di allenamento, ma manca un'indicazione esplicita del luogo specifico di allenamento. Sebbene il tappetino possa suggerire un ambiente di allenamento, non è sufficiente per determinare con certezza il luogo come un 'ginnasio'. La rappresentazione è sufficiente per affrontare la domanda, ma con alcune incertezze sul contesto spaziale."
qwen-30B,video043,2,La ragazza con gli occhiali tira un calcio posteriore prima o dopo che l'uomo con la felpa rossa e blu le parli?,temporale,T1,T1,1,ragazza con gli occhiali; uomo con la felpa rossa e blu; calcio posteriore,evento A: la ragazza esegue un calcio posteriore; evento B: l'uomo le parla,"riconoscere i due eventi oppure l'evento e l'ancora temporale; localizzarli nella sequenza; determinare la relazione prima/dopo, primo/secondo, corrente/precedente o il momento richiesto",localizzazione rispetto a un'ancora temporale esplicita oppure ordinamento pairwise tra due eventi/stati direttamente identificabili,two_intervals,2,esplicita,alta,"[""temporale""]",50,50,20,30,insufficiente,"['Ragazza con occhiali identificata come e2', 'Calcio posteriore eseguito da e2']","['Uomo con felpa rossa e blu non identificato', ""Evento in cui l'uomo parla alla ragazza non identificato"", ""Relazione temporale tra il calcio e il parlare dell'uomo non determinata""]","La rappresentazione del modello ha identificato la ragazza con gli occhiali e l'evento del calcio posteriore, ma manca l'identificazione dell'uomo con la felpa rossa e blu e l'evento in cui l'uomo parla alla ragazza. Senza questi elementi, non è possibile determinare la relazione temporale richiesta dalla domanda. Pertanto, la comprensione è insufficiente."
qwen-30B,video043,3,Perché Sara Luconi porta gli occhiali?,causale,C2,C2|T1,2,Sara Luconi; occhiali,effetto da spiegare: Sara Luconi porta gli occhiali; causa/antecedente: da identificare nell'evidenza disponibile,riconoscere l'effetto o comportamento da spiegare; recuperare il contesto pertinente; inferire la causa/intenzione/motivazione solo se supportata dalle evidenze; evitare di colmare lacune con conoscenza non presente nel video,"la risposta richiede almeno un passaggio inferenziale implicito su motivazione, intenzione, stato mentale, valutazione sociale, finalità procedurale o relazione causale non direttamente osservabile",two_intervals,2,implicita,moderata,"[""causale"", ""temporale""]",50,30,10,25,insufficiente,"['Sara Luconi indossa occhiali da sole in segment_0000', 'Sara Luconi indossa occhiali in segment_0002']","['Motivazione o causa per cui Sara Luconi indossa gli occhiali', ""Contesto che spiega l'uso degli occhiali"", ""Eventi o azioni che giustificano l'uso degli occhiali""]","La rappresentazione del modello identifica correttamente che Sara Luconi indossa occhiali, ma non fornisce alcuna informazione sul motivo per cui li indossa. Non ci sono eventi o contesti che suggeriscano una causa o una motivazione per l'uso degli occhiali, né vi è alcuna inferenza causale o motivazionale supportata dalle evidenze. Pertanto, la comprensione è insufficiente per rispondere alla domanda."
qwen-30B,video044,1,"In questa scena tratta da un film, da dove viene afferrata la ragazza?",spaziale,S1,S1|T0,1,ragazza; malvivente o persona che la afferra,evento: la ragazza viene afferrata; localizzazione del punto di presa,"riconoscere l'evento o la relazione spaziale pertinente; allineare il referente all'intervallo locale; recuperare origine, destinazione, direzione, supporto o posizione richiesta",una relazione spaziale esplicita o una localizzazione condizionata da un singolo evento osservabile nello stesso intervallo locale,local_interval,1,esplicita,moderata,"[""spaziale"", ""temporale""]",80,90,70,75,sufficiente,"['La ragazza viene afferrata da un uomo (segment_0001).', ""La ragazza è identificata come 'e1' con capelli biondi e giacca rosa."", ""L'evento di afferrare è osservato tra 5.5 e 6.75 secondi.""]",['Localizzazione specifica del punto di presa sulla ragazza.'],"Il modello ha identificato correttamente l'evento in cui la ragazza viene afferrata e ha riconosciuto le entità coinvolte. Tuttavia, manca la specifica localizzazione del punto di presa sulla ragazza, che è un elemento chiave per rispondere alla domanda. Nonostante ciò, la rappresentazione è sufficiente per affrontare la domanda, anche se con alcune incertezze."
qwen-30B,video044,2,"In questa scena tratta da un film, la donna colpisce il malvivente prima o dopo aver detto: 'Io i soldi me li fatico'?",temporale,T1,T1,1,donna; malvivente; frase «Io i soldi me li fatico»,evento A: la donna colpisce il malvivente; evento B: la donna pronuncia la frase,"riconoscere i due eventi oppure l'evento e l'ancora temporale; localizzarli nella sequenza; determinare la relazione prima/dopo, primo/secondo, corrente/precedente o il momento richiesto",localizzazione rispetto a un'ancora temporale esplicita oppure ordinamento pairwise tra due eventi/stati direttamente identificabili,two_intervals,2,esplicita,alta,"[""temporale""]",0,50,0,20,insufficiente,['Evento A: la donna colpisce il malvivente (segment_0006)'],"[""Entità: donna, malvivente, frase 'Io i soldi me li fatico'"", 'Evento B: la donna pronuncia la frase', 'Relazione temporale tra evento A e evento B']","Il modello ha identificato l'evento in cui una donna colpisce un malvivente, ma non ha recuperato l'entità della frase pronunciata né l'evento corrispondente. Mancano quindi le informazioni necessarie per determinare la relazione temporale tra i due eventi richiesti dalla domanda."
qwen-30B,video044,3,Perché in questo spezzone di film la donna alla fine scappa?,causale,C1,C1|T1,1,donna; malvivente; luogo della scena,effetto da spiegare: la donna scappa alla fine; causa/antecedente: da identificare nell'evidenza disponibile,riconoscere l'effetto; individuare un antecedente o stato direttamente osservabile/esplicitamente disponibile; verificare il nesso causale senza attribuire intenzioni o motivazioni non supportate,"collegamento causale diretto tra un antecedente esplicito e una conseguenza esplicita, con al massimo due unità di evidenza",two_intervals,2,parzialmente implicita,moderata,"[""causale"", ""temporale""]",80,90,85,85,sufficiente,"[""La donna è identificata come 'persona' con capelli biondi e giacca rosa."", 'La donna viene afferrata da un uomo, evento osservato.', 'La donna scappa alla fine, evento osservato.', 'Causalità tra attacco fisico e fuga della donna.']","['Identificazione chiara del malvivente come entità specifica.', 'Luogo della scena non completamente descritto.']","La rappresentazione del modello ha recuperato la maggior parte delle informazioni necessarie per affrontare la domanda. Le entità principali, come la donna e l'evento della sua fuga, sono chiaramente identificate. Gli eventi chiave, come l'attacco e la fuga, sono ben documentati e supportati da relazioni causali. Tuttavia, manca una chiara identificazione del malvivente e una descrizione completa del luogo della scena. Nonostante queste lacune, la comprensione complessiva è sufficiente per affrontare la domanda."
qwen-30B,video045,1,Dove sono stati postati i video dei fatti raccontati al telegiornale?,spaziale,S1,S1|T0,1,video dei fatti; fatti raccontati al telegiornale,evento riportato: i video vengono pubblicati; localizzazione della piattaforma,"riconoscere l'evento o la relazione spaziale pertinente; allineare il referente all'intervallo locale; recuperare origine, destinazione, direzione, supporto o posizione richiesta",una relazione spaziale esplicita o una localizzazione condizionata da un singolo evento osservabile nello stesso intervallo locale,local_interval,1,parzialmente implicita,moderata,"[""spaziale"", ""temporale""]",0,0,0,0,insufficiente,[],"['video dei fatti', 'fatti raccontati al telegiornale', 'evento di pubblicazione dei video', 'localizzazione della piattaforma di pubblicazione']","La rappresentazione del modello non include alcuna informazione riguardante i video dei fatti o la loro pubblicazione, né tantomeno la localizzazione della piattaforma su cui potrebbero essere stati postati. Mancano completamente le entità e gli eventi richiesti per rispondere alla domanda, rendendo impossibile qualsiasi inferenza utile."
qwen-30B,video045,2,I fatti si sono svolti prima o dopo mezzogiorno?,temporale,T1,T1,1,fatti narrati; mezzogiorno,evento target: svolgimento dei fatti; riferimento temporale: mezzogiorno,"riconoscere i due eventi oppure l'evento e l'ancora temporale; localizzarli nella sequenza; determinare la relazione prima/dopo, primo/secondo, corrente/precedente o il momento richiesto",localizzazione rispetto a un'ancora temporale esplicita oppure ordinamento pairwise tra due eventi/stati direttamente identificabili,two_intervals,2,parzialmente implicita,alta,"[""temporale""]",0,0,0,0,insufficiente,[],"['Riferimento temporale a mezzogiorno', 'Eventi specifici che si svolgono prima o dopo mezzogiorno', 'Relazione temporale tra gli eventi e mezzogiorno']","La rappresentazione del modello non include alcun riferimento temporale esplicito a mezzogiorno, né eventi specifici che possano essere chiaramente collocati prima o dopo tale riferimento temporale. Senza queste informazioni, non è possibile determinare la relazione temporale richiesta dalla domanda."
qwen-30B,video045,3,Perché le forze dell'ordine reclamano i rinforzi per aiutarli a sedare la folla?,causale,C0,C0,0,forze dell'ordine; rinforzi; folla,relazione causale/finalistica esplicitata nella domanda; nessun antecedente aggiuntivo deve essere ipotizzato,recuperare la causa o finalità già espressa esplicitamente; non introdurre antecedenti ulteriori non supportati,la finalità o relazione causale necessaria è già esplicitata nella formulazione disponibile; non è richiesta una ricostruzione causale aggiuntiva,local_interval,1,esplicita,nessuna,"[""causale""]",80,70,60,65,sufficiente,"[""Presenza di forze dell'ordine (poliziotti) e folla."", ""Folla radunata intorno a un'auto della polizia."", ""Attacco all'auto della polizia da parte della folla.""]","[""Esplicita richiesta di rinforzi da parte delle forze dell'ordine."", 'Motivazione esplicita per la richiesta di rinforzi.']","Il modello ha identificato correttamente le entità principali come le forze dell'ordine e la folla, e ha riconosciuto eventi rilevanti come l'attacco all'auto della polizia. Tuttavia, manca l'esplicita richiesta di rinforzi e la motivazione chiara per tale richiesta, che sono centrali per rispondere alla domanda. La rappresentazione è sufficiente per comprendere il contesto generale, ma non per rispondere completamente alla domanda."
qwen-30B,video046,1,Dove possiamo vedere che la prima risposta al comando vocale è giusta?,spaziale,S1,S1|T0,1,prima risposta del comando vocale,evento: il sistema dà la prima risposta; localizzazione dell'evidenza visiva che la conferma,"riconoscere l'evento o la relazione spaziale pertinente; allineare il referente all'intervallo locale; recuperare origine, destinazione, direzione, supporto o posizione richiesta",una relazione spaziale esplicita o una localizzazione condizionata da un singolo evento osservabile nello stesso intervallo locale,local_interval,1,parzialmente implicita,moderata,"[""spaziale"", ""temporale""]",0,0,0,0,insufficiente,[],"['Prima risposta al comando vocale', 'Evento: il sistema dà la prima risposta', ""Localizzazione dell'evidenza visiva che conferma la risposta giusta""]","La rappresentazione del modello non include alcuna informazione relativa a un comando vocale o alla risposta del sistema a tale comando. Non ci sono eventi o entità che indichino una risposta a un comando vocale, né è presente una localizzazione visiva che confermi la correttezza di una risposta. Pertanto, nessuno dei requisiti necessari per rispondere alla domanda è stato recuperato."
qwen-30B,video046,2,Il ragazzo chiede prima 'Chi ti ha programmato?' o l'orario?,temporale,T1,T1,1,ragazzo; domanda «Chi ti ha programmato?»; richiesta dell'orario,evento A: il ragazzo chiede chi ha programmato il sistema; evento B: il ragazzo chiede l'orario,"riconoscere i due eventi oppure l'evento e l'ancora temporale; localizzarli nella sequenza; determinare la relazione prima/dopo, primo/secondo, corrente/precedente o il momento richiesto",localizzazione rispetto a un'ancora temporale esplicita oppure ordinamento pairwise tra due eventi/stati direttamente identificabili,two_intervals,2,esplicita,alta,"[""temporale""]",20,0,0,10,insufficiente,"['Presenza di una persona che tiene un telefono.', 'Schermo del telefono acceso con orologio e data.']","['Evento A: il ragazzo chiede chi ha programmato il sistema.', ""Evento B: il ragazzo chiede l'orario."", 'Relazione temporale tra i due eventi richiesti.', 'Inferenza sulla sequenza temporale degli eventi.']","La rappresentazione del modello non include gli eventi specifici richiesti dalla domanda, ovvero le domande fatte dal ragazzo. Mancano completamente le informazioni necessarie per determinare l'ordine temporale tra le due domande. La presenza di una persona con un telefono non è sufficiente per rispondere alla domanda, poiché non ci sono indicazioni su quali domande siano state poste e in quale ordine."
qwen-30B,video046,3,Perché l'uomo dice che le 23:47 sono l'orario giusto?,causale,C1,C1|T1,1,uomo; orario 23:47; dispositivo o comando vocale,effetto da spiegare: l'uomo afferma che 23:47 è corretto; causa/antecedente: da identificare nell'evidenza disponibile,riconoscere l'effetto; individuare un antecedente o stato direttamente osservabile/esplicitamente disponibile; verificare il nesso causale senza attribuire intenzioni o motivazioni non supportate,"collegamento causale diretto tra un antecedente esplicito e una conseguenza esplicita, con al massimo due unità di evidenza",two_intervals,2,parzialmente implicita,moderata,"[""causale"", ""temporale""]",50,40,30,35,parziale,"['Presenza di un uomo che tiene un telefono.', ""Il telefono mostra l'orario 23:47.""]","[""L'uomo afferma che 23:47 è l'orario giusto."", ""Motivazione o causa per cui l'uomo afferma che 23:47 è l'orario giusto.""]","Il modello ha identificato l'uomo e il telefono che mostra l'orario 23:47, ma manca l'affermazione dell'uomo che quell'orario sia giusto e la causa o motivazione per tale affermazione. Senza queste informazioni, non è possibile stabilire un nesso causale tra l'orario e l'affermazione dell'uomo."
qwen-30B,video047,1,Dove si trovava il telefono prima che la donna rispondesse?,spaziale,S2,S2|T1,2,telefono; donna anziana,evento contestuale: la donna risponde al telefono; localizzazione precedente del telefono,identificare l'ancora temporale; recuperare lo stato spaziale nella fase richiesta; confrontare le fasi pertinenti senza introdurre cambiamenti non osservati,recupero spaziale condizionato da una fase precedente/successiva/iniziale o dal primo occorrere di un evento; richiede confronto tra almeno due stati temporali,two_intervals,2,esplicita,alta,"[""spaziale"", ""temporale""]",100,100,100,100,completa,"['Telefono identificato come entità e2, nero e a filo.', 'Donna anziana identificata come entità e1, con vari attributi distintivi.', ""Evento di risposta al telefono identificato: la donna prende il telefono e lo porta all'orecchio (segmento 0000)."", 'Localizzazione precedente del telefono: sopra il tavolo (segmento 0000).', 'Cambiamento di stato del telefono: da posizionato sul tavolo a tenuto dalla persona (segmento 0000).']",[],"Tutti i requisiti della domanda sono stati completamente recuperati. Le entità richieste, il telefono e la donna anziana, sono chiaramente identificate. L'evento di risposta al telefono è ben documentato, e la localizzazione precedente del telefono è esplicitamente indicata come sopra il tavolo. L'inferenza richiesta è supportata da un chiaro cambiamento di stato del telefono. La rappresentazione è sufficiente per affrontare la domanda."
qwen-30B,video047,2,La signora anziana grida 'Oddio! Cosa posso fare?' prima o dopo aver detto di essere sola?,temporale,T1,T1,1,donna anziana; frase «Oddio! Cosa posso fare?»; dichiarazione di essere sola,evento A: la donna grida «Oddio! Cosa posso fare?»; evento B: dice di essere sola,"riconoscere i due eventi oppure l'evento e l'ancora temporale; localizzarli nella sequenza; determinare la relazione prima/dopo, primo/secondo, corrente/precedente o il momento richiesto",localizzazione rispetto a un'ancora temporale esplicita oppure ordinamento pairwise tra due eventi/stati direttamente identificabili,two_intervals,2,esplicita,alta,"[""temporale""]",0,0,0,0,insufficiente,[],"['Frase «Oddio! Cosa posso fare?»', 'Dichiarazione di essere sola', 'Evento A: la donna grida «Oddio! Cosa posso fare?»', 'Evento B: dice di essere sola', 'Relazione temporale tra evento A e evento B']","La rappresentazione del modello non include alcuna informazione riguardante le frasi specifiche pronunciate dalla signora anziana, né la dichiarazione di essere sola né l'esclamazione ""Oddio! Cosa posso fare?"". Inoltre, non ci sono eventi o relazioni temporali che permettano di determinare l'ordine di queste frasi. Pertanto, nessuno dei requisiti necessari per rispondere alla domanda è stato recuperato."
qwen-30B,video047,3,Perché la donna anziana è preoccupata?,causale,C2,C2|T1,2,donna anziana,effetto da spiegare: la donna è preoccupata; causa/antecedente: da identificare nell'evidenza disponibile,riconoscere l'effetto o comportamento da spiegare; recuperare il contesto pertinente; inferire la causa/intenzione/motivazione solo se supportata dalle evidenze; evitare di colmare lacune con conoscenza non presente nel video,"la risposta richiede almeno un passaggio inferenziale implicito su motivazione, intenzione, stato mentale, valutazione sociale, finalità procedurale o relazione causale non direttamente osservabile",two_intervals,2,implicita,moderata,"[""causale"", ""temporale""]",80,60,40,50,parziale,"['La donna anziana è identificata e descritta con vari attributi.', 'La donna anziana è vista parlare al telefono in diversi segmenti.']","['Non è chiaro il motivo per cui la donna anziana è preoccupata.', 'Non ci sono indicazioni di un evento o contesto che spieghi la preoccupazione della donna.']","Il modello ha identificato correttamente la donna anziana e ha osservato che parla al telefono, ma manca l'informazione chiave sul motivo della sua preoccupazione. Non ci sono eventi o contesti che suggeriscano una causa per la sua preoccupazione, rendendo impossibile l'inferenza richiesta dalla domanda."
qwen-30B,video048,1,Dove sbatte la mano la professoressa?,spaziale,S1,S1|T0,1,professoressa; mano,evento: la professoressa sbatte la mano; localizzazione della superficie,"riconoscere l'evento o la relazione spaziale pertinente; allineare il referente all'intervallo locale; recuperare origine, destinazione, direzione, supporto o posizione richiesta",una relazione spaziale esplicita o una localizzazione condizionata da un singolo evento osservabile nello stesso intervallo locale,local_interval,1,esplicita,moderata,"[""spaziale"", ""temporale""]",0,0,0,0,insufficiente,[],"['Professoressa', 'Mano della professoressa', 'Evento di sbattere la mano', 'Superficie su cui la mano viene sbattuta', 'Relazione spaziale tra la mano e la superficie']","La rappresentazione del modello non include alcuna informazione riguardante la professoressa che sbatte la mano, né identifica la superficie su cui la mano viene sbattuta. Mancano completamente le entità e gli eventi richiesti per rispondere alla domanda, rendendo impossibile qualsiasi inferenza spaziale necessaria."
qwen-30B,video048,2,Quale bambino inizia a ridere per primo?,temporale,T2,T2,2,bambini presenti; primo bambino che ride,insieme di eventi: inizio della risata per ciascun bambino presente; target: identificare il primo onset,"riconoscere gli eventi o stati pertinenti; ricostruire l'evoluzione temporale necessaria; calcolare conteggio/durata oppure distinguere onset, continuazione e stato già completato","durata, conteggio/iterazione, selezione del primo onset tra più candidati o ricostruzione di uno stato già in corso/completato",multi_event_sequence,>=3,esplicita,alta,"[""temporale""]",0,0,0,0,insufficiente,[],"['Identificazione dei bambini presenti nel video', ""Riconoscimento dell'inizio della risata per ciascun bambino"", 'Identificazione del primo bambino che inizia a ridere']","La rappresentazione del modello non include alcuna informazione riguardante i bambini che ridono, né l'inizio della risata per ciascun bambino. Non sono stati identificati eventi di risata, né è stata effettuata alcuna inferenza temporale per determinare quale bambino inizi a ridere per primo. Pertanto, la comprensione è insufficiente per rispondere alla domanda."
qwen-30B,video048,3,Perché i professori iniziano a comportarsi come dei bambini maleducati?,causale,C2,C2|T1,2,professori; bambini; comportamento maleducato,effetto da spiegare: i professori si comportano come bambini maleducati; causa/antecedente: da identificare nell'evidenza disponibile,riconoscere l'effetto o comportamento da spiegare; recuperare il contesto pertinente; inferire la causa/intenzione/motivazione solo se supportata dalle evidenze; evitare di colmare lacune con conoscenza non presente nel video,"la risposta richiede almeno un passaggio inferenziale implicito su motivazione, intenzione, stato mentale, valutazione sociale, finalità procedurale o relazione causale non direttamente osservabile",two_intervals,2,implicita,moderata,"[""causale"", ""temporale""]",0,0,0,0,insufficiente,[],"['Professori che si comportano come bambini maleducati', 'Causa o antecedente del comportamento dei professori', 'Contesto pertinente al comportamento dei professori']","La rappresentazione del modello non include alcuna evidenza di professori che si comportano come bambini maleducati, né fornisce informazioni su eventuali cause o antecedenti di tale comportamento. Mancano completamente le entità e gli eventi richiesti per affrontare la domanda, e non è possibile eseguire alcuna inferenza causale basata sui dati disponibili."
qwen-30B,video049,1,Dove si trovano gli operai?,spaziale,S0,S0,0,operai; cantiere o luogo di lavoro,localizzazione degli operai,identificare il referente target; recuperare una singola evidenza spaziale direttamente osservabile; restituire la localizzazione senza confronto tra fasi,recupero spaziale diretto da una singola evidenza stabile; nessun confronto temporale o ricostruzione di stato,single_frame,1,esplicita,nessuna,"[""spaziale""]",80,70,60,70,sufficiente,"['Presenza di lavoratori con caschi e abbigliamento da lavoro in vari segmenti.', 'Lavoratori impegnati in attività di costruzione o ristrutturazione.']",['Localizzazione specifica degli operai in un cantiere o luogo di lavoro definito.'],"Il modello ha identificato correttamente la presenza di lavoratori e le loro attività, ma manca una chiara localizzazione spaziale che li collochi in un cantiere o luogo di lavoro specifico. La rappresentazione è sufficiente per comprendere che si tratta di operai, ma non fornisce un'informazione spaziale esplicita e diretta sul loro posizionamento."
qwen-30B,video049,2,Quanto tempo ci vuole ai ragazzi nel video per ottenere la qualifica di operatore edile?,temporale,T2,T2,2,ragazzi; qualifica di operatore edile,evento target: conseguimento della qualifica; misura temporale: durata necessaria,"riconoscere gli eventi o stati pertinenti; ricostruire l'evoluzione temporale necessaria; calcolare conteggio/durata oppure distinguere onset, continuazione e stato già completato","durata, conteggio/iterazione, selezione del primo onset tra più candidati o ricostruzione di uno stato già in corso/completato",multi_event_sequence,2,esplicita,alta,"[""temporale""]",0,0,0,0,insufficiente,[],"['Entità: ragazzi, qualifica di operatore edile', 'Evento: conseguimento della qualifica di operatore edile', 'Misura temporale: durata necessaria per ottenere la qualifica', ""Inferenza: calcolare la durata o identificare l'onset del conseguimento della qualifica""]","Il modello non ha recuperato alcuna informazione riguardante i ragazzi o il conseguimento della qualifica di operatore edile. Non ci sono eventi o misure temporali che indichino la durata necessaria per ottenere tale qualifica. Pertanto, la rappresentazione è insufficiente per affrontare la domanda."
qwen-30B,video049,3,Perché gli studenti stanno lavorando come manovali?,causale,C2,C2|T1,2,studenti; lavoro da manovali,effetto da spiegare: gli studenti lavorano come manovali; causa/antecedente: da identificare nell'evidenza disponibile,riconoscere l'effetto o comportamento da spiegare; recuperare il contesto pertinente; inferire la causa/intenzione/motivazione solo se supportata dalle evidenze; evitare di colmare lacune con conoscenza non presente nel video,"la risposta richiede almeno un passaggio inferenziale implicito su motivazione, intenzione, stato mentale, valutazione sociale, finalità procedurale o relazione causale non direttamente osservabile",two_intervals,2,implicita,moderata,"[""causale"", ""temporale""]",0,50,0,20,insufficiente,"['Eventi di lavoratori che svolgono attività manuali come applicare intonaco, misurare e tagliare piastrelle, dipingere pareti.']","['Identificazione degli studenti come lavoratori.', 'Motivazione o causa per cui gli studenti stanno lavorando come manovali.']","Il modello ha identificato eventi di lavoro manuale, ma non ha riconosciuto gli studenti come lavoratori né ha fornito una motivazione per il loro lavoro. Mancano elementi chiave per rispondere alla domanda."
qwen-30B,video050,1,I bambini si trovano dentro un autobus o per strada?,spaziale,S0,S0,0,bambini; autobus; strada,stato/localizzazione: i bambini sono dentro un autobus oppure per strada,identificare il referente target; recuperare una singola evidenza spaziale direttamente osservabile; restituire la localizzazione senza confronto tra fasi,recupero spaziale diretto da una singola evidenza stabile; nessun confronto temporale o ricostruzione di stato,single_frame,1,esplicita,nessuna,"[""spaziale""]",50,50,50,50,parziale,"['Presenza di bambini (studenti) che camminano e attraversano la strada.', 'Presenza di adulti che accompagnano i bambini.', 'Bambini osservati mentre attraversano la strada.']","['Non è stata osservata la presenza di un autobus.', ""Non è stata osservata la presenza di bambini all'interno di un autobus.""]","Il modello ha identificato correttamente la presenza di bambini e adulti che camminano e attraversano la strada, ma non ha fornito alcuna evidenza di un autobus o di bambini all'interno di esso. Pertanto, manca un elemento fondamentale per rispondere alla domanda, ovvero la localizzazione dei bambini rispetto a un autobus."
qwen-30B,video050,2,L'app del 'Piedibus' è stata sviluppata alla nascita del progetto o dopo?,temporale,T1,T1,1,app Piedibus; nascita del progetto; sviluppo dell'app,evento A: nasce il progetto Piedibus; evento B: viene sviluppata l'app,"riconoscere i due eventi oppure l'evento e l'ancora temporale; localizzarli nella sequenza; determinare la relazione prima/dopo, primo/secondo, corrente/precedente o il momento richiesto",localizzazione rispetto a un'ancora temporale esplicita oppure ordinamento pairwise tra due eventi/stati direttamente identificabili,two_intervals,2,parzialmente implicita,alta,"[""temporale""]",0,0,0,0,insufficiente,[],"['app Piedibus', 'nascita del progetto', ""sviluppo dell'app"", 'evento A: nasce il progetto Piedibus', ""evento B: viene sviluppata l'app"", ""relazione temporale tra nascita del progetto e sviluppo dell'app""]","La rappresentazione del modello non recupera alcuna informazione riguardante l'app Piedibus, la nascita del progetto o lo sviluppo dell'app. Non ci sono eventi o ancore temporali che permettano di determinare la relazione temporale richiesta dalla domanda. Pertanto, la comprensione è insufficiente."
qwen-30B,video050,3,Perché il 'Piedibus' è ecologico?,causale,C2,C2|T1,2,Piedibus; bambini o partecipanti,effetto da spiegare: il Piedibus è definito ecologico; causa/antecedente: da identificare nell'evidenza disponibile,riconoscere l'effetto o comportamento da spiegare; recuperare il contesto pertinente; inferire la causa/intenzione/motivazione solo se supportata dalle evidenze; evitare di colmare lacune con conoscenza non presente nel video,"la risposta richiede almeno un passaggio inferenziale implicito su motivazione, intenzione, stato mentale, valutazione sociale, finalità procedurale o relazione causale non direttamente osservabile",two_intervals,2,implicita,moderata,"[""causale"", ""temporale""]",80,60,40,50,parziale,"['Presenza di bambini che camminano in fila con zaini e valigie a rotelle.', 'Adulti che accompagnano e sorvegliano i bambini mentre attraversano la strada.', 'Documenti del progetto CLIMB esposti su un tavolo.']","['Esplicita menzione del Piedibus come modalità di trasporto ecologica.', ""Collegamento diretto tra il camminare dei bambini e l'ecologicità del Piedibus."", 'Motivazione o spiegazione del perché il Piedibus sia considerato ecologico.']","Il modello ha identificato correttamente le entità principali, come i bambini e gli adulti che li accompagnano, e ha riconosciuto gli eventi di attraversamento della strada. Tuttavia, manca un collegamento esplicito tra queste osservazioni e il concetto di ecologicità del Piedibus. Non è stata fornita una spiegazione causale o motivazionale che giustifichi perché il Piedibus sia considerato ecologico, lasciando un'importante lacuna inferenziale."
qwen-30B,video051,1,Dove si trova la freccia per tornare indietro?,spaziale,S0,S0,0,freccia per tornare indietro; posizione della freccia,localizzazione della freccia di navigazione all'indietro,identificare il referente target; recuperare una singola evidenza spaziale direttamente osservabile; restituire la localizzazione senza confronto tra fasi,recupero spaziale diretto da una singola evidenza stabile; nessun confronto temporale o ricostruzione di stato,single_frame,1,esplicita,nessuna,"[""spaziale""]",0,0,0,0,insufficiente,[],"['freccia per tornare indietro', 'posizione della freccia', ""localizzazione della freccia di navigazione all'indietro""]","La rappresentazione del modello non include alcuna informazione riguardante la freccia per tornare indietro o la sua posizione. Non sono stati identificati né l'entità della freccia né eventi o relazioni spaziali che possano aiutare a localizzarla. Di conseguenza, non è possibile eseguire l'inferenza richiesta per rispondere alla domanda."
qwen-30B,video051,2,La bambina si muove prima o dopo che le voci fuori campo elogino il bambino?,temporale,T1,T1,1,bambina; bambino; voci fuori campo,evento A: la bambina si muove; evento B: le voci fuori campo elogiano il bambino,"riconoscere i due eventi oppure l'evento e l'ancora temporale; localizzarli nella sequenza; determinare la relazione prima/dopo, primo/secondo, corrente/precedente o il momento richiesto",localizzazione rispetto a un'ancora temporale esplicita oppure ordinamento pairwise tra due eventi/stati direttamente identificabili,two_intervals,2,esplicita,alta,"[""temporale""]",50,30,20,25,insufficiente,"['Identificazione della bambina e del bambino in vari segmenti', 'Movimento della bambina sul tappeto']","['Evento delle voci fuori campo che elogiano il bambino', 'Relazione temporale tra il movimento della bambina e le voci fuori campo']","La rappresentazione del modello identifica correttamente le entità principali, come la bambina e il bambino, e il movimento della bambina. Tuttavia, manca completamente l'evento delle voci fuori campo che elogiano il bambino, che è cruciale per determinare la relazione temporale richiesta dalla domanda. Senza questo evento, non è possibile stabilire se la bambina si muove prima o dopo l'elogio, rendendo la comprensione insufficiente."
qwen-30B,video051,3,Perché la donna fuori campo è contenta della bambina che si muove indietro?,causale,C2,C2|T1,2,donna fuori campo; bambina; movimento all'indietro,effetto da spiegare: la donna è contenta del movimento all'indietro della bambina; causa/antecedente: da identificare nell'evidenza disponibile,riconoscere l'effetto o comportamento da spiegare; recuperare il contesto pertinente; inferire la causa/intenzione/motivazione solo se supportata dalle evidenze; evitare di colmare lacune con conoscenza non presente nel video,"la risposta richiede almeno un passaggio inferenziale implicito su motivazione, intenzione, stato mentale, valutazione sociale, finalità procedurale o relazione causale non direttamente osservabile",two_intervals,2,implicita,moderata,"[""causale"", ""temporale""]",50,40,20,30,insufficiente,"['Bambina in piedi su un tappeto a scacchiera', 'Movimento della bambina sul tappeto']","['Donna fuori campo', 'Motivazione della contentezza della donna', ""Causa del movimento all'indietro della bambina""]","La rappresentazione del modello include la bambina e il suo movimento sul tappeto, ma manca completamente la donna fuori campo e qualsiasi indicazione sulla sua reazione o motivazione. Non ci sono elementi che permettano di inferire la causa della contentezza della donna, né il contesto che potrebbe spiegare il movimento della bambina. La comprensione è insufficiente per affrontare la domanda."
qwen-30B,video052,1,Dove si trovava l'oggetto che pesa un quintale prima che l'uomo lo prendesse in mano?,spaziale,S2,S2|T1,2,oggetto che pesa un quintale; uomo; luogo iniziale dell'oggetto,evento contestuale: l'uomo prende l'oggetto in mano; localizzazione precedente dell'oggetto,identificare l'ancora temporale; recuperare lo stato spaziale nella fase richiesta; confrontare le fasi pertinenti senza introdurre cambiamenti non osservati,recupero spaziale condizionato da una fase precedente/successiva/iniziale o dal primo occorrere di un evento; richiede confronto tra almeno due stati temporali,two_intervals,2,esplicita,alta,"[""spaziale"", ""temporale""]",0,0,0,0,insufficiente,[],"['Oggetto che pesa un quintale', ""Luogo iniziale dell'oggetto"", ""Evento in cui l'uomo prende l'oggetto in mano"", ""Localizzazione precedente dell'oggetto""]","La rappresentazione del modello non include alcuna informazione sull'oggetto che pesa un quintale, né sul luogo in cui si trovava prima che l'uomo lo prendesse in mano. Mancano completamente gli eventi e le entità necessarie per rispondere alla domanda, rendendo impossibile qualsiasi inferenza spaziale o temporale richiesta."
qwen-30B,video052,2,L'uomo con la pelliccia tossisce prima o dopo aver preso la bambola in mano?,temporale,T1,T1,1,uomo con la pelliccia; bambola,evento A: l'uomo tossisce; evento B: l'uomo prende la bambola in mano,"riconoscere i due eventi oppure l'evento e l'ancora temporale; localizzarli nella sequenza; determinare la relazione prima/dopo, primo/secondo, corrente/precedente o il momento richiesto",localizzazione rispetto a un'ancora temporale esplicita oppure ordinamento pairwise tra due eventi/stati direttamente identificabili,two_intervals,2,esplicita,alta,"[""temporale""]",0,0,0,0,insufficiente,[],"[""Identificazione dell'uomo con la pelliccia che tossisce"", ""Identificazione dell'uomo con la pelliccia che prende la bambola in mano"", 'Relazione temporale tra il tossire e il prendere la bambola']","La rappresentazione del modello non include alcuna evidenza degli eventi specifici richiesti dalla domanda: l'uomo con la pelliccia che tossisce e l'uomo con la pelliccia che prende la bambola in mano. Inoltre, manca completamente la relazione temporale tra questi due eventi. Pertanto, non è possibile determinare se l'uomo tossisce prima o dopo aver preso la bambola in mano."
qwen-30B,video052,3,Perché l'uomo con il cappello dà la bambola all'uomo con il sigaro?,causale,C2,C2|T1,2,uomo con il cappello; uomo con il sigaro; bambola,effetto da spiegare: l'uomo con il cappello dà la bambola all'uomo con il sigaro; causa/antecedente: da identificare nell'evidenza disponibile,riconoscere l'effetto o comportamento da spiegare; recuperare il contesto pertinente; inferire la causa/intenzione/motivazione solo se supportata dalle evidenze; evitare di colmare lacune con conoscenza non presente nel video,"la risposta richiede almeno un passaggio inferenziale implicito su motivazione, intenzione, stato mentale, valutazione sociale, finalità procedurale o relazione causale non direttamente osservabile",two_intervals,2,implicita,moderata,"[""causale"", ""temporale""]",50,30,20,25,insufficiente,"[""uomo con cappotto di pelliccia (potenzialmente l'uomo con il cappello)"", ""uomo con sigaro (potenzialmente l'uomo con il sigaro)"", 'presenza di un pupazzo (potenzialmente la bambola)']","[""evento specifico in cui l'uomo con il cappello dà la bambola all'uomo con il sigaro"", ""causa o motivazione per cui l'uomo con il cappello dà la bambola all'uomo con il sigaro"", ""interazione diretta tra l'uomo con il cappello e l'uomo con il sigaro riguardo alla bambola""]","La rappresentazione del modello non recupera l'evento chiave in cui l'uomo con il cappello dà la bambola all'uomo con il sigaro, né fornisce informazioni sulle motivazioni o cause di tale azione. Le entità principali sono parzialmente identificate, ma manca l'interazione specifica e la motivazione necessaria per rispondere alla domanda. Pertanto, la comprensione è insufficiente."
qwen-30B,video053,1,Dove si mette la mano il facchino quando il receptionist gli dice: 'Hai visto che sventola?',spaziale,S1,S1|T0,1,facchino; receptionist; mano del facchino; persona definita «sventola»,evento contestuale: il receptionist dice «Hai visto che sventola?»; localizzazione della mano del facchino,"riconoscere l'evento o la relazione spaziale pertinente; allineare il referente all'intervallo locale; recuperare origine, destinazione, direzione, supporto o posizione richiesta",una relazione spaziale esplicita o una localizzazione condizionata da un singolo evento osservabile nello stesso intervallo locale,local_interval,2,esplicita,moderata,"[""spaziale"", ""temporale""]",0,0,0,0,insufficiente,[],"['Facchino', 'Posizione della mano del facchino', ""Evento in cui il receptionist dice 'Hai visto che sventola?'"", ""Persona definita 'sventola'""]","La rappresentazione del modello non include alcuna informazione riguardante il facchino, la posizione della sua mano, l'evento specifico in cui il receptionist dice 'Hai visto che sventola?', né la persona definita 'sventola'. Questi elementi sono essenziali per rispondere alla domanda, quindi la comprensione è insufficiente."
qwen-30B,video053,2,La donna con la pelliccia bianca si tappa le orecchie prima o dopo che il receptionist prema il campanello?,temporale,T1,T1,1,donna con la pelliccia bianca; receptionist; campanello; orecchie,evento A: la donna si tappa le orecchie; evento B: il receptionist preme il campanello,"riconoscere i due eventi oppure l'evento e l'ancora temporale; localizzarli nella sequenza; determinare la relazione prima/dopo, primo/secondo, corrente/precedente o il momento richiesto",localizzazione rispetto a un'ancora temporale esplicita oppure ordinamento pairwise tra due eventi/stati direttamente identificabili,two_intervals,2,esplicita,alta,"[""temporale""]",0,0,0,0,insufficiente,[],"['Identificazione della donna con la pelliccia bianca che si tappa le orecchie', 'Identificazione del receptionist che preme il campanello', 'Relazione temporale tra i due eventi richiesti']","La rappresentazione del modello non include alcuna informazione sugli eventi specifici richiesti dalla domanda: la donna con la pelliccia bianca che si tappa le orecchie e il receptionist che preme il campanello. Senza questi eventi, non è possibile determinare la relazione temporale richiesta. Pertanto, la comprensione è insufficiente."
qwen-30B,video053,3,Perché il receptionist non dà la chiave all'uomo con la pelliccia?,causale,C2,C2|T1,2,receptionist; uomo con la pelliccia; chiave,effetto da spiegare: il receptionist non dà la chiave all'uomo; causa/antecedente: da identificare nell'evidenza disponibile,riconoscere l'effetto o comportamento da spiegare; recuperare il contesto pertinente; inferire la causa/intenzione/motivazione solo se supportata dalle evidenze; evitare di colmare lacune con conoscenza non presente nel video,"la risposta richiede almeno un passaggio inferenziale implicito su motivazione, intenzione, stato mentale, valutazione sociale, finalità procedurale o relazione causale non direttamente osservabile",two_intervals,2,implicita,moderata,"[""causale"", ""temporale""]",80,60,40,50,parziale,"[""Identificazione del receptionist e dell'uomo con la pelliccia."", ""Conversazione tra il receptionist e l'uomo con la pelliccia."", 'Il receptionist mostra una chiave.']","['Motivazione o causa per cui il receptionist non dà la chiave.', 'Dettagli specifici sul perché la chiave non viene consegnata.', 'Eventuali segnali di rifiuto o negazione da parte del receptionist.']","Il modello ha identificato correttamente le entità principali e ha riconosciuto l'evento della conversazione tra il receptionist e l'uomo con la pelliccia. Tuttavia, manca l'informazione cruciale sulla motivazione o causa per cui il receptionist non dà la chiave, che è essenziale per rispondere alla domanda. Senza questa informazione, l'inferenza richiesta non può essere completata."
qwen-30B,video054,1,Dove stanno passando per andare al mare?,spaziale,S1,S1|T0,1,persone in viaggio; mare,evento: le persone passano da un luogo per andare al mare; localizzazione del percorso,"riconoscere l'evento o la relazione spaziale pertinente; allineare il referente all'intervallo locale; recuperare origine, destinazione, direzione, supporto o posizione richiesta",una relazione spaziale esplicita o una localizzazione condizionata da un singolo evento osservabile nello stesso intervallo locale,local_interval,1,esplicita,moderata,"[""spaziale"", ""temporale""]",50,50,30,35,parziale,"['Persone in viaggio: bambine e uomo osservati camminare.', 'Luogo: parcheggio identificato come contesto spaziale.']","['Destinazione: mare non menzionato o implicato.', 'Percorso specifico verso il mare non identificato.', 'Relazione spaziale esplicita verso il mare non presente.']","Il modello ha identificato le persone in viaggio e il contesto spaziale di un parcheggio, ma manca l'informazione chiave sulla destinazione (mare) e il percorso specifico. Senza queste informazioni, l'inferenza richiesta dalla domanda non può essere completata."
qwen-30B,video054,2,Hanno appena visto quindici Cinquecento grigie o è successo prima?,temporale,T1,T1,1,persone nel veicolo; quindici Fiat Cinquecento grigie,evento A: vengono viste quindici Cinquecento grigie nel momento corrente; evento B: l'avvistamento è avvenuto in precedenza,"riconoscere i due eventi oppure l'evento e l'ancora temporale; localizzarli nella sequenza; determinare la relazione prima/dopo, primo/secondo, corrente/precedente o il momento richiesto",localizzazione rispetto a un'ancora temporale esplicita oppure ordinamento pairwise tra due eventi/stati direttamente identificabili,two_intervals,2,esplicita,alta,"[""temporale""]",0,0,0,0,insufficiente,[],"['Persone nel veicolo', 'Quindici Fiat Cinquecento grigie', 'Evento A: vengono viste quindici Cinquecento grigie nel momento corrente', ""Evento B: l'avvistamento è avvenuto in precedenza"", 'Relazione temporale tra gli eventi A e B']","La rappresentazione del modello non include alcuna informazione riguardante le entità specifiche richieste dalla domanda, come le persone nel veicolo o le quindici Fiat Cinquecento grigie. Inoltre, non sono stati identificati eventi relativi all'avvistamento delle auto, né è stata stabilita alcuna relazione temporale tra tali eventi. Pertanto, la comprensione del modello è insufficiente per affrontare la domanda."
qwen-30B,video054,3,Perché la bambina con la maglia azzurra crede che non troveranno più la macchina?,causale,C2,C2|T1,2,bambina con la maglia azzurra; macchina della famiglia; altre Cinquecento,effetto da spiegare: la bambina teme di non ritrovare la macchina; causa/antecedente: da identificare nell'evidenza disponibile,riconoscere l'effetto o comportamento da spiegare; recuperare il contesto pertinente; inferire la causa/intenzione/motivazione solo se supportata dalle evidenze; evitare di colmare lacune con conoscenza non presente nel video,"la risposta richiede almeno un passaggio inferenziale implicito su motivazione, intenzione, stato mentale, valutazione sociale, finalità procedurale o relazione causale non direttamente osservabile",two_intervals,2,implicita,moderata,"[""causale"", ""temporale""]",50,30,10,25,insufficiente,"['Bambina con maglia azzurra identificata in alcuni segmenti', 'Presenza di auto nel parcheggio']","['Motivazione della bambina per credere che non troveranno la macchina', 'Dettagli sulla macchina della famiglia', 'Eventi o dialoghi che suggeriscono la preoccupazione della bambina']","La rappresentazione del modello non recupera informazioni sufficienti per spiegare perché la bambina con la maglia azzurra crede che non troveranno più la macchina. Mancano dettagli cruciali sulla motivazione della bambina e sulla situazione specifica della macchina della famiglia. Senza questi elementi, l'inferenza richiesta non è supportata."
qwen-30B,video055,1,Dove si svolge la scena?,spaziale,S0,S0,0,persone della scena,localizzazione complessiva della scena,identificare il referente target; recuperare una singola evidenza spaziale direttamente osservabile; restituire la localizzazione senza confronto tra fasi,recupero spaziale diretto da una singola evidenza stabile; nessun confronto temporale o ricostruzione di stato,single_frame,1,esplicita,nessuna,"[""spaziale""]",100,100,100,100,completa,"['Un uomo e una bambina sono in acqua (segment_0002).', 'Due bambine giocano con le pistole ad acqua in riva al mare (segment_0005).', 'Uomini nuotano in mare (segment_0005).']",[],"La rappresentazione del modello ha recuperato tutte le informazioni necessarie per rispondere alla domanda. Le entità e gli eventi sono stati identificati correttamente, e l'inferenza sulla localizzazione della scena è supportata da evidenze esplicite e dirette. La scena si svolge in un ambiente acquatico, probabilmente in riva al mare, come indicato dagli eventi e dalle relazioni spaziali osservate."
qwen-30B,video055,2,Il padre è andato a farsi il bagno prima o dopo le bambine?,temporale,T1,T1,1,padre; bambine; bagno in acqua,evento A: il padre va a fare il bagno; evento B: le bambine vanno a fare il bagno,"riconoscere i due eventi oppure l'evento e l'ancora temporale; localizzarli nella sequenza; determinare la relazione prima/dopo, primo/secondo, corrente/precedente o il momento richiesto",localizzazione rispetto a un'ancora temporale esplicita oppure ordinamento pairwise tra due eventi/stati direttamente identificabili,two_intervals,2,esplicita,alta,"[""temporale""]",50,50,30,40,parziale,"['Presenza di un uomo e una bambina in acqua (segmento 0002)', 'Presenza di due bambine che giocano in acqua (segmento 0004)']","['Identificazione chiara del padre', 'Identificazione chiara delle bambine', 'Sequenza temporale chiara degli eventi di bagno del padre e delle bambine']","Il modello ha identificato la presenza di un uomo e di bambine in acqua, ma non ha chiaramente distinto il padre dalle bambine né ha stabilito una sequenza temporale chiara tra i due eventi di bagno. Mancano informazioni decisive per determinare se il padre è andato a farsi il bagno prima o dopo le bambine."
qwen-30B,video055,3,Perché Vane corre subito indietro quando tocca l'acqua?,causale,C2,C2|T1,2,Vane; acqua,effetto da spiegare: Vane corre subito indietro quando tocca l'acqua; causa/antecedente: da identificare nell'evidenza disponibile,riconoscere l'effetto o comportamento da spiegare; recuperare il contesto pertinente; inferire la causa/intenzione/motivazione solo se supportata dalle evidenze; evitare di colmare lacune con conoscenza non presente nel video,"la risposta richiede almeno un passaggio inferenziale implicito su motivazione, intenzione, stato mentale, valutazione sociale, finalità procedurale o relazione causale non direttamente osservabile",two_intervals,2,implicita,moderata,"[""causale"", ""temporale""]",50,40,20,30,parziale,"[""Vane è identificata come una bambina che gioca nell'acqua."", ""L'acqua è presente come elemento di gioco.""]","[""Non è chiaro perché Vane corre indietro quando tocca l'acqua."", 'Non ci sono eventi o azioni che mostrano Vane correre indietro.', 'Non ci sono inferenze causali o motivazionali che spiegano il comportamento di Vane.']","La rappresentazione del modello identifica Vane e l'acqua, ma manca l'evento specifico di Vane che corre indietro e non fornisce alcuna inferenza causale o motivazionale per spiegare il comportamento. Senza questi elementi, la comprensione è limitata."
qwen-30B,video056,1,Dove si trova il pecorino in crema?,spaziale,S0,S0,0,pecorino in crema,localizzazione del pecorino in crema,identificare il referente target; recuperare una singola evidenza spaziale direttamente osservabile; restituire la localizzazione senza confronto tra fasi,recupero spaziale diretto da una singola evidenza stabile; nessun confronto temporale o ricostruzione di stato,single_frame,1,esplicita,nessuna,"[""spaziale""]",0,0,0,0,insufficiente,[],"['pecorino in crema', 'localizzazione del pecorino in crema']","Il modello non ha identificato né il 'pecorino in crema' né la sua localizzazione. Non ci sono riferimenti a questa entità o alla sua posizione nei segmenti analizzati. Pertanto, non è possibile rispondere alla domanda basandosi sull'analisi fornita."
qwen-30B,video056,2,La bambina mangia prima o dopo che venga buttato via l'insetto?,temporale,T1,T1,1,bambina; insetto,evento A: la bambina mangia; evento B: l'insetto viene buttato via,"riconoscere i due eventi oppure l'evento e l'ancora temporale; localizzarli nella sequenza; determinare la relazione prima/dopo, primo/secondo, corrente/precedente o il momento richiesto",localizzazione rispetto a un'ancora temporale esplicita oppure ordinamento pairwise tra due eventi/stati direttamente identificabili,two_intervals,2,esplicita,alta,"[""temporale""]",0,50,20,30,parziale,"[""Evento B: l'insetto viene buttato via (interpretato come gettare un tovagliolo nel cestino)""]","['Evento A: la bambina mangia', ""Identificazione esplicita dell'insetto"", 'Relazione temporale tra i due eventi']","Il modello ha identificato l'evento di gettare un oggetto nel cestino, che potrebbe essere interpretato come l'insetto buttato via, ma non ha identificato l'evento della bambina che mangia. Inoltre, manca la relazione temporale tra i due eventi, che è cruciale per rispondere alla domanda. Pertanto, la comprensione è parziale."
qwen-30B,video056,3,Perché la bambina butta via l'insetto?,causale,C2,C2|T1,2,bambina; insetto,effetto da spiegare: la bambina butta via l'insetto; causa/antecedente: da identificare nell'evidenza disponibile,riconoscere l'effetto o comportamento da spiegare; recuperare il contesto pertinente; inferire la causa/intenzione/motivazione solo se supportata dalle evidenze; evitare di colmare lacune con conoscenza non presente nel video,"la risposta richiede almeno un passaggio inferenziale implicito su motivazione, intenzione, stato mentale, valutazione sociale, finalità procedurale o relazione causale non direttamente osservabile",two_intervals,2,implicita,moderata,"[""causale"", ""temporale""]",50,0,0,10,insufficiente,['Presenza di una bambina in vari segmenti del video'],"[""Evento della bambina che butta via l'insetto"", ""Causa o antecedente dell'azione di buttare via l'insetto"", ""Contesto pertinente all'azione di buttare via l'insetto"", 'Inferenza sulla motivazione o intenzione della bambina']","La rappresentazione del modello non include l'evento chiave della bambina che butta via l'insetto, né fornisce informazioni sul contesto o sulle motivazioni che potrebbero spiegare tale azione. Mancano completamente le evidenze necessarie per inferire la causa o l'intenzione dietro l'azione, rendendo impossibile rispondere alla domanda."
qwen-30B,video057,1,I 'malloreddus alla campidanese' sono nel piatto di Anastasia o in quello di un'altra bambina?,spaziale,S0,S0,0,malloreddus alla campidanese; piatto di Anastasia; piatto di un'altra bambina,localizzazione della pietanza rispetto ai due piatti,identificare il referente target; recuperare una singola evidenza spaziale direttamente osservabile; restituire la localizzazione senza confronto tra fasi,recupero spaziale diretto da una singola evidenza stabile; nessun confronto temporale o ricostruzione di stato,single_frame,1,esplicita,nessuna,"[""spaziale""]",0,0,0,0,insufficiente,[],"['malloreddus alla campidanese', 'piatto di Anastasia', ""piatto di un'altra bambina"", 'localizzazione della pietanza rispetto ai due piatti']","La rappresentazione del modello non include alcuna informazione riguardante i 'malloreddus alla campidanese', né identifica il piatto di Anastasia o di un'altra bambina. Non è possibile determinare la localizzazione della pietanza rispetto ai due piatti, che è l'elemento centrale della domanda. Pertanto, nessun requisito necessario è stato recuperato."
qwen-30B,video057,2,Anastasia inizia a masticare dopo che la voce le chiede se è buona o stava già masticando?,temporale,T2,T2,2,Anastasia; voce fuori campo,evento A: la voce chiede ad Anastasia se il cibo è buono; stato target: stabilire se Anastasia stava già masticando oppure se inizia dopo la domanda,"riconoscere gli eventi o stati pertinenti; ricostruire l'evoluzione temporale necessaria; calcolare conteggio/durata oppure distinguere onset, continuazione e stato già completato","durata, conteggio/iterazione, selezione del primo onset tra più candidati o ricostruzione di uno stato già in corso/completato",two_intervals,2,esplicita,alta,"[""temporale""]",50,20,10,20,insufficiente,"['Anastasia è identificata come una ragazza che mangia pizza in vari segmenti.', 'La presenza di una voce fuori campo non è stata rilevata.']","['Evento A: la voce chiede ad Anastasia se il cibo è buono.', 'Stato target: stabilire se Anastasia stava già masticando oppure se inizia dopo la domanda.', ""Riconoscimento dell'evoluzione temporale tra la domanda e l'azione di masticare.""]","La rappresentazione del modello non include l'evento chiave della voce che chiede ad Anastasia se il cibo è buono, né l'analisi temporale necessaria per determinare se Anastasia stava già masticando o ha iniziato dopo la domanda. Mancano quindi elementi fondamentali per affrontare la domanda."
qwen-30B,video057,3,Perché la donna fuori campo dice che c'è un profumo buonissimo?,causale,C1,C1|T0,1,donna fuori campo; cibo o piatto; profumo,effetto da spiegare: la donna dice che c'è un profumo buonissimo; causa/antecedente: da identificare nell'evidenza disponibile,riconoscere l'effetto; individuare un antecedente o stato direttamente osservabile/esplicitamente disponibile; verificare il nesso causale senza attribuire intenzioni o motivazioni non supportate,"nesso causa-effetto fisico, sistemico o comportamentale direttamente osservabile nello stesso intervallo locale",local_interval,1,esplicita,moderata,"[""causale"", ""temporale""]",40,30,20,30,insufficiente,"['Presenza di una donna (e1) che interagisce con cibo e bevande', 'Presenza di cibo come pizza e pasta']","['Riconoscimento esplicito del profumo buonissimo', 'Identificazione della donna fuori campo', 'Collegamento causale tra il cibo e il commento sul profumo']","La rappresentazione del modello include alcune entità come la donna e il cibo, ma manca il riconoscimento esplicito del profumo buonissimo e l'identificazione della donna fuori campo. Inoltre, non è stato stabilito un collegamento causale tra il cibo e il commento sul profumo. Pertanto, la comprensione è insufficiente per affrontare la domanda."
qwen-30B,video058,1,Dove si trova la macchia che sembra un livido?,spaziale,S0,S0,0,macchia simile a un livido; parte del corpo della bambina,localizzazione della macchia,identificare il referente target; recuperare una singola evidenza spaziale direttamente osservabile; restituire la localizzazione senza confronto tra fasi,recupero spaziale diretto da una singola evidenza stabile; nessun confronto temporale o ricostruzione di stato,single_frame,1,esplicita,nessuna,"[""spaziale""]",0,0,0,0,insufficiente,[],"['Macchia simile a un livido', 'Localizzazione della macchia sulla parte del corpo della bambina']","La rappresentazione del modello non include alcuna informazione riguardante una macchia simile a un livido o la sua localizzazione sulla parte del corpo della bambina. Senza queste informazioni, non è possibile affrontare la domanda."
qwen-30B,video058,2,Anastasia fa un balletto mentre è sul treno o dopo che è scesa?,temporale,T1,T1,1,Anastasia; treno; balletto,evento A: Anastasia fa un balletto sul treno; evento B: Anastasia scende dal treno,"riconoscere i due eventi oppure l'evento e l'ancora temporale; localizzarli nella sequenza; determinare la relazione prima/dopo, primo/secondo, corrente/precedente o il momento richiesto",localizzazione rispetto a un'ancora temporale esplicita oppure ordinamento pairwise tra due eventi/stati direttamente identificabili,two_intervals,2,esplicita,alta,"[""temporale""]",0,0,0,0,insufficiente,[],"['Anastasia', 'Balletto', 'Scendere dal treno', 'Fare un balletto sul treno']","La rappresentazione del modello non include alcuna informazione su Anastasia, il balletto o il fatto di scendere dal treno. Non sono stati identificati eventi rilevanti per rispondere alla domanda, né è possibile inferire la relazione temporale richiesta. Pertanto, la comprensione è insufficiente."
qwen-30B,video058,3,Perché la donna crede che la bambina abbia preso un pugno?,causale,C2,C2|T1,2,donna; bambina; macchia o livido; pugno ipotizzato,effetto da spiegare: la donna pensa che la bambina abbia ricevuto un pugno; causa/antecedente: da identificare nell'evidenza disponibile,riconoscere l'effetto o comportamento da spiegare; recuperare il contesto pertinente; inferire la causa/intenzione/motivazione solo se supportata dalle evidenze; evitare di colmare lacune con conoscenza non presente nel video,"la risposta richiede almeno un passaggio inferenziale implicito su motivazione, intenzione, stato mentale, valutazione sociale, finalità procedurale o relazione causale non direttamente osservabile",two_intervals,2,implicita,moderata,"[""causale"", ""temporale""]",0,0,0,0,insufficiente,[],"['Presenza di una donna che pensa che la bambina abbia ricevuto un pugno', 'Presenza di una bambina con una macchia o livido', 'Qualsiasi riferimento a un pugno ipotizzato', 'Eventi o stati che suggeriscono che la donna pensa che la bambina abbia ricevuto un pugno', 'Causa o antecedente che spiega perché la donna pensa che la bambina abbia ricevuto un pugno']","La rappresentazione del modello non include alcuna informazione riguardante una donna che crede che la bambina abbia preso un pugno, né ci sono riferimenti a una macchia o livido sulla bambina. Non ci sono eventi o stati che suggeriscono che la donna abbia questa convinzione, né è presente una causa o antecedente che spieghi tale pensiero. Pertanto, nessuno dei requisiti necessari per rispondere alla domanda è stato recuperato."
qwen-30B,video059,1,Dove sono seduti?,spaziale,S0,S0,0,persone sedute; seduta o luogo,localizzazione delle persone sedute,identificare il referente target; recuperare una singola evidenza spaziale direttamente osservabile; restituire la localizzazione senza confronto tra fasi,recupero spaziale diretto da una singola evidenza stabile; nessun confronto temporale o ricostruzione di stato,single_frame,1,esplicita,nessuna,"[""spaziale""]",100,100,100,100,completa,"['Una ragazza e un uomo sono seduti su una gondola (segment_0000).', ""La ragazza e l'uomo sono seduti su una gondola (segment_0001).""]",[],Il modello ha identificato correttamente le entità richieste (una ragazza e un uomo) e la loro localizzazione (seduti su una gondola). Gli eventi di seduta sono stati chiaramente osservati e descritti nei segmenti pertinenti. Non ci sono lacune o incertezze nella rappresentazione spaziale richiesta dalla domanda.
qwen-30B,video059,2,"La bambina dice prima che, quando sono saliti, la gondola dondolava oppure che è rilassante?",temporale,T1,T1,1,bambina; gondola; dichiarazione sul dondolio; dichiarazione «è rilassante»,"evento A: la bambina spiega che, quando sono saliti, la gondola dondolava; evento B: la bambina dice che è rilassante","riconoscere i due eventi oppure l'evento e l'ancora temporale; localizzarli nella sequenza; determinare la relazione prima/dopo, primo/secondo, corrente/precedente o il momento richiesto",localizzazione rispetto a un'ancora temporale esplicita oppure ordinamento pairwise tra due eventi/stati direttamente identificabili,two_intervals,2,esplicita,alta,"[""temporale""]",0,0,0,0,insufficiente,[],"['Dichiarazione della bambina sul dondolio della gondola', 'Dichiarazione della bambina che la gondola è rilassante', 'Eventi specifici in cui la bambina fa queste dichiarazioni', 'Relazione temporale tra le due dichiarazioni']","La rappresentazione del modello non include alcuna informazione sulle dichiarazioni della bambina riguardo al dondolio della gondola o al fatto che sia rilassante. Mancano completamente gli eventi specifici e la relazione temporale tra di essi, che sono essenziali per rispondere alla domanda."
qwen-30B,video059,3,Perché la bambina con la canottiera verde/azzurra sorride?,causale,C2,C2|T1,2,persona con la canottiera verde/azzurra,effetto da spiegare: la persona sorride; causa/antecedente: da identificare nell'evidenza disponibile,riconoscere l'effetto o comportamento da spiegare; recuperare il contesto pertinente; inferire la causa/intenzione/motivazione solo se supportata dalle evidenze; evitare di colmare lacune con conoscenza non presente nel video,"la risposta richiede almeno un passaggio inferenziale implicito su motivazione, intenzione, stato mentale, valutazione sociale, finalità procedurale o relazione causale non direttamente osservabile",two_intervals,2,implicita,moderata,"[""causale"", ""temporale""]",100,80,60,70,sufficiente,"['La bambina con la canottiera verde/azzurra è identificata come entità e1.', 'La bambina sorride mentre è seduta su una gondola.', 'La bambina agita le mani mentre sorride.']","['Motivazione o causa specifica per cui la bambina sorride.', 'Contesto o eventi che potrebbero spiegare il sorriso della bambina.']","Il modello ha identificato correttamente l'entità della bambina con la canottiera verde/azzurra e ha osservato che sorride. Tuttavia, manca l'identificazione di un evento o contesto specifico che spieghi il motivo del sorriso, limitando la capacità di inferire la causa del comportamento. La rappresentazione è sufficiente per riconoscere il comportamento, ma non per dedurre la motivazione dietro di esso."
qwen-30B,video060,1,Dove si attacca la sabbia alla bambina dopo essersi asciugata?,spaziale,S2,S2|T1,2,sabbia; bambina; asciugamano,evento contestuale: la bambina si asciuga; localizzazione della sabbia che si attacca,identificare l'ancora temporale; recuperare lo stato spaziale nella fase richiesta; confrontare le fasi pertinenti senza introdurre cambiamenti non osservati,recupero spaziale condizionato da una fase precedente/successiva/iniziale o dal primo occorrere di un evento; richiede confronto tra almeno due stati temporali,two_intervals,2,esplicita,alta,"[""spaziale"", ""temporale""]",50,40,30,35,parziale,"['Bambina identificata in vari segmenti', 'Asciugamano identificato in vari segmenti', 'Sabbia identificata in vari segmenti', ""Bambina si asciuga e interagisce con l'asciugamano""]","[""Localizzazione specifica della sabbia sulla bambina dopo l'asciugatura"", ""Confronto tra stati temporali prima e dopo l'asciugatura"", ""Dettagli sull'evento di asciugatura e successiva adesione della sabbia""]","Il modello ha identificato le entità principali come la bambina, l'asciugamano e la sabbia, ma manca la localizzazione specifica della sabbia sulla bambina dopo l'asciugatura. Gli eventi di asciugatura e adesione della sabbia non sono chiaramente rappresentati, e manca un confronto tra stati temporali per determinare dove la sabbia si attacca. La comprensione complessiva è parziale, con lacune significative nei dettagli richiesti per rispondere alla domanda."
qwen-30B,video060,2,La bambina indica col dito la sabbia prima o dopo che le si è attaccata alla mano?,temporale,T1,T1,1,bambina; sabbia; mano; dito,evento A: la bambina indica la sabbia con il dito; evento B: la sabbia si attacca alla mano,"riconoscere i due eventi oppure l'evento e l'ancora temporale; localizzarli nella sequenza; determinare la relazione prima/dopo, primo/secondo, corrente/precedente o il momento richiesto",localizzazione rispetto a un'ancora temporale esplicita oppure ordinamento pairwise tra due eventi/stati direttamente identificabili,two_intervals,2,esplicita,alta,"[""temporale""]",50,50,30,40,parziale,['La bambina indica il telo da spiaggia con il dito (evento A)'],"['La sabbia si attacca alla mano (evento B)', ""Relazione temporale tra l'indicazione e la sabbia che si attacca alla mano""]","Il modello ha identificato l'evento in cui la bambina indica il telo da spiaggia, ma non ha rilevato l'evento in cui la sabbia si attacca alla mano. Inoltre, manca la relazione temporale tra questi due eventi, che è cruciale per rispondere alla domanda. Pertanto, la comprensione è parziale."
qwen-30B,video060,3,"Perché, dopo che la bambina tocca l'asciugamano, la sabbia le si attacca alla mano?",causale,C1,C1|T0,1,bambina; asciugamano; sabbia; mano,effetto da spiegare: la sabbia si attacca alla mano dopo il contatto con l'asciugamano; causa/antecedente: da identificare nell'evidenza disponibile,riconoscere l'effetto; individuare un antecedente o stato direttamente osservabile/esplicitamente disponibile; verificare il nesso causale senza attribuire intenzioni o motivazioni non supportate,"nesso causa-effetto fisico, sistemico o comportamentale direttamente osservabile nello stesso intervallo locale",local_interval,1,esplicita,moderata,"[""causale"", ""temporale""]",100,80,70,75,sufficiente,"[""La bambina tocca l'asciugamano (E0007)."", 'La sabbia si attacca alla mano della bambina (E0018).', 'La bambina ha i capelli bagnati e la pelle bagnata.']","[""Esplicita connessione tra il contatto con l'asciugamano e la sabbia che si attacca alla mano."", ""Dettagli sull'asciugamano che potrebbero spiegare il nesso causale.""]","Il modello ha identificato correttamente le entità e gli eventi principali, come il contatto della bambina con l'asciugamano e la sabbia che si attacca alla mano. Tuttavia, manca un'esplicita connessione causale tra il contatto con l'asciugamano e la sabbia che si attacca, che è cruciale per rispondere alla domanda. La rappresentazione è sufficiente per affrontare la domanda, ma con alcune lacune nel nesso causale."
qwen-30B,video061,1,Dove è caduto il telefono?,spaziale,S1,S1|T0,1,telefono; punto o superficie di caduta,localizzazione del luogo in cui cade il telefono,"riconoscere l'evento o la relazione spaziale pertinente; allineare il referente all'intervallo locale; recuperare origine, destinazione, direzione, supporto o posizione richiesta",una relazione spaziale esplicita o una localizzazione condizionata da un singolo evento osservabile nello stesso intervallo locale,local_interval,1,esplicita,moderata,"[""spaziale"", ""temporale""]",0,0,0,0,insufficiente,[],"['Localizzazione del punto o superficie di caduta del telefono', 'Evento specifico della caduta del telefono', ""Relazione spaziale esplicita o localizzazione condizionata dell'evento di caduta""]","La rappresentazione del modello non include alcuna informazione riguardante la caduta del telefono o il punto di caduta. Mancano completamente sia l'evento di caduta che la localizzazione spaziale necessaria per rispondere alla domanda. Pertanto, la comprensione è insufficiente."
qwen-30B,video061,2,Il telefono cade a terra prima che la donna entri nella stanza o dopo?,temporale,T1,T1,1,telefono; donna; stanza,evento A: il telefono cade a terra; evento B: la donna entra nella stanza,"riconoscere i due eventi oppure l'evento e l'ancora temporale; localizzarli nella sequenza; determinare la relazione prima/dopo, primo/secondo, corrente/precedente o il momento richiesto",localizzazione rispetto a un'ancora temporale esplicita oppure ordinamento pairwise tra due eventi/stati direttamente identificabili,two_intervals,2,esplicita,alta,"[""temporale""]",0,0,0,0,insufficiente,[],"['Evento A: il telefono cade a terra', 'Evento B: la donna entra nella stanza', ""Relazione temporale tra la caduta del telefono e l'ingresso della donna""]","La rappresentazione del modello non include né l'evento della caduta del telefono né l'ingresso della donna nella stanza. Senza questi eventi, non è possibile determinare la relazione temporale richiesta dalla domanda. Pertanto, la comprensione è insufficiente."
qwen-30B,video061,3,Perché la mamma rimprovera le bambine?,causale,C1,C1|T1,1,mamma; bambine; telefono caduto o altro comportamento,effetto da spiegare: la mamma rimprovera le bambine; causa/antecedente: da identificare nell'evidenza disponibile,riconoscere l'effetto; individuare un antecedente o stato direttamente osservabile/esplicitamente disponibile; verificare il nesso causale senza attribuire intenzioni o motivazioni non supportate,"collegamento causale diretto tra un antecedente esplicito e una conseguenza esplicita, con al massimo due unità di evidenza",two_intervals,2,parzialmente implicita,moderata,"[""causale"", ""temporale""]",80,70,60,65,sufficiente,"['Bambine identificate come entità principali.', 'Telefono con schermo rotto identificato.', 'Evento del telefono rotto osservato.']","['Mamma non identificata come entità.', 'Rimprovero della mamma non osservato.', 'Collegamento causale diretto tra il telefono rotto e il rimprovero non esplicitato.']","Il modello ha identificato correttamente le bambine e il telefono con lo schermo rotto, che sono elementi chiave per la domanda. Tuttavia, manca l'identificazione della mamma e l'evento del rimprovero, che sono cruciali per stabilire il nesso causale richiesto dalla domanda. Senza l'osservazione diretta del rimprovero o della mamma, l'inferenza causale rimane incompleta. Pertanto, la comprensione è sufficiente ma non completa."
qwen-30B,video062,1,Dove appoggia la gonna la signora per controllare che le stia bene?,spaziale,S1,S1|T0,1,signora; gonna,evento: la signora appoggia la gonna per verificarne la vestibilità; localizzazione del punto di appoggio,"riconoscere l'evento o la relazione spaziale pertinente; allineare il referente all'intervallo locale; recuperare origine, destinazione, direzione, supporto o posizione richiesta",una relazione spaziale esplicita o una localizzazione condizionata da un singolo evento osservabile nello stesso intervallo locale,local_interval,1,esplicita,moderata,"[""spaziale"", ""temporale""]",0,0,0,0,insufficiente,[],"['La signora che appoggia la gonna', 'Localizzazione del punto di appoggio della gonna', 'Evento di controllo della vestibilità della gonna']","La rappresentazione del modello non include alcuna informazione riguardante l'evento specifico in cui una signora appoggia una gonna per verificarne la vestibilità. Mancano completamente le entità e gli eventi richiesti, così come l'inferenza necessaria per determinare il punto di appoggio della gonna. Pertanto, la comprensione è insufficiente."
qwen-30B,video062,2,"Dopo la gonna, la signora vuole vedere un'altra gonna o un pantalone?",temporale,T1,T1,1,signora; prima gonna; altra gonna; pantalone,"evento A: la signora esamina la gonna; evento B: sceglie di vedere un altro capo, una gonna o un pantalone","riconoscere i due eventi oppure l'evento e l'ancora temporale; localizzarli nella sequenza; determinare la relazione prima/dopo, primo/secondo, corrente/precedente o il momento richiesto",localizzazione rispetto a un'ancora temporale esplicita oppure ordinamento pairwise tra due eventi/stati direttamente identificabili,two_intervals,2,esplicita,alta,"[""temporale""]",0,0,0,0,insufficiente,[],"['La signora che esamina una gonna', 'La signora che sceglie di vedere un altro capo, una gonna o un pantalone', ""Relazione temporale tra l'esame della gonna e la scelta del capo successivo""]","Il modello non ha recuperato alcuna informazione rilevante per rispondere alla domanda. Non sono stati identificati né l'esame di una gonna né la scelta di un altro capo, né è stata stabilita una relazione temporale tra questi eventi. Pertanto, la rappresentazione è insufficiente per affrontare la domanda."
qwen-30B,video062,3,Perché la donna scarta la prima gonna?,causale,C2,C2|T1,2,donna; prima gonna,effetto da spiegare: la donna scarta la prima gonna; causa/antecedente: da identificare nell'evidenza disponibile,riconoscere l'effetto o comportamento da spiegare; recuperare il contesto pertinente; inferire la causa/intenzione/motivazione solo se supportata dalle evidenze; evitare di colmare lacune con conoscenza non presente nel video,"la risposta richiede almeno un passaggio inferenziale implicito su motivazione, intenzione, stato mentale, valutazione sociale, finalità procedurale o relazione causale non direttamente osservabile",two_intervals,2,implicita,moderata,"[""causale"", ""temporale""]",50,40,30,35,parziale,"['La donna con i capelli rossi esamina vari vestiti, tra cui jeans e una gonna di jeans.', 'La donna mette giù un paio di jeans dopo averli esaminati.']","[""Non è chiaro quale sia la 'prima gonna' e perché venga scartata."", 'Non ci sono informazioni esplicite o inferenze chiare sulla motivazione per cui la gonna viene scartata.']","Il modello ha identificato la donna e alcuni vestiti che esamina, ma non ha recuperato informazioni specifiche sulla 'prima gonna' né sulla motivazione per cui viene scartata. Mancano elementi decisivi per inferire la causa del comportamento della donna."
qwen-30B,video063,1,Dove si trova Gigi?,spaziale,S0,S0,0,Gigi; luogo in cui si trova,localizzazione di Gigi,identificare il referente target; recuperare una singola evidenza spaziale direttamente osservabile; restituire la localizzazione senza confronto tra fasi,recupero spaziale diretto da una singola evidenza stabile; nessun confronto temporale o ricostruzione di stato,single_frame,1,esplicita,nessuna,"[""spaziale""]",0,0,0,0,insufficiente,[],"['Identificazione di Gigi', 'Luogo in cui si trova Gigi']","La rappresentazione del modello non include alcuna informazione specifica su Gigi o sul luogo in cui si trova. Non è possibile identificare Gigi tra le entità osservate, né determinare la sua posizione. Pertanto, nessuno dei requisiti della domanda è stato soddisfatto."
qwen-30B,video063,2,Gigi inizia a cantare prima o dopo che la bambina parli?,temporale,T1,T1,1,Gigi; bambina; canto o parlato,evento A: Gigi inizia a cantare; evento B: la bambina parla,"riconoscere i due eventi oppure l'evento e l'ancora temporale; localizzarli nella sequenza; determinare la relazione prima/dopo, primo/secondo, corrente/precedente o il momento richiesto",localizzazione rispetto a un'ancora temporale esplicita oppure ordinamento pairwise tra due eventi/stati direttamente identificabili,two_intervals,2,esplicita,alta,"[""temporale""]",0,0,0,0,insufficiente,[],"['Identificazione di Gigi come entità', 'Identificazione della bambina come entità', 'Evento di Gigi che inizia a cantare', 'Evento della bambina che parla', 'Relazione temporale tra i due eventi']","La rappresentazione del modello non include alcuna informazione riguardante Gigi o la bambina, né gli eventi di canto o parlato richiesti dalla domanda. Non è possibile determinare la relazione temporale tra gli eventi, rendendo la comprensione insufficiente."
qwen-30B,video063,3,Perché Gigi canta?,causale,C2,C2|T1,2,Gigi; bambina o altri interlocutori,effetto da spiegare: Gigi canta; causa/antecedente: da identificare nell'evidenza disponibile,riconoscere l'effetto o comportamento da spiegare; recuperare il contesto pertinente; inferire la causa/intenzione/motivazione solo se supportata dalle evidenze; evitare di colmare lacune con conoscenza non presente nel video,"la risposta richiede almeno un passaggio inferenziale implicito su motivazione, intenzione, stato mentale, valutazione sociale, finalità procedurale o relazione causale non direttamente osservabile",two_intervals,2,implicita,moderata,"[""causale"", ""temporale""]",0,0,0,0,insufficiente,[],"['Identificazione di Gigi come entità', 'Evento di Gigi che canta', 'Causa o motivazione per cui Gigi canta', 'Contesto pertinente che spiega il comportamento di Gigi']","La rappresentazione del modello non include alcuna informazione su Gigi, né sull'evento di Gigi che canta. Non ci sono elementi che permettano di inferire la causa o la motivazione del canto di Gigi. Mancano completamente le entità e gli eventi richiesti per rispondere alla domanda, rendendo impossibile qualsiasi inferenza causale."
qwen-30B,video064,1,Da dove viene il cuscino?,spaziale,S1,S1|T0,1,cuscino; divano; bambine,evento: il cuscino arriva o viene preso da un luogo; localizzazione dell'origine,"riconoscere l'evento o la relazione spaziale pertinente; allineare il referente all'intervallo locale; recuperare origine, destinazione, direzione, supporto o posizione richiesta",una relazione spaziale esplicita o una localizzazione condizionata da un singolo evento osservabile nello stesso intervallo locale,local_interval,1,esplicita,moderata,"[""spaziale"", ""temporale""]",50,30,20,30,parziale,"['Cuscino con motivo a foglie di colore beige identificato.', 'Persona (bambina) che tiene il cuscino mentre scende le scale.']","['Origine del cuscino non specificata.', 'Relazione spaziale esplicita tra il cuscino e il luogo di origine non identificata.', 'Evento specifico di presa o movimento del cuscino da un luogo non osservato.']","Il modello ha identificato il cuscino e una persona che lo tiene, ma non ha fornito informazioni sull'origine del cuscino o su un evento specifico che indichi da dove proviene. Mancano dettagli cruciali per determinare la relazione spaziale richiesta dalla domanda."
qwen-30B,video064,2,Le due bambine sistemano il cuscino sul divano prima o dopo che la bambina con il pigiama rosa scenda le scale?,temporale,T1,T1,1,due bambine; cuscino; divano; bambina con il pigiama rosa; scale,evento A: le due bambine sistemano il cuscino sul divano; evento B: la bambina con il pigiama rosa scende le scale,"riconoscere i due eventi oppure l'evento e l'ancora temporale; localizzarli nella sequenza; determinare la relazione prima/dopo, primo/secondo, corrente/precedente o il momento richiesto",localizzazione rispetto a un'ancora temporale esplicita oppure ordinamento pairwise tra due eventi/stati direttamente identificabili,two_intervals,2,esplicita,alta,"[""temporale""]",50,30,20,30,parziale,"['Bambina con pigiama rosa scende le scale (segment_0000, segment_0001)']","['Due bambine sistemano il cuscino sul divano', 'Relazione temporale tra i due eventi richiesti']","Il modello ha identificato l'evento della bambina con il pigiama rosa che scende le scale, ma non ha recuperato l'evento delle due bambine che sistemano il cuscino sul divano. Inoltre, manca la relazione temporale tra questi due eventi, che è cruciale per rispondere alla domanda. Pertanto, la comprensione è parziale."
qwen-30B,video064,3,Perché la ragazza sdraiata sul divano si agita?,causale,C2,C2|T1,2,ragazza sdraiata sul divano; cuscino o bambine,effetto da spiegare: la ragazza sul divano si agita; causa/antecedente: da identificare nell'evidenza disponibile,riconoscere l'effetto o comportamento da spiegare; recuperare il contesto pertinente; inferire la causa/intenzione/motivazione solo se supportata dalle evidenze; evitare di colmare lacune con conoscenza non presente nel video,"la risposta richiede almeno un passaggio inferenziale implicito su motivazione, intenzione, stato mentale, valutazione sociale, finalità procedurale o relazione causale non direttamente osservabile",two_intervals,2,implicita,moderata,"[""causale"", ""temporale""]",80,90,85,85,sufficiente,"['Ragazza sdraiata sul divano identificata come e1.', ""Evento di agitazione identificato come 'una persona si alza dal divano'."", ""Causa dell'agitazione identificata come 'una persona colpisce un'altra persona con un cuscino'.""]",['Dettagli sul contesto emotivo o intenzionale della ragazza.'],"Il modello ha identificato correttamente le entità principali e gli eventi rilevanti, inclusa la causa dell'agitazione della ragazza. Tuttavia, manca una comprensione più profonda del contesto emotivo o intenzionale che potrebbe spiegare ulteriormente il comportamento della ragazza. La rappresentazione è sufficiente per affrontare la domanda, ma non completamente esaustiva."
qwen-30B,video065,1,Dove si svolge la premiazione?,spaziale,S0,S0,0,premiazione; ragazzi premiati,localizzazione della cerimonia di premiazione,identificare il referente target; recuperare una singola evidenza spaziale direttamente osservabile; restituire la localizzazione senza confronto tra fasi,recupero spaziale diretto da una singola evidenza stabile; nessun confronto temporale o ricostruzione di stato,single_frame,1,esplicita,nessuna,"[""spaziale""]",100,100,100,100,completa,"['Logo del Comune di Napoli appare e scompare (segment_0000)', 'Pubblico assiste a un evento in una sala elegante (segment_0000)', 'Evento di consegna si svolge davanti a un tavolo (segment_0001)', 'Cerimonia di consegna di un documento (segment_0002)']",[],"La rappresentazione del modello ha recuperato tutte le informazioni necessarie per rispondere alla domanda. Le entità rilevanti, come il logo del Comune di Napoli e la sala elegante, sono state identificate correttamente. Gli eventi di premiazione e consegna sono stati chiaramente descritti e localizzati. L'inferenza richiesta per determinare il luogo della premiazione è supportata dalla presenza del logo e dalla descrizione della sala. Pertanto, la comprensione è completa."
qwen-30B,video065,2,I ragazzi che ricevono la premiazione hanno già conseguito il diploma di maturità o lo stanno ricevendo ora?,temporale,T2,T2,2,ragazzi premiati; diploma di maturità,evento/stato A: conseguimento del diploma di maturità; evento/stato B: premiazione attuale; target: distinguere stato già completato da evento in corso,"riconoscere gli eventi o stati pertinenti; ricostruire l'evoluzione temporale necessaria; calcolare conteggio/durata oppure distinguere onset, continuazione e stato già completato","durata, conteggio/iterazione, selezione del primo onset tra più candidati o ricostruzione di uno stato già in corso/completato",two_intervals,2,esplicita,alta,"[""temporale""]",50,40,30,35,parziale,"['Presenza di giovani in abiti formali (segment_0000, segment_0001)', 'Evento di consegna di un documento (segment_0002)', 'Presenza di cappelli da laurea sul tavolo (segment_0007)']","['Conferma esplicita che i ragazzi abbiano già conseguito il diploma di maturità', 'Distinzione temporale tra il conseguimento del diploma e la premiazione', 'Informazioni esplicite sullo stato del diploma (già conseguito o in corso)']","La rappresentazione del modello include alcuni elementi rilevanti come la presenza di giovani in abiti formali e un evento di consegna di un documento, ma manca di informazioni esplicite e temporali necessarie per determinare se i ragazzi abbiano già conseguito il diploma di maturità o lo stiano ricevendo ora. La distinzione temporale tra il conseguimento del diploma e la premiazione non è chiaramente rappresentata, limitando la capacità di inferire correttamente la risposta alla domanda."
qwen-30B,video065,3,Perché il ragazzo con la giacca grigia riceve un premio?,causale,C1,C1|T1,1,ragazzo con la giacca grigia; premio,effetto da spiegare: il ragazzo riceve un premio; causa/antecedente: da identificare nell'evidenza disponibile,riconoscere l'effetto; individuare un antecedente o stato direttamente osservabile/esplicitamente disponibile; verificare il nesso causale senza attribuire intenzioni o motivazioni non supportate,"collegamento causale diretto tra un antecedente esplicito e una conseguenza esplicita, con al massimo due unità di evidenza",two_intervals,2,parzialmente implicita,moderata,"[""causale"", ""temporale""]",50,60,40,45,parziale,"[""Il ragazzo con la giacca grigia è identificato come 'studente' e riceve un documento da un ufficiale."", 'Evento di consegna di un documento è osservato.']","['Motivazione o causa specifica per cui il ragazzo riceve il premio.', ""Collegamento causale diretto tra l'evento di consegna e il motivo del premio.""]","Il modello ha identificato il ragazzo con la giacca grigia e l'evento di consegna del documento, ma manca la motivazione specifica per cui il ragazzo riceve il premio. Non è stato stabilito un collegamento causale diretto tra l'evento di consegna e il motivo del premio, che è essenziale per rispondere alla domanda."
qwen-30B,video066,1,Dove si trova il quadro di Antonio?,spaziale,S0,S0,0,quadro di Antonio; parete o luogo in cui si trova,localizzazione del quadro di Antonio,identificare il referente target; recuperare una singola evidenza spaziale direttamente osservabile; restituire la localizzazione senza confronto tra fasi,recupero spaziale diretto da una singola evidenza stabile; nessun confronto temporale o ricostruzione di stato,single_frame,1,esplicita,nessuna,"[""spaziale""]",0,0,0,0,insufficiente,[],"['quadro di Antonio', 'parete o luogo in cui si trova il quadro di Antonio', 'localizzazione del quadro di Antonio']","La rappresentazione del modello non include alcuna informazione riguardante il quadro di Antonio o la sua localizzazione. Non sono state identificate né l'entità del quadro né il luogo in cui si trova, rendendo impossibile rispondere alla domanda. Mancano completamente le evidenze necessarie per affrontare la domanda."
qwen-30B,video066,2,La donna dice che l'uomo ha una fissazione prima o dopo aver ricevuto il suo regalo?,temporale,T1,T1,1,donna; uomo; regalo; fissazione,evento A: la donna dice che l'uomo ha una fissazione; evento B: l'uomo riceve il regalo,"riconoscere i due eventi oppure l'evento e l'ancora temporale; localizzarli nella sequenza; determinare la relazione prima/dopo, primo/secondo, corrente/precedente o il momento richiesto",localizzazione rispetto a un'ancora temporale esplicita oppure ordinamento pairwise tra due eventi/stati direttamente identificabili,two_intervals,2,esplicita,alta,"[""temporale""]",50,30,20,30,insufficiente,"['Presenza di un uomo e una donna che interagiscono.', 'La donna tiene un oggetto in mano.']","[""Evento specifico in cui la donna dice che l'uomo ha una fissazione."", ""Evento specifico in cui l'uomo riceve un regalo."", 'Relazione temporale tra i due eventi richiesti.']","La rappresentazione del modello identifica alcune entità come l'uomo e la donna, ma non riesce a recuperare gli eventi specifici richiesti dalla domanda, ovvero la donna che dice che l'uomo ha una fissazione e l'uomo che riceve un regalo. Inoltre, manca la relazione temporale tra questi eventi, che è cruciale per rispondere alla domanda. Pertanto, la comprensione complessiva è insufficiente."
qwen-30B,video066,3,Perché Peppino chiede a Lietta di togliere il quadro?,causale,C2,C2|T1,2,Peppino; Lietta; quadro,effetto da spiegare: Peppino chiede a Lietta di togliere il quadro; causa/antecedente: da identificare nell'evidenza disponibile,riconoscere l'effetto o comportamento da spiegare; recuperare il contesto pertinente; inferire la causa/intenzione/motivazione solo se supportata dalle evidenze; evitare di colmare lacune con conoscenza non presente nel video,"la risposta richiede almeno un passaggio inferenziale implicito su motivazione, intenzione, stato mentale, valutazione sociale, finalità procedurale o relazione causale non direttamente osservabile",two_intervals,2,implicita,moderata,"[""causale"", ""temporale""]",80,60,40,50,parziale,"['Peppino e Lietta sono identificati come uomo e donna che conversano.', 'Presenza di un quadro (ritratto di un soldato) appeso alla parete.']","['Non è esplicitamente osservato che Peppino chiede a Lietta di togliere il quadro.', 'Non è chiara la motivazione o il contesto per cui Peppino potrebbe chiedere di togliere il quadro.', 'Non ci sono inferenze causali o motivazionali che collegano il quadro alla richiesta di Peppino.']","Il modello ha identificato le entità principali e la presenza del quadro, ma manca l'evento specifico in cui Peppino chiede a Lietta di togliere il quadro. Inoltre, non è presente alcuna inferenza che spieghi la motivazione dietro questa richiesta. Senza queste informazioni, la comprensione è parziale."
qwen-30B,video067,1,Dove mette le mani l'uomo col cappello?,spaziale,S1,S1|T0,1,uomo col cappello; mani; altra persona o superficie su cui le mette,evento: l'uomo mette le mani in una posizione; localizzazione del punto di contatto,"riconoscere l'evento o la relazione spaziale pertinente; allineare il referente all'intervallo locale; recuperare origine, destinazione, direzione, supporto o posizione richiesta",una relazione spaziale esplicita o una localizzazione condizionata da un singolo evento osservabile nello stesso intervallo locale,local_interval,1,esplicita,moderata,"[""spaziale"", ""temporale""]",100,100,100,100,completa,"[""L'uomo in cappello è identificato come 'uomo in cappello' con attributi specifici come cappello a cilindro, vestito nero, gilet rosso, cravatta a farfalla."", ""L'evento in cui l'uomo in cappello tocca il braccio dell'uomo in giacca grigia è osservato nel segmento 0000."", ""La relazione spaziale tra l'uomo in cappello e l'uomo in giacca grigia è chiaramente descritta."", ""L'azione di toccare il braccio è esplicitamente menzionata con alta confidenza.""]",[],"Tutti i requisiti della domanda sono stati completamente soddisfatti. Le entità, gli eventi e le inferenze necessarie sono stati chiaramente identificati e descritti nel modello. L'uomo in cappello è stato correttamente identificato e l'evento di toccare il braccio dell'altra persona è stato osservato con alta confidenza. Non ci sono lacune nelle informazioni necessarie per rispondere alla domanda."
qwen-30B,video067,2,L'uomo con il cappello ride prima o dopo che l'uomo in grigio scansi le sue mani?,temporale,T1,T1,1,uomo col cappello; uomo in grigio; mani,evento A: l'uomo col cappello ride; evento B: l'uomo in grigio scansa le sue mani,"riconoscere i due eventi oppure l'evento e l'ancora temporale; localizzarli nella sequenza; determinare la relazione prima/dopo, primo/secondo, corrente/precedente o il momento richiesto",localizzazione rispetto a un'ancora temporale esplicita oppure ordinamento pairwise tra due eventi/stati direttamente identificabili,two_intervals,2,esplicita,alta,"[""temporale""]",100,50,30,40,parziale,"['uomo in cappello identificato', 'uomo in giacca grigia identificato', 'azioni di toccare e gesticolare osservate']","[""evento A: l'uomo col cappello ride"", ""evento B: l'uomo in grigio scansa le sue mani"", 'relazione temporale tra il ridere e lo scansare le mani']","Le entità richieste sono state identificate correttamente, ma gli eventi specifici di 'ridere' e 'scansare le mani' non sono stati osservati. La relazione temporale tra questi eventi non può essere determinata, limitando la capacità di inferenza necessaria per rispondere alla domanda."
qwen-30B,video067,3,Perché l'uomo senza cappello continua a spostare le mani dell'uomo col cappello?,causale,C2,C2|T1,2,uomo senza cappello; uomo col cappello; mani,effetto da spiegare: l'uomo senza cappello continua a spostare le mani dell'altro; causa/antecedente: da identificare nell'evidenza disponibile,riconoscere l'effetto o comportamento da spiegare; recuperare il contesto pertinente; inferire la causa/intenzione/motivazione solo se supportata dalle evidenze; evitare di colmare lacune con conoscenza non presente nel video,"la risposta richiede almeno un passaggio inferenziale implicito su motivazione, intenzione, stato mentale, valutazione sociale, finalità procedurale o relazione causale non direttamente osservabile",two_intervals,2,implicita,moderata,"[""causale"", ""temporale""]",80,60,40,50,parziale,"['uomo senza cappello (uomo in giacca grigia)', 'uomo col cappello (uomo in cappello)', 'azioni di toccare e gesticolare tra i due uomini']","[""motivazione o causa per cui l'uomo senza cappello sposta le mani dell'uomo col cappello"", ""intenzione o stato mentale dell'uomo senza cappello""]","Il modello ha identificato correttamente le entità principali e alcune azioni rilevanti, come il toccare e gesticolare tra i due uomini. Tuttavia, manca l'informazione cruciale sulla motivazione o causa per cui l'uomo senza cappello continua a spostare le mani dell'altro, che è essenziale per rispondere alla domanda. L'inferenza richiesta non è supportata dalle evidenze disponibili, portando a una comprensione parziale."
qwen-30B,video068,1,Dove si trova la reception?,spaziale,S0,S0,0,reception,localizzazione della reception,identificare il referente target; recuperare una singola evidenza spaziale direttamente osservabile; restituire la localizzazione senza confronto tra fasi,recupero spaziale diretto da una singola evidenza stabile; nessun confronto temporale o ricostruzione di stato,single_frame,1,esplicita,nessuna,"[""spaziale""]",100,100,100,100,completa,"['Identificazione del bancone come reception (e3)', 'Presenza di una persona dietro il bancone (e2)', 'Relazione spaziale: persona dietro il bancone (e2 dietro a e3)', 'Relazione spaziale: cliente davanti al bancone (e1 davanti a e3)']",[],"Il modello ha identificato correttamente il bancone come la reception, con una persona (e2) dietro di esso, che è un'indicazione chiara della funzione di reception. Le relazioni spaziali tra le persone e il bancone sono state chiaramente osservate, permettendo di localizzare la reception. Tutti i requisiti della domanda sono stati soddisfatti."
qwen-30B,video068,2,Il ragazzo trova un volantino prima o dopo essere andato a parlare con la donna?,temporale,T1,T1,1,ragazzo; volantino; donna,evento A: il ragazzo trova un volantino; evento B: il ragazzo va a parlare con la donna,"riconoscere i due eventi oppure l'evento e l'ancora temporale; localizzarli nella sequenza; determinare la relazione prima/dopo, primo/secondo, corrente/precedente o il momento richiesto",localizzazione rispetto a un'ancora temporale esplicita oppure ordinamento pairwise tra due eventi/stati direttamente identificabili,two_intervals,2,esplicita,alta,"[""temporale""]",50,50,30,40,parziale,"['Il ragazzo tiene un volantino e parla con una donna al bancone (segmento 0002)', 'Una donna parla con un uomo al bancone (segmento 0004)']","['Non è chiaro se il ragazzo trova il volantino prima o dopo aver parlato con la donna', 'Non è chiaro se il ragazzo va a parlare con la donna prima o dopo aver trovato il volantino']","Il modello ha identificato il ragazzo che tiene un volantino e parla con una donna, ma non ha chiaramente determinato l'ordine temporale tra il trovare il volantino e parlare con la donna. Mancano informazioni decisive per stabilire la relazione temporale richiesta dalla domanda."
qwen-30B,video068,3,Perché la ragazza tira fuori un foglio da mostrare al ragazzo?,causale,C0,C0,0,ragazza; ragazzo; foglio; informazione mostrata,relazione causale/finalistica esplicitata nella domanda; nessun antecedente aggiuntivo deve essere ipotizzato,recuperare la causa o finalità già espressa esplicitamente; non introdurre antecedenti ulteriori non supportati,la finalità o relazione causale necessaria è già esplicitata nella formulazione disponibile; non è richiesta una ricostruzione causale aggiuntiva,local_interval,1,esplicita,nessuna,"[""causale""]",0,0,0,0,insufficiente,[],"['ragazza', 'ragazzo', 'foglio', 'informazione mostrata', 'relazione causale/finalistica esplicitata nella domanda']","La rappresentazione del modello non include alcuna informazione riguardante una ragazza, un ragazzo o un foglio, né fornisce dettagli sulla relazione causale o finalistica richiesta dalla domanda. Mancano completamente le entità e gli eventi necessari per affrontare la domanda, rendendo impossibile qualsiasi inferenza causale."
qwen-30B,video069,1,Dove si trova il ragazzo quando fa l'esercizio?,spaziale,S1,S1|T0,1,ragazzo; esercizio,evento contestuale: il ragazzo esegue l'esercizio; localizzazione della sua posizione,"riconoscere l'evento o la relazione spaziale pertinente; allineare il referente all'intervallo locale; recuperare origine, destinazione, direzione, supporto o posizione richiesta",una relazione spaziale esplicita o una localizzazione condizionata da un singolo evento osservabile nello stesso intervallo locale,local_interval,2,esplicita,moderata,"[""spaziale"", ""temporale""]",80,70,60,70,sufficiente,"['Il ragazzo (e2) esegue un esercizio di plank e push-up.', ""Il ragazzo è sul pavimento durante l'esercizio.""]","[""Localizzazione precisa del ragazzo durante l'esercizio rispetto ad altri oggetti o punti di riferimento nella stanza.""]","Il modello ha identificato correttamente il ragazzo e l'esercizio che sta eseguendo, specificando che si trova sul pavimento. Tuttavia, manca una localizzazione più precisa rispetto ad altri oggetti o punti di riferimento nella stanza, che sarebbe necessaria per rispondere completamente alla domanda. La rappresentazione è sufficiente per affrontare la domanda, ma con alcune lacune nella specificità spaziale."
qwen-30B,video069,2,L'allenatore rimprovera il ragazzo prima o dopo avergli detto che deve fare le flessioni?,temporale,T1,T1,1,allenatore; ragazzo; rimprovero; flessioni,evento A: l'allenatore rimprovera il ragazzo; evento B: gli dice che deve fare le flessioni,"riconoscere i due eventi oppure l'evento e l'ancora temporale; localizzarli nella sequenza; determinare la relazione prima/dopo, primo/secondo, corrente/precedente o il momento richiesto",localizzazione rispetto a un'ancora temporale esplicita oppure ordinamento pairwise tra due eventi/stati direttamente identificabili,two_intervals,2,esplicita,alta,"[""temporale""]",0,0,0,0,insufficiente,[],"[""Evento A: l'allenatore rimprovera il ragazzo"", ""Evento B: l'allenatore dice al ragazzo che deve fare le flessioni"", 'Relazione temporale tra evento A e evento B']","La rappresentazione del modello non include alcuna evidenza degli eventi specifici richiesti dalla domanda, ovvero il rimprovero e l'istruzione di fare flessioni. Inoltre, non è presente alcuna relazione temporale tra questi eventi. Pertanto, il modello non ha recuperato nessuna delle informazioni necessarie per affrontare la domanda."
qwen-30B,video069,3,Perché il ragazzo si trova in terra a fare flessioni?,causale,C1,C1|T1,1,ragazzo; allenatore; terra; flessioni,effetto da spiegare: il ragazzo è a terra a fare flessioni; causa/antecedente: da identificare nell'evidenza disponibile,riconoscere l'effetto; individuare un antecedente o stato direttamente osservabile/esplicitamente disponibile; verificare il nesso causale senza attribuire intenzioni o motivazioni non supportate,"collegamento causale diretto tra un antecedente esplicito e una conseguenza esplicita, con al massimo due unità di evidenza",two_intervals,2,parzialmente implicita,moderata,"[""causale"", ""temporale""]",80,70,60,65,sufficiente,"['Il ragazzo (e2) è identificato come studente che esegue flessioni.', ""L'allenatore (e1) è identificato come persona che osserva e interagisce con lo studente."", 'Il ragazzo è a terra a fare flessioni (segment_0003, segment_0005).']","['Causa esplicita per cui il ragazzo si trova a fare flessioni.', ""Collegamento causale diretto tra un'azione dell'allenatore e il ragazzo che fa flessioni.""]","La rappresentazione del modello include le entità principali e l'evento del ragazzo che esegue flessioni. Tuttavia, manca un collegamento causale esplicito che spieghi perché il ragazzo si trova a fare flessioni. Sebbene ci siano interazioni tra l'allenatore e il ragazzo, non è chiaro se queste siano la causa diretta delle flessioni. La comprensione è sufficiente per riconoscere il contesto, ma non per determinare la causa specifica."
qwen-30B,video070,1,Dove si trova la donna quando inizia a scalciare?,spaziale,S1,S1|T0,1,donna; luogo in cui si trova,evento contestuale: la donna inizia a scalciare; localizzazione della donna,"riconoscere l'evento o la relazione spaziale pertinente; allineare il referente all'intervallo locale; recuperare origine, destinazione, direzione, supporto o posizione richiesta",una relazione spaziale esplicita o una localizzazione condizionata da un singolo evento osservabile nello stesso intervallo locale,local_interval,2,esplicita,moderata,"[""spaziale"", ""temporale""]",0,0,0,0,insufficiente,[],"['La donna che inizia a scalciare', 'Luogo in cui si trova la donna quando inizia a scalciare', 'Evento specifico di scalciare', ""Localizzazione della donna durante l'evento di scalciare""]","La rappresentazione del modello non include alcuna informazione sull'evento specifico in cui la donna inizia a scalciare, né sulla sua localizzazione durante tale evento. Mancano completamente le entità e gli eventi richiesti per rispondere alla domanda, rendendo impossibile qualsiasi inferenza utile."
qwen-30B,video070,2,La donna viene presa in braccio prima o dopo essere arrivata alla carrozza?,temporale,T1,T1,1,donna; uomo che la prende; carrozza,evento A: la donna viene presa in braccio; evento B: la donna arriva alla carrozza,"riconoscere i due eventi oppure l'evento e l'ancora temporale; localizzarli nella sequenza; determinare la relazione prima/dopo, primo/secondo, corrente/precedente o il momento richiesto",localizzazione rispetto a un'ancora temporale esplicita oppure ordinamento pairwise tra due eventi/stati direttamente identificabili,two_intervals,2,esplicita,alta,"[""temporale""]",50,70,60,55,parziale,"['La donna viene portata da un uomo lungo un ponte (evento A)', 'La donna viene trasportata verso una carrozza (evento B)', ""La donna è in braccio all'uomo vicino alla carrozza""]","['Non è chiaro se la donna viene presa in braccio prima o dopo essere arrivata alla carrozza', 'Non è esplicitamente indicato il momento in cui la donna arriva alla carrozza']","Il modello ha identificato correttamente gli eventi principali di trasporto della donna e il suo arrivo alla carrozza, ma manca di chiarezza sulla sequenza temporale precisa tra l'essere presa in braccio e l'arrivo alla carrozza. Questo rende difficile determinare la relazione temporale richiesta dalla domanda."
qwen-30B,video070,3,Perché la donna oppone resistenza all'uomo?,causale,C2,C2|T1,2,donna; uomo; carrozza o destinazione,effetto da spiegare: la donna oppone resistenza all'uomo; causa/antecedente: da identificare nell'evidenza disponibile,riconoscere l'effetto o comportamento da spiegare; recuperare il contesto pertinente; inferire la causa/intenzione/motivazione solo se supportata dalle evidenze; evitare di colmare lacune con conoscenza non presente nel video,"la risposta richiede almeno un passaggio inferenziale implicito su motivazione, intenzione, stato mentale, valutazione sociale, finalità procedurale o relazione causale non direttamente osservabile",two_intervals,2,implicita,moderata,"[""causale"", ""temporale""]",70,60,40,50,parziale,"[""Presenza della donna e dell'uomo"", ""Interazione tra la donna e l'uomo"", 'La donna si copre il viso e abbassa lo sguardo', ""La mano dell'uomo si avvicina alla donna""]","['Motivazione o causa della resistenza della donna', 'Dettagli sulla resistenza della donna', 'Contesto completo della situazione']","La rappresentazione del modello include le entità principali (donna e uomo) e alcune interazioni tra di loro, come la mano dell'uomo che si avvicina alla donna. Tuttavia, manca l'evidenza chiara della resistenza della donna e, soprattutto, la motivazione o causa di tale resistenza. Senza queste informazioni, l'inferenza richiesta dalla domanda non può essere completata. Pertanto, la comprensione è parziale."
qwen-30B,video071,1,Dove si trovano gli ostacoli che la bambina bendata deve superare?,spaziale,S0,S0,0,ostacoli; bambina bendata,localizzazione degli ostacoli da superare,identificare il referente target; recuperare una singola evidenza spaziale direttamente osservabile; restituire la localizzazione senza confronto tra fasi,recupero spaziale diretto da una singola evidenza stabile; nessun confronto temporale o ricostruzione di stato,single_frame,1,esplicita,nessuna,"[""spaziale""]",80,60,50,55,parziale,"['La bambina bendata è identificata come e2 in segment_0006.', 'Gli ostacoli sono identificati come mattoni blu e grigi sul pavimento in segment_0006.']","['Localizzazione precisa degli ostacoli rispetto alla bambina bendata.', 'Relazione spaziale diretta tra la bambina bendata e gli ostacoli.']","Il modello ha identificato correttamente la bambina bendata e gli ostacoli come mattoni sul pavimento. Tuttavia, manca una chiara localizzazione spaziale degli ostacoli rispetto alla bambina, che è cruciale per rispondere alla domanda. L'inferenza spaziale è quindi solo parzialmente supportata."
qwen-30B,video071,2,La ragazzina con la benda sugli occhi scavalca lo step prima o dopo aver ruotato?,temporale,T1,T1,1,ragazzina bendata; step,evento A: la ragazzina scavalca lo step; evento B: la ragazzina ruota,"riconoscere i due eventi oppure l'evento e l'ancora temporale; localizzarli nella sequenza; determinare la relazione prima/dopo, primo/secondo, corrente/precedente o il momento richiesto",localizzazione rispetto a un'ancora temporale esplicita oppure ordinamento pairwise tra due eventi/stati direttamente identificabili,two_intervals,2,esplicita,alta,"[""temporale""]",50,30,20,30,insufficiente,"['Ragazzina bendata identificata come e1', 'Presenza di una pedana identificata come e4']","['Evento A: la ragazzina scavalca lo step', 'Evento B: la ragazzina ruota', 'Relazione temporale tra scavalcare e ruotare']","La rappresentazione del modello identifica la ragazzina bendata e la presenza di una pedana, ma non riesce a recuperare gli eventi specifici di scavalcare lo step e ruotare. Inoltre, manca la relazione temporale tra questi eventi, che è cruciale per rispondere alla domanda. Pertanto, la comprensione è insufficiente."
qwen-30B,video071,3,Perché la ragazza con la benda riesce a superare gli ostacoli?,causale,C2,C2|T1,2,ragazza con la benda; ostacoli,effetto da spiegare: la ragazza riesce a superare gli ostacoli; causa/antecedente: da identificare nell'evidenza disponibile,riconoscere l'effetto o comportamento da spiegare; recuperare il contesto pertinente; inferire la causa/intenzione/motivazione solo se supportata dalle evidenze; evitare di colmare lacune con conoscenza non presente nel video,"la risposta richiede almeno un passaggio inferenziale implicito su motivazione, intenzione, stato mentale, valutazione sociale, finalità procedurale o relazione causale non direttamente osservabile",two_intervals,2,implicita,moderata,"[""causale"", ""temporale""]",80,70,50,60,sufficiente,"['La ragazza con la benda è identificata come una ginnasta che si allena con gli occhi bendati.', 'La ragazza esegue movimenti di salto e cammina su una pedana.']","['Non è chiaro il motivo per cui la ragazza riesce a superare gli ostacoli.', 'Non ci sono evidenze di un aiuto esterno o di un allenamento specifico che spieghi il superamento degli ostacoli.']","La rappresentazione visuale ha identificato correttamente la ragazza con la benda e gli ostacoli, e ha descritto alcuni eventi come il salto e il camminare su una pedana. Tuttavia, manca un'inferenza chiara sulla causa o il motivo per cui la ragazza riesce a superare gli ostacoli, che è il fulcro della domanda. Senza questa inferenza, la comprensione è limitata."
qwen-30B,video072,1,Dove vengono messe le cose lasciate in giro?,spaziale,S1,S1|T0,1,cose lasciate in giro; ragazzo con la maglia nera,evento: gli oggetti vengono messi via; localizzazione della destinazione,"riconoscere l'evento o la relazione spaziale pertinente; allineare il referente all'intervallo locale; recuperare origine, destinazione, direzione, supporto o posizione richiesta",una relazione spaziale esplicita o una localizzazione condizionata da un singolo evento osservabile nello stesso intervallo locale,local_interval,1,esplicita,moderata,"[""spaziale"", ""temporale""]",50,30,20,30,insufficiente,"['Ragazzo con la maglia nera identificato in più segmenti', 'Presenza di oggetti come letto, armadio, cassetta']","['Eventi specifici di oggetti lasciati in giro e poi messi via', 'Localizzazione esplicita della destinazione degli oggetti', 'Relazione spaziale esplicita tra oggetti e destinazione']","La rappresentazione del modello identifica il ragazzo con la maglia nera e alcuni oggetti presenti nella stanza, ma manca completamente l'evento specifico di oggetti lasciati in giro e poi messi via. Non viene fornita alcuna localizzazione esplicita della destinazione degli oggetti, né una relazione spaziale chiara tra gli oggetti e la loro destinazione. Pertanto, la comprensione è insufficiente per rispondere alla domanda."
qwen-30B,video072,2,Cosa succede prima: Albi viene rimproverato o il ragazzo con la maglia nera sistema il disordine?,temporale,T1,T1,1,Albi; ragazzo con la maglia nera; rimprovero,evento A: Albi viene rimproverato; evento B: il ragazzo con la maglia nera sistema il disordine,"riconoscere i due eventi oppure l'evento e l'ancora temporale; localizzarli nella sequenza; determinare la relazione prima/dopo, primo/secondo, corrente/precedente o il momento richiesto",localizzazione rispetto a un'ancora temporale esplicita oppure ordinamento pairwise tra due eventi/stati direttamente identificabili,two_intervals,2,esplicita,alta,"[""temporale""]",0,0,0,0,insufficiente,[],"['Albi', 'rimprovero', 'ragazzo con la maglia nera sistema il disordine', 'evento A: Albi viene rimproverato', 'evento B: il ragazzo con la maglia nera sistema il disordine', 'relazione temporale tra evento A e evento B']","La rappresentazione del modello non recupera alcuna delle entità o eventi specifici richiesti dalla domanda. Non ci sono riferimenti ad Albi, al rimprovero o al ragazzo con la maglia nera che sistema il disordine. Di conseguenza, non è possibile determinare la relazione temporale tra gli eventi richiesti. La comprensione è insufficiente."
qwen-30B,video072,3,Perché Albi viene rimproverato dal ragazzo con la maglia nera?,causale,C1,C1|T1,1,Albi; ragazzo con la maglia nera; oggetti lasciati in giro,effetto da spiegare: Albi viene rimproverato; causa/antecedente: da identificare nell'evidenza disponibile,riconoscere l'effetto; individuare un antecedente o stato direttamente osservabile/esplicitamente disponibile; verificare il nesso causale senza attribuire intenzioni o motivazioni non supportate,"collegamento causale diretto tra un antecedente esplicito e una conseguenza esplicita, con al massimo due unità di evidenza",two_intervals,2,parzialmente implicita,moderata,"[""causale"", ""temporale""]",50,30,20,25,insufficiente,"['Ragazzo con la maglia nera identificato in più segmenti.', 'Azioni del ragazzo con la maglia nera osservate.']","['Identificazione di Albi.', 'Motivo specifico del rimprovero.', 'Oggetti lasciati in giro come causa del rimprovero.']","La rappresentazione del modello identifica il ragazzo con la maglia nera e alcune sue azioni, ma manca l'identificazione di Albi e il motivo specifico del rimprovero. Non è possibile stabilire un nesso causale tra un'azione di Albi e il rimprovero ricevuto. La comprensione è insufficiente per affrontare la domanda."
qwen-30B,video073,1,Dov'è seduta la coppia?,spaziale,S0,S0,0,coppia; seduta o luogo in cui è seduta,localizzazione della coppia,identificare il referente target; recuperare una singola evidenza spaziale direttamente osservabile; restituire la localizzazione senza confronto tra fasi,recupero spaziale diretto da una singola evidenza stabile; nessun confronto temporale o ricostruzione di stato,single_frame,1,esplicita,nessuna,"[""spaziale""]",100,100,100,100,completa,"['La coppia è composta da un uomo e una donna.', ""L'uomo e la donna sono seduti sul letto."", 'Il letto è descritto con un copriletto a righe e cuscini con cuori.']",[],"La rappresentazione del modello ha recuperato tutte le informazioni necessarie per rispondere alla domanda. Le entità della coppia e del letto sono chiaramente identificate, e la loro posizione sul letto è esplicitamente descritta. Non ci sono lacune o incertezze nella rappresentazione visuale che impediscano di affrontare la domanda."
qwen-30B,video073,2,Chi si sveglia prima tra il ragazzo e la ragazza?,temporale,T1,T1,1,ragazzo; ragazza,evento A: il ragazzo si sveglia; evento B: la ragazza si sveglia,"riconoscere i due eventi oppure l'evento e l'ancora temporale; localizzarli nella sequenza; determinare la relazione prima/dopo, primo/secondo, corrente/precedente o il momento richiesto",localizzazione rispetto a un'ancora temporale esplicita oppure ordinamento pairwise tra due eventi/stati direttamente identificabili,two_intervals,2,esplicita,alta,"[""temporale""]",0,0,0,0,insufficiente,[],"['Evento A: il ragazzo si sveglia', 'Evento B: la ragazza si sveglia', 'Relazione temporale tra il risveglio del ragazzo e della ragazza']","La rappresentazione del modello non include alcuna informazione sugli eventi di risveglio del ragazzo e della ragazza, né fornisce relazioni temporali tra tali eventi. Mancano completamente le entità e gli eventi necessari per rispondere alla domanda, rendendo impossibile qualsiasi inferenza temporale richiesta."
qwen-30B,video073,3,Perché il ragazzo abbraccia la ragazza?,causale,C2,C2|T1,2,ragazzo; ragazza; abbraccio,effetto da spiegare: il ragazzo abbraccia la ragazza; causa/antecedente: da identificare nell'evidenza disponibile,riconoscere l'effetto o comportamento da spiegare; recuperare il contesto pertinente; inferire la causa/intenzione/motivazione solo se supportata dalle evidenze; evitare di colmare lacune con conoscenza non presente nel video,"la risposta richiede almeno un passaggio inferenziale implicito su motivazione, intenzione, stato mentale, valutazione sociale, finalità procedurale o relazione causale non direttamente osservabile",two_intervals,2,implicita,moderata,"[""causale"", ""temporale""]",50,30,20,25,insufficiente,"['ragazzo e ragazza identificati come entità', 'interazione tra ragazzo e ragazza osservata']","[""evento specifico dell'abbraccio"", ""causa o antecedente dell'abbraccio"", ""motivazione o intenzione dietro l'abbraccio""]","Il modello ha identificato le entità principali (ragazzo e ragazza) e ha osservato interazioni tra di loro, ma non ha recuperato l'evento specifico dell'abbraccio né ha fornito informazioni sulla causa o motivazione dietro l'abbraccio. Mancano elementi chiave per inferire il motivo dell'abbraccio, rendendo la comprensione insufficiente."
qwen-30B,video074,1,Dove si trovano le bambine?,spaziale,S0,S0,0,bambine; luogo in cui si trovano,localizzazione delle bambine,identificare il referente target; recuperare una singola evidenza spaziale direttamente osservabile; restituire la localizzazione senza confronto tra fasi,recupero spaziale diretto da una singola evidenza stabile; nessun confronto temporale o ricostruzione di stato,single_frame,1,esplicita,nessuna,"[""spaziale""]",50,50,40,45,parziale,"['Una bambina è davanti a un mobile (segment_0000).', 'Una bambina è a sinistra di un mobile (segment_0001).', 'Una bambina è davanti a una parete (segment_0003).', 'Una bambina è davanti a una parete (segment_0004).', ""Una bambina è davanti a un'altra bambina (segment_0008).""]","['Localizzazione precisa e univoca delle bambine.', 'Identificazione di un luogo specifico come bagno o stanza.']","Il modello ha identificato la presenza di bambine e alcune relazioni spaziali, ma non ha fornito una localizzazione precisa e univoca delle bambine in un luogo specifico. Mancano dettagli che permettano di inferire chiaramente il contesto spaziale richiesto dalla domanda."
qwen-30B,video074,2,La bambina con lo spazzolino viola ride prima o dopo aver detto di sì?,temporale,T1,T1,1,bambina con lo spazzolino viola,evento A: la bambina ride; evento B: la bambina dice di sì,"riconoscere i due eventi oppure l'evento e l'ancora temporale; localizzarli nella sequenza; determinare la relazione prima/dopo, primo/secondo, corrente/precedente o il momento richiesto",localizzazione rispetto a un'ancora temporale esplicita oppure ordinamento pairwise tra due eventi/stati direttamente identificabili,two_intervals,2,esplicita,alta,"[""temporale""]",50,0,0,10,insufficiente,['Identificazione della bambina con lo spazzolino viola'],"['Evento A: la bambina ride', 'Evento B: la bambina dice di sì', 'Relazione temporale tra il ridere e il dire di sì']","La rappresentazione del modello identifica correttamente la bambina con lo spazzolino viola, ma non recupera gli eventi specifici di ridere e dire di sì, né la relazione temporale tra questi eventi. Senza queste informazioni, non è possibile determinare se la bambina ride prima o dopo aver detto di sì. Pertanto, la comprensione è insufficiente."
qwen-30B,video074,3,Perché la bambina con lo spazzolino arancione rallenta i movimenti quando spazzola i denti?,causale,C2,C2|T1,2,bambina con lo spazzolino arancione; spazzolino; denti; movimento,effetto da spiegare: la bambina rallenta i movimenti mentre si lava i denti; causa/antecedente: da identificare nell'evidenza disponibile,riconoscere l'effetto o comportamento da spiegare; recuperare il contesto pertinente; inferire la causa/intenzione/motivazione solo se supportata dalle evidenze; evitare di colmare lacune con conoscenza non presente nel video,"la risposta richiede almeno un passaggio inferenziale implicito su motivazione, intenzione, stato mentale, valutazione sociale, finalità procedurale o relazione causale non direttamente osservabile",two_intervals,2,implicita,moderata,"[""causale"", ""temporale""]",80,60,40,50,parziale,"['Bambina con spazzolino arancione identificata', 'Bambina spazzola i denti', 'Spazzolino arancione identificato']","['Rallentamento dei movimenti della bambina', 'Causa del rallentamento dei movimenti']","Il modello ha identificato correttamente la bambina con lo spazzolino arancione e l'azione di spazzolare i denti. Tuttavia, manca l'osservazione del rallentamento dei movimenti e non è stata fornita alcuna spiegazione causale per questo comportamento. Senza queste informazioni, l'inferenza richiesta dalla domanda non può essere completata."
qwen-30B,video075,1,Dove si trova il bambino che tira la palla di neve alla giornalista?,spaziale,S1,S1|T0,1,bambino; palla di neve; giornalista; luogo in cui si trova il bambino,localizzazione del bambino che lancia la palla di neve,"riconoscere l'evento o la relazione spaziale pertinente; allineare il referente all'intervallo locale; recuperare origine, destinazione, direzione, supporto o posizione richiesta",una relazione spaziale esplicita o una localizzazione condizionata da un singolo evento osservabile nello stesso intervallo locale,local_interval,2,esplicita,moderata,"[""spaziale"", ""temporale""]",50,30,20,30,insufficiente,"['Bambino con giacca nera e pantaloni blu che tiene una palla di neve (e2)', 'Giornalista con cappotto grigio e microfono (e1)', 'Relazione spaziale: bambino a destra della giornalista']","['Evento di lancio della palla di neve', 'Localizzazione precisa del bambino durante il lancio', 'Relazione spaziale esplicita durante il lancio']","Il modello ha identificato alcune entità rilevanti come il bambino e la giornalista, ma manca l'evento specifico del lancio della palla di neve e la localizzazione precisa del bambino durante questo evento. Senza queste informazioni, l'inferenza richiesta per determinare la posizione del bambino al momento del lancio non è possibile. La rappresentazione è insufficiente per affrontare la domanda."
qwen-30B,video075,2,La giornalista intervista il bambino prima o dopo che venga tirata la palla di neve?,temporale,T1,T1,1,giornalista; bambino; intervista; palla di neve,evento A: la giornalista intervista il bambino; evento B: viene lanciata la palla di neve,"riconoscere i due eventi oppure l'evento e l'ancora temporale; localizzarli nella sequenza; determinare la relazione prima/dopo, primo/secondo, corrente/precedente o il momento richiesto",localizzazione rispetto a un'ancora temporale esplicita oppure ordinamento pairwise tra due eventi/stati direttamente identificabili,two_intervals,2,esplicita,alta,"[""temporale""]",50,50,20,30,parziale,"['La giornalista intervista un bambino (evento A) è stato identificato nei segmenti 0004, 0005 e 0006.']","['Lancio della palla di neve (evento B) non è stato identificato.', ""Relazione temporale tra l'intervista e il lancio della palla di neve non è stata determinata.""]","Il modello ha identificato l'evento dell'intervista della giornalista al bambino, ma non ha identificato l'evento del lancio della palla di neve. Senza questo secondo evento, non è possibile determinare la relazione temporale richiesta dalla domanda. Pertanto, la comprensione è parziale."
qwen-30B,video075,3,Perché i bambini non sono a scuola?,causale,C1,C1|T1,1,bambini; scuola; neve o condizioni ambientali,effetto da spiegare: i bambini non sono a scuola; causa/antecedente: da identificare nell'evidenza disponibile,riconoscere l'effetto; individuare un antecedente o stato direttamente osservabile/esplicitamente disponibile; verificare il nesso causale senza attribuire intenzioni o motivazioni non supportate,"collegamento causale diretto tra un antecedente esplicito e una conseguenza esplicita, con al massimo due unità di evidenza",two_intervals,2,parzialmente implicita,moderata,"[""causale"", ""temporale""]",80,70,60,70,sufficiente,"['Bambini presenti nel video', 'Neve copre il terreno e gli alberi', 'Bambini giocano nella neve']","['Esplicita menzione della scuola', 'Collegamento causale diretto tra neve e assenza da scuola']","Il modello ha identificato correttamente la presenza di bambini e la neve come condizione ambientale, ma manca un collegamento causale esplicito tra la neve e l'assenza dei bambini da scuola. La rappresentazione è sufficiente per affrontare la domanda, ma con alcune lacune nel collegamento causale."
qwen-30B,video076,1,Dove vengono messi gli UFO?,spaziale,S1,S1|T0,1,UFO giocattolo o oggetti chiamati «ufo»; ciotole o recipiente,evento: gli ufo vengono messi in un luogo; localizzazione della destinazione,"riconoscere l'evento o la relazione spaziale pertinente; allineare il referente all'intervallo locale; recuperare origine, destinazione, direzione, supporto o posizione richiesta",una relazione spaziale esplicita o una localizzazione condizionata da un singolo evento osservabile nello stesso intervallo locale,local_interval,1,esplicita,moderata,"[""spaziale"", ""temporale""]",100,100,100,100,completa,"['Gli oggetti blu (UFO) sono identificati come entità e4, e5, e6, ecc.', 'Le ciotole sono identificate come entità e5, e6, ecc.', 'Gli eventi di mettere gli oggetti blu nelle ciotole sono chiaramente descritti nei segmenti 0003, 0004, 0006, ecc.', ""Le relazioni spaziali tra gli oggetti blu e le ciotole sono esplicitamente descritte come 'dentro'.""]",[],"Tutti i requisiti della domanda sono stati completamente recuperati. Gli oggetti blu, identificati come UFO, sono chiaramente descritti mentre vengono messi nelle ciotole. Le relazioni spaziali e gli eventi sono esplicitamente rappresentati, permettendo di rispondere alla domanda senza ambiguità."
qwen-30B,video076,2,Il babbo passa gli UFO ai bambini prima o dopo che l'acqua si colori?,temporale,T1,T1,1,babbo; bambini; ufo; acqua nelle ciotole,evento A: il babbo passa gli ufo ai bambini; evento B: l'acqua si colora,"riconoscere i due eventi oppure l'evento e l'ancora temporale; localizzarli nella sequenza; determinare la relazione prima/dopo, primo/secondo, corrente/precedente o il momento richiesto",localizzazione rispetto a un'ancora temporale esplicita oppure ordinamento pairwise tra due eventi/stati direttamente identificabili,two_intervals,2,esplicita,alta,"[""temporale""]",80,60,50,55,parziale,"['Presenza di un adulto (babbo) e bambini.', 'Oggetti blu (UFO) e ciotole con acqua.', 'Evento di un bambino che mette un oggetto blu in una ciotola.']","['Evento specifico del babbo che passa gli UFO ai bambini.', ""Evento specifico dell'acqua che si colora."", ""Relazione temporale chiara tra il passaggio degli UFO e il cambiamento di colore dell'acqua.""]","Il modello ha identificato correttamente le entità principali come il babbo, i bambini, gli UFO e le ciotole con acqua. Tuttavia, manca l'identificazione chiara degli eventi specifici richiesti dalla domanda: il passaggio degli UFO ai bambini e il momento in cui l'acqua si colora. Inoltre, la relazione temporale tra questi eventi non è stata determinata. Pertanto, la comprensione è parziale."
qwen-30B,video076,3,Perché le due ciotole d'acqua si colorano in maniera diversa?,causale,C1,C1|T0,1,due ciotole d'acqua; sostanze o ufo inseriti; colori risultanti,effetto da spiegare: le due ciotole si colorano diversamente; causa/antecedente: da identificare nell'evidenza disponibile,riconoscere l'effetto; individuare un antecedente o stato direttamente osservabile/esplicitamente disponibile; verificare il nesso causale senza attribuire intenzioni o motivazioni non supportate,"nesso causa-effetto fisico, sistemico o comportamentale direttamente osservabile nello stesso intervallo locale",local_interval,1,esplicita,moderata,"[""causale"", ""temporale""]",50,40,30,35,parziale,"[""Due ciotole d'acqua sono presenti nel video."", 'Oggetti blu vengono inseriti nelle ciotole.']","['Descrizione dei colori risultanti nelle ciotole.', 'Dettagli specifici sulle sostanze o oggetti inseriti nelle ciotole.', 'Causa specifica del diverso colore delle ciotole.']","Il modello ha identificato la presenza di due ciotole d'acqua e l'inserimento di oggetti blu, ma manca la descrizione dei colori risultanti e la causa specifica del diverso colore delle ciotole. Senza queste informazioni, l'inferenza sul perché le ciotole si colorano diversamente è incompleta."
qwen-30B,video077,1,Dove si è addormentato Cristian?,spaziale,S1,S1|T0,1,Cristian; luogo o superficie in cui si è addormentato,localizzazione di Cristian addormentato,"riconoscere l'evento o la relazione spaziale pertinente; allineare il referente all'intervallo locale; recuperare origine, destinazione, direzione, supporto o posizione richiesta",una relazione spaziale esplicita o una localizzazione condizionata da un singolo evento osservabile nello stesso intervallo locale,local_interval,1,esplicita,moderata,"[""spaziale"", ""temporale""]",100,100,100,100,completa,"['Cristian è identificato come una persona distesa sul pavimento.', ""L'evento di Cristian che dorme sul pavimento è osservato nei segmenti 24.0-27.75 e 27.0-30.75."", 'La relazione spaziale di Cristian sopra il pavimento è chiaramente indicata.']",[],"Tutti i requisiti della domanda sono stati completamente recuperati. Cristian è chiaramente identificato come la persona distesa e dormiente sul pavimento, e la relazione spaziale è esplicitamente indicata. Non ci sono lacune nelle informazioni necessarie per rispondere alla domanda."
qwen-30B,video077,2,La donna chiama Cristian a mangiare prima o dopo averlo trovato addormentato?,temporale,T1,T1,1,donna; Cristian,evento A: la donna chiama Cristian a mangiare; evento B: la donna trova Cristian addormentato,"riconoscere i due eventi oppure l'evento e l'ancora temporale; localizzarli nella sequenza; determinare la relazione prima/dopo, primo/secondo, corrente/precedente o il momento richiesto",localizzazione rispetto a un'ancora temporale esplicita oppure ordinamento pairwise tra due eventi/stati direttamente identificabili,two_intervals,2,esplicita,alta,"[""temporale""]",0,0,0,0,insufficiente,[],"['Identificazione della donna', 'Identificazione di Cristian', 'Evento A: la donna chiama Cristian a mangiare', 'Evento B: la donna trova Cristian addormentato', 'Relazione temporale tra gli eventi A e B']","La rappresentazione del modello non include alcuna informazione riguardante la donna o Cristian, né gli eventi specifici di chiamare a mangiare o trovare addormentato. Mancano completamente le entità e gli eventi necessari per determinare la relazione temporale richiesta dalla domanda."
qwen-30B,video077,3,Perché il bambino non risponde alla donna?,causale,C1,C1|T0,1,bambino o Cristian; donna,effetto da spiegare: il bambino non risponde alla donna; causa/antecedente: da identificare nell'evidenza disponibile,riconoscere l'effetto; individuare un antecedente o stato direttamente osservabile/esplicitamente disponibile; verificare il nesso causale senza attribuire intenzioni o motivazioni non supportate,"nesso causa-effetto fisico, sistemico o comportamentale direttamente osservabile nello stesso intervallo locale",local_interval,1,esplicita,moderata,"[""causale"", ""temporale""]",50,70,60,55,parziale,"['Il bambino è disteso sul pavimento con un giocattolo (segmenti 0006-0009).', 'Il bambino dorme sul pavimento (segmenti 0008-0010).']","['Presenza della donna e interazione con il bambino.', 'Motivo esplicito per cui il bambino non risponde alla donna.']","La rappresentazione del modello include il bambino disteso e dormiente sul pavimento, ma manca completamente l'entità della donna e qualsiasi interazione tra lei e il bambino. Senza l'evidenza della donna, non è possibile stabilire un nesso causale diretto tra la sua presenza e il comportamento del bambino. La comprensione è quindi parziale, poiché manca un elemento decisivo per rispondere alla domanda."
qwen-30B,video078,1,Dove legge 'l'imperfetto del verbo mangiare' la bambina?,spaziale,S1,S1|T0,1,bambina; forma verbale «l'imperfetto del verbo mangiare»; quaderno o libro,evento: la bambina legge la forma verbale; localizzazione della fonte scritta,"riconoscere l'evento o la relazione spaziale pertinente; allineare il referente all'intervallo locale; recuperare origine, destinazione, direzione, supporto o posizione richiesta",una relazione spaziale esplicita o una localizzazione condizionata da un singolo evento osservabile nello stesso intervallo locale,local_interval,1,esplicita,moderata,"[""spaziale"", ""temporale""]",50,50,30,40,parziale,"['La persona legge qualcosa dietro la cartella (segment_0000)', 'La persona legge qualcosa nella cartella (segment_0001)', 'La persona legge il libro (segment_0002)']","[""Identificazione esplicita della forma verbale 'l'imperfetto del verbo mangiare'"", 'Localizzazione precisa della fonte scritta specifica (quaderno o libro)', 'Relazione spaziale esplicita tra la bambina e la fonte scritta specifica']","Il modello ha identificato che la persona legge qualcosa dietro una cartella e in un libro, ma non ha specificato che si tratta della forma verbale 'l'imperfetto del verbo mangiare'. Inoltre, manca una localizzazione precisa della fonte scritta specifica e la relazione spaziale esplicita tra la bambina e la fonte scritta. Queste mancanze impediscono di rispondere alla domanda con certezza."
qwen-30B,video078,2,La donna si arrabbia prima o dopo aver abbassato il quaderno della bambina?,temporale,T1,T1,1,donna; quaderno della bambina,evento A: la donna si arrabbia; evento B: la donna abbassa il quaderno della bambina,"riconoscere i due eventi oppure l'evento e l'ancora temporale; localizzarli nella sequenza; determinare la relazione prima/dopo, primo/secondo, corrente/precedente o il momento richiesto",localizzazione rispetto a un'ancora temporale esplicita oppure ordinamento pairwise tra due eventi/stati direttamente identificabili,two_intervals,2,esplicita,alta,"[""temporale""]",0,0,0,0,insufficiente,[],"['Identificazione della donna', 'Identificazione del quaderno della bambina', 'Evento in cui la donna si arrabbia', 'Evento in cui la donna abbassa il quaderno della bambina', ""Relazione temporale tra l'arrabbiarsi della donna e l'abbassare il quaderno""]","La rappresentazione del modello non include alcuna delle entità o degli eventi richiesti per rispondere alla domanda. Non sono stati identificati né la donna né il quaderno della bambina, né gli eventi specifici di arrabbiarsi o abbassare il quaderno. Di conseguenza, non è possibile determinare la relazione temporale richiesta dalla domanda."
qwen-30B,video078,3,Perché la donna si arrabbia?,causale,C2,C2|T1,2,donna; bambina; quaderno; risposta o comportamento della bambina,effetto da spiegare: la donna si arrabbia; causa/antecedente: da identificare nell'evidenza disponibile,riconoscere l'effetto o comportamento da spiegare; recuperare il contesto pertinente; inferire la causa/intenzione/motivazione solo se supportata dalle evidenze; evitare di colmare lacune con conoscenza non presente nel video,"la risposta richiede almeno un passaggio inferenziale implicito su motivazione, intenzione, stato mentale, valutazione sociale, finalità procedurale o relazione causale non direttamente osservabile",two_intervals,2,implicita,moderata,"[""causale"", ""temporale""]",0,0,0,0,insufficiente,[],"['donna', 'bambina', 'quaderno', 'risposta o comportamento della bambina', 'effetto da spiegare: la donna si arrabbia', ""causa/antecedente: da identificare nell'evidenza disponibile""]","La rappresentazione del modello non include alcuna delle entità o degli eventi richiesti per rispondere alla domanda. Non sono presenti né la donna né la bambina, né alcun riferimento a un quaderno o a un comportamento che possa spiegare un'eventuale arrabbiatura. Di conseguenza, non è possibile eseguire alcuna inferenza causale o motivazionale riguardo all'arrabbiatura della donna. La comprensione è quindi insufficiente."
qwen-30B,video079,1,Dove si trovano i ragazzi?,spaziale,S0,S0,0,due ragazzi; luogo in cui si trovano,localizzazione dei ragazzi,identificare il referente target; recuperare una singola evidenza spaziale direttamente osservabile; restituire la localizzazione senza confronto tra fasi,recupero spaziale diretto da una singola evidenza stabile; nessun confronto temporale o ricostruzione di stato,single_frame,1,esplicita,nessuna,"[""spaziale""]",100,100,100,100,completa,"[""Due ragazzi sono identificati come 'persona' con attributi di 'ragazzo' e 'ragazza'."", 'I ragazzi si trovano in un corridoio mentre guardano un telefono.', ""La localizzazione dei ragazzi è esplicitamente indicata come 'in un corridoio'.""]",[],"Il modello ha recuperato tutte le informazioni necessarie per rispondere alla domanda. Le entità dei due ragazzi sono chiaramente identificate, e la loro localizzazione è esplicitamente indicata come 'in un corridoio'. Non ci sono lacune o incertezze nella rappresentazione visuale, che è sufficiente per affrontare la domanda."
qwen-30B,video079,2,I due ragazzi parlano prima o dopo le 11:30 di mattina?,temporale,T1,T1,1,due ragazzi,evento target: i due ragazzi parlano; riferimento temporale: le 11:30 del mattino,"riconoscere i due eventi oppure l'evento e l'ancora temporale; localizzarli nella sequenza; determinare la relazione prima/dopo, primo/secondo, corrente/precedente o il momento richiesto",localizzazione rispetto a un'ancora temporale esplicita oppure ordinamento pairwise tra due eventi/stati direttamente identificabili,two_intervals,2,parzialmente implicita,alta,"[""temporale""]",0,0,0,0,insufficiente,[],"['Identificazione dei due ragazzi specifici che parlano.', 'Evento specifico in cui i due ragazzi parlano.', 'Riferimento temporale esplicito alle 11:30 del mattino.', ""Relazione temporale tra l'evento di conversazione e le 11:30.""]","La rappresentazione del modello non recupera alcuna delle informazioni necessarie per rispondere alla domanda. Non sono identificati i due ragazzi specifici che parlano, né l'evento di conversazione è chiaramente descritto. Inoltre, manca un riferimento temporale esplicito alle 11:30 del mattino e la relazione temporale tra l'evento di conversazione e questo orario. Pertanto, la comprensione è insufficiente."
qwen-30B,video079,3,Perché la ragazza crede che l'amico si sia 'impressionato'?,causale,C2,C2|T1,2,ragazza; amico; reazione di impressione,effetto da spiegare: la ragazza pensa che l'amico si sia impressionato; causa/antecedente: da identificare nell'evidenza disponibile,riconoscere l'effetto o comportamento da spiegare; recuperare il contesto pertinente; inferire la causa/intenzione/motivazione solo se supportata dalle evidenze; evitare di colmare lacune con conoscenza non presente nel video,"la risposta richiede almeno un passaggio inferenziale implicito su motivazione, intenzione, stato mentale, valutazione sociale, finalità procedurale o relazione causale non direttamente osservabile",two_intervals,2,implicita,moderata,"[""causale"", ""temporale""]",50,40,30,35,parziale,"['Ragazza e ragazzo identificati come entità principali', 'Interazione tra ragazza e ragazzo osservata']","[""Reazione di impressione dell'amico non chiaramente identificata"", ""Causa o antecedente specifico per l'impressione non identificato"", ""Contesto pertinente per l'impressione non chiaramente recuperato""]","La rappresentazione del modello ha identificato le entità principali (ragazza e ragazzo) e alcune interazioni tra di loro, ma manca l'identificazione chiara della reazione di impressione dell'amico e del contesto o causa specifica che porterebbe la ragazza a pensare che l'amico si sia impressionato. Senza queste informazioni, l'inferenza richiesta non può essere completata."
qwen-30B,video080,1,Dov'è il libro preferito di 'Ele'?,spaziale,S0,S0,0,libro preferito di Ele,localizzazione del libro preferito di Ele,identificare il referente target; recuperare una singola evidenza spaziale direttamente osservabile; restituire la localizzazione senza confronto tra fasi,recupero spaziale diretto da una singola evidenza stabile; nessun confronto temporale o ricostruzione di stato,single_frame,1,esplicita,nessuna,"[""spaziale""]",0,0,0,0,insufficiente,[],"['Identificazione del libro preferito di Ele', 'Localizzazione del libro preferito di Ele', ""Informazioni su chi è 'Ele'""]","Il modello non ha recuperato alcuna informazione riguardante il libro preferito di 'Ele' o la sua localizzazione. Non è stata identificata l'entità 'Ele', né è stato possibile determinare quale libro possa essere il suo preferito. Mancano completamente le informazioni necessarie per rispondere alla domanda."
qwen-30B,video080,2,La ragazza con la felpa rosa dice a un'altra di sorridere prima o dopo aver finito di girare il video?,temporale,T1,T1,1,ragazza con la felpa rosa; altra ragazza; video,evento A: la ragazza chiede all'altra di sorridere; evento B: termina la registrazione del video,"riconoscere i due eventi oppure l'evento e l'ancora temporale; localizzarli nella sequenza; determinare la relazione prima/dopo, primo/secondo, corrente/precedente o il momento richiesto",localizzazione rispetto a un'ancora temporale esplicita oppure ordinamento pairwise tra due eventi/stati direttamente identificabili,two_intervals,2,esplicita,alta,"[""temporale""]",50,20,10,20,insufficiente,"['Ragazza con la felpa rosa identificata come e1 in segmenti successivi.', 'Presenza di un telefono e azioni correlate come scattare foto.']","[""Evento A: la ragazza chiede all'altra di sorridere."", 'Evento B: termina la registrazione del video.', 'Relazione temporale tra i due eventi richiesti.']","La rappresentazione del modello identifica parzialmente le entità, come la ragazza con la felpa rosa, ma non recupera gli eventi specifici richiesti dalla domanda, come la richiesta di sorridere o la fine della registrazione del video. Inoltre, manca la relazione temporale tra questi eventi, rendendo impossibile determinare se l'azione avviene prima o dopo la registrazione. Pertanto, la comprensione è insufficiente per affrontare la domanda."
qwen-30B,video080,3,Perché le ragazze mandano un video a 'Ele'?,causale,C2,C2|T1,2,ragazze; Ele; video,effetto da spiegare: le ragazze mandano un video a Ele; causa/antecedente: da identificare nell'evidenza disponibile,riconoscere l'effetto o comportamento da spiegare; recuperare il contesto pertinente; inferire la causa/intenzione/motivazione solo se supportata dalle evidenze; evitare di colmare lacune con conoscenza non presente nel video,"la risposta richiede almeno un passaggio inferenziale implicito su motivazione, intenzione, stato mentale, valutazione sociale, finalità procedurale o relazione causale non direttamente osservabile",two_intervals,2,implicita,moderata,"[""causale"", ""temporale""]",50,40,20,30,parziale,"['Un gruppo di persone si fa una foto insieme.', 'Una persona tiene un telefono in mano e lo solleva per scattare una foto.']","[""Identificazione chiara delle 'ragazze' e di 'Ele'."", ""Motivazione o contesto per cui il video viene inviato a 'Ele'."", ""Causa o antecedente dell'invio del video.""]","Il modello ha identificato alcune azioni come il fare una foto di gruppo, ma non ha recuperato informazioni specifiche su 'Ele' o sul motivo per cui il video viene inviato. Mancano elementi chiave per inferire la motivazione o il contesto dell'invio del video, rendendo la comprensione parziale."
qwen-30B,video081,1,Dov'è il biscotto quando la ragazza con la felpa nera corregge l'esercizio?,spaziale,S1,S1|T0,1,biscotto; ragazza con la felpa nera; esercizio o quaderno; luogo in cui si trova il biscotto,evento contestuale: la ragazza corregge l'esercizio; localizzazione del biscotto in quel momento,"riconoscere l'evento o la relazione spaziale pertinente; allineare il referente all'intervallo locale; recuperare origine, destinazione, direzione, supporto o posizione richiesta",una relazione spaziale esplicita o una localizzazione condizionata da un singolo evento osservabile nello stesso intervallo locale,local_interval,2,esplicita,moderata,"[""spaziale"", ""temporale""]",0,50,0,20,insufficiente,"['La ragazza con la felpa nera è identificata come e2.', 'La ragazza con la felpa nera scrive in un quaderno (segment_0006).']","[""Localizzazione del biscotto durante l'evento di correzione."", ""Conferma che l'evento di scrittura sia effettivamente una correzione."", ""Posizione del biscotto durante l'evento di correzione.""]","Il modello ha identificato la ragazza con la felpa nera e l'evento di scrittura, ma non ha fornito informazioni sulla localizzazione del biscotto durante l'evento di correzione. Mancano elementi chiave per determinare la posizione del biscotto nel momento richiesto."
qwen-30B,video081,2,La ragazza con la felpa nera prende il quaderno dell'altra prima o dopo aver confrontato con lei il risultato?,temporale,T1,T1,1,ragazza con la felpa nera; altra ragazza; quaderno; risultato,evento A: la ragazza prende il quaderno dell'altra; evento B: le due confrontano il risultato,"riconoscere i due eventi oppure l'evento e l'ancora temporale; localizzarli nella sequenza; determinare la relazione prima/dopo, primo/secondo, corrente/precedente o il momento richiesto",localizzazione rispetto a un'ancora temporale esplicita oppure ordinamento pairwise tra due eventi/stati direttamente identificabili,two_intervals,2,esplicita,alta,"[""temporale""]",0,0,0,0,insufficiente,[],"[""Identificazione della ragazza con la felpa nera e l'altra ragazza"", ""Evento A: la ragazza con la felpa nera prende il quaderno dell'altra"", 'Evento B: le due ragazze confrontano il risultato', ""Relazione temporale tra l'evento A e l'evento B""]","La rappresentazione del modello non recupera nessuna delle entità o degli eventi specifici richiesti dalla domanda. Non viene identificata la ragazza con la felpa nera né l'altra ragazza, né vengono osservati gli eventi di prendere il quaderno o confrontare il risultato. Di conseguenza, non è possibile determinare la relazione temporale tra questi eventi. La comprensione è insufficiente."
qwen-30B,video081,3,Perché la ragazza con la canottiera verde è sorpresa di sentire che il risultato è '-4'?,causale,C2,C2|T1,2,ragazza con la canottiera verde; risultato «-4»; esercizio; altra ragazza,effetto da spiegare: la ragazza è sorpresa dal risultato -4; causa/antecedente: da identificare nell'evidenza disponibile,riconoscere l'effetto o comportamento da spiegare; recuperare il contesto pertinente; inferire la causa/intenzione/motivazione solo se supportata dalle evidenze; evitare di colmare lacune con conoscenza non presente nel video,"la risposta richiede almeno un passaggio inferenziale implicito su motivazione, intenzione, stato mentale, valutazione sociale, finalità procedurale o relazione causale non direttamente osservabile",two_intervals,2,implicita,moderata,"[""causale"", ""temporale""]",50,30,20,30,insufficiente,"['Ragazza con canottiera verde identificata come e1', 'Altra ragazza identificata come e2', 'Interazione tra e1 ed e2 osservata']","[""Risultato '-4' non menzionato"", 'Reazione di sorpresa della ragazza con canottiera verde non osservata', ""Contesto dell'esercizio non chiaro"", 'Causa della sorpresa non identificata']","La rappresentazione del modello ha identificato alcune entità e interazioni tra le due ragazze, ma manca completamente il contesto specifico dell'esercizio e il risultato '-4'. Non è stata osservata alcuna reazione di sorpresa né è stata fornita una spiegazione causale per tale reazione. Pertanto, la comprensione è insufficiente per affrontare la domanda."
qwen-30B,video082,1,Dove indica l'uomo senza un braccio quando chiede aiuto?,spaziale,S1,S1|T0,1,uomo senza un braccio; luogo o oggetto indicato; persona a cui chiede aiuto,evento contestuale: l'uomo chiede aiuto; localizzazione della direzione indicata,"riconoscere l'evento o la relazione spaziale pertinente; allineare il referente all'intervallo locale; recuperare origine, destinazione, direzione, supporto o posizione richiesta",una relazione spaziale esplicita o una localizzazione condizionata da un singolo evento osservabile nello stesso intervallo locale,local_interval,2,parzialmente implicita,moderata,"[""spaziale"", ""temporale""]",0,0,0,0,insufficiente,[],"['uomo senza un braccio', 'luogo o oggetto indicato', 'persona a cui chiede aiuto', 'evento di richiesta di aiuto', 'direzione indicata']","La rappresentazione del modello non include alcuna informazione riguardante un uomo senza un braccio che chiede aiuto, né la direzione o il luogo verso cui potrebbe indicare. Mancano completamente le entità e gli eventi richiesti per rispondere alla domanda, rendendo impossibile qualsiasi inferenza utile."
qwen-30B,video082,2,Il signore con la maglietta nera chiede all'uomo con la camicia a quadri informazioni sul suo braccio prima o dopo avergli allacciato la scarpa?,temporale,T1,T1,1,signore con la maglietta nera; uomo con la camicia a quadri; braccio; scarpa,evento A: il signore chiede informazioni sul braccio; evento B: gli allaccia la scarpa,"riconoscere i due eventi oppure l'evento e l'ancora temporale; localizzarli nella sequenza; determinare la relazione prima/dopo, primo/secondo, corrente/precedente o il momento richiesto",localizzazione rispetto a un'ancora temporale esplicita oppure ordinamento pairwise tra due eventi/stati direttamente identificabili,two_intervals,2,esplicita,alta,"[""temporale""]",80,60,40,50,parziale,"[""Identificazione del signore con la maglietta nera e dell'uomo con la camicia a quadri."", 'Evento di allacciamento della scarpa identificato.']","['Evento in cui il signore con la maglietta nera chiede informazioni sul braccio.', ""Relazione temporale tra l'allacciamento della scarpa e la richiesta di informazioni sul braccio.""]","Il modello ha identificato correttamente le entità principali e l'evento di allacciamento della scarpa, ma manca l'evento in cui il signore con la maglietta nera chiede informazioni sul braccio. Inoltre, non è stata determinata la relazione temporale tra i due eventi richiesti dalla domanda. Pertanto, la comprensione è parziale."
qwen-30B,video082,3,Perché l'uomo con la camicia a quadri si fa allacciare la scarpa dal signore sulla panchina?,causale,C1,C1|T0,1,uomo con la camicia a quadri; signore sulla panchina; scarpa; braccio mancante,effetto da spiegare: l'uomo si fa allacciare la scarpa; causa/antecedente: da identificare nell'evidenza disponibile,riconoscere l'effetto; individuare un antecedente o stato direttamente osservabile/esplicitamente disponibile; verificare il nesso causale senza attribuire intenzioni o motivazioni non supportate,"nesso causa-effetto fisico, sistemico o comportamentale direttamente osservabile nello stesso intervallo locale",local_interval,1,esplicita,moderata,"[""causale"", ""temporale""]",100,80,70,75,sufficiente,"['Uomo con camicia a quadri identificato come e2.', 'Signore sulla panchina identificato come e1.', ""Scarpa menzionata nel contesto dell'allacciatura."", ""Uomo in ginocchio lega il laccio della scarpa dell'uomo in piedi (evento E0013)."", 'Uomo in ginocchio si alza in piedi (evento E0014).']","[""Motivazione esplicita per cui l'uomo con la camicia a quadri si fa allacciare la scarpa."", ""Causa o antecedente chiaro per l'azione di allacciare la scarpa.""]","Le entità richieste sono state completamente identificate, e l'evento dell'allacciatura della scarpa è stato osservato. Tuttavia, manca un'analisi causale chiara che spieghi perché l'uomo con la camicia a quadri si fa allacciare la scarpa. La rappresentazione permette di riconoscere l'azione ma non di inferire il motivo dietro di essa."
qwen-30B,video083,1,Dove porta la mamma il piatto?,spaziale,S1,S1|T0,1,mamma; piatto; luogo o persona verso cui lo porta,evento: la mamma porta il piatto; localizzazione della destinazione,"riconoscere l'evento o la relazione spaziale pertinente; allineare il referente all'intervallo locale; recuperare origine, destinazione, direzione, supporto o posizione richiesta",una relazione spaziale esplicita o una localizzazione condizionata da un singolo evento osservabile nello stesso intervallo locale,local_interval,1,esplicita,moderata,"[""spaziale"", ""temporale""]",0,0,0,0,insufficiente,[],"['Identificazione della mamma come entità.', 'Identificazione del piatto come entità portata dalla mamma.', 'Evento in cui la mamma porta il piatto.', 'Destinazione o luogo verso cui la mamma porta il piatto.']","L'analisi del modello non recupera alcuna informazione riguardante la mamma che porta un piatto o la destinazione di tale azione. Non sono presenti né le entità richieste né l'evento specifico, rendendo impossibile affrontare la domanda."
qwen-30B,video083,2,Vanessa piange prima o dopo che la mamma le dia la panna?,temporale,T1,T1,1,Vanessa; mamma; panna,evento A: Vanessa piange; evento B: la mamma le dà la panna,"riconoscere i due eventi oppure l'evento e l'ancora temporale; localizzarli nella sequenza; determinare la relazione prima/dopo, primo/secondo, corrente/precedente o il momento richiesto",localizzazione rispetto a un'ancora temporale esplicita oppure ordinamento pairwise tra due eventi/stati direttamente identificabili,two_intervals,2,esplicita,alta,"[""temporale""]",0,0,0,0,insufficiente,[],"['Identificazione di Vanessa e della mamma', 'Evento di Vanessa che piange', 'Evento della mamma che dà la panna a Vanessa', ""Relazione temporale tra il pianto di Vanessa e l'azione della mamma""]","La rappresentazione del modello non include alcuna informazione riguardante Vanessa, la mamma o gli eventi specifici richiesti dalla domanda. Non sono stati identificati né il pianto di Vanessa né l'azione della mamma di dare la panna, né è stata stabilita una relazione temporale tra questi eventi. Pertanto, la comprensione è insufficiente."
qwen-30B,video083,3,Perché Vanessa è sorpresa?,causale,C2,C2|T1,2,Vanessa; panna o piatto; mamma,effetto da spiegare: Vanessa è sorpresa; causa/antecedente: da identificare nell'evidenza disponibile,riconoscere l'effetto o comportamento da spiegare; recuperare il contesto pertinente; inferire la causa/intenzione/motivazione solo se supportata dalle evidenze; evitare di colmare lacune con conoscenza non presente nel video,"la risposta richiede almeno un passaggio inferenziale implicito su motivazione, intenzione, stato mentale, valutazione sociale, finalità procedurale o relazione causale non direttamente osservabile",two_intervals,2,implicita,moderata,"[""causale"", ""temporale""]",50,70,60,55,parziale,"['Una persona versa crema su un piatto (E0001).', 'Una bambina ha la faccia sporca di crema (E0008).', 'La bambina si toglie la crema dal viso (E0009).']","['Identificazione chiara di Vanessa.', 'Espressione di sorpresa di Vanessa.', 'Causa specifica della sorpresa di Vanessa.']","Il modello ha identificato alcuni eventi chiave, come la crema versata e la bambina con la faccia sporca di crema, ma non ha identificato chiaramente Vanessa né ha fornito un'indicazione esplicita della sua sorpresa. Mancano dettagli cruciali per inferire la causa della sorpresa di Vanessa, come la sua reazione o espressione facciale. La rappresentazione è quindi parziale e non sufficiente per rispondere alla domanda."
qwen-30B,video084,1,Dove mette la bambina con la maglia grigia ciò che le dà la bambina con la maglia rosa?,spaziale,S1,S1|T0,1,bambina con la maglia grigia; bambina con la maglia rosa,evento: la bambina grigia riceve e mette l'oggetto; localizzazione della destinazione,"riconoscere l'evento o la relazione spaziale pertinente; allineare il referente all'intervallo locale; recuperare origine, destinazione, direzione, supporto o posizione richiesta",una relazione spaziale esplicita o una localizzazione condizionata da un singolo evento osservabile nello stesso intervallo locale,local_interval,1,parzialmente implicita,moderata,"[""spaziale"", ""temporale""]",50,30,20,30,insufficiente,"['Bambina con maglietta grigia identificata come e1 nel segmento 0000.', 'Bambina con maglietta rosa identificata come e2 nel segmento 0000.', 'Evento di versamento di liquido da parte della bambina con maglietta rosa.']","[""Non è chiaro dove la bambina con la maglietta grigia metta l'oggetto ricevuto."", 'Non è chiaro se la bambina con la maglietta grigia riceva effettivamente un oggetto.', 'Non è chiaro quale oggetto venga passato tra le bambine.', ""Non è chiaro il contesto spaziale finale dell'oggetto.""]","La rappresentazione del modello identifica correttamente le due bambine e l'evento di versamento del liquido, ma manca completamente l'informazione su dove la bambina con la maglietta grigia metta l'oggetto ricevuto. Non è chiaro se l'oggetto venga effettivamente passato e dove venga collocato, rendendo impossibile rispondere alla domanda."
qwen-30B,video084,2,La bambina con la maglia grigia urla prima o dopo che quella con la maglia rosa inizi a correre?,temporale,T1,T1,1,bambina con la maglia grigia; bambina con la maglia rosa,evento A: la bambina con la maglia grigia urla; evento B: la bambina con la maglia rosa inizia a correre,"riconoscere i due eventi oppure l'evento e l'ancora temporale; localizzarli nella sequenza; determinare la relazione prima/dopo, primo/secondo, corrente/precedente o il momento richiesto",localizzazione rispetto a un'ancora temporale esplicita oppure ordinamento pairwise tra due eventi/stati direttamente identificabili,two_intervals,2,esplicita,alta,"[""temporale""]",50,50,30,40,parziale,"['Bambina con maglietta rosa identificata come e1 nel segmento 0002.', 'Evento B: la bambina con la maglietta rosa inizia a correre (E0006) identificato.']","['Bambina con maglietta grigia non identificata.', 'Evento A: la bambina con la maglietta grigia urla non identificato.', ""Relazione temporale tra l'urlo della bambina con la maglietta grigia e la corsa della bambina con la maglietta rosa non determinata.""]","Il modello ha identificato correttamente la bambina con la maglietta rosa e l'evento in cui inizia a correre. Tuttavia, non ha identificato la bambina con la maglietta grigia né l'evento in cui urla. Inoltre, manca la determinazione della relazione temporale tra i due eventi richiesti dalla domanda. Pertanto, la comprensione è parziale."
qwen-30B,video084,3,Cosa ha causato il dolore della bambina con la maglia grigia?,causale,C1,C1|T1,1,bambina con la maglia grigia; parte del corpo dolorante; oggetto o azione che provoca il dolore,effetto da spiegare: la bambina prova dolore; causa/antecedente: da identificare nell'evidenza disponibile,riconoscere l'effetto; individuare un antecedente o stato direttamente osservabile/esplicitamente disponibile; verificare il nesso causale senza attribuire intenzioni o motivazioni non supportate,"collegamento causale diretto tra un antecedente esplicito e una conseguenza esplicita, con al massimo due unità di evidenza",two_intervals,2,parzialmente implicita,moderata,"[""causale"", ""temporale""]",50,30,20,25,insufficiente,['Bambina con maglietta grigia identificata nel segmento 0000'],"['Parte del corpo dolorante della bambina', 'Oggetto o azione che provoca il dolore', 'Evento in cui la bambina prova dolore', 'Causa specifica del dolore della bambina']","La rappresentazione del modello identifica la bambina con la maglietta grigia, ma non fornisce informazioni su quale parte del corpo sia dolorante o quale oggetto o azione abbia causato il dolore. Gli eventi e le inferenze disponibili non supportano l'identificazione di un nesso causale diretto per il dolore della bambina. Mancano elementi fondamentali per rispondere alla domanda."
qwen-30B,video085,1,Dove stanno giocando le bambine?,spaziale,S0,S0,0,bambine; luogo o area di gioco; piscina o gonfiabile,evento: le bambine giocano; localizzazione del luogo,identificare il referente target; recuperare una singola evidenza spaziale direttamente osservabile; restituire la localizzazione senza confronto tra fasi,recupero spaziale diretto da una singola evidenza stabile; nessun confronto temporale o ricostruzione di stato,single_frame,1,esplicita,nessuna,"[""spaziale""]",100,100,100,100,completa,"['Bambine identificate come entità con ruolo di giocatrici.', 'Luogo di gioco identificato come piscina.', 'Evento di gioco delle bambine in piscina osservato.', ""Relazione spaziale delle bambine all'interno della piscina confermata.""]",[],"Il modello ha recuperato tutte le informazioni necessarie per rispondere alla domanda. Le entità, gli eventi e le relazioni spaziali richieste sono state chiaramente identificate e descritte. La rappresentazione visuale è completa e coerente, permettendo di affrontare la domanda con sicurezza."
qwen-30B,video085,2,La bambina con i braccioli cade in acqua prima o dopo che la donna l'aiuti?,temporale,T1,T1,1,bambina con i braccioli; donna; acqua; aiuto,evento A: la bambina cade in acqua; evento B: la donna la aiuta,"riconoscere i due eventi oppure l'evento e l'ancora temporale; localizzarli nella sequenza; determinare la relazione prima/dopo, primo/secondo, corrente/precedente o il momento richiesto",localizzazione rispetto a un'ancora temporale esplicita oppure ordinamento pairwise tra due eventi/stati direttamente identificabili,two_intervals,2,esplicita,alta,"[""temporale""]",50,30,20,30,insufficiente,"['bambina con i braccioli identificata', 'presenza di una piscina']","['evento A: la bambina cade in acqua', 'evento B: la donna la aiuta', ""relazione temporale tra la caduta e l'aiuto""]","La rappresentazione del modello identifica la bambina con i braccioli e la presenza di una piscina, ma non riesce a recuperare gli eventi specifici della caduta in acqua e dell'aiuto da parte della donna. Inoltre, manca la relazione temporale tra questi eventi, che è cruciale per rispondere alla domanda. Pertanto, la comprensione è insufficiente."
qwen-30B,video085,3,Perché la bambina con i braccioli non riesce a salire sul gonfiabile?,causale,C1,C1|T0,1,bambina con i braccioli; gonfiabile; acqua,effetto da spiegare: la bambina non riesce a salire sul gonfiabile; causa/antecedente: da identificare nell'evidenza disponibile,riconoscere l'effetto; individuare un antecedente o stato direttamente osservabile/esplicitamente disponibile; verificare il nesso causale senza attribuire intenzioni o motivazioni non supportate,"nesso causa-effetto fisico, sistemico o comportamentale direttamente osservabile nello stesso intervallo locale",local_interval,1,esplicita,moderata,"[""causale"", ""temporale""]",50,30,20,30,insufficiente,"['bambina con i braccioli identificata', 'presenza di oggetti gonfiabili']","['evento specifico della bambina che non riesce a salire sul gonfiabile', 'causa specifica per cui la bambina non riesce a salire', ""nesso causale tra l'azione della bambina e il gonfiabile""]","La rappresentazione del modello identifica la bambina con i braccioli e la presenza di oggetti gonfiabili, ma manca l'evento specifico in cui la bambina non riesce a salire sul gonfiabile. Inoltre, non viene fornita una causa specifica o un nesso causale che spieghi il motivo per cui la bambina non riesce a salire. Pertanto, la comprensione è insufficiente per affrontare la domanda."
qwen-30B,video086,1,Dove è inciampata la bambina?,spaziale,S1,S1|T0,1,bambina; punto o oggetto su cui inciampa,evento: la bambina inciampa; localizzazione del punto,"riconoscere l'evento o la relazione spaziale pertinente; allineare il referente all'intervallo locale; recuperare origine, destinazione, direzione, supporto o posizione richiesta",una relazione spaziale esplicita o una localizzazione condizionata da un singolo evento osservabile nello stesso intervallo locale,local_interval,1,esplicita,moderata,"[""spaziale"", ""temporale""]",0,0,0,0,insufficiente,[],"['Evento in cui la bambina inciampa', 'Localizzazione del punto o oggetto su cui la bambina inciampa', 'Relazione spaziale tra la bambina e il punto di inciampo']","La rappresentazione del modello non include alcuna informazione sull'evento specifico in cui la bambina inciampa, né identifica il punto o l'oggetto su cui inciampa. Mancano completamente le relazioni spaziali necessarie per determinare il luogo dell'inciampo. Pertanto, non è possibile rispondere alla domanda con le informazioni fornite."
qwen-30B,video086,2,La bambina con i braccioli cade prima o dopo che la sorella esca dalla piscina?,temporale,T1,T1,1,bambina con i braccioli; sorella; piscina,evento A: la bambina cade; evento B: la sorella esce dalla piscina,"riconoscere i due eventi oppure l'evento e l'ancora temporale; localizzarli nella sequenza; determinare la relazione prima/dopo, primo/secondo, corrente/precedente o il momento richiesto",localizzazione rispetto a un'ancora temporale esplicita oppure ordinamento pairwise tra due eventi/stati direttamente identificabili,two_intervals,2,esplicita,alta,"[""temporale""]",50,30,20,30,insufficiente,"['Bambina con i braccioli identificata nel segmento 0000', 'Presenza di una piscina identificata nel segmento 0000']","['Evento della bambina che cade', 'Evento della sorella che esce dalla piscina', 'Relazione temporale tra i due eventi']","La rappresentazione del modello ha identificato alcune entità come la bambina con i braccioli e la piscina, ma non ha recuperato gli eventi chiave richiesti dalla domanda: la caduta della bambina e l'uscita della sorella dalla piscina. Inoltre, manca la relazione temporale tra questi eventi, che è cruciale per rispondere alla domanda. Pertanto, la comprensione è insufficiente."
qwen-30B,video086,3,Perché la bambina in piscina deve aiutare la sorella?,causale,C1,C1|T1,1,bambina in piscina; sorella,effetto da spiegare: la bambina deve aiutare la sorella; causa/antecedente: da identificare nell'evidenza disponibile,riconoscere l'effetto; individuare un antecedente o stato direttamente osservabile/esplicitamente disponibile; verificare il nesso causale senza attribuire intenzioni o motivazioni non supportate,"collegamento causale diretto tra un antecedente esplicito e una conseguenza esplicita, con al massimo due unità di evidenza",two_intervals,2,parzialmente implicita,moderata,"[""causale"", ""temporale""]",50,30,20,25,insufficiente,"['Bambina in piscina identificata', 'Presenza di una piscina e di un gonfiabile']","['Identificazione della sorella', ""Evento che richiede l'aiuto della bambina"", 'Causa specifica per cui la bambina deve aiutare la sorella']","La rappresentazione del modello identifica la bambina in piscina e alcuni oggetti come il gonfiabile, ma manca l'identificazione della sorella e l'evento specifico che richiede l'aiuto della bambina. Non è presente un nesso causale chiaro che spieghi perché la bambina debba aiutare la sorella. Pertanto, la comprensione è insufficiente per affrontare la domanda."
qwen-30B,video087,1,Dove mette il dito la bambina davanti allo specchio?,spaziale,S1,S1|T0,1,bambina davanti allo specchio; dito; bocca o dente; specchio,evento: la bambina mette il dito in una posizione; localizzazione della parte del corpo,"riconoscere l'evento o la relazione spaziale pertinente; allineare il referente all'intervallo locale; recuperare origine, destinazione, direzione, supporto o posizione richiesta",una relazione spaziale esplicita o una localizzazione condizionata da un singolo evento osservabile nello stesso intervallo locale,local_interval,1,esplicita,moderata,"[""spaziale"", ""temporale""]",100,100,100,100,completa,"['Bambina davanti allo specchio identificata.', 'Dito della bambina identificato.', 'Specchio identificato.', 'Evento della bambina che mette il dito in bocca identificato.', 'Relazione spaziale tra bambina e specchio identificata.']",[],"Tutti i requisiti della domanda sono stati completamente recuperati. Le entità richieste, come la bambina, il dito e lo specchio, sono chiaramente identificate. L'evento della bambina che mette il dito in bocca è stato osservato e descritto. La relazione spaziale tra la bambina e lo specchio è stata chiaramente stabilita. Non ci sono lacune o incertezze nella rappresentazione del modello."
qwen-30B,video087,2,La donna prova a togliere il dente alla bambina prima o dopo aver detto che ne sono già caduti altri?,temporale,T1,T1,1,donna; bambina; dente; denti già caduti,evento A: la donna prova a togliere il dente; evento B: dice che altri denti sono già caduti,"riconoscere i due eventi oppure l'evento e l'ancora temporale; localizzarli nella sequenza; determinare la relazione prima/dopo, primo/secondo, corrente/precedente o il momento richiesto",localizzazione rispetto a un'ancora temporale esplicita oppure ordinamento pairwise tra due eventi/stati direttamente identificabili,two_intervals,2,esplicita,alta,"[""temporale""]",0,0,0,0,insufficiente,[],"['Presenza della donna', 'Tentativo della donna di togliere il dente', 'Dichiarazione della donna sui denti già caduti', 'Relazione temporale tra i due eventi']","La rappresentazione del modello non include alcuna informazione riguardante la donna, il tentativo di togliere il dente o la dichiarazione sui denti già caduti. Mancano completamente gli eventi chiave e la relazione temporale richiesta dalla domanda."
qwen-30B,video087,3,Perché la bambina sta soffrendo?,causale,C1,C1|T0,1,bambina; dente; donna,effetto da spiegare: la bambina soffre; causa/antecedente: da identificare nell'evidenza disponibile,riconoscere l'effetto; individuare un antecedente o stato direttamente osservabile/esplicitamente disponibile; verificare il nesso causale senza attribuire intenzioni o motivazioni non supportate,"nesso causa-effetto fisico, sistemico o comportamentale direttamente osservabile nello stesso intervallo locale",local_interval,1,esplicita,moderata,"[""causale"", ""temporale""]",50,50,30,40,parziale,"['bambina osserva il suo riflesso nello specchio', 'bambina si tocca la bocca con le dita', 'bambina ha un dente mancante']","['bambina soffre', 'causa della sofferenza della bambina', 'presenza di una donna o adulto che interagisce con la bambina']","La rappresentazione del modello include alcune entità e azioni rilevanti, come la bambina che si tocca la bocca e ha un dente mancante. Tuttavia, manca l'evidenza diretta della sofferenza della bambina e la causa specifica di tale sofferenza. Inoltre, non è presente alcuna interazione con una donna o adulto che potrebbe spiegare la situazione. L'inferenza causale richiesta non è supportata dalle informazioni disponibili."
qwen-30B,video088,1,Dove va tenuto il foglio per fargli produrre il rumore?,spaziale,S1,S1|T0,1,foglio; punto o posizione in cui va tenuto,evento: il foglio viene tenuto per produrre un rumore; localizzazione della posizione corretta,"riconoscere l'evento o la relazione spaziale pertinente; allineare il referente all'intervallo locale; recuperare origine, destinazione, direzione, supporto o posizione richiesta",una relazione spaziale esplicita o una localizzazione condizionata da un singolo evento osservabile nello stesso intervallo locale,local_interval,1,esplicita,moderata,"[""spaziale"", ""temporale""]",80,70,60,65,sufficiente,"['La bambina applica la carta sulla porta (segment_0000).', 'La carta è tenuta sopra la porta (segment_0000).']",['Non è esplicitamente indicato che il rumore è prodotto tenendo la carta in una specifica posizione.'],"Il modello ha identificato correttamente le entità principali, come la bambina e la carta, e ha riconosciuto l'evento di applicazione della carta sulla porta. Tuttavia, manca un'informazione esplicita che colleghi la posizione della carta al rumore prodotto, che è un elemento chiave per rispondere alla domanda. La rappresentazione è sufficiente per comprendere il contesto generale, ma non fornisce tutti i dettagli necessari per una risposta completa."
qwen-30B,video088,2,Il foglio di carta fa rumore prima o dopo essere stato piegato?,temporale,T1,T1,1,foglio di carta; rumore,evento A: il foglio produce rumore; evento B: il foglio viene piegato,"riconoscere i due eventi oppure l'evento e l'ancora temporale; localizzarli nella sequenza; determinare la relazione prima/dopo, primo/secondo, corrente/precedente o il momento richiesto",localizzazione rispetto a un'ancora temporale esplicita oppure ordinamento pairwise tra due eventi/stati direttamente identificabili,two_intervals,2,esplicita,alta,"[""temporale""]",0,50,0,20,insufficiente,['Evento B: il foglio viene piegato'],"['Evento A: il foglio produce rumore', 'Relazione temporale tra il rumore e la piegatura del foglio']","Il modello ha identificato l'evento di piegatura del foglio, ma manca completamente l'evento del rumore associato al foglio. Senza l'identificazione di entrambi gli eventi, non è possibile determinare la relazione temporale richiesta dalla domanda. Pertanto, la comprensione è insufficiente."
qwen-30B,video088,3,Perché si sente un botto?,causale,C1,C1|T0,1,foglio; botto; configurazione del foglio,effetto da spiegare: si sente un botto; causa/antecedente: da identificare nell'evidenza disponibile,riconoscere l'effetto; individuare un antecedente o stato direttamente osservabile/esplicitamente disponibile; verificare il nesso causale senza attribuire intenzioni o motivazioni non supportate,"nesso causa-effetto fisico, sistemico o comportamentale direttamente osservabile nello stesso intervallo locale",local_interval,1,esplicita,moderata,"[""causale"", ""temporale""]",0,0,0,0,insufficiente,[],"['Effetto da spiegare: si sente un botto', 'Causa/antecedente del botto', 'Configurazione del foglio che potrebbe causare il botto']","La rappresentazione del modello non include alcuna informazione relativa al botto o alla sua causa. Non ci sono eventi o stati che possano essere collegati al suono di un botto, né vi è alcuna configurazione del foglio che possa spiegare tale effetto. Pertanto, non è possibile eseguire l'inferenza richiesta per rispondere alla domanda."
qwen-30B,video089,1,Dove si trova la spigola?,spaziale,S0,S0,0,spigola; luogo o contenitore in cui si trova,localizzazione della spigola,identificare il referente target; recuperare una singola evidenza spaziale direttamente osservabile; restituire la localizzazione senza confronto tra fasi,recupero spaziale diretto da una singola evidenza stabile; nessun confronto temporale o ricostruzione di stato,single_frame,1,esplicita,nessuna,"[""spaziale""]",0,0,0,0,insufficiente,[],"['spigola', 'luogo o contenitore in cui si trova la spigola', 'localizzazione della spigola']","La rappresentazione del modello non include alcuna informazione riguardante la spigola o il suo luogo di localizzazione. Non sono state identificate entità o eventi relativi alla spigola, né è possibile eseguire inferenze sulla sua posizione. Pertanto, la comprensione visiva del modello è insufficiente per affrontare la domanda."
qwen-30B,video089,2,Il 'Collega Bonanno' mostra una spigola prima o dopo aver iniziato a urlare?,temporale,T1,T1,1,Collega Bonanno; spigola,evento A: Bonanno mostra una spigola; evento B: Bonanno inizia a urlare,"riconoscere i due eventi oppure l'evento e l'ancora temporale; localizzarli nella sequenza; determinare la relazione prima/dopo, primo/secondo, corrente/precedente o il momento richiesto",localizzazione rispetto a un'ancora temporale esplicita oppure ordinamento pairwise tra due eventi/stati direttamente identificabili,two_intervals,2,esplicita,alta,"[""temporale""]",0,0,0,0,insufficiente,[],"['Collega Bonanno', 'Spigola', 'Evento A: Bonanno mostra una spigola', 'Evento B: Bonanno inizia a urlare', 'Relazione temporale tra mostrare la spigola e urlare']","La rappresentazione del modello non recupera alcuna delle entità o eventi specifici richiesti dalla domanda. Non viene identificato il 'Collega Bonanno', né l'azione di mostrare una spigola o di urlare. Di conseguenza, non è possibile determinare la relazione temporale tra questi eventi. La mancanza di queste informazioni fondamentali rende impossibile affrontare la domanda."
qwen-30B,video089,3,Perché il 'Collega Bonanno' viene espulso dall'aula?,causale,C1,C1|T1,1,Collega Bonanno; aula,effetto da spiegare: Bonanno viene espulso dall'aula; causa/antecedente: da identificare nell'evidenza disponibile,riconoscere l'effetto; individuare un antecedente o stato direttamente osservabile/esplicitamente disponibile; verificare il nesso causale senza attribuire intenzioni o motivazioni non supportate,"collegamento causale diretto tra un antecedente esplicito e una conseguenza esplicita, con al massimo due unità di evidenza",two_intervals,2,parzialmente implicita,moderata,"[""causale"", ""temporale""]",0,0,0,0,insufficiente,[],"[""Identificazione di 'Collega Bonanno'"", ""Evento di espulsione dall'aula"", ""Causa dell'espulsione"", 'Nesso causale tra comportamento e espulsione']","La rappresentazione del modello non include alcuna informazione riguardante il 'Collega Bonanno', l'evento di espulsione dall'aula o la causa di tale espulsione. Non è possibile stabilire un nesso causale tra un comportamento osservato e l'espulsione, poiché mancano completamente le entità e gli eventi richiesti. Pertanto, la comprensione è insufficiente."
qwen-30B,video090,1,Dove guarda l'uomo quando i musicisti gli chiedono il giorno?,spaziale,S1,S1|T0,1,uomo; musicisti; oggetto o direzione guardata; giorno richiesto,evento contestuale: i musicisti chiedono il giorno; localizzazione della direzione dello sguardo dell'uomo,"riconoscere l'evento o la relazione spaziale pertinente; allineare il referente all'intervallo locale; recuperare origine, destinazione, direzione, supporto o posizione richiesta",una relazione spaziale esplicita o una localizzazione condizionata da un singolo evento osservabile nello stesso intervallo locale,local_interval,2,esplicita,moderata,"[""spaziale"", ""temporale""]",0,0,0,0,insufficiente,[],"['uomo', 'musicisti', 'oggetto o direzione guardata', 'giorno richiesto', 'evento in cui i musicisti chiedono il giorno', ""localizzazione della direzione dello sguardo dell'uomo""]","La rappresentazione del modello non include alcuna informazione riguardante l'uomo, i musicisti, o l'evento in cui viene chiesto il giorno. Non ci sono dettagli sulla direzione dello sguardo dell'uomo o su qualsiasi interazione con i musicisti. Pertanto, nessuno dei requisiti necessari per rispondere alla domanda è stato recuperato."
qwen-30B,video090,2,Il perito industriale Gudo Colsi arriva prima o dopo l'appuntamento stabilito?,temporale,T1,T1,1,perito industriale Guido Colsi; appuntamento; orario stabilito,evento target: arrivo del perito; riferimento temporale: orario dell'appuntamento,"riconoscere i due eventi oppure l'evento e l'ancora temporale; localizzarli nella sequenza; determinare la relazione prima/dopo, primo/secondo, corrente/precedente o il momento richiesto",localizzazione rispetto a un'ancora temporale esplicita oppure ordinamento pairwise tra due eventi/stati direttamente identificabili,two_intervals,2,parzialmente implicita,alta,"[""temporale""]",0,0,0,0,insufficiente,[],"['perito industriale Guido Colsi', 'appuntamento', 'orario stabilito', 'arrivo del perito', ""riferimento temporale: orario dell'appuntamento""]","La rappresentazione del modello non include alcuna informazione riguardante il perito industriale Guido Colsi, l'appuntamento o l'orario stabilito. Non sono stati identificati eventi relativi all'arrivo del perito o riferimenti temporali che permettano di determinare se l'arrivo è avvenuto prima o dopo l'appuntamento. Pertanto, non è possibile eseguire l'inferenza richiesta per rispondere alla domanda."
qwen-30B,video090,3,Perché l'uomo in costume si è congelato?,causale,C1,C1|T0,1,uomo in costume,effetto da spiegare: l'uomo in costume si è congelato; causa/antecedente: da identificare nell'evidenza disponibile,riconoscere l'effetto; individuare un antecedente o stato direttamente osservabile/esplicitamente disponibile; verificare il nesso causale senza attribuire intenzioni o motivazioni non supportate,"nesso causa-effetto fisico, sistemico o comportamentale direttamente osservabile nello stesso intervallo locale",local_interval,1,esplicita,moderata,"[""causale"", ""temporale""]",0,0,0,0,insufficiente,[],"['uomo in costume', 'evento di congelamento', 'causa del congelamento']","La rappresentazione del modello non include alcuna informazione sull'uomo in costume o sull'evento di congelamento. Non ci sono elementi che permettano di identificare una causa o un antecedente per il congelamento. Pertanto, nessun requisito della domanda è stato recuperato."
qwen-30B,video091,1,Dove salgono i passeggeri?,spaziale,S1,S1|T0,1,passeggeri,evento: i passeggeri salgono su un mezzo; localizzazione del punto o mezzo,"riconoscere l'evento o la relazione spaziale pertinente; allineare il referente all'intervallo locale; recuperare origine, destinazione, direzione, supporto o posizione richiesta",una relazione spaziale esplicita o una localizzazione condizionata da un singolo evento osservabile nello stesso intervallo locale,local_interval,1,esplicita,moderata,"[""spaziale"", ""temporale""]",100,100,100,100,completa,"['Entità: passeggeri identificati come gruppo di persone in movimento con bagagli.', ""Evento: passeggeri salgono sull'aereo, evidenziato in segmenti come segment_0009 e segment_0011."", ""Relazione spaziale: passeggeri salgono sull'aereo tramite una scala, evidenziato in segment_0009 e segment_0011.""]",[],"Il modello ha recuperato tutte le informazioni necessarie per rispondere alla domanda. Le entità, gli eventi e le relazioni spaziali richieste sono chiaramente identificate e descritte nei segmenti del video. La rappresentazione è completa e coerente con i requisiti della domanda."
qwen-30B,video091,2,La donna urla agli uomini prima o dopo che inizino a correre?,temporale,T1,T1,1,donna; uomini,evento A: la donna urla agli uomini; evento B: gli uomini iniziano a correre,"riconoscere i due eventi oppure l'evento e l'ancora temporale; localizzarli nella sequenza; determinare la relazione prima/dopo, primo/secondo, corrente/precedente o il momento richiesto",localizzazione rispetto a un'ancora temporale esplicita oppure ordinamento pairwise tra due eventi/stati direttamente identificabili,two_intervals,2,esplicita,alta,"[""temporale""]",0,0,0,0,insufficiente,[],"['Identificazione della donna che urla.', 'Identificazione degli uomini che iniziano a correre.', 'Evento A: la donna urla agli uomini.', 'Evento B: gli uomini iniziano a correre.', ""Relazione temporale tra l'urlo della donna e l'inizio della corsa degli uomini.""]","La rappresentazione del modello non include alcuna informazione riguardante la donna che urla o gli uomini che iniziano a correre. Non sono stati identificati né gli eventi specifici né la relazione temporale richiesta dalla domanda. Pertanto, la comprensione è insufficiente."
qwen-30B,video091,3,Cosa causa l'ira della donna?,causale,C2,C2|T1,2,donna; uomini; comportamento che provoca l'ira,effetto da spiegare: la donna si infuria; causa/antecedente: da identificare nell'evidenza disponibile,riconoscere l'effetto o comportamento da spiegare; recuperare il contesto pertinente; inferire la causa/intenzione/motivazione solo se supportata dalle evidenze; evitare di colmare lacune con conoscenza non presente nel video,"la risposta richiede almeno un passaggio inferenziale implicito su motivazione, intenzione, stato mentale, valutazione sociale, finalità procedurale o relazione causale non direttamente osservabile",two_intervals,2,implicita,moderata,"[""causale"", ""temporale""]",0,0,0,0,insufficiente,[],"['Identificazione della donna', 'Identificazione degli uomini', ""Comportamento che provoca l'ira della donna"", 'Evento della donna che si infuria', ""Causa o antecedente dell'ira della donna""]","La rappresentazione del modello non include alcuna informazione riguardante una donna, uomini o un comportamento che possa provocare l'ira. Non sono stati identificati eventi o entità rilevanti per spiegare l'ira della donna, né è stata fornita alcuna inferenza causale pertinente. Pertanto, la comprensione è insufficiente per affrontare la domanda."
qwen-30B,video092,1,Dove va l'uomo con i pantaloncini blu dopo che si è alzato?,spaziale,S2,S2|T1,2,uomo con i pantaloncini blu,evento contestuale: l'uomo si alza; localizzazione della destinazione successiva,identificare l'ancora temporale; recuperare lo stato spaziale nella fase richiesta; confrontare le fasi pertinenti senza introdurre cambiamenti non osservati,recupero spaziale condizionato da una fase precedente/successiva/iniziale o dal primo occorrere di un evento; richiede confronto tra almeno due stati temporali,two_intervals,2,esplicita,alta,"[""spaziale"", ""temporale""]",0,0,0,0,insufficiente,[],"[""Identificazione dell'uomo con i pantaloncini blu"", ""Evento in cui l'uomo con i pantaloncini blu si alza"", ""Localizzazione della destinazione successiva dell'uomo con i pantaloncini blu"", 'Confronto tra stati temporali per determinare la destinazione']","La rappresentazione del modello non include l'identificazione dell'uomo con i pantaloncini blu, né l'evento in cui si alza, né la sua destinazione successiva. Mancano completamente le informazioni necessarie per eseguire l'inferenza richiesta dalla domanda."
qwen-30B,video092,2,La donna con la scopa si arrabbia prima o dopo essere caduta nel buco?,temporale,T1,T1,1,donna con la scopa; buco; caduta,evento A: la donna si arrabbia; evento B: la donna cade nel buco,"riconoscere i due eventi oppure l'evento e l'ancora temporale; localizzarli nella sequenza; determinare la relazione prima/dopo, primo/secondo, corrente/precedente o il momento richiesto",localizzazione rispetto a un'ancora temporale esplicita oppure ordinamento pairwise tra due eventi/stati direttamente identificabili,two_intervals,2,esplicita,alta,"[""temporale""]",0,0,0,0,insufficiente,[],"['donna con la scopa', 'buco', 'caduta della donna nel buco', 'evento di arrabbiatura della donna', 'relazione temporale tra arrabbiatura e caduta']","La rappresentazione del modello non include alcuna informazione riguardante la donna con la scopa, il buco, la caduta nel buco o l'arrabbiatura della donna. Non sono stati identificati né gli eventi richiesti né la relazione temporale tra di essi. Pertanto, la comprensione è insufficiente per affrontare la domanda."
qwen-30B,video092,3,Perché l'hostess si arrabbia?,causale,C2,C2|T1,2,hostess; buco o situazione problematica,effetto da spiegare: l'hostess si arrabbia; causa/antecedente: da identificare nell'evidenza disponibile,riconoscere l'effetto o comportamento da spiegare; recuperare il contesto pertinente; inferire la causa/intenzione/motivazione solo se supportata dalle evidenze; evitare di colmare lacune con conoscenza non presente nel video,"la risposta richiede almeno un passaggio inferenziale implicito su motivazione, intenzione, stato mentale, valutazione sociale, finalità procedurale o relazione causale non direttamente osservabile",two_intervals,2,implicita,moderata,"[""causale"", ""temporale""]",0,0,0,0,insufficiente,[],"[""Identificazione dell'hostess"", ""Evento in cui l'hostess si arrabbia"", ""Causa o antecedente dell'arrabbiatura dell'hostess"", ""Contesto pertinente all'arrabbiatura dell'hostess""]","La rappresentazione del modello non include alcuna informazione sull'hostess o su un evento di arrabbiatura. Non sono presenti né l'entità dell'hostess né l'evento di arrabbiatura, né tantomeno una causa o un contesto che possa spiegare tale comportamento. Pertanto, non è possibile eseguire l'inferenza richiesta dalla domanda."
qwen-30B,video093,1,Dove indica la bambina con la maglietta gialla?,spaziale,S1,S1|T0,1,bambina con la maglietta gialla; oggetto o direzione indicata,evento: la bambina indica qualcosa; localizzazione del referente,"riconoscere l'evento o la relazione spaziale pertinente; allineare il referente all'intervallo locale; recuperare origine, destinazione, direzione, supporto o posizione richiesta",una relazione spaziale esplicita o una localizzazione condizionata da un singolo evento osservabile nello stesso intervallo locale,local_interval,1,parzialmente implicita,moderata,"[""spaziale"", ""temporale""]",0,0,0,0,insufficiente,[],"['bambina con la maglietta gialla', 'oggetto o direzione indicata', 'evento: la bambina indica qualcosa', 'localizzazione del referente', ""riconoscere l'evento o la relazione spaziale pertinente""]","La rappresentazione del modello non include alcuna informazione riguardante una bambina con una maglietta gialla che indica qualcosa. Non sono stati identificati né l'evento di indicazione né l'oggetto o la direzione indicata. Pertanto, non è possibile eseguire l'inferenza richiesta per rispondere alla domanda."
qwen-30B,video093,2,La bambina con la maglia gialla chiede alla mamma di comprare le patatine prima o dopo che la bambina con la coroncina salga sulla Ferrari?,temporale,T1,T1,1,bambina con la maglia gialla; mamma; patatine; bambina con la coroncina; Ferrari,evento A: la bambina chiede di comprare le patatine; evento B: l'altra bambina sale sulla Ferrari,"riconoscere i due eventi oppure l'evento e l'ancora temporale; localizzarli nella sequenza; determinare la relazione prima/dopo, primo/secondo, corrente/precedente o il momento richiesto",localizzazione rispetto a un'ancora temporale esplicita oppure ordinamento pairwise tra due eventi/stati direttamente identificabili,two_intervals,2,esplicita,alta,"[""temporale""]",0,50,0,20,insufficiente,['Evento B: la bambina con la coroncina sale sulla Ferrari è stato identificato.'],"['Bambina con la maglia gialla non identificata.', 'Mamma non identificata.', 'Evento A: la bambina chiede di comprare le patatine non identificato.', 'Relazione temporale tra evento A e evento B non determinata.']","Il modello ha identificato solo l'evento B, ovvero la bambina con la coroncina che sale sulla Ferrari. Tuttavia, non ha identificato la bambina con la maglia gialla, la mamma, né l'evento A (la richiesta di comprare le patatine). Inoltre, manca la determinazione della relazione temporale tra i due eventi, che è cruciale per rispondere alla domanda. Pertanto, la comprensione è insufficiente."
qwen-30B,video093,3,Perché la donna dice alla bambina di andare piano?,causale,C2,C2|T1,2,donna; bambina; Ferrari o movimento,effetto da spiegare: la donna dice alla bambina di andare piano; causa/antecedente: da identificare nell'evidenza disponibile,riconoscere l'effetto o comportamento da spiegare; recuperare il contesto pertinente; inferire la causa/intenzione/motivazione solo se supportata dalle evidenze; evitare di colmare lacune con conoscenza non presente nel video,"la risposta richiede almeno un passaggio inferenziale implicito su motivazione, intenzione, stato mentale, valutazione sociale, finalità procedurale o relazione causale non direttamente osservabile",two_intervals,2,implicita,moderata,"[""causale"", ""temporale""]",50,30,20,30,parziale,"[""Bambina identificata come passeggero in un'auto giocattolo."", 'Auto giocattolo identificata come una Ferrari rossa.']","['Presenza della donna che dice alla bambina di andare piano.', 'Motivazione o contesto per cui la donna dice alla bambina di andare piano.', 'Eventi che mostrano la bambina guidare velocemente o in modo pericoloso.']","Il modello ha identificato alcune entità come la bambina e l'auto giocattolo, ma manca l'evento chiave in cui la donna dice alla bambina di andare piano. Inoltre, non ci sono informazioni sul contesto o sulla motivazione di questo comportamento, rendendo impossibile inferire la causa dell'azione della donna. La comprensione è quindi parziale."
qwen-30B,video094,1,Dove inciampa la donna col vestito verde?,spaziale,S1,S1|T0,1,donna col vestito verde; ostacolo o punto d'inciampo,evento: la donna inciampa; localizzazione del punto,"riconoscere l'evento o la relazione spaziale pertinente; allineare il referente all'intervallo locale; recuperare origine, destinazione, direzione, supporto o posizione richiesta",una relazione spaziale esplicita o una localizzazione condizionata da un singolo evento osservabile nello stesso intervallo locale,local_interval,1,esplicita,moderata,"[""spaziale"", ""temporale""]",0,0,0,0,insufficiente,[],"['Evento di inciampo della donna col vestito verde', 'Localizzazione del punto di inciampo', ""Ostacolo o punto d'inciampo specifico""]","La rappresentazione del modello non include l'evento di inciampo della donna col vestito verde, né identifica un ostacolo o un punto specifico dove l'inciampo avviene. Senza queste informazioni, non è possibile rispondere alla domanda sulla localizzazione dell'inciampo."
qwen-30B,video094,2,La folla ride prima o dopo che la donna urti l'uomo?,temporale,T1,T1,1,folla; donna col vestito verde; uomo urtato,evento A: la folla ride; evento B: la donna urta l'uomo,"riconoscere i due eventi oppure l'evento e l'ancora temporale; localizzarli nella sequenza; determinare la relazione prima/dopo, primo/secondo, corrente/precedente o il momento richiesto",localizzazione rispetto a un'ancora temporale esplicita oppure ordinamento pairwise tra due eventi/stati direttamente identificabili,two_intervals,2,esplicita,alta,"[""temporale""]",0,0,0,0,insufficiente,[],"['Identificazione della folla che ride', ""Identificazione dell'evento in cui la donna urta l'uomo"", ""Relazione temporale tra la risata della folla e l'urto della donna""]","Il modello non ha recuperato nessuna delle entità o degli eventi specifici richiesti dalla domanda. Non è stata identificata la risata della folla né l'urto della donna contro l'uomo, e quindi non è possibile determinare la relazione temporale tra questi eventi. La rappresentazione è insufficiente per affrontare la domanda."
qwen-30B,video094,3,Perché la folla ride?,causale,C1,C1|T1,1,folla; donna; uomo,effetto da spiegare: la folla ride; causa/antecedente: da identificare nell'evidenza disponibile,riconoscere l'effetto; individuare un antecedente o stato direttamente osservabile/esplicitamente disponibile; verificare il nesso causale senza attribuire intenzioni o motivazioni non supportate,"collegamento causale diretto tra un antecedente esplicito e una conseguenza esplicita, con al massimo due unità di evidenza",two_intervals,2,parzialmente implicita,moderata,"[""causale"", ""temporale""]",80,60,40,50,parziale,"['Folla presente e osservante', 'Donna e uomo in uniforme interagiscono', 'Uomo in uniforme sorride alla donna']","['Esplicita risata della folla', 'Causa diretta della risata della folla']","Il modello ha identificato correttamente le entità principali come la folla, la donna e l'uomo in uniforme, e ha descritto alcune interazioni tra di loro. Tuttavia, manca l'evento specifico della risata della folla e una chiara causa diretta che spieghi perché la folla ride. Senza queste informazioni, l'inferenza causale richiesta dalla domanda non può essere completata. Pertanto, la comprensione è parziale."
qwen-30B,video095,1,Dov'era il professore prima di andare dal preside?,spaziale,S2,S2|T1,2,professore; preside o ufficio del preside,evento contestuale: il professore va dal preside; localizzazione precedente del professore,identificare l'ancora temporale; recuperare lo stato spaziale nella fase richiesta; confrontare le fasi pertinenti senza introdurre cambiamenti non osservati,recupero spaziale condizionato da una fase precedente/successiva/iniziale o dal primo occorrere di un evento; richiede confronto tra almeno due stati temporali,two_intervals,2,esplicita,alta,"[""spaziale"", ""temporale""]",50,50,30,40,parziale,"[""Il professore è identificato come l'insegnante che tiene una lezione in classe."", 'Il professore è visto in piedi davanti alla classe in diversi segmenti.']","[""Non è identificato il preside o l'ufficio del preside."", ""Non è chiaramente identificato l'evento in cui il professore va dal preside."", ""Non è presente un confronto tra la posizione del professore prima e dopo l'evento di andare dal preside.""]","Il modello ha identificato il professore e la sua posizione iniziale in classe, ma manca l'identificazione del preside o dell'ufficio del preside e l'evento specifico in cui il professore va dal preside. Inoltre, non è possibile fare un confronto tra la posizione del professore prima e dopo l'evento, rendendo l'inferenza incompleta."
qwen-30B,video095,2,Il professore va nell'ufficio del preside prima o dopo aver parlato con il bidello?,temporale,T1,T1,1,professore; ufficio del preside; bidello,evento A: il professore va nell'ufficio del preside; evento B: il professore parla con il bidello,"riconoscere i due eventi oppure l'evento e l'ancora temporale; localizzarli nella sequenza; determinare la relazione prima/dopo, primo/secondo, corrente/precedente o il momento richiesto",localizzazione rispetto a un'ancora temporale esplicita oppure ordinamento pairwise tra due eventi/stati direttamente identificabili,two_intervals,2,esplicita,alta,"[""temporale""]",0,0,0,0,insufficiente,[],"['Identificazione del professore', ""Identificazione dell'ufficio del preside"", 'Identificazione del bidello', ""Evento A: il professore va nell'ufficio del preside"", 'Evento B: il professore parla con il bidello', 'Relazione temporale tra evento A e evento B']","La rappresentazione del modello non include alcuna delle entità o degli eventi specifici richiesti dalla domanda. Non sono stati identificati né il professore, né l'ufficio del preside, né il bidello. Inoltre, non sono stati riconosciuti gli eventi di interesse (il professore che va nell'ufficio del preside e il professore che parla con il bidello), né è stata stabilita una relazione temporale tra di essi. Pertanto, la comprensione è insufficiente."
qwen-30B,video095,3,Perché il professore esce dalla classe?,causale,C2,C2|T1,2,professore; classe; preside o bidello,effetto da spiegare: il professore esce dalla classe; causa/antecedente: da identificare nell'evidenza disponibile,riconoscere l'effetto o comportamento da spiegare; recuperare il contesto pertinente; inferire la causa/intenzione/motivazione solo se supportata dalle evidenze; evitare di colmare lacune con conoscenza non presente nel video,"la risposta richiede almeno un passaggio inferenziale implicito su motivazione, intenzione, stato mentale, valutazione sociale, finalità procedurale o relazione causale non direttamente osservabile",two_intervals,2,implicita,moderata,"[""causale"", ""temporale""]",40,30,20,30,insufficiente,"['Presenza del professore in classe', 'Presenza degli studenti in classe', 'Professore che tiene una lezione']","['Evento del professore che esce dalla classe', 'Causa o motivazione per cui il professore esce dalla classe', 'Presenza di un preside o bidello', ""Interazione che giustifica l'uscita del professore""]","La rappresentazione del modello include alcune entità come il professore e gli studenti, ma manca l'evento chiave del professore che esce dalla classe e qualsiasi causa o motivazione per tale azione. Non ci sono evidenze di interazioni con un preside o bidello che potrebbero spiegare l'uscita. L'inferenza richiesta non è supportata dalle informazioni disponibili."
qwen-30B,video096,1,Dove si trova la cagnolina?,spaziale,S0,S0,0,cagnolina; luogo in cui si trova,localizzazione della cagnolina,identificare il referente target; recuperare una singola evidenza spaziale direttamente osservabile; restituire la localizzazione senza confronto tra fasi,recupero spaziale diretto da una singola evidenza stabile; nessun confronto temporale o ricostruzione di stato,single_frame,1,esplicita,nessuna,"[""spaziale""]",80,80,80,80,sufficiente,"['Il cane è in piedi su un terreno (segment_0000).', 'Il cane è sul terreno (segment_0010).', 'Il cane cammina su un terreno sabbioso (segment_0008).']","[""Identificazione esplicita della cagnolina come 'cagnolina' e non solo 'cane'."", ""Descrizione del luogo specifico oltre al generico 'terreno'."", 'Conferma che il cane osservato sia la cagnolina richiesta dalla domanda.']","La rappresentazione del modello identifica correttamente la presenza di un cane su un terreno in diversi segmenti, il che soddisfa parzialmente i requisiti della domanda. Tuttavia, manca l'identificazione esplicita del cane come 'cagnolina' e una descrizione più specifica del luogo oltre al generico 'terreno'. Nonostante queste lacune, le informazioni recuperate sono sufficienti per affrontare la domanda in modo adeguato."
qwen-30B,video096,2,L'animale mangia il biscotto prima o dopo il comando?,temporale,T1,T1,1,cagnolina; biscotto; comando dell'uomo,evento A: la cagnolina mangia il biscotto; evento B: l'uomo impartisce il comando,"riconoscere i due eventi oppure l'evento e l'ancora temporale; localizzarli nella sequenza; determinare la relazione prima/dopo, primo/secondo, corrente/precedente o il momento richiesto",localizzazione rispetto a un'ancora temporale esplicita oppure ordinamento pairwise tra due eventi/stati direttamente identificabili,two_intervals,2,esplicita,alta,"[""temporale""]",20,0,0,10,insufficiente,['Presenza del cane (cagnolina)'],"['Presenza del biscotto', ""Comando dell'uomo"", 'Evento A: la cagnolina mangia il biscotto', ""Evento B: l'uomo impartisce il comando"", 'Relazione temporale tra il mangiare il biscotto e il comando']","La rappresentazione del modello non include informazioni cruciali per rispondere alla domanda. Manca l'identificazione del biscotto e del comando dell'uomo, così come gli eventi specifici di mangiare il biscotto e ricevere il comando. Senza questi elementi, non è possibile determinare la relazione temporale richiesta dalla domanda."
qwen-30B,video096,3,Perché l'uomo dà un biscotto alla cagnolina?,causale,C2,C2|T1,2,uomo; cagnolina; biscotto,effetto da spiegare: l'uomo dà un biscotto alla cagnolina; causa/antecedente: da identificare nell'evidenza disponibile,riconoscere l'effetto o comportamento da spiegare; recuperare il contesto pertinente; inferire la causa/intenzione/motivazione solo se supportata dalle evidenze; evitare di colmare lacune con conoscenza non presente nel video,"la risposta richiede almeno un passaggio inferenziale implicito su motivazione, intenzione, stato mentale, valutazione sociale, finalità procedurale o relazione causale non direttamente osservabile",two_intervals,2,implicita,moderata,"[""causale"", ""temporale""]",0,0,0,0,insufficiente,[],"[""Presenza dell'uomo"", 'Presenza del biscotto', ""Azione dell'uomo che dà il biscotto alla cagnolina"", ""Motivazione o contesto che spiega l'azione dell'uomo""]","La rappresentazione del modello non include l'uomo, il biscotto o l'azione di dare il biscotto alla cagnolina. Mancano completamente le informazioni necessarie per inferire la motivazione dell'uomo. Pertanto, la comprensione è insufficiente."
qwen-30B,video097,1,Dove si sono appese le ragazze?,spaziale,S1,S1|T0,1,ragazze; sbarre,evento: le ragazze si appendono alle sbarre; localizzazione della struttura,"riconoscere l'evento o la relazione spaziale pertinente; allineare il referente all'intervallo locale; recuperare origine, destinazione, direzione, supporto o posizione richiesta",una relazione spaziale esplicita o una localizzazione condizionata da un singolo evento osservabile nello stesso intervallo locale,local_interval,1,esplicita,moderata,"[""spaziale"", ""temporale""]",100,100,100,100,completa,"[""Entità 'ragazze' identificate come ginnaste (e1, e2, e3, e4)."", ""Entità 'sbarre' identificate come parallele e barra orizzontale (e6, e5)."", 'Evento di appendersi alle sbarre osservato in più segmenti.', 'Relazione spaziale delle ginnaste sopra le sbarre.']",[],"Il modello ha recuperato tutte le entità richieste, ha identificato correttamente gli eventi di appendersi alle sbarre e ha fornito le relazioni spaziali necessarie. La rappresentazione è completa e coerente con i requisiti della domanda."
qwen-30B,video097,2,Le ragazze si sono appese prima o dopo aver alzato le ginocchia?,temporale,T1,T1,1,ragazze; sbarre; ginocchia,evento A: le ragazze si appendono; evento B: alzano le ginocchia,"riconoscere i due eventi oppure l'evento e l'ancora temporale; localizzarli nella sequenza; determinare la relazione prima/dopo, primo/secondo, corrente/precedente o il momento richiesto",localizzazione rispetto a un'ancora temporale esplicita oppure ordinamento pairwise tra due eventi/stati direttamente identificabili,two_intervals,2,esplicita,alta,"[""temporale""]",50,30,20,25,insufficiente,"['Identificazione delle ragazze come ginnaste', 'Presenza di sbarre e parallele come attrezzi']","['Evento specifico di alzare le ginocchia', 'Relazione temporale tra appendersi e alzare le ginocchia', ""Dettagli sull'azione di appendersi""]","Il modello ha identificato le entità principali come le ragazze e le sbarre, ma non ha recuperato gli eventi specifici di alzare le ginocchia o di appendersi. Mancano anche le relazioni temporali necessarie per determinare l'ordine degli eventi richiesto dalla domanda. Pertanto, la comprensione complessiva è insufficiente."
qwen-30B,video097,3,Perché le ragazze si sono appese alle sbarre?,causale,C2,C2|T1,2,ragazze; sbarre,effetto da spiegare: le ragazze si appendono alle sbarre; causa/antecedente: da identificare nell'evidenza disponibile,riconoscere l'effetto o comportamento da spiegare; recuperare il contesto pertinente; inferire la causa/intenzione/motivazione solo se supportata dalle evidenze; evitare di colmare lacune con conoscenza non presente nel video,"la risposta richiede almeno un passaggio inferenziale implicito su motivazione, intenzione, stato mentale, valutazione sociale, finalità procedurale o relazione causale non direttamente osservabile",two_intervals,2,implicita,moderata,"[""causale"", ""temporale""]",80,70,50,60,sufficiente,"['Entità: ragazze (ginnaste), sbarre (parallele, sbarra alta, barra orizzontale)', 'Eventi: ginnaste si arrampicano e si aggrappano alle sbarre', 'Causalità: arrampicata permette di aggrapparsi alla sbarra alta']",['Motivazione o causa specifica per cui le ragazze si appendono alle sbarre'],"Il modello ha identificato correttamente le entità principali (ragazze e sbarre) e gli eventi di arrampicata e aggrappamento. Tuttavia, manca l'inferenza sulla motivazione o causa specifica per cui le ragazze si appendono alle sbarre, che è il fulcro della domanda. La rappresentazione è sufficiente per comprendere il contesto generale, ma non per rispondere completamente alla domanda causale."
qwen-30B,video098,1,Dove si trova il jack di picche?,spaziale,S0,S0,0,jack di picche; mazzo o sequenza di carte; posizione della carta,localizzazione del jack di picche,identificare il referente target; recuperare una singola evidenza spaziale direttamente osservabile; restituire la localizzazione senza confronto tra fasi,recupero spaziale diretto da una singola evidenza stabile; nessun confronto temporale o ricostruzione di stato,single_frame,1,esplicita,nessuna,"[""spaziale""]",100,100,100,100,completa,"[""Il jack di picche è identificato come 'carta con il fante di picche' nel segmento 0011."", 'La carta è mostrata e tenuta in mano da un giocatore nel segmento 0013.', 'La posizione della carta è sopra il tavolo, come indicato nel segmento 0012.']",[],"Tutti i requisiti della domanda sono stati completamente recuperati. Il modello ha identificato correttamente il jack di picche, la sua posizione e l'evento di localizzazione, fornendo una rappresentazione visiva sufficiente per rispondere alla domanda."
qwen-30B,video098,2,Dopo quante carte viene estratta la carta corretta?,temporale,T2,T2,2,carte estratte; carta corretta,evento target: estrazione della carta corretta; misura temporale/ordinale: numero di carte precedenti,"riconoscere gli eventi o stati pertinenti; ricostruire l'evoluzione temporale necessaria; calcolare conteggio/durata oppure distinguere onset, continuazione e stato già completato","durata, conteggio/iterazione, selezione del primo onset tra più candidati o ricostruzione di uno stato già in corso/completato",multi_event_sequence,>=3,esplicita,alta,"[""temporale""]",0,0,0,0,insufficiente,[],"['Identificazione della carta corretta', 'Conteggio delle carte estratte prima della carta corretta', 'Evento specifico di estrazione della carta corretta']","La rappresentazione del modello non include informazioni sull'identificazione della carta corretta né sul conteggio delle carte estratte prima di essa. Mancano eventi specifici che indichino l'estrazione della carta corretta, rendendo impossibile rispondere alla domanda."
qwen-30B,video098,3,Perché la donna è sorpresa di trovare il jack di picche?,causale,C2,C2|T1,2,donna; jack di picche; mazzo di carte,effetto da spiegare: la donna è sorpresa di trovare il jack di picche; causa/antecedente: da identificare nell'evidenza disponibile,riconoscere l'effetto o comportamento da spiegare; recuperare il contesto pertinente; inferire la causa/intenzione/motivazione solo se supportata dalle evidenze; evitare di colmare lacune con conoscenza non presente nel video,"la risposta richiede almeno un passaggio inferenziale implicito su motivazione, intenzione, stato mentale, valutazione sociale, finalità procedurale o relazione causale non direttamente osservabile",two_intervals,2,implicita,moderata,"[""causale"", ""temporale""]",50,60,40,45,parziale,"['La donna (e2) è identificata come giocatore e osservatore.', 'Il jack di picche è identificato come una carta specifica (e3).', 'Il mazzo di carte è presente e manipolato da e1.']","['La sorpresa della donna non è esplicitamente rappresentata.', 'Non è chiaro il contesto che porta alla sorpresa della donna.', 'Non ci sono evidenze dirette o inferenze chiare sulla causa della sorpresa.']","Il modello ha identificato le entità principali come la donna, il jack di picche e il mazzo di carte. Tuttavia, manca l'evento chiave della sorpresa della donna e il contesto che porta a questa sorpresa. Inoltre, non ci sono inferenze chiare che spieghino la causa della sorpresa. Pertanto, la comprensione è parziale."
qwen-30B,video099,1,Dove si trova la leccia?,spaziale,S0,S0,0,leccia,localizzazione della leccia,identificare il referente target; recuperare una singola evidenza spaziale direttamente osservabile; restituire la localizzazione senza confronto tra fasi,recupero spaziale diretto da una singola evidenza stabile; nessun confronto temporale o ricostruzione di stato,single_frame,1,esplicita,nessuna,"[""spaziale""]",0,0,0,0,insufficiente,[],"['Identificazione della leccia come entità specifica.', 'Localizzazione spaziale della leccia.', 'Evidenza diretta della posizione della leccia in un singolo frame.']","La rappresentazione del modello non include alcuna informazione specifica sulla leccia, né sulla sua localizzazione. Non è stata identificata come entità, né è stata fornita una posizione spaziale specifica. Pertanto, non è possibile rispondere alla domanda con le informazioni disponibili."
qwen-30B,video099,2,Il pescatore capisce che la leccia è grossa prima o dopo averla pescata?,temporale,T1,T1,1,pescatore; leccia; dimensione del pesce,evento A: il pescatore capisce che la leccia è grossa; evento B: il pescatore pesca la leccia,"riconoscere i due eventi oppure l'evento e l'ancora temporale; localizzarli nella sequenza; determinare la relazione prima/dopo, primo/secondo, corrente/precedente o il momento richiesto",localizzazione rispetto a un'ancora temporale esplicita oppure ordinamento pairwise tra due eventi/stati direttamente identificabili,two_intervals,2,esplicita,alta,"[""temporale""]",50,40,30,35,parziale,"['Pescatore identificato in vari segmenti', 'Canna da pesca piegata osservata', 'Pesce catturato e visibile sulla superficie']","['Evento specifico in cui il pescatore capisce che la leccia è grossa', 'Relazione temporale chiara tra il capire la dimensione del pesce e la cattura', 'Dimensione del pesce non chiaramente indicata come grossa']","Il modello ha identificato il pescatore e la canna da pesca piegata, ma non ha recuperato l'evento specifico in cui il pescatore capisce che la leccia è grossa. Mancano anche relazioni temporali chiare tra il capire la dimensione del pesce e la sua cattura. La dimensione del pesce non è chiaramente indicata come grossa, rendendo difficile determinare la sequenza temporale richiesta dalla domanda."
qwen-30B,video099,3,Perché la leccia non entra nel guadino?,causale,C1,C1|T0,1,leccia; guadino; pescatore; dimensioni del pesce,effetto da spiegare: la leccia non entra nel guadino; causa/antecedente: da identificare nell'evidenza disponibile,riconoscere l'effetto; individuare un antecedente o stato direttamente osservabile/esplicitamente disponibile; verificare il nesso causale senza attribuire intenzioni o motivazioni non supportate,"nesso causa-effetto fisico, sistemico o comportamentale direttamente osservabile nello stesso intervallo locale",local_interval,1,esplicita,moderata,"[""causale"", ""temporale""]",50,30,20,30,insufficiente,"['Pescatore presente e attivo nella pesca', 'Pesce visibile in superficie', 'Canna da pesca piegata']","['Guadino non menzionato o visibile', 'Dimensioni del pesce non specificate', 'Evento specifico della leccia che non entra nel guadino non descritto', 'Causa specifica per cui la leccia non entra nel guadino non identificata']","La rappresentazione del modello include il pescatore e il pesce, ma manca completamente il guadino e le dimensioni del pesce, che sono cruciali per rispondere alla domanda. Inoltre, non viene descritto l'evento specifico della leccia che non entra nel guadino, né viene fornita una causa per questo evento. L'inferenza causale richiesta non è supportata dalle informazioni disponibili."
qwen-30B,video100,1,Dove si trova il cartello con le istruzioni per entrare?,spaziale,S0,S0,0,cartello con le istruzioni,localizzazione del cartello per entrare,identificare il referente target; recuperare una singola evidenza spaziale direttamente osservabile; restituire la localizzazione senza confronto tra fasi,recupero spaziale diretto da una singola evidenza stabile; nessun confronto temporale o ricostruzione di stato,single_frame,1,esplicita,nessuna,"[""spaziale""]",100,100,100,100,completa,"[""Cartello con le istruzioni identificato come 'carta con scritta' attaccata alla porta."", 'Localizzazione del cartello sopra la porta.']",[],"Il modello ha identificato correttamente il cartello con le istruzioni come una 'carta con scritta' attaccata alla porta e ha fornito la sua localizzazione spaziale come 'sopra la porta'. Tutti i requisiti della domanda sono stati completamente soddisfatti, permettendo di rispondere alla domanda in modo diretto e preciso."
qwen-30B,video100,2,Cosa mostra prima la bambina: il disegno che ritrae lei o quello che ritrae Vanessa?,temporale,T1,T1,1,bambina; disegno di sé; disegno di Vanessa,evento A: la bambina mostra il proprio disegno; evento B: mostra il disegno di Vanessa,"riconoscere i due eventi oppure l'evento e l'ancora temporale; localizzarli nella sequenza; determinare la relazione prima/dopo, primo/secondo, corrente/precedente o il momento richiesto",localizzazione rispetto a un'ancora temporale esplicita oppure ordinamento pairwise tra due eventi/stati direttamente identificabili,two_intervals,2,esplicita,alta,"[""temporale""]",0,0,0,0,insufficiente,[],"['bambina', 'disegno di sé', 'disegno di Vanessa', 'evento A: la bambina mostra il proprio disegno', 'evento B: mostra il disegno di Vanessa', 'relazione temporale tra i due eventi']","La rappresentazione del modello non include alcuna informazione riguardante la bambina, i disegni di sé o di Vanessa, né gli eventi di mostrare i disegni. Mancano completamente le entità e gli eventi necessari per determinare quale disegno viene mostrato per primo. Di conseguenza, non è possibile eseguire l'inferenza richiesta per rispondere alla domanda."
qwen-30B,video100,3,Perché la mamma dice alla bambina che da grande farà l'artistico?,causale,C2,C2|T1,2,mamma; bambina; disegni; percorso scolastico artistico,effetto da spiegare: la mamma dice che la bambina farà l'artistico; causa/antecedente: da identificare nell'evidenza disponibile,riconoscere l'effetto o comportamento da spiegare; recuperare il contesto pertinente; inferire la causa/intenzione/motivazione solo se supportata dalle evidenze; evitare di colmare lacune con conoscenza non presente nel video,"la risposta richiede almeno un passaggio inferenziale implicito su motivazione, intenzione, stato mentale, valutazione sociale, finalità procedurale o relazione causale non direttamente osservabile",two_intervals,2,implicita,moderata,"[""causale"", ""temporale""]",50,40,30,35,parziale,"['bambina che disegna e sorride', 'presenza di disegni nel quaderno']","['mamma che parla alla bambina', ""motivazione della mamma per dire che farà l'artistico"", 'contesto del dialogo tra mamma e bambina']","La rappresentazione del modello include la bambina che disegna e sorride, suggerendo un interesse per l'arte, ma manca completamente la figura della mamma e il contesto del dialogo. Non ci sono elementi che permettano di inferire la motivazione della mamma per dire che la bambina farà l'artistico. La comprensione è quindi parziale, con mancanza di elementi chiave per rispondere alla domanda."
