model,video_id,question_order,question,principal_dimension,principal_label,diagnostic_label,complexity_level,entity_required,event_required,inference_required,objective_criterion,evidence_scope,evidence_units,information_explicitness,temporal_dependency,dimension_combination,score_entita,score_eventi,score_inferenza,score_comprensione,livello,evidenza_recuperata,evidenza_mancante,motivazione
qwen,video001,1,Dove cerca il rimedio al singhiozzo l'uomo con il camice?,spaziale,S1,S1|T0,1,uomo con il camice; rimedio al singhiozzo,ricerca del rimedio al singhiozzo da parte dell'uomo con il camice,"riconoscere l'evento o la relazione spaziale pertinente; allineare il referente all'intervallo locale; recuperare origine, destinazione, direzione, supporto o posizione richiesta",una relazione spaziale esplicita o una localizzazione condizionata da un singolo evento osservabile nello stesso intervallo locale,local_interval,1,esplicita,moderata,"[""spaziale"", ""temporale""]",0,0,0,0,insufficiente,[],"['uomo con il camice', 'rimedio al singhiozzo', ""ricerca del rimedio al singhiozzo da parte dell'uomo con il camice"", 'relazione spaziale esplicita o localizzazione condizionata da un singolo evento osservabile']","La rappresentazione del modello non recupera alcuna delle entità o eventi richiesti per rispondere alla domanda. Non ci sono informazioni sull'uomo con il camice, sul rimedio al singhiozzo, né sull'evento di ricerca del rimedio. Di conseguenza, non è possibile eseguire l'inferenza spaziale necessaria. La comprensione è insufficiente."
qwen,video001,2,L'uomo con gli occhiali urla prima o dopo che l'uomo dietro il bancone esca?,temporale,T1,T1,1,uomo con gli occhiali; uomo dietro il bancone,evento A: l'uomo con gli occhiali urla; evento B: l'uomo dietro il bancone esce,"riconoscere i due eventi oppure l'evento e l'ancora temporale; localizzarli nella sequenza; determinare la relazione prima/dopo, primo/secondo, corrente/precedente o il momento richiesto",localizzazione rispetto a un'ancora temporale esplicita oppure ordinamento pairwise tra due eventi/stati direttamente identificabili,two_intervals,2,esplicita,alta,"[""temporale""]",0,0,0,0,insufficiente,[],"[""Identificazione dell'uomo con gli occhiali"", ""Identificazione dell'uomo dietro il bancone"", ""Evento in cui l'uomo con gli occhiali urla"", ""Evento in cui l'uomo dietro il bancone esce"", 'Relazione temporale tra i due eventi']","La rappresentazione del modello non recupera alcuna delle entità o degli eventi richiesti per rispondere alla domanda. Non sono identificati né l'uomo con gli occhiali né l'uomo dietro il bancone, né sono riconosciuti gli eventi di urlo e uscita. Di conseguenza, non è possibile determinare la relazione temporale tra questi eventi. La comprensione è quindi insufficiente."
qwen,video001,3,Perché il signore con gli occhiali balbetta?,causale,C2,C2|T1,2,signore con gli occhiali,effetto da spiegare: il signore con gli occhiali balbetta; causa/antecedente: da identificare nell'evidenza disponibile,riconoscere l'effetto o comportamento da spiegare; recuperare il contesto pertinente; inferire la causa/intenzione/motivazione solo se supportata dalle evidenze; evitare di colmare lacune con conoscenza non presente nel video,"la risposta richiede almeno un passaggio inferenziale implicito su motivazione, intenzione, stato mentale, valutazione sociale, finalità procedurale o relazione causale non direttamente osservabile",two_intervals,2,implicita,moderata,"[""causale"", ""temporale""]",0,0,0,0,insufficiente,[],"['Identificazione del signore con gli occhiali.', 'Osservazione del signore con gli occhiali che balbetta.', 'Contesto o eventi che potrebbero spiegare il balbettio.', 'Qualsiasi relazione causale o motivazionale per il balbettio.']","L'analisi del modello non ha recuperato alcuna informazione rilevante per identificare il signore con gli occhiali, né ha osservato l'evento del balbettio o fornito contesto utile per inferire una causa. Mancano completamente le basi per affrontare la domanda."
qwen,video002,1,Dove si trova la moglie dell'uomo con gli occhiali?,spaziale,S0,S0,0,moglie dell'uomo con gli occhiali; uomo con gli occhiali; luogo in cui si trova la moglie,localizzazione della moglie dell'uomo con gli occhiali,identificare il referente target; recuperare una singola evidenza spaziale direttamente osservabile; restituire la localizzazione senza confronto tra fasi,recupero spaziale diretto da una singola evidenza stabile; nessun confronto temporale o ricostruzione di stato,single_frame,1,esplicita,nessuna,"[""spaziale""]",0,0,0,0,insufficiente,[],"[""Identificazione dell'uomo con gli occhiali"", ""Identificazione della moglie dell'uomo con gli occhiali"", ""Localizzazione della moglie dell'uomo con gli occhiali""]","La rappresentazione del modello non fornisce alcuna informazione sulle entità richieste, come l'uomo con gli occhiali o sua moglie, né sulla loro localizzazione. Non ci sono evidenze spaziali o inferenziali che permettano di rispondere alla domanda. Pertanto, la comprensione è insufficiente."
qwen,video002,2,La donna bionda sbuffa prima o dopo che il telefono squilli?,temporale,T1,T1,1,donna bionda; telefono,evento A: la donna bionda sbuffa; evento B: il telefono squilla,"riconoscere i due eventi oppure l'evento e l'ancora temporale; localizzarli nella sequenza; determinare la relazione prima/dopo, primo/secondo, corrente/precedente o il momento richiesto",localizzazione rispetto a un'ancora temporale esplicita oppure ordinamento pairwise tra due eventi/stati direttamente identificabili,two_intervals,2,esplicita,alta,"[""temporale""]",0,0,0,0,insufficiente,[],"['Identificazione della donna bionda', 'Identificazione del telefono', 'Evento A: la donna bionda sbuffa', 'Evento B: il telefono squilla', 'Relazione temporale tra gli eventi A e B']","Il modello non ha recuperato alcuna informazione rilevante per rispondere alla domanda. Mancano sia le entità necessarie (donna bionda e telefono) sia gli eventi chiave (sbuffo della donna e squillo del telefono). Di conseguenza, non è possibile determinare la relazione temporale richiesta tra gli eventi."
qwen,video002,3,Perché l'uomo con gli occhiali fa degli strani versi al telefono e lo allontana dall'orecchio?,causale,C2,C2|T1,2,uomo con gli occhiali; telefono,effetto da spiegare: l'uomo fa strani versi e allontana il telefono dall'orecchio; causa/antecedente: da identificare nell'evidenza disponibile,riconoscere l'effetto o comportamento da spiegare; recuperare il contesto pertinente; inferire la causa/intenzione/motivazione solo se supportata dalle evidenze; evitare di colmare lacune con conoscenza non presente nel video,"la risposta richiede almeno un passaggio inferenziale implicito su motivazione, intenzione, stato mentale, valutazione sociale, finalità procedurale o relazione causale non direttamente osservabile",two_intervals,2,implicita,moderata,"[""causale"", ""temporale""]",50,30,20,30,insufficiente,"['Presenza di un uomo con gli occhiali', 'Presenza di un telefono']","[""L'uomo fa strani versi al telefono"", ""L'uomo allontana il telefono dall'orecchio"", ""Causa o contesto che spiega il comportamento dell'uomo""]","La rappresentazione del modello ha identificato l'uomo con gli occhiali e il telefono, ma non ha recuperato l'evento chiave in cui l'uomo fa strani versi e allontana il telefono dall'orecchio. Inoltre, manca completamente l'analisi del contesto o delle cause che potrebbero spiegare questo comportamento. Senza questi elementi, l'inferenza richiesta dalla domanda non può essere eseguita."
qwen,video003,1,"Quando l'uomo con la maglietta gialla dice: 'Ma chi c'ha messo qui?', dov'è il 'qui'?",spaziale,S1,S1|T0,1,uomo con la maglietta gialla; referente deittico «qui»,evento contestuale: l'uomo dice «Ma chi c'ha messo qui?»; localizzazione del referente di «qui»,"riconoscere l'evento o la relazione spaziale pertinente; allineare il referente all'intervallo locale; recuperare origine, destinazione, direzione, supporto o posizione richiesta",una relazione spaziale esplicita o una localizzazione condizionata da un singolo evento osservabile nello stesso intervallo locale,local_interval,2,parzialmente implicita,moderata,"[""spaziale"", ""temporale""]",0,0,0,0,insufficiente,[],"[""Identificazione dell'uomo con la maglietta gialla"", ""Evento in cui l'uomo dice 'Ma chi c'ha messo qui?'"", ""Localizzazione del referente deittico 'qui'"", ""Relazione spaziale o contesto che definisce 'qui'""]","La rappresentazione del modello non recupera alcuna delle informazioni necessarie per rispondere alla domanda. Non sono identificate né l'entità principale (l'uomo con la maglietta gialla) né l'evento specifico in cui viene pronunciata la frase. Inoltre, manca completamente la localizzazione del referente deittico 'qui', che è cruciale per rispondere alla domanda. Di conseguenza, la comprensione è insufficiente."
qwen,video003,2,La finestra del balcone viene chiusa prima o dopo che l'uomo urli 'barbone'?,temporale,T1,T1,1,finestra del balcone; uomo che urla «barbone»,evento A: la finestra del balcone viene chiusa; evento B: l'uomo urla «barbone»,"riconoscere i due eventi oppure l'evento e l'ancora temporale; localizzarli nella sequenza; determinare la relazione prima/dopo, primo/secondo, corrente/precedente o il momento richiesto",localizzazione rispetto a un'ancora temporale esplicita oppure ordinamento pairwise tra due eventi/stati direttamente identificabili,two_intervals,2,esplicita,alta,"[""temporale""]",0,0,0,0,insufficiente,[],"['Identificazione della finestra del balcone.', ""Identificazione dell'uomo che urla 'barbone'."", 'Evento della finestra del balcone che viene chiusa.', ""Evento dell'uomo che urla 'barbone'."", ""Relazione temporale tra la chiusura della finestra e l'urlo 'barbone'.""]","La rappresentazione del modello non recupera alcuna delle entità o eventi richiesti per rispondere alla domanda. Non sono identificati né la finestra del balcone né l'uomo che urla 'barbone', né gli eventi associati. Di conseguenza, non è possibile determinare la relazione temporale tra questi eventi. La comprensione è insufficiente."
qwen,video003,3,Perché l'uomo con la maglietta gialla si preoccupa di cosa dirà allo zio?,causale,C2,C2|T1,2,uomo con la maglietta gialla; zio; contenuto di ciò che dovrà dire,effetto da spiegare: l'uomo si preoccupa di cosa dirà allo zio; causa/antecedente: da identificare nell'evidenza disponibile,riconoscere l'effetto o comportamento da spiegare; recuperare il contesto pertinente; inferire la causa/intenzione/motivazione solo se supportata dalle evidenze; evitare di colmare lacune con conoscenza non presente nel video,"la risposta richiede almeno un passaggio inferenziale implicito su motivazione, intenzione, stato mentale, valutazione sociale, finalità procedurale o relazione causale non direttamente osservabile",two_intervals,2,implicita,moderata,"[""causale"", ""temporale""]",0,0,0,0,insufficiente,[],"['uomo con la maglietta gialla', 'zio', 'contenuto di ciò che dovrà dire', ""l'uomo si preoccupa di cosa dirà allo zio"", 'causa/antecedente della preoccupazione']","L'analisi del modello non ha recuperato alcuna informazione rilevante per rispondere alla domanda. Mancano completamente le entità chiave come l'uomo con la maglietta gialla e lo zio, così come gli eventi e le inferenze necessarie per comprendere la preoccupazione dell'uomo. Non ci sono elementi che permettano di inferire la causa della preoccupazione o il contesto pertinente. Pertanto, la comprensione è insufficiente."
qwen,video004,1,Dove si trova il cane quando viene dato il comando 'dietro'?,spaziale,S1,S1|T0,1,cane; persona che impartisce il comando; posizione associata a «dietro»,evento contestuale: viene dato il comando «dietro»; localizzazione del cane in quel momento,"riconoscere l'evento o la relazione spaziale pertinente; allineare il referente all'intervallo locale; recuperare origine, destinazione, direzione, supporto o posizione richiesta",una relazione spaziale esplicita o una localizzazione condizionata da un singolo evento osservabile nello stesso intervallo locale,local_interval,2,esplicita,moderata,"[""spaziale"", ""temporale""]",20,0,0,10,insufficiente,['Identificazione del video e segmenti temporali'],"['Presenza del cane e della persona che impartisce il comando', ""Evento del comando 'dietro'"", 'Posizione del cane al momento del comando', 'Relazione spaziale tra cane e persona al momento del comando']","La rappresentazione del modello non recupera le entità chiave come il cane e la persona che impartisce il comando, né l'evento del comando 'dietro'. Mancano completamente le informazioni spaziali e temporali necessarie per determinare la posizione del cane al momento del comando. Pertanto, la comprensione è insufficiente."
qwen,video004,2,"Cosa viene ordinato prima al cane, 'due' o 'spin'?",temporale,T1,T1,1,cane; comando «due»; comando «spin»,evento A: viene impartito il comando «due»; evento B: viene impartito il comando «spin»,"riconoscere i due eventi oppure l'evento e l'ancora temporale; localizzarli nella sequenza; determinare la relazione prima/dopo, primo/secondo, corrente/precedente o il momento richiesto",localizzazione rispetto a un'ancora temporale esplicita oppure ordinamento pairwise tra due eventi/stati direttamente identificabili,two_intervals,2,esplicita,alta,"[""temporale""]",0,0,0,0,insufficiente,[],"['Identificazione del cane', ""Identificazione del comando 'due'"", ""Identificazione del comando 'spin'"", ""Evento A: impartizione del comando 'due'"", ""Evento B: impartizione del comando 'spin'"", ""Relazione temporale tra i comandi 'due' e 'spin'""]","La rappresentazione del modello non recupera alcuna informazione necessaria per rispondere alla domanda. Non sono identificati né il cane né i comandi 'due' e 'spin', né gli eventi associati alla loro impartizione. Di conseguenza, non è possibile determinare la relazione temporale richiesta tra i due comandi."
qwen,video004,3,Perché il padrone dice al cane 'incrocia bene'?,causale,C1,C1|T0,1,padrone; cane; posizione delle zampe o postura da incrociare,effetto da spiegare: il padrone dice al cane «incrocia bene»; causa/antecedente: da identificare nell'evidenza disponibile,riconoscere l'effetto; individuare un antecedente o stato direttamente osservabile/esplicitamente disponibile; verificare il nesso causale senza attribuire intenzioni o motivazioni non supportate,"nesso causa-effetto fisico, sistemico o comportamentale direttamente osservabile nello stesso intervallo locale",local_interval,1,esplicita,moderata,"[""causale"", ""temporale""]",20,10,0,15,insufficiente,['Presenza del padrone e del cane nel video'],"['Posizione delle zampe o postura del cane da incrociare', ""Evento in cui il padrone dice al cane 'incrocia bene'"", ""Causa o antecedente che spiega perché il padrone dice 'incrocia bene'"", ""Nesso causale tra l'azione del padrone e la postura del cane""]","La rappresentazione del modello non recupera informazioni sufficienti per affrontare la domanda. Mancano dettagli cruciali come la postura del cane e l'evento in cui il padrone dice 'incrocia bene'. Inoltre, non è stato identificato alcun nesso causale tra l'azione del padrone e la postura del cane. Pertanto, la comprensione è insufficiente."
qwen,video005,1,Dove viene inserito il beccuccio della lozione?,spaziale,S1,S1|T0,1,beccuccio della lozione; orecchio o condotto auricolare del cane; lozione,evento: inserimento del beccuccio della lozione; posizione anatomica di inserimento,"riconoscere l'evento o la relazione spaziale pertinente; allineare il referente all'intervallo locale; recuperare origine, destinazione, direzione, supporto o posizione richiesta",una relazione spaziale esplicita o una localizzazione condizionata da un singolo evento osservabile nello stesso intervallo locale,local_interval,1,esplicita,moderata,"[""spaziale"", ""temporale""]",0,0,0,0,insufficiente,[],"['beccuccio della lozione', 'orecchio o condotto auricolare del cane', 'evento di inserimento del beccuccio della lozione', 'posizione anatomica di inserimento']","L'analisi del modello non recupera alcuna delle entità o degli eventi richiesti per rispondere alla domanda. Non ci sono riferimenti al beccuccio della lozione, all'orecchio del cane o all'evento di inserimento. L'analisi si concentra su eventi non correlati come l'apertura e la chiusura di una finestra, senza alcuna informazione pertinente alla domanda."
qwen,video005,2,Il massaggio viene fatto prima o dopo l'applicazione del detergente auricolare?,temporale,T1,T1,1,massaggio; detergente auricolare; orecchio del cane,evento A: viene effettuato il massaggio; evento B: viene fatto uscire il detergente auricolare,"riconoscere i due eventi oppure l'evento e l'ancora temporale; localizzarli nella sequenza; determinare la relazione prima/dopo, primo/secondo, corrente/precedente o il momento richiesto",localizzazione rispetto a un'ancora temporale esplicita oppure ordinamento pairwise tra due eventi/stati direttamente identificabili,two_intervals,2,esplicita,alta,"[""temporale""]",0,0,0,0,insufficiente,[],"['massaggio', 'detergente auricolare', 'orecchio del cane', 'evento A: massaggio', 'evento B: applicazione detergente auricolare', 'relazione temporale tra massaggio e applicazione detergente']","L'analisi del modello non ha recuperato alcuna informazione rilevante per la domanda. Non sono stati identificati né le entità né gli eventi richiesti, e non è possibile determinare la relazione temporale tra il massaggio e l'applicazione del detergente auricolare. La rappresentazione è completamente insufficiente per affrontare la domanda."
qwen,video005,3,Perché il massaggio all'orecchio del cane produce un suono?,causale,C1,C1|T0,1,massaggio; orecchio del cane; detergente o liquido auricolare; suono prodotto,effetto da spiegare: il massaggio all'orecchio produce un suono; causa/antecedente: da identificare nell'evidenza disponibile,riconoscere l'effetto; individuare un antecedente o stato direttamente osservabile/esplicitamente disponibile; verificare il nesso causale senza attribuire intenzioni o motivazioni non supportate,"nesso causa-effetto fisico, sistemico o comportamentale direttamente osservabile nello stesso intervallo locale",local_interval,1,esplicita,moderata,"[""causale"", ""temporale""]",0,0,0,0,insufficiente,[],"[""massaggio all'orecchio del cane"", 'suono prodotto dal massaggio', 'detergente o liquido auricolare', 'causa del suono prodotto']","L'analisi del modello non recupera alcuna informazione rilevante per la domanda. Non sono presenti entità o eventi relativi al massaggio all'orecchio del cane, né il suono prodotto o eventuali cause. L'analisi si concentra su eventi di apertura e chiusura di una finestra, completamente irrilevanti per la domanda posta."
qwen,video006,1,Dove parla il ragazzo che dice 'pizza'?,spaziale,S1,S1|T0,1,ragazzo che dice «pizza»; luogo in cui parla,evento: il ragazzo pronuncia «pizza»; localizzazione del ragazzo durante l'enunciato,"riconoscere l'evento o la relazione spaziale pertinente; allineare il referente all'intervallo locale; recuperare origine, destinazione, direzione, supporto o posizione richiesta",una relazione spaziale esplicita o una localizzazione condizionata da un singolo evento osservabile nello stesso intervallo locale,local_interval,1,esplicita,moderata,"[""spaziale"", ""temporale""]",0,0,0,0,insufficiente,[],"[""Identificazione del ragazzo che dice 'pizza'."", 'Luogo in cui il ragazzo parla.', ""Evento in cui il ragazzo pronuncia 'pizza'."", ""Localizzazione del ragazzo durante l'enunciato.""]","La rappresentazione del modello non recupera alcuna informazione necessaria per rispondere alla domanda. Non sono state identificate né le entità né gli eventi richiesti, e manca completamente la capacità di inferire la relazione spaziale necessaria. Pertanto, la comprensione è insufficiente."
qwen,video006,2,"Chi saluta per primo, l'uomo con la maglia bianca o quello con la maglia verde?",temporale,T1,T1,1,uomo con la maglia bianca; uomo con la maglia verde,evento A: l'uomo con la maglia bianca saluta; evento B: l'uomo con la maglia verde saluta,"riconoscere i due eventi oppure l'evento e l'ancora temporale; localizzarli nella sequenza; determinare la relazione prima/dopo, primo/secondo, corrente/precedente o il momento richiesto",localizzazione rispetto a un'ancora temporale esplicita oppure ordinamento pairwise tra due eventi/stati direttamente identificabili,two_intervals,2,esplicita,alta,"[""temporale""]",0,0,0,0,insufficiente,[],"[""Identificazione dell'uomo con la maglia bianca"", ""Identificazione dell'uomo con la maglia verde"", ""Evento in cui l'uomo con la maglia bianca saluta"", ""Evento in cui l'uomo con la maglia verde saluta"", 'Relazione temporale tra i due eventi di saluto']","Il modello non ha recuperato alcuna informazione necessaria per rispondere alla domanda. Non sono state identificate le entità chiave (uomo con la maglia bianca e uomo con la maglia verde) né gli eventi di saluto associati a ciascuno di essi. Inoltre, manca completamente l'analisi temporale necessaria per determinare chi saluta per primo. Pertanto, la comprensione è insufficiente."
qwen,video006,3,Perché l'uomo decide di non pagare il ragazzo?,causale,C2,C2|T1,2,uomo che dovrebbe pagare; ragazzo; pagamento,effetto da spiegare: l'uomo decide di non pagare il ragazzo; causa/antecedente: da identificare nell'evidenza disponibile,riconoscere l'effetto o comportamento da spiegare; recuperare il contesto pertinente; inferire la causa/intenzione/motivazione solo se supportata dalle evidenze; evitare di colmare lacune con conoscenza non presente nel video,"la risposta richiede almeno un passaggio inferenziale implicito su motivazione, intenzione, stato mentale, valutazione sociale, finalità procedurale o relazione causale non direttamente osservabile",two_intervals,2,implicita,moderata,"[""causale"", ""temporale""]",20,10,0,15,insufficiente,['Presenza di un uomo e un ragazzo nel video.'],"['Dettagli sul pagamento o mancato pagamento.', ""Motivazione o causa per cui l'uomo decide di non pagare."", ""Eventi specifici che portano alla decisione dell'uomo."", 'Contesto pertinente per inferire la causa della decisione.']","La rappresentazione del modello non recupera informazioni sufficienti per affrontare la domanda. Mancano dettagli cruciali sul pagamento, la motivazione dell'uomo e gli eventi che portano alla decisione di non pagare. Senza queste informazioni, non è possibile eseguire l'inferenza richiesta."
qwen,video007,1,Dove si trova Anastasia quando inizia a piangere?,spaziale,S1,S1|T0,1,Anastasia; luogo in cui si trova,evento contestuale: Anastasia inizia a piangere; localizzazione di Anastasia in quel momento,"riconoscere l'evento o la relazione spaziale pertinente; allineare il referente all'intervallo locale; recuperare origine, destinazione, direzione, supporto o posizione richiesta",una relazione spaziale esplicita o una localizzazione condizionata da un singolo evento osservabile nello stesso intervallo locale,local_interval,2,esplicita,moderata,"[""spaziale"", ""temporale""]",0,0,0,0,insufficiente,[],"['Identificazione di Anastasia', 'Luogo in cui si trova Anastasia', 'Evento di Anastasia che inizia a piangere', ""Localizzazione di Anastasia al momento dell'evento""]","La rappresentazione del modello non recupera alcuna informazione specifica su Anastasia, né sul luogo in cui si trova quando inizia a piangere. Non sono identificati né l'evento del pianto né la localizzazione spaziale di Anastasia. Pertanto, non è possibile affrontare la domanda con le informazioni disponibili."
qwen,video007,2,La bambina ride prima o dopo essere caduta?,temporale,T1,T1,1,bambina; caduta,evento A: la bambina ride; evento B: la bambina cade,"riconoscere i due eventi oppure l'evento e l'ancora temporale; localizzarli nella sequenza; determinare la relazione prima/dopo, primo/secondo, corrente/precedente o il momento richiesto",localizzazione rispetto a un'ancora temporale esplicita oppure ordinamento pairwise tra due eventi/stati direttamente identificabili,two_intervals,2,esplicita,alta,"[""temporale""]",0,0,0,0,insufficiente,[],"['Identificazione della bambina', 'Evento della bambina che ride', 'Evento della bambina che cade', 'Relazione temporale tra i due eventi']","La rappresentazione del modello non recupera alcuna delle entità o eventi richiesti per rispondere alla domanda. Non sono identificati né la bambina né gli eventi di caduta e risata, né è possibile determinare la relazione temporale tra questi eventi. Pertanto, la comprensione è insufficiente."
qwen,video007,3,Perché Anastasia piange?,causale,C1,C1|T1,1,Anastasia,effetto da spiegare: Anastasia piange; causa/antecedente: da identificare nell'evidenza disponibile,riconoscere l'effetto; individuare un antecedente o stato direttamente osservabile/esplicitamente disponibile; verificare il nesso causale senza attribuire intenzioni o motivazioni non supportate,"collegamento causale diretto tra un antecedente esplicito e una conseguenza esplicita, con al massimo due unità di evidenza",two_intervals,2,parzialmente implicita,moderata,"[""causale"", ""temporale""]",0,0,0,0,insufficiente,[],"['Identificazione di Anastasia come entità', 'Osservazione di Anastasia che piange', 'Identificazione di un evento o stato antecedente che possa spiegare il pianto', 'Collegamento causale tra un evento antecedente e il pianto di Anastasia']","La rappresentazione del modello non recupera alcuna informazione specifica su Anastasia, né sul fatto che stia piangendo, né su un evento antecedente che possa spiegare il suo pianto. Mancano completamente le entità e gli eventi necessari per stabilire un nesso causale. Pertanto, la comprensione è insufficiente."
qwen,video008,1,Dove mette 'spesa proletaria' l'uomo con la fascia rossa?,spaziale,S1,S1|T0,1,uomo con la fascia rossa; oggetto o denaro chiamato «spesa proletaria»,evento: l'uomo mette la «spesa proletaria» in un luogo; localizzazione della destinazione,"riconoscere l'evento o la relazione spaziale pertinente; allineare il referente all'intervallo locale; recuperare origine, destinazione, direzione, supporto o posizione richiesta",una relazione spaziale esplicita o una localizzazione condizionata da un singolo evento osservabile nello stesso intervallo locale,local_interval,1,esplicita,moderata,"[""spaziale"", ""temporale""]",0,0,0,0,insufficiente,[],"[""Identificazione dell'uomo con la fascia rossa"", ""Identificazione dell'oggetto o denaro chiamato «spesa proletaria»"", ""Evento in cui l'uomo mette la «spesa proletaria» in un luogo"", 'Localizzazione della destinazione della «spesa proletaria»']","L'analisi del modello non fornisce alcuna informazione sulle entità richieste, come l'uomo con la fascia rossa o l'oggetto chiamato «spesa proletaria». Inoltre, non viene descritto alcun evento in cui l'uomo mette la «spesa proletaria» in un luogo specifico, né viene fornita alcuna localizzazione della destinazione. Pertanto, la rappresentazione è insufficiente per affrontare la domanda."
qwen,video008,2,La donna con il grembiule rosso arriva prima o dopo che l'uomo con il gilet nero spieghi il piano di fuga all'uomo col completo?,temporale,T1,T1,1,donna con il grembiule rosso; uomo con il gilet nero; uomo con il completo; piano di fuga,evento A: la donna con il grembiule rosso arriva; evento B: l'uomo con il gilet nero spiega il piano di fuga all'uomo col completo,"riconoscere i due eventi oppure l'evento e l'ancora temporale; localizzarli nella sequenza; determinare la relazione prima/dopo, primo/secondo, corrente/precedente o il momento richiesto",localizzazione rispetto a un'ancora temporale esplicita oppure ordinamento pairwise tra due eventi/stati direttamente identificabili,two_intervals,2,esplicita,alta,"[""temporale""]",0,0,0,0,insufficiente,[],"['Identificazione della donna con il grembiule rosso', ""Identificazione dell'uomo con il gilet nero"", ""Identificazione dell'uomo con il completo"", ""Descrizione dell'evento in cui la donna con il grembiule rosso arriva"", ""Descrizione dell'evento in cui l'uomo con il gilet nero spiega il piano di fuga all'uomo col completo"", ""Relazione temporale tra l'arrivo della donna e la spiegazione del piano di fuga""]","L'analisi del modello non ha recuperato alcuna informazione rilevante per rispondere alla domanda. Non sono state identificate le entità chiave né gli eventi richiesti, e manca completamente la relazione temporale necessaria per determinare l'ordine degli eventi. Pertanto, la comprensione è insufficiente."
qwen,video008,3,Perché l'uomo con il completo grigio è preoccupato di finire 'elemosinaro'?,causale,C2,C2|T1,2,uomo con completo grigio; condizione di «elemosinaro»,effetto da spiegare: l'uomo teme di finire «elemosinaro»; causa/antecedente: da identificare nell'evidenza disponibile,riconoscere l'effetto o comportamento da spiegare; recuperare il contesto pertinente; inferire la causa/intenzione/motivazione solo se supportata dalle evidenze; evitare di colmare lacune con conoscenza non presente nel video,"la risposta richiede almeno un passaggio inferenziale implicito su motivazione, intenzione, stato mentale, valutazione sociale, finalità procedurale o relazione causale non direttamente osservabile",two_intervals,2,implicita,moderata,"[""causale"", ""temporale""]",0,0,0,0,insufficiente,[],"[""Identificazione dell'uomo con il completo grigio"", ""Condizione di 'elemosinaro'"", ""Evento di preoccupazione dell'uomo"", 'Causa o antecedente della preoccupazione', 'Contesto pertinente per inferire la causa']","La rappresentazione del modello non recupera alcuna delle entità o eventi richiesti per rispondere alla domanda. Non sono identificati né l'uomo con il completo grigio né la sua preoccupazione di finire 'elemosinaro'. Inoltre, manca completamente il contesto necessario per inferire la causa della sua preoccupazione. Pertanto, la comprensione è insufficiente."
qwen,video009,1,Dove mette i 100 dollari l'uomo col cappello peloso?,spaziale,S1,S1|T0,1,uomo col cappello peloso; 100 dollari,evento: l'uomo mette i 100 dollari in un luogo; localizzazione della destinazione,"riconoscere l'evento o la relazione spaziale pertinente; allineare il referente all'intervallo locale; recuperare origine, destinazione, direzione, supporto o posizione richiesta",una relazione spaziale esplicita o una localizzazione condizionata da un singolo evento osservabile nello stesso intervallo locale,local_interval,1,esplicita,moderata,"[""spaziale"", ""temporale""]",0,0,0,0,insufficiente,[],"['uomo col cappello peloso', '100 dollari', 'evento di mettere i 100 dollari in un luogo', 'localizzazione della destinazione dei 100 dollari']","L'analisi del modello non recupera alcuna informazione rilevante per la domanda. Non sono identificate le entità chiave come l'uomo col cappello peloso o i 100 dollari, né l'evento di mettere i 100 dollari in un luogo specifico. Mancano completamente le informazioni spaziali e temporali necessarie per rispondere alla domanda."
qwen,video009,2,L'uomo con il cappello peloso viene scambiato per omosessuale prima o dopo aver chiesto il cambio di camera?,temporale,T1,T1,1,uomo col cappello peloso; camera o richiesta di cambio,evento A: l'uomo viene scambiato per omosessuale; evento B: l'uomo chiede il cambio di camera,"riconoscere i due eventi oppure l'evento e l'ancora temporale; localizzarli nella sequenza; determinare la relazione prima/dopo, primo/secondo, corrente/precedente o il momento richiesto",localizzazione rispetto a un'ancora temporale esplicita oppure ordinamento pairwise tra due eventi/stati direttamente identificabili,two_intervals,2,esplicita,alta,"[""temporale""]",0,0,0,0,insufficiente,[],"['uomo col cappello peloso', ""evento in cui l'uomo viene scambiato per omosessuale"", ""evento in cui l'uomo chiede il cambio di camera"", 'relazione temporale tra i due eventi']","La rappresentazione del modello non recupera alcuna delle entità o degli eventi richiesti dalla domanda. Non ci sono riferimenti all'uomo con il cappello peloso, né agli eventi di essere scambiato per omosessuale o di chiedere il cambio di camera. Di conseguenza, non è possibile determinare la relazione temporale tra questi eventi. La comprensione è quindi insufficiente."
qwen,video009,3,Perché l'uomo con il cappello peloso urla 'a me non piacciono gli uomini'?,causale,C1,C1|T1,1,uomo col cappello peloso; uomini a cui fa riferimento,effetto da spiegare: l'uomo urla «a me non piacciono gli uomini»; causa/antecedente: da identificare nell'evidenza disponibile,riconoscere l'effetto; individuare un antecedente o stato direttamente osservabile/esplicitamente disponibile; verificare il nesso causale senza attribuire intenzioni o motivazioni non supportate,"collegamento causale diretto tra un antecedente esplicito e una conseguenza esplicita, con al massimo due unità di evidenza",two_intervals,2,parzialmente implicita,moderata,"[""causale"", ""temporale""]",0,0,0,0,insufficiente,[],"['uomo col cappello peloso', 'uomini a cui fa riferimento', ""evento dell'uomo che urla 'a me non piacciono gli uomini'"", ""causa o antecedente dell'urlo""]","La rappresentazione del modello non recupera alcuna delle entità o degli eventi richiesti per rispondere alla domanda. Non viene identificato l'uomo con il cappello peloso, né l'evento in cui urla 'a me non piacciono gli uomini'. Inoltre, non viene fornita alcuna informazione su un possibile antecedente o causa dell'urlo. Pertanto, la comprensione è insufficiente."
qwen,video010,1,Da dove scende l'acqua?,spaziale,S1,S1|T0,1,acqua; punto o struttura da cui scende,evento: l'acqua scende; localizzazione del punto di origine,"riconoscere l'evento o la relazione spaziale pertinente; allineare il referente all'intervallo locale; recuperare origine, destinazione, direzione, supporto o posizione richiesta",una relazione spaziale esplicita o una localizzazione condizionata da un singolo evento osservabile nello stesso intervallo locale,local_interval,1,esplicita,moderata,"[""spaziale"", ""temporale""]",0,0,0,0,insufficiente,[],"[""Identificazione dell'acqua come entità."", ""Identificazione del punto o struttura da cui l'acqua scende."", ""Descrizione dell'evento di discesa dell'acqua."", ""Relazione spaziale tra l'acqua e il punto di origine.""]","La rappresentazione del modello non recupera alcuna informazione necessaria per rispondere alla domanda. Non sono state identificate né l'acqua né il punto di origine da cui scende, né è stato descritto l'evento di discesa. Mancano completamente le relazioni spaziali richieste."
qwen,video010,2,I familiari dei pazienti denunciano i danni all'ospedale prima o dopo che piova?,temporale,T1,T1,1,familiari dei pazienti; danni all'ospedale,evento A: i familiari denunciano i danni all'ospedale; evento B: piove,"riconoscere i due eventi oppure l'evento e l'ancora temporale; localizzarli nella sequenza; determinare la relazione prima/dopo, primo/secondo, corrente/precedente o il momento richiesto",localizzazione rispetto a un'ancora temporale esplicita oppure ordinamento pairwise tra due eventi/stati direttamente identificabili,two_intervals,2,esplicita,alta,"[""temporale""]",0,0,0,0,insufficiente,[],"['Familiari dei pazienti', ""Danni all'ospedale"", ""Evento A: i familiari denunciano i danni all'ospedale"", 'Evento B: piove', 'Relazione temporale tra i due eventi']","La rappresentazione del modello non recupera alcuna delle entità o eventi richiesti per rispondere alla domanda. Non sono identificati né i familiari dei pazienti né i danni all'ospedale, e non ci sono informazioni sugli eventi di denuncia o pioggia. Di conseguenza, non è possibile determinare la relazione temporale tra questi eventi. La comprensione è insufficiente."
qwen,video010,3,Perché i pazienti e i familiari sono arrabbiati?,causale,C2,C2|T1,2,pazienti; familiari; ospedale; danni o condizioni problematiche,effetto da spiegare: pazienti e familiari sono arrabbiati; causa/antecedente: da identificare nell'evidenza disponibile,riconoscere l'effetto o comportamento da spiegare; recuperare il contesto pertinente; inferire la causa/intenzione/motivazione solo se supportata dalle evidenze; evitare di colmare lacune con conoscenza non presente nel video,"la risposta richiede almeno un passaggio inferenziale implicito su motivazione, intenzione, stato mentale, valutazione sociale, finalità procedurale o relazione causale non direttamente osservabile",two_intervals,2,implicita,moderata,"[""causale"", ""temporale""]",0,0,0,0,insufficiente,[],"['Identificazione di pazienti e familiari', 'Identificazione di un ospedale o contesto medico', 'Descrizione di danni o condizioni problematiche', 'Eventi che mostrano pazienti e familiari arrabbiati', 'Cause o antecedenti che spiegano la rabbia']","L'analisi del modello non ha recuperato alcuna informazione rilevante per rispondere alla domanda. Mancano completamente le entità chiave come pazienti, familiari e ospedale, così come gli eventi che mostrano la rabbia o le cause di tale emozione. Senza queste informazioni, non è possibile eseguire l'inferenza richiesta."
qwen,video011,1,Dove si trova il cellulare?,spaziale,S0,S0,0,cellulare; luogo o superficie in cui si trova,localizzazione del cellulare,identificare il referente target; recuperare una singola evidenza spaziale direttamente osservabile; restituire la localizzazione senza confronto tra fasi,recupero spaziale diretto da una singola evidenza stabile; nessun confronto temporale o ricostruzione di stato,single_frame,1,esplicita,nessuna,"[""spaziale""]",0,0,0,0,insufficiente,[],"['Presenza del cellulare', 'Localizzazione del cellulare', 'Superficie o luogo specifico dove si trova il cellulare']","Il modello non ha recuperato alcuna informazione riguardante il cellulare o la sua localizzazione. Non sono presenti entità o eventi che indichino la presenza o la posizione del cellulare nel video. Pertanto, non è possibile eseguire l'inferenza richiesta per rispondere alla domanda."
qwen,video011,2,La figlia si arrabbia prima o dopo aver chiamato il padre?,temporale,T1,T1,1,figlia; padre,evento A: la figlia si arrabbia; evento B: la figlia chiama il padre,"riconoscere i due eventi oppure l'evento e l'ancora temporale; localizzarli nella sequenza; determinare la relazione prima/dopo, primo/secondo, corrente/precedente o il momento richiesto",localizzazione rispetto a un'ancora temporale esplicita oppure ordinamento pairwise tra due eventi/stati direttamente identificabili,two_intervals,2,esplicita,alta,"[""temporale""]",0,0,0,0,insufficiente,[],"['Identificazione della figlia e del padre', 'Evento A: la figlia si arrabbia', 'Evento B: la figlia chiama il padre', 'Relazione temporale tra i due eventi']","La rappresentazione del modello non recupera alcuna delle entità o degli eventi richiesti per rispondere alla domanda. Non sono identificati né la figlia né il padre, né sono riconosciuti gli eventi di arrabbiatura o chiamata. Di conseguenza, non è possibile determinare la relazione temporale tra questi eventi. La comprensione è insufficiente."
qwen,video011,3,Perché la figlia dice al padre 'scandaloso'?,causale,C2,C2|T1,2,figlia; padre; comportamento giudicato «scandaloso»,effetto da spiegare: la figlia dice al padre «scandaloso»; causa/antecedente: da identificare nell'evidenza disponibile,riconoscere l'effetto o comportamento da spiegare; recuperare il contesto pertinente; inferire la causa/intenzione/motivazione solo se supportata dalle evidenze; evitare di colmare lacune con conoscenza non presente nel video,"la risposta richiede almeno un passaggio inferenziale implicito su motivazione, intenzione, stato mentale, valutazione sociale, finalità procedurale o relazione causale non direttamente osservabile",two_intervals,2,implicita,moderata,"[""causale"", ""temporale""]",0,0,0,0,insufficiente,[],"['Identificazione della figlia e del padre', ""Comportamento giudicato 'scandaloso'"", ""Evento in cui la figlia dice 'scandaloso' al padre"", ""Contesto o causa del comportamento giudicato 'scandaloso'""]","L'analisi del modello non ha recuperato alcuna delle entità o eventi richiesti per rispondere alla domanda. Non sono stati identificati né la figlia né il padre, né è stato osservato l'evento in cui la figlia dice 'scandaloso'. Inoltre, manca completamente il contesto o la causa del comportamento giudicato 'scandaloso'. Pertanto, la rappresentazione è insufficiente per affrontare la domanda."
qwen,video012,1,Dove viene applicato l'ombretto dorato?,spaziale,S1,S1|T0,1,ombretto dorato; parte del volto o della palpebra; applicatrice,evento: applicazione dell'ombretto dorato; localizzazione della zona di applicazione,"riconoscere l'evento o la relazione spaziale pertinente; allineare il referente all'intervallo locale; recuperare origine, destinazione, direzione, supporto o posizione richiesta",una relazione spaziale esplicita o una localizzazione condizionata da un singolo evento osservabile nello stesso intervallo locale,local_interval,1,esplicita,moderata,"[""spaziale"", ""temporale""]",0,0,0,0,insufficiente,[],"['Ombretto dorato', 'Parte del volto o della palpebra', 'Applicatrice', ""Evento di applicazione dell'ombretto dorato"", 'Localizzazione della zona di applicazione', 'Relazione spaziale pertinente']","L'analisi del modello non ha recuperato alcuna informazione rilevante riguardo all'applicazione dell'ombretto dorato, né le entità coinvolte, né l'evento specifico di applicazione, né la localizzazione spaziale richiesta. Pertanto, la rappresentazione è insufficiente per affrontare la domanda."
qwen,video012,2,La base viene stesa prima o dopo l'ombretto sulla palpebra?,temporale,T1,T1,1,base per il trucco; ombretto; palpebra,evento A: viene stesa la base; evento B: viene applicato l'ombretto sulla palpebra,"riconoscere i due eventi oppure l'evento e l'ancora temporale; localizzarli nella sequenza; determinare la relazione prima/dopo, primo/secondo, corrente/precedente o il momento richiesto",localizzazione rispetto a un'ancora temporale esplicita oppure ordinamento pairwise tra due eventi/stati direttamente identificabili,two_intervals,2,esplicita,alta,"[""temporale""]",0,0,0,0,insufficiente,[],"['Identificazione della base per il trucco.', ""Identificazione dell'ombretto."", 'Identificazione della palpebra.', 'Evento di stesura della base.', ""Evento di applicazione dell'ombretto."", 'Relazione temporale tra i due eventi.']","Il modello non ha recuperato alcuna informazione necessaria per rispondere alla domanda. Mancano completamente le entità chiave (base per il trucco, ombretto, palpebra) e gli eventi richiesti (stesura della base e applicazione dell'ombretto). Di conseguenza, non è possibile determinare la relazione temporale tra questi eventi. La rappresentazione è insufficiente per affrontare la domanda."
qwen,video012,3,Perché la donna decide di non partire dal fondotinta?,causale,C2,C2|T1,2,donna che si trucca; fondotinta,effetto da spiegare: la donna decide di non iniziare dal fondotinta; causa/antecedente: da identificare nell'evidenza disponibile,riconoscere l'effetto o comportamento da spiegare; recuperare il contesto pertinente; inferire la causa/intenzione/motivazione solo se supportata dalle evidenze; evitare di colmare lacune con conoscenza non presente nel video,"la risposta richiede almeno un passaggio inferenziale implicito su motivazione, intenzione, stato mentale, valutazione sociale, finalità procedurale o relazione causale non direttamente osservabile",two_intervals,2,implicita,moderata,"[""causale"", ""temporale""]",0,0,0,0,insufficiente,[],"['Identificazione della donna che si trucca', 'Presenza del fondotinta', 'Decisione della donna di non partire dal fondotinta', 'Causa o motivazione della decisione della donna']","L'analisi del modello non ha recuperato alcuna informazione rilevante per rispondere alla domanda. Mancano completamente le entità chiave (donna e fondotinta), l'evento centrale (la decisione di non partire dal fondotinta) e qualsiasi indizio sulle cause o motivazioni di tale decisione. Senza questi elementi, non è possibile eseguire l'inferenza richiesta."
qwen,video013,1,Dove vengono aggiunti i due cucchiai in più di farina?,spaziale,S1,S1|T0,1,due cucchiai aggiuntivi di farina; donna che cucina,evento: aggiunta di due cucchiai di farina; localizzazione del recipiente di destinazione,"riconoscere l'evento o la relazione spaziale pertinente; allineare il referente all'intervallo locale; recuperare origine, destinazione, direzione, supporto o posizione richiesta",una relazione spaziale esplicita o una localizzazione condizionata da un singolo evento osservabile nello stesso intervallo locale,local_interval,1,esplicita,moderata,"[""spaziale"", ""temporale""]",0,0,0,0,insufficiente,[],"['due cucchiai aggiuntivi di farina', 'donna che cucina', 'evento di aggiunta di due cucchiai di farina', 'localizzazione del recipiente di destinazione', 'relazione spaziale esplicita o localizzazione condizionata da un singolo evento osservabile']","La rappresentazione del modello non recupera alcuna delle entità o eventi specifici richiesti dalla domanda. Non ci sono riferimenti all'aggiunta di farina, alla donna che cucina, né alla localizzazione del recipiente di destinazione. Mancano completamente le informazioni necessarie per inferire la relazione spaziale richiesta. Pertanto, la comprensione è insufficiente."
qwen,video013,2,La donna parla dello zucchero di canna prima o dopo aver rotto le uova?,temporale,T1,T1,1,donna; zucchero di canna; uova,evento A: la donna parla dello zucchero di canna; evento B: la donna rompe le uova,"riconoscere i due eventi oppure l'evento e l'ancora temporale; localizzarli nella sequenza; determinare la relazione prima/dopo, primo/secondo, corrente/precedente o il momento richiesto",localizzazione rispetto a un'ancora temporale esplicita oppure ordinamento pairwise tra due eventi/stati direttamente identificabili,two_intervals,2,esplicita,alta,"[""temporale""]",0,0,0,0,insufficiente,[],"['Identificazione della donna', 'Identificazione dello zucchero di canna', 'Identificazione delle uova', 'Evento A: la donna parla dello zucchero di canna', 'Evento B: la donna rompe le uova', 'Relazione temporale tra evento A e evento B']","La rappresentazione del modello non recupera alcuna delle entità o eventi richiesti per rispondere alla domanda. Non sono identificati né la donna, né lo zucchero di canna, né le uova. Inoltre, non sono riconosciuti gli eventi specifici di parlare dello zucchero di canna o rompere le uova, né la loro relazione temporale. Pertanto, la comprensione è insufficiente."
qwen,video013,3,Perché la farina viene messa dopo lo zucchero?,causale,C2,C2|T1,2,farina; zucchero,effetto da spiegare: la farina viene aggiunta dopo lo zucchero; causa/antecedente: da identificare nell'evidenza disponibile,riconoscere l'effetto o comportamento da spiegare; recuperare il contesto pertinente; inferire la causa/intenzione/motivazione solo se supportata dalle evidenze; evitare di colmare lacune con conoscenza non presente nel video,"la risposta richiede almeno un passaggio inferenziale implicito su motivazione, intenzione, stato mentale, valutazione sociale, finalità procedurale o relazione causale non direttamente osservabile",two_intervals,2,implicita,moderata,"[""causale"", ""temporale""]",0,0,0,0,insufficiente,[],"['Presenza di farina e zucchero come entità', 'Evento di aggiunta della farina dopo lo zucchero', ""Causa o motivazione per l'ordine di aggiunta degli ingredienti""]","La rappresentazione del modello non recupera alcuna informazione rilevante per la domanda. Non sono presenti le entità 'farina' e 'zucchero', né l'evento di aggiunta della farina dopo lo zucchero. Inoltre, manca qualsiasi indicazione di una causa o motivazione per l'ordine di aggiunta degli ingredienti. Pertanto, la comprensione è insufficiente."
qwen,video014,1,Dove va messa la piantina?,spaziale,S1,S1|T0,1,piantina; terreno o buca di trapianto; uomo che esegue il trapianto,evento: collocazione della piantina; localizzazione del punto di trapianto,"riconoscere l'evento o la relazione spaziale pertinente; allineare il referente all'intervallo locale; recuperare origine, destinazione, direzione, supporto o posizione richiesta",una relazione spaziale esplicita o una localizzazione condizionata da un singolo evento osservabile nello stesso intervallo locale,local_interval,1,esplicita,moderata,"[""spaziale"", ""temporale""]",0,0,0,0,insufficiente,[],"['Piantina', 'Terreno o buca di trapianto', 'Uomo che esegue il trapianto', 'Evento di collocazione della piantina', 'Localizzazione del punto di trapianto', 'Relazione spaziale pertinente']","La rappresentazione del modello non recupera alcuna delle entità o eventi richiesti per rispondere alla domanda. Non ci sono riferimenti alla piantina, al terreno o alla buca di trapianto, né all'uomo che esegue il trapianto. Inoltre, manca l'evento di collocazione della piantina e la localizzazione del punto di trapianto. Senza queste informazioni, non è possibile eseguire l'inferenza richiesta per determinare dove va messa la piantina."
qwen,video014,2,L'uomo trova l'animale trasparente prima o dopo aver piantato la lattuga?,temporale,T1,T1,1,uomo; animale trasparente; lattuga,evento A: l'uomo trova l'animale trasparente; evento B: l'uomo pianta la lattuga,"riconoscere i due eventi oppure l'evento e l'ancora temporale; localizzarli nella sequenza; determinare la relazione prima/dopo, primo/secondo, corrente/precedente o il momento richiesto",localizzazione rispetto a un'ancora temporale esplicita oppure ordinamento pairwise tra due eventi/stati direttamente identificabili,two_intervals,2,esplicita,alta,"[""temporale""]",0,0,0,0,insufficiente,[],"[""Identificazione dell'uomo"", ""Identificazione dell'animale trasparente"", 'Identificazione della lattuga', ""Evento A: l'uomo trova l'animale trasparente"", ""Evento B: l'uomo pianta la lattuga"", 'Relazione temporale tra evento A e evento B']","La rappresentazione del modello non recupera alcuna delle entità o degli eventi richiesti per rispondere alla domanda. Non sono identificati né l'uomo, né l'animale trasparente, né la lattuga. Inoltre, non sono riconosciuti gli eventi specifici di trovare l'animale trasparente o piantare la lattuga, né la loro relazione temporale. Pertanto, la comprensione è insufficiente."
qwen,video014,3,Perché la tecnica di trapiantare solo due dita va bene sulla piantina mostrata?,causale,C2,C2|T1,2,tecnica di trapianto a due dita; piantina; apparato radicale o dimensioni della pianta,effetto da spiegare: la tecnica a due dita è adatta alla piantina; causa/antecedente: da identificare nell'evidenza disponibile,riconoscere l'effetto o comportamento da spiegare; recuperare il contesto pertinente; inferire la causa/intenzione/motivazione solo se supportata dalle evidenze; evitare di colmare lacune con conoscenza non presente nel video,"la risposta richiede almeno un passaggio inferenziale implicito su motivazione, intenzione, stato mentale, valutazione sociale, finalità procedurale o relazione causale non direttamente osservabile",two_intervals,2,implicita,moderata,"[""causale"", ""temporale""]",0,0,0,0,insufficiente,[],"['tecnica di trapianto a due dita', 'piantina', 'apparato radicale o dimensioni della pianta', 'effetto della tecnica a due dita sulla piantina', 'causa o antecedente che spiega perché la tecnica è adatta']","L'analisi del modello non recupera alcuna informazione rilevante per rispondere alla domanda. Non sono identificate né la tecnica di trapianto a due dita, né la piantina, né alcun effetto o causa che spieghi l'adeguatezza della tecnica. Mancano completamente le entità e gli eventi necessari, e non è possibile eseguire alcuna inferenza causale richiesta dalla domanda."
qwen,video015,1,Dove fanno esercizi le ginnaste dell'Eterea?,spaziale,S0,S0,0,ginnaste dell'Eterea,evento: le ginnaste fanno esercizi; localizzazione del luogo,identificare il referente target; recuperare una singola evidenza spaziale direttamente osservabile; restituire la localizzazione senza confronto tra fasi,recupero spaziale diretto da una singola evidenza stabile; nessun confronto temporale o ricostruzione di stato,single_frame,1,esplicita,nessuna,"[""spaziale""]",0,0,0,0,insufficiente,[],"[""Identificazione delle ginnaste dell'Eterea"", 'Localizzazione del luogo dove le ginnaste fanno esercizi', 'Osservazione diretta di un evento di esercizio delle ginnaste']","La rappresentazione del modello non recupera alcuna informazione sulle entità specifiche (ginnaste dell'Eterea) né sull'evento di esercizio o sulla localizzazione spaziale richiesta. Non ci sono evidenze di ginnaste che fanno esercizi né indicazioni sul luogo in cui ciò avviene. Pertanto, la comprensione è insufficiente."
qwen,video015,2,Quando si è qualificata alla fase nazionale la squadra di ginnaste?,temporale,T1,T1,1,squadra di ginnaste; fase nazionale,evento target: la squadra si qualifica alla fase nazionale; riferimento temporale: data o periodo indicato nel video,"riconoscere i due eventi oppure l'evento e l'ancora temporale; localizzarli nella sequenza; determinare la relazione prima/dopo, primo/secondo, corrente/precedente o il momento richiesto",localizzazione rispetto a un'ancora temporale esplicita oppure ordinamento pairwise tra due eventi/stati direttamente identificabili,two_intervals,2,parzialmente implicita,alta,"[""temporale""]",0,0,0,0,insufficiente,[],"['Identificazione della squadra di ginnaste', 'Evento di qualificazione alla fase nazionale', ""Riferimento temporale esplicito o implicito per l'evento di qualificazione""]","La rappresentazione del modello non recupera alcuna informazione rilevante per rispondere alla domanda. Non sono state identificate né le entità chiave (squadra di ginnaste, fase nazionale) né l'evento di qualificazione, né è presente alcun riferimento temporale che permetta di determinare quando la qualificazione sia avvenuta. Pertanto, la comprensione è insufficiente."
qwen,video015,3,Perché Alice Caldora è stata premiata nel 2016?,causale,C1,C1|T1,1,Alice Caldora; premio; anno 2016,effetto da spiegare: Alice Caldora viene premiata nel 2016; causa/antecedente: da identificare nell'evidenza disponibile,riconoscere l'effetto; individuare un antecedente o stato direttamente osservabile/esplicitamente disponibile; verificare il nesso causale senza attribuire intenzioni o motivazioni non supportate,"collegamento causale diretto tra un antecedente esplicito e una conseguenza esplicita, con al massimo due unità di evidenza",two_intervals,2,parzialmente implicita,moderata,"[""causale"", ""temporale""]",0,0,0,0,insufficiente,[],"['Alice Caldora', 'Premio', 'Anno 2016', 'Evento di premiazione', 'Causa del premio']","L'analisi del modello non ha recuperato alcuna informazione rilevante riguardo alle entità, agli eventi o alle inferenze necessarie per rispondere alla domanda. Non sono state identificate né Alice Caldora, né il premio, né l'anno 2016, né alcun evento di premiazione o causa che giustifichi il premio. Pertanto, la comprensione è insufficiente."
qwen,video016,1,Dove viene messo il pepe macinato al momento?,spaziale,S1,S1|T0,1,pepe macinato al momento,evento: aggiunta del pepe macinato; localizzazione della pietanza o del recipiente,"riconoscere l'evento o la relazione spaziale pertinente; allineare il referente all'intervallo locale; recuperare origine, destinazione, direzione, supporto o posizione richiesta",una relazione spaziale esplicita o una localizzazione condizionata da un singolo evento osservabile nello stesso intervallo locale,local_interval,1,esplicita,moderata,"[""spaziale"", ""temporale""]",0,0,0,0,insufficiente,[],"['Identificazione del pepe macinato al momento.', 'Evento di aggiunta del pepe macinato.', 'Localizzazione della pietanza o del recipiente in cui viene aggiunto il pepe.', 'Relazione spaziale esplicita tra il pepe e la pietanza o il recipiente.']","La rappresentazione del modello non recupera alcuna informazione rilevante per rispondere alla domanda. Mancano completamente l'identificazione del pepe macinato, l'evento di aggiunta e la localizzazione della pietanza o del recipiente. Non è possibile inferire la relazione spaziale richiesta."
qwen,video016,2,Il pepe viene macinato prima o dopo che si mette a fare il brodo vegetale?,temporale,T1,T1,1,pepe; brodo vegetale; uomo che cucina,evento A: il pepe viene macinato; evento B: viene messo a fare il brodo vegetale,"riconoscere i due eventi oppure l'evento e l'ancora temporale; localizzarli nella sequenza; determinare la relazione prima/dopo, primo/secondo, corrente/precedente o il momento richiesto",localizzazione rispetto a un'ancora temporale esplicita oppure ordinamento pairwise tra due eventi/stati direttamente identificabili,two_intervals,2,esplicita,alta,"[""temporale""]",0,0,0,0,insufficiente,[],"[""Identificazione dell'evento in cui il pepe viene macinato."", ""Identificazione dell'evento in cui viene messo a fare il brodo vegetale."", 'Relazione temporale tra i due eventi.']","Il modello non ha recuperato alcuna informazione rilevante per determinare la sequenza temporale tra la macinazione del pepe e la preparazione del brodo vegetale. Mancano completamente le entità e gli eventi richiesti, così come la relazione temporale tra di essi. Pertanto, la comprensione è insufficiente."
qwen,video016,3,Perché l'uomo taglia una quantità superiore di sedano?,causale,C2,C2|T1,2,uomo che cucina; sedano; quantità necessaria; brodo o preparazione,effetto da spiegare: l'uomo taglia più sedano; causa/antecedente: da identificare nell'evidenza disponibile,riconoscere l'effetto o comportamento da spiegare; recuperare il contesto pertinente; inferire la causa/intenzione/motivazione solo se supportata dalle evidenze; evitare di colmare lacune con conoscenza non presente nel video,"la risposta richiede almeno un passaggio inferenziale implicito su motivazione, intenzione, stato mentale, valutazione sociale, finalità procedurale o relazione causale non direttamente osservabile",two_intervals,2,implicita,moderata,"[""causale"", ""temporale""]",20,10,0,15,insufficiente,"['Presenza di un uomo che cucina', 'Presenza di sedano']","['Quantità di sedano tagliata', ""Motivazione per cui l'uomo taglia più sedano"", 'Contesto della preparazione (es. brodo)', ""Eventi che mostrano l'uomo tagliare più sedano"", ""Causa o antecedente dell'azione di tagliare più sedano""]","La rappresentazione del modello non recupera informazioni sufficienti per affrontare la domanda. Mancano dettagli cruciali come la quantità di sedano tagliata, il contesto della preparazione e la motivazione dell'uomo. Senza questi elementi, non è possibile inferire la causa dell'azione."
qwen,video017,1,Dove si trovano le biglie?,spaziale,S0,S0,0,biglie; contenitore o superficie in cui si trovano,localizzazione delle biglie,identificare il referente target; recuperare una singola evidenza spaziale direttamente osservabile; restituire la localizzazione senza confronto tra fasi,recupero spaziale diretto da una singola evidenza stabile; nessun confronto temporale o ricostruzione di stato,single_frame,1,esplicita,nessuna,"[""spaziale""]",0,0,0,0,insufficiente,[],"['Localizzazione delle biglie', 'Contenitore o superficie in cui si trovano le biglie']","La rappresentazione del modello non fornisce alcuna informazione riguardo alla localizzazione delle biglie o al contenitore/superficie in cui si trovano. Non sono stati recuperati né entità né eventi rilevanti per rispondere alla domanda, e non è possibile effettuare l'inferenza richiesta. Pertanto, la comprensione è insufficiente."
qwen,video017,2,La donna guarda la foto prima o dopo aver chiuso il manuale?,temporale,T1,T1,1,donna; foto; manuale,evento A: la donna guarda la foto; evento B: la donna chiude il manuale,"riconoscere i due eventi oppure l'evento e l'ancora temporale; localizzarli nella sequenza; determinare la relazione prima/dopo, primo/secondo, corrente/precedente o il momento richiesto",localizzazione rispetto a un'ancora temporale esplicita oppure ordinamento pairwise tra due eventi/stati direttamente identificabili,two_intervals,2,esplicita,alta,"[""temporale""]",0,0,0,0,insufficiente,[],"['Identificazione della donna', 'Identificazione della foto', 'Identificazione del manuale', 'Evento A: la donna guarda la foto', 'Evento B: la donna chiude il manuale', 'Relazione temporale tra gli eventi A e B']","Il modello non ha recuperato alcuna informazione rilevante per rispondere alla domanda. Mancano completamente le entità chiave (donna, foto, manuale) e gli eventi richiesti (guardare la foto, chiudere il manuale). Inoltre, non è stata stabilita alcuna relazione temporale tra gli eventi. Pertanto, la comprensione è insufficiente."
qwen,video017,3,Perché il padre ironizza sul futuro da architetto del figlio?,causale,C2,C2|T1,2,padre; futuro da architetto,effetto da spiegare: il padre ironizza sul futuro da architetto del figlio; causa/antecedente: da identificare nell'evidenza disponibile,riconoscere l'effetto o comportamento da spiegare; recuperare il contesto pertinente; inferire la causa/intenzione/motivazione solo se supportata dalle evidenze; evitare di colmare lacune con conoscenza non presente nel video,"la risposta richiede almeno un passaggio inferenziale implicito su motivazione, intenzione, stato mentale, valutazione sociale, finalità procedurale o relazione causale non direttamente osservabile",two_intervals,2,implicita,moderata,"[""causale"", ""temporale""]",0,0,0,0,insufficiente,[],"['Identificazione del padre e del figlio', 'Evento di ironia del padre sul futuro da architetto del figlio', ""Contesto o antecedente che spiega l'ironia del padre"", 'Qualsiasi inferenza su motivazione o intenzione del padre']","L'analisi del modello non ha recuperato alcuna informazione rilevante per rispondere alla domanda. Mancano completamente le entità chiave (padre e figlio), l'evento centrale (ironia del padre) e qualsiasi contesto o antecedente che possa spiegare l'ironia. Non è possibile eseguire alcuna inferenza causale senza queste informazioni."
qwen,video018,1,Dove si siede l'uomo per lavorare?,spaziale,S1,S1|T0,1,uomo; seduta o postazione; luogo di lavoro,evento: l'uomo si siede per lavorare; localizzazione della seduta,"riconoscere l'evento o la relazione spaziale pertinente; allineare il referente all'intervallo locale; recuperare origine, destinazione, direzione, supporto o posizione richiesta",una relazione spaziale esplicita o una localizzazione condizionata da un singolo evento osservabile nello stesso intervallo locale,local_interval,1,esplicita,moderata,"[""spaziale"", ""temporale""]",0,0,0,0,insufficiente,[],"[""Identificazione dell'uomo"", 'Identificazione della seduta o postazione', 'Identificazione del luogo di lavoro', ""Evento dell'uomo che si siede per lavorare"", 'Localizzazione della seduta']","L'analisi del modello non ha recuperato alcuna informazione rilevante per rispondere alla domanda. Mancano completamente le entità chiave come l'uomo, la seduta o postazione, e il luogo di lavoro. Inoltre, non è stato identificato l'evento dell'uomo che si siede per lavorare, né la localizzazione della seduta. Senza queste informazioni, non è possibile eseguire l'inferenza richiesta per determinare dove l'uomo si siede per lavorare."
qwen,video018,2,L'uomo dà i suoi omaggi alla donna prima o dopo essersi seduto?,temporale,T1,T1,1,uomo; donna; omaggi; seduta,evento A: l'uomo porge i suoi omaggi alla donna; evento B: l'uomo si siede,"riconoscere i due eventi oppure l'evento e l'ancora temporale; localizzarli nella sequenza; determinare la relazione prima/dopo, primo/secondo, corrente/precedente o il momento richiesto",localizzazione rispetto a un'ancora temporale esplicita oppure ordinamento pairwise tra due eventi/stati direttamente identificabili,two_intervals,2,esplicita,alta,"[""temporale""]",0,0,0,0,insufficiente,[],"[""Identificazione dell'uomo e della donna"", ""Riconoscimento dell'evento in cui l'uomo porge i suoi omaggi alla donna"", ""Riconoscimento dell'evento in cui l'uomo si siede"", 'Determinazione della sequenza temporale tra i due eventi']","La rappresentazione del modello non recupera alcuna delle entità o degli eventi richiesti per rispondere alla domanda. Non sono identificati né l'uomo né la donna, né gli eventi di porgere omaggi o sedersi. Di conseguenza, non è possibile determinare la relazione temporale tra questi eventi. La comprensione è quindi insufficiente."
qwen,video018,3,Perché la donna crede che l'uomo voglia stare solo?,causale,C2,C2|T1,2,donna; uomo,effetto da spiegare: la donna crede che l'uomo voglia stare solo; causa/antecedente: da identificare nell'evidenza disponibile,riconoscere l'effetto o comportamento da spiegare; recuperare il contesto pertinente; inferire la causa/intenzione/motivazione solo se supportata dalle evidenze; evitare di colmare lacune con conoscenza non presente nel video,"la risposta richiede almeno un passaggio inferenziale implicito su motivazione, intenzione, stato mentale, valutazione sociale, finalità procedurale o relazione causale non direttamente osservabile",two_intervals,2,implicita,moderata,"[""causale"", ""temporale""]",50,20,10,25,insufficiente,['Presenza di una donna e un uomo nel video.'],"[""Effetto da spiegare: la donna crede che l'uomo voglia stare solo."", ""Causa o antecedente che spiega perché la donna crede che l'uomo voglia stare solo."", 'Contesto pertinente che giustifica la credenza della donna.', ""Qualsiasi indicazione di comportamento o stato mentale dell'uomo che suggerisca il desiderio di stare solo.""]","La rappresentazione del modello ha identificato la presenza di una donna e un uomo, ma non ha recuperato informazioni sugli eventi o sulle motivazioni che portano la donna a credere che l'uomo voglia stare solo. Mancano completamente le evidenze necessarie per inferire la causa o l'intenzione dietro il comportamento dell'uomo. Pertanto, la comprensione è insufficiente per affrontare la domanda."
qwen,video019,1,Dove appoggia il libro il padre?,spaziale,S1,S1|T0,1,padre; libro; superficie o luogo di appoggio,evento: il padre appoggia il libro; localizzazione della superficie,"riconoscere l'evento o la relazione spaziale pertinente; allineare il referente all'intervallo locale; recuperare origine, destinazione, direzione, supporto o posizione richiesta",una relazione spaziale esplicita o una localizzazione condizionata da un singolo evento osservabile nello stesso intervallo locale,local_interval,1,esplicita,moderata,"[""spaziale"", ""temporale""]",0,0,0,0,insufficiente,[],"['Identificazione del padre', 'Identificazione del libro', 'Evento di appoggio del libro', 'Superficie o luogo di appoggio del libro']","La rappresentazione del modello non recupera alcuna informazione rilevante per rispondere alla domanda. Mancano completamente le entità chiave (padre, libro, superficie di appoggio) e l'evento specifico di appoggio del libro. Senza queste informazioni, non è possibile eseguire l'inferenza richiesta per determinare dove il padre appoggia il libro."
qwen,video019,2,Si mangerà prima o dopo che il papà avrà lavorato?,temporale,T1,T1,1,famiglia o persone che mangeranno; papà; lavoro,evento A: si mangia; evento B: il papà lavora,"riconoscere i due eventi oppure l'evento e l'ancora temporale; localizzarli nella sequenza; determinare la relazione prima/dopo, primo/secondo, corrente/precedente o il momento richiesto",localizzazione rispetto a un'ancora temporale esplicita oppure ordinamento pairwise tra due eventi/stati direttamente identificabili,two_intervals,2,esplicita,alta,"[""temporale""]",0,0,0,0,insufficiente,[],"['famiglia o persone che mangeranno', 'papà', 'lavoro', 'evento A: si mangia', 'evento B: il papà lavora', 'relazione temporale tra mangiare e lavorare']","La rappresentazione del modello non recupera alcuna delle entità o eventi richiesti per rispondere alla domanda. Non sono identificati né il papà, né l'evento del lavoro, né l'evento del mangiare. Di conseguenza, non è possibile determinare la relazione temporale tra questi eventi. La comprensione è insufficiente."
qwen,video019,3,Perché l'uomo dice alla bambina di guardare le figure?,causale,C2,C2|T1,2,uomo o padre; bambina; libro; figure,effetto da spiegare: l'uomo dice alla bambina di guardare le figure; causa/antecedente: da identificare nell'evidenza disponibile,riconoscere l'effetto o comportamento da spiegare; recuperare il contesto pertinente; inferire la causa/intenzione/motivazione solo se supportata dalle evidenze; evitare di colmare lacune con conoscenza non presente nel video,"la risposta richiede almeno un passaggio inferenziale implicito su motivazione, intenzione, stato mentale, valutazione sociale, finalità procedurale o relazione causale non direttamente osservabile",two_intervals,2,implicita,moderata,"[""causale"", ""temporale""]",20,10,0,15,insufficiente,['Presenza di un uomo e una bambina'],"[""Interazione tra l'uomo e la bambina"", 'Presenza di un libro o figure', ""L'uomo che dice alla bambina di guardare le figure"", ""Contesto o motivazione per cui l'uomo dice alla bambina di guardare le figure""]","La rappresentazione del modello non recupera elementi chiave come l'interazione tra l'uomo e la bambina, la presenza di un libro o figure, né l'evento specifico in cui l'uomo dice alla bambina di guardare le figure. Mancano anche informazioni sul contesto o la motivazione di tale azione. Senza questi elementi, non è possibile eseguire l'inferenza richiesta dalla domanda."
qwen,video020,1,Da dove è caduto 'Caruso' secondo il professore?,spaziale,S1,S1|T0,1,Caruso; professore; luogo o struttura da cui sarebbe caduto,evento riportato: Caruso cade; localizzazione del punto di origine secondo il professore,"riconoscere l'evento o la relazione spaziale pertinente; allineare il referente all'intervallo locale; recuperare origine, destinazione, direzione, supporto o posizione richiesta",una relazione spaziale esplicita o una localizzazione condizionata da un singolo evento osservabile nello stesso intervallo locale,local_interval,1,parzialmente implicita,moderata,"[""spaziale"", ""temporale""]",0,0,0,0,insufficiente,[],"[""Identificazione di 'Caruso'"", ""Identificazione del 'professore'"", 'Luogo o struttura da cui Caruso sarebbe caduto', 'Evento di caduta di Caruso', 'Localizzazione del punto di origine secondo il professore']","La rappresentazione del modello non recupera alcuna delle entità o eventi richiesti per rispondere alla domanda. Non sono identificati né 'Caruso' né il 'professore', né è descritto l'evento di caduta o il luogo da cui Caruso sarebbe caduto. Mancano completamente le informazioni necessarie per inferire la relazione spaziale richiesta."
qwen,video020,2,La classe fa casino prima o dopo il botto?,temporale,T1,T1,1,classe; botto,evento A: la classe fa confusione; evento B: si sente il botto,"riconoscere i due eventi oppure l'evento e l'ancora temporale; localizzarli nella sequenza; determinare la relazione prima/dopo, primo/secondo, corrente/precedente o il momento richiesto",localizzazione rispetto a un'ancora temporale esplicita oppure ordinamento pairwise tra due eventi/stati direttamente identificabili,two_intervals,2,esplicita,alta,"[""temporale""]",0,0,0,0,insufficiente,[],"['Identificazione della classe', 'Identificazione del botto', 'Evento A: la classe fa confusione', 'Evento B: si sente il botto', 'Relazione temporale tra i due eventi']","La rappresentazione del modello non recupera alcuna delle entità o eventi richiesti per rispondere alla domanda. Non sono identificati né la classe né il botto, né gli eventi di confusione o di rumore. Inoltre, manca completamente la relazione temporale tra questi eventi. Pertanto, la comprensione è insufficiente."
qwen,video020,3,Perché accorre il collaboratore scolastico preoccupato?,causale,C1,C1|T1,1,collaboratore scolastico; classe o luogo del rumore; botto,effetto da spiegare: il collaboratore accorre preoccupato; causa/antecedente: da identificare nell'evidenza disponibile,riconoscere l'effetto; individuare un antecedente o stato direttamente osservabile/esplicitamente disponibile; verificare il nesso causale senza attribuire intenzioni o motivazioni non supportate,"collegamento causale diretto tra un antecedente esplicito e una conseguenza esplicita, con al massimo due unità di evidenza",two_intervals,2,parzialmente implicita,moderata,"[""causale"", ""temporale""]",0,0,0,0,insufficiente,[],"['collaboratore scolastico', 'classe o luogo del rumore', 'botto', 'effetto: collaboratore accorre preoccupato', 'causa/antecedente del collaboratore che accorre']","La rappresentazione del modello non recupera alcuna delle entità o eventi richiesti per rispondere alla domanda. Non viene identificato il collaboratore scolastico, né il luogo o il rumore che causerebbe la sua preoccupazione. Inoltre, manca completamente l'analisi causale necessaria per collegare un evento antecedente all'azione del collaboratore. Pertanto, la comprensione è insufficiente."
qwen,video021,1,Dove è rivolto lo sguardo di Italo quando la donna lo rimprovera di guardarla?,spaziale,S1,S1|T0,1,Italo; donna che lo rimprovera; direzione dello sguardo,evento contestuale: la donna rimprovera Italo perché la guarda; localizzazione della direzione dello sguardo,"riconoscere l'evento o la relazione spaziale pertinente; allineare il referente all'intervallo locale; recuperare origine, destinazione, direzione, supporto o posizione richiesta",una relazione spaziale esplicita o una localizzazione condizionata da un singolo evento osservabile nello stesso intervallo locale,local_interval,2,esplicita,moderata,"[""spaziale"", ""temporale""]",0,0,0,0,insufficiente,[],"['Identificazione di Italo e della donna che lo rimprovera.', 'Direzione dello sguardo di Italo.', 'Evento in cui la donna rimprovera Italo per averla guardata.', 'Relazione spaziale tra lo sguardo di Italo e la donna.']","L'analisi del modello non ha recuperato alcuna informazione rilevante per rispondere alla domanda. Mancano completamente le entità chiave (Italo e la donna), l'evento specifico del rimprovero e la direzione dello sguardo di Italo. Senza queste informazioni, non è possibile affrontare la domanda."
qwen,video021,2,Cosa deve fare Italo prima di 'rimettere piede' in casa?,temporale,T1,T1,1,Italo; casa,evento target: Italo rimette piede in casa; prerequisito: azione che deve compiere prima,"riconoscere i due eventi oppure l'evento e l'ancora temporale; localizzarli nella sequenza; determinare la relazione prima/dopo, primo/secondo, corrente/precedente o il momento richiesto",localizzazione rispetto a un'ancora temporale esplicita oppure ordinamento pairwise tra due eventi/stati direttamente identificabili,two_intervals,2,esplicita,alta,"[""temporale""]",0,0,0,0,insufficiente,[],"['Identificazione di Italo', 'Identificazione della casa', 'Evento target: Italo rimette piede in casa', 'Azione che Italo deve compiere prima di rimettere piede in casa', ""Relazione temporale tra l'azione e l'evento target""]","La rappresentazione del modello non recupera alcuna delle entità o degli eventi richiesti per rispondere alla domanda. Non sono identificati né Italo né la casa, né l'evento di rimettere piede in casa, né l'azione che deve compiere prima. Inoltre, manca completamente la relazione temporale necessaria per determinare l'ordine degli eventi. Pertanto, la comprensione è insufficiente."
qwen,video021,3,Perché la donna si arrabbia con Italo?,causale,C2,C2|T1,2,donna; Italo; comportamento o sguardo di Italo,effetto da spiegare: la donna si arrabbia con Italo; causa/antecedente: da identificare nell'evidenza disponibile,riconoscere l'effetto o comportamento da spiegare; recuperare il contesto pertinente; inferire la causa/intenzione/motivazione solo se supportata dalle evidenze; evitare di colmare lacune con conoscenza non presente nel video,"la risposta richiede almeno un passaggio inferenziale implicito su motivazione, intenzione, stato mentale, valutazione sociale, finalità procedurale o relazione causale non direttamente osservabile",two_intervals,2,implicita,moderata,"[""causale"", ""temporale""]",0,0,0,0,insufficiente,[],"['Identificazione della donna e di Italo', 'Comportamento o sguardo di Italo', 'Evento della donna che si arrabbia con Italo', ""Causa o antecedente dell'arrabbiatura della donna""]","L'analisi del modello non ha recuperato alcuna informazione rilevante per rispondere alla domanda. Mancano completamente le entità chiave (donna e Italo), l'evento centrale (l'arrabbiatura della donna) e qualsiasi contesto o comportamento che possa spiegare la causa dell'arrabbiatura. Senza questi elementi, non è possibile eseguire l'inferenza richiesta."
qwen,video022,1,Dove si sono incontrati Scott e Luis per la prima volta?,spaziale,S2,S2|T1,2,Scott; Luis; luogo del primo incontro,evento: primo incontro tra Scott e Luis; localizzazione del luogo,identificare l'ancora temporale; recuperare lo stato spaziale nella fase richiesta; confrontare le fasi pertinenti senza introdurre cambiamenti non osservati,recupero spaziale condizionato da una fase precedente/successiva/iniziale o dal primo occorrere di un evento; richiede confronto tra almeno due stati temporali,two_intervals,2,esplicita,alta,"[""spaziale"", ""temporale""]",0,0,0,0,insufficiente,[],"['Identificazione di Scott e Luis', 'Luogo del primo incontro', 'Evento del primo incontro tra Scott e Luis', 'Localizzazione del luogo del primo incontro', 'Confronto tra stati temporali per identificare il primo incontro']","La rappresentazione del modello non recupera alcuna delle entità o eventi richiesti per rispondere alla domanda. Non sono identificati né Scott né Luis, né il luogo del loro primo incontro. Inoltre, manca qualsiasi riferimento all'evento del primo incontro e alla sua localizzazione temporale e spaziale. Di conseguenza, non è possibile eseguire l'inferenza necessaria per determinare dove si sono incontrati per la prima volta. La comprensione complessiva è quindi insufficiente."
qwen,video022,2,La moglie di Scott lo ha lasciato prima o dopo che Scott incontrasse Luis per la prima volta?,temporale,T1,T1,1,Scott; moglie di Scott; Luis,evento A: la moglie lascia Scott; evento B: Scott incontra Luis per la prima volta,"riconoscere i due eventi oppure l'evento e l'ancora temporale; localizzarli nella sequenza; determinare la relazione prima/dopo, primo/secondo, corrente/precedente o il momento richiesto",localizzazione rispetto a un'ancora temporale esplicita oppure ordinamento pairwise tra due eventi/stati direttamente identificabili,two_intervals,2,esplicita,alta,"[""temporale""]",0,0,0,0,insufficiente,[],"['Identificazione di Scott, sua moglie e Luis', 'Evento A: la moglie lascia Scott', 'Evento B: Scott incontra Luis per la prima volta', 'Relazione temporale tra gli eventi A e B']","Il modello non ha recuperato alcuna informazione rilevante per rispondere alla domanda. Mancano completamente le entità chiave (Scott, sua moglie, Luis) e gli eventi critici (la moglie lascia Scott, Scott incontra Luis). Senza questi elementi, non è possibile determinare la relazione temporale richiesta."
qwen,video022,3,Perché Scott è triste mentre guarda i fogli in prigione?,causale,C2,C2|T1,2,Scott; fogli; prigione; contenuto dei fogli,effetto da spiegare: Scott è triste mentre guarda i fogli in prigione; causa/antecedente: da identificare nell'evidenza disponibile,riconoscere l'effetto o comportamento da spiegare; recuperare il contesto pertinente; inferire la causa/intenzione/motivazione solo se supportata dalle evidenze; evitare di colmare lacune con conoscenza non presente nel video,"la risposta richiede almeno un passaggio inferenziale implicito su motivazione, intenzione, stato mentale, valutazione sociale, finalità procedurale o relazione causale non direttamente osservabile",two_intervals,2,implicita,moderata,"[""causale"", ""temporale""]",0,0,0,0,insufficiente,[],"['Scott', 'fogli', 'prigione', 'contenuto dei fogli', 'Scott è triste mentre guarda i fogli in prigione', 'causa/antecedente della tristezza di Scott']","La rappresentazione del modello non recupera alcuna delle entità o eventi richiesti per rispondere alla domanda. Non ci sono informazioni su Scott, i fogli, la prigione o il contenuto dei fogli. Inoltre, manca completamente l'evento chiave della tristezza di Scott e qualsiasi contesto che possa spiegare la causa di tale stato emotivo. Di conseguenza, non è possibile eseguire l'inferenza richiesta."
qwen,video023,1,Da dove cade la bambina?,spaziale,S1,S1|T0,1,bambina; punto o struttura da cui cade,evento: la bambina cade; localizzazione del punto di origine,"riconoscere l'evento o la relazione spaziale pertinente; allineare il referente all'intervallo locale; recuperare origine, destinazione, direzione, supporto o posizione richiesta",una relazione spaziale esplicita o una localizzazione condizionata da un singolo evento osservabile nello stesso intervallo locale,local_interval,1,esplicita,moderata,"[""spaziale"", ""temporale""]",0,0,0,0,insufficiente,[],"['Identificazione della bambina', 'Punto o struttura da cui la bambina cade', 'Evento della caduta della bambina', 'Localizzazione del punto di origine della caduta', 'Relazione spaziale pertinente alla caduta']","La rappresentazione del modello non recupera alcuna informazione necessaria per rispondere alla domanda. Non sono state identificate né la bambina né il punto da cui cade, né l'evento della caduta. Mancano completamente le relazioni spaziali e temporali richieste per determinare da dove la bambina cade."
qwen,video023,2,La donna dice ad 'Ani' di salire prima o dopo essere scesa nell'acqua?,temporale,T1,T1,1,donna; Ani; acqua,evento A: la donna dice ad Ani di salire; evento B: la donna scende nell'acqua,"riconoscere i due eventi oppure l'evento e l'ancora temporale; localizzarli nella sequenza; determinare la relazione prima/dopo, primo/secondo, corrente/precedente o il momento richiesto",localizzazione rispetto a un'ancora temporale esplicita oppure ordinamento pairwise tra due eventi/stati direttamente identificabili,two_intervals,2,esplicita,alta,"[""temporale""]",0,0,0,0,insufficiente,[],"['Identificazione della donna', 'Identificazione di Ani', 'Evento in cui la donna dice ad Ani di salire', ""Evento in cui la donna scende nell'acqua"", 'Relazione temporale tra i due eventi']","L'analisi del modello non ha recuperato alcuna informazione rilevante per rispondere alla domanda. Non sono state identificate le entità chiave (donna, Ani, acqua) né gli eventi richiesti (la donna che dice ad Ani di salire e la donna che scende nell'acqua). Inoltre, manca completamente la relazione temporale tra questi eventi. Pertanto, la comprensione è insufficiente."
qwen,video023,3,Perché la donna ringrazia Anastasia?,causale,C1,C1|T1,1,donna; Anastasia; azione compiuta da Anastasia,effetto da spiegare: la donna ringrazia Anastasia; causa/antecedente: da identificare nell'evidenza disponibile,riconoscere l'effetto; individuare un antecedente o stato direttamente osservabile/esplicitamente disponibile; verificare il nesso causale senza attribuire intenzioni o motivazioni non supportate,"collegamento causale diretto tra un antecedente esplicito e una conseguenza esplicita, con al massimo due unità di evidenza",two_intervals,2,parzialmente implicita,moderata,"[""causale"", ""temporale""]",0,0,0,0,insufficiente,[],"['Identificazione della donna e di Anastasia', 'Azione compiuta da Anastasia', 'Evento del ringraziamento della donna', 'Causa o antecedente che porta al ringraziamento', ""Nesso causale tra l'azione di Anastasia e il ringraziamento""]","L'analisi del modello non fornisce alcuna informazione sulle entità coinvolte (donna e Anastasia), né sugli eventi rilevanti (ringraziamento e azione di Anastasia). Inoltre, manca completamente l'inferenza causale necessaria per collegare un'azione di Anastasia al ringraziamento della donna. Pertanto, la rappresentazione è insufficiente per affrontare la domanda."
qwen,video024,1,Le bambine e la nonna stanno giocando dentro casa o fuori in giardino?,spaziale,S0,S0,0,bambine; nonna; casa; giardino,evento: bambine e nonna giocano; scelta tra localizzazione interna alla casa ed esterna in giardino,identificare il referente target; recuperare una singola evidenza spaziale direttamente osservabile; restituire la localizzazione senza confronto tra fasi,recupero spaziale diretto da una singola evidenza stabile; nessun confronto temporale o ricostruzione di stato,single_frame,1,esplicita,nessuna,"[""spaziale""]",0,0,0,0,insufficiente,[],"['Identificazione delle bambine e della nonna', 'Localizzazione spaziale chiara (dentro casa o fuori in giardino)', 'Evento di gioco tra bambine e nonna']","La rappresentazione del modello non recupera alcuna delle entità richieste (bambine, nonna, casa, giardino) né l'evento di gioco. Non è presente alcuna evidenza spaziale che permetta di determinare se l'attività si svolge dentro casa o fuori in giardino. Pertanto, la comprensione è insufficiente per affrontare la domanda."
qwen,video024,2,Alla nonna gira la testa prima o dopo essersi coperta gli occhi?,temporale,T1,T1,1,nonna; testa; occhi o mascherina,evento A: alla nonna gira la testa; evento B: la nonna si copre gli occhi,"riconoscere i due eventi oppure l'evento e l'ancora temporale; localizzarli nella sequenza; determinare la relazione prima/dopo, primo/secondo, corrente/precedente o il momento richiesto",localizzazione rispetto a un'ancora temporale esplicita oppure ordinamento pairwise tra due eventi/stati direttamente identificabili,two_intervals,2,esplicita,alta,"[""temporale""]",0,0,0,0,insufficiente,[],"['Identificazione della nonna', 'Evento in cui alla nonna gira la testa', 'Evento in cui la nonna si copre gli occhi', 'Relazione temporale tra i due eventi']","La rappresentazione del modello non recupera alcuna delle entità o eventi richiesti per rispondere alla domanda. Non viene identificata la nonna, né gli eventi specifici di giramento di testa o copertura degli occhi. Di conseguenza, non è possibile determinare la relazione temporale tra questi eventi. La comprensione è insufficiente."
qwen,video024,3,Perché la nonna porta la mascherina sugli occhi?,causale,C2,C2|T1,2,nonna; mascherina sugli occhi; bambine o gioco,effetto da spiegare: la nonna porta la mascherina sugli occhi; causa/antecedente: da identificare nell'evidenza disponibile,riconoscere l'effetto o comportamento da spiegare; recuperare il contesto pertinente; inferire la causa/intenzione/motivazione solo se supportata dalle evidenze; evitare di colmare lacune con conoscenza non presente nel video,"la risposta richiede almeno un passaggio inferenziale implicito su motivazione, intenzione, stato mentale, valutazione sociale, finalità procedurale o relazione causale non direttamente osservabile",two_intervals,2,implicita,moderata,"[""causale"", ""temporale""]",0,0,0,0,insufficiente,[],"['Identificazione della nonna', 'Presenza della mascherina sugli occhi', 'Contesto di gioco o presenza di bambine', 'Evento della nonna che indossa la mascherina', 'Causa o motivazione per cui la nonna indossa la mascherina']","L'analisi del modello non ha recuperato alcuna delle entità o eventi richiesti per rispondere alla domanda. Non è stata identificata la nonna, né la mascherina sugli occhi, né il contesto di gioco o la presenza di bambine. Inoltre, manca completamente l'evento della nonna che indossa la mascherina e qualsiasi causa o motivazione per questo comportamento. Pertanto, la comprensione è insufficiente."
qwen,video025,1,Dove si trova lo scivolo?,spaziale,S0,S0,0,scivolo,localizzazione dello scivolo,identificare il referente target; recuperare una singola evidenza spaziale direttamente osservabile; restituire la localizzazione senza confronto tra fasi,recupero spaziale diretto da una singola evidenza stabile; nessun confronto temporale o ricostruzione di stato,single_frame,1,esplicita,nessuna,"[""spaziale""]",0,0,0,0,insufficiente,[],"['Presenza dello scivolo', 'Localizzazione dello scivolo']","La rappresentazione del modello non include alcuna informazione riguardante la presenza o la localizzazione dello scivolo, che è l'entità centrale richiesta dalla domanda. Non sono stati identificati eventi o relazioni spaziali che coinvolgano lo scivolo, né è possibile inferire la sua posizione. Pertanto, la comprensione è insufficiente per rispondere alla domanda."
qwen,video025,2,La bambina con il costume azzurro va sullo scivolo prima o dopo che Aria saluti la donna?,temporale,T1,T1,1,bambina con il costume azzurro; scivolo; Aria; donna,evento A: la bambina va sullo scivolo; evento B: Aria saluta la donna,"riconoscere i due eventi oppure l'evento e l'ancora temporale; localizzarli nella sequenza; determinare la relazione prima/dopo, primo/secondo, corrente/precedente o il momento richiesto",localizzazione rispetto a un'ancora temporale esplicita oppure ordinamento pairwise tra due eventi/stati direttamente identificabili,two_intervals,2,esplicita,alta,"[""temporale""]",0,0,0,0,insufficiente,[],"['Identificazione della bambina con il costume azzurro', 'Identificazione dello scivolo', 'Identificazione di Aria', 'Identificazione della donna', 'Evento A: la bambina va sullo scivolo', 'Evento B: Aria saluta la donna', 'Relazione temporale tra i due eventi']","Il modello non ha recuperato alcuna delle entità o eventi richiesti per rispondere alla domanda. Non sono stati identificati né la bambina con il costume azzurro, né lo scivolo, né Aria, né la donna. Inoltre, non sono stati riconosciuti gli eventi chiave (la bambina che va sullo scivolo e Aria che saluta la donna) né la loro relazione temporale. Pertanto, la comprensione è insufficiente."
qwen,video025,3,Perché la mamma fa i complimenti alla bambina?,causale,C1,C1|T1,1,mamma; bambina; azione o risultato della bambina,effetto da spiegare: la mamma fa i complimenti alla bambina; causa/antecedente: da identificare nell'evidenza disponibile,riconoscere l'effetto; individuare un antecedente o stato direttamente osservabile/esplicitamente disponibile; verificare il nesso causale senza attribuire intenzioni o motivazioni non supportate,"collegamento causale diretto tra un antecedente esplicito e una conseguenza esplicita, con al massimo due unità di evidenza",two_intervals,2,parzialmente implicita,moderata,"[""causale"", ""temporale""]",0,0,0,0,insufficiente,[],"['Identificazione della mamma e della bambina', 'Azione o risultato della bambina che giustifica i complimenti', 'Evento in cui la mamma fa i complimenti alla bambina', ""Collegamento causale tra l'azione della bambina e i complimenti della mamma""]","L'analisi del modello non ha recuperato alcuna informazione specifica riguardante le entità chiave (mamma e bambina) né l'evento centrale (i complimenti della mamma alla bambina). Mancano completamente le informazioni necessarie per stabilire un nesso causale tra un'azione della bambina e i complimenti ricevuti. Pertanto, la rappresentazione è insufficiente per affrontare la domanda."
qwen,video026,1,Dove deve rilasciare liberi i pesi l'uomo sull'attrezzo?,spaziale,S1,S1|T0,1,uomo sull'attrezzo; pesi; punto o posizione di rilascio,evento: rilascio libero dei pesi; localizzazione del punto in cui devono essere lasciati,"riconoscere l'evento o la relazione spaziale pertinente; allineare il referente all'intervallo locale; recuperare origine, destinazione, direzione, supporto o posizione richiesta",una relazione spaziale esplicita o una localizzazione condizionata da un singolo evento osservabile nello stesso intervallo locale,local_interval,1,esplicita,moderata,"[""spaziale"", ""temporale""]",0,0,0,0,insufficiente,[],"[""uomo sull'attrezzo"", 'pesi', 'punto o posizione di rilascio', 'evento di rilascio libero dei pesi', 'localizzazione del punto in cui devono essere lasciati', 'relazione spaziale pertinente']","Il modello non ha recuperato alcuna informazione rilevante per rispondere alla domanda. Mancano completamente le entità chiave come l'uomo sull'attrezzo, i pesi e il punto di rilascio. Inoltre, non è stato identificato l'evento di rilascio dei pesi né la localizzazione richiesta. Di conseguenza, non è possibile eseguire l'inferenza necessaria per determinare dove i pesi devono essere rilasciati."
qwen,video026,2,Dopo quale ripetizione il pelato dà assistenza?,temporale,T2,T2,2,uomo pelato che assiste; ripetizioni,evento target: il pelato presta assistenza; riferimento temporale: numero della ripetizione dopo cui interviene,"riconoscere gli eventi o stati pertinenti; ricostruire l'evoluzione temporale necessaria; calcolare conteggio/durata oppure distinguere onset, continuazione e stato già completato","durata, conteggio/iterazione, selezione del primo onset tra più candidati o ricostruzione di uno stato già in corso/completato",multi_event_sequence,>=3,esplicita,alta,"[""temporale""]",0,0,0,0,insufficiente,[],"[""Identificazione dell'uomo pelato che assiste"", 'Conteggio delle ripetizioni', ""Evento di assistenza da parte dell'uomo pelato"", 'Riferimento temporale specifico legato alle ripetizioni']","Il modello non ha recuperato alcuna informazione rilevante per rispondere alla domanda. Mancano completamente l'identificazione dell'uomo pelato, il conteggio delle ripetizioni e l'evento di assistenza. Senza questi elementi, non è possibile determinare dopo quale ripetizione l'assistenza viene fornita."
qwen,video026,3,Perché l'uomo in piedi dice che 'ora è bello per lo spotter'?,causale,C2,C2|T1,2,uomo in piedi; spotter,effetto da spiegare: l'uomo dice «ora è bello per lo spotter»; causa/antecedente: da identificare nell'evidenza disponibile,riconoscere l'effetto o comportamento da spiegare; recuperare il contesto pertinente; inferire la causa/intenzione/motivazione solo se supportata dalle evidenze; evitare di colmare lacune con conoscenza non presente nel video,"la risposta richiede almeno un passaggio inferenziale implicito su motivazione, intenzione, stato mentale, valutazione sociale, finalità procedurale o relazione causale non direttamente osservabile",two_intervals,2,implicita,moderata,"[""causale"", ""temporale""]",0,0,0,0,insufficiente,[],"[""Identificazione dell'uomo in piedi"", 'Identificazione dello spotter', ""Evento in cui l'uomo dice «ora è bello per lo spotter»"", ""Causa o antecedente che spiega perché l'uomo dice «ora è bello per lo spotter»""]","La rappresentazione del modello non recupera alcuna delle entità o eventi richiesti per rispondere alla domanda. Non sono identificati né l'uomo in piedi né lo spotter, né l'evento in cui l'uomo pronuncia la frase chiave. Inoltre, manca completamente l'analisi causale necessaria per inferire la motivazione dietro l'affermazione. Pertanto, la comprensione è insufficiente."
qwen,video027,1,Dove indica di dormire l'uomo?,spaziale,S1,S1|T0,1,uomo; luogo o superficie indicata per dormire,evento: l'uomo indica dove dormire; localizzazione del luogo indicato,"riconoscere l'evento o la relazione spaziale pertinente; allineare il referente all'intervallo locale; recuperare origine, destinazione, direzione, supporto o posizione richiesta",una relazione spaziale esplicita o una localizzazione condizionata da un singolo evento osservabile nello stesso intervallo locale,local_interval,1,parzialmente implicita,moderata,"[""spaziale"", ""temporale""]",0,0,0,0,insufficiente,[],"['Luogo o superficie indicata per dormire', ""Evento di indicazione da parte dell'uomo"", ""Relazione spaziale tra l'uomo e il luogo indicato""]","La rappresentazione del modello non recupera alcuna informazione riguardante l'evento di indicazione da parte dell'uomo o il luogo specifico indicato per dormire. Non sono presenti relazioni spaziali o eventi che possano supportare l'inferenza richiesta dalla domanda. Pertanto, la comprensione è insufficiente."
qwen,video027,2,La ragazza ride prima o dopo aver aperto la porta?,temporale,T1,T1,1,ragazza; porta,evento A: la ragazza ride; evento B: la ragazza apre la porta,"riconoscere i due eventi oppure l'evento e l'ancora temporale; localizzarli nella sequenza; determinare la relazione prima/dopo, primo/secondo, corrente/precedente o il momento richiesto",localizzazione rispetto a un'ancora temporale esplicita oppure ordinamento pairwise tra due eventi/stati direttamente identificabili,two_intervals,2,esplicita,alta,"[""temporale""]",0,0,0,0,insufficiente,[],"['Identificazione della ragazza', 'Identificazione della porta', 'Evento di apertura della porta', 'Evento di risata della ragazza', 'Relazione temporale tra risata e apertura della porta']","Il modello non ha recuperato alcuna delle entità o eventi richiesti per rispondere alla domanda. Non sono stati identificati né la ragazza né la porta, né gli eventi di risata o apertura della porta. Di conseguenza, non è possibile determinare la relazione temporale tra questi eventi. La rappresentazione è insufficiente per affrontare la domanda."
qwen,video027,3,Perché la ragazza trova la situazione divertente?,causale,C2,C2|T1,2,ragazza; situazione osservata,effetto da spiegare: la ragazza trova la situazione divertente; causa/antecedente: da identificare nell'evidenza disponibile,riconoscere l'effetto o comportamento da spiegare; recuperare il contesto pertinente; inferire la causa/intenzione/motivazione solo se supportata dalle evidenze; evitare di colmare lacune con conoscenza non presente nel video,"la risposta richiede almeno un passaggio inferenziale implicito su motivazione, intenzione, stato mentale, valutazione sociale, finalità procedurale o relazione causale non direttamente osservabile",two_intervals,2,implicita,moderata,"[""causale"", ""temporale""]",0,0,0,0,insufficiente,[],"['Identificazione della ragazza', 'Descrizione della situazione osservata', 'Effetto da spiegare: la ragazza trova la situazione divertente', 'Causa o antecedente che spiega perché la ragazza trova la situazione divertente']","L'analisi del modello non ha recuperato alcuna informazione rilevante per rispondere alla domanda. Non sono state identificate né la ragazza né la situazione osservata, né è stato descritto l'effetto da spiegare (la ragazza trova la situazione divertente). Inoltre, manca qualsiasi indicazione sulla causa o antecedente che spiegherebbe perché la ragazza trova la situazione divertente. Pertanto, la comprensione è insufficiente."
qwen,video028,1,Dove vengono messe le banane?,spaziale,S1,S1|T0,1,banane,evento: le banane vengono messe in un luogo; localizzazione della destinazione,"riconoscere l'evento o la relazione spaziale pertinente; allineare il referente all'intervallo locale; recuperare origine, destinazione, direzione, supporto o posizione richiesta",una relazione spaziale esplicita o una localizzazione condizionata da un singolo evento osservabile nello stesso intervallo locale,local_interval,1,esplicita,moderata,"[""spaziale"", ""temporale""]",0,0,0,0,insufficiente,['Una persona tiene una banana.'],"['Evento di posizionamento delle banane in un luogo specifico.', 'Localizzazione della destinazione delle banane.', 'Relazione spaziale esplicita riguardante il posizionamento delle banane.']","L'analisi del modello non recupera alcuna informazione riguardante il posizionamento delle banane in un luogo specifico. L'unica evidenza disponibile è che una persona tiene una banana, ma manca completamente l'evento di posizionamento e la localizzazione della destinazione. Pertanto, la rappresentazione è insufficiente per affrontare la domanda."
qwen,video028,2,I due uomini con gli occhiali si accordano su cosa prendere prima o dopo aver salutato l'uomo con il grembiule giallo?,temporale,T1,T1,1,due uomini con gli occhiali; uomo con il grembiule giallo; oggetti da prendere,evento A: i due uomini si accordano su cosa prendere; evento B: salutano l'uomo con il grembiule giallo,"riconoscere i due eventi oppure l'evento e l'ancora temporale; localizzarli nella sequenza; determinare la relazione prima/dopo, primo/secondo, corrente/precedente o il momento richiesto",localizzazione rispetto a un'ancora temporale esplicita oppure ordinamento pairwise tra due eventi/stati direttamente identificabili,two_intervals,2,esplicita,alta,"[""temporale""]",0,0,0,0,insufficiente,[],"['Due uomini con gli occhiali', 'Uomo con il grembiule giallo', 'Accordo su cosa prendere', ""Saluto all'uomo con il grembiule giallo"", 'Relazione temporale tra accordo e saluto']","L'analisi del modello non ha recuperato alcuna delle entità o eventi richiesti per rispondere alla domanda. Non sono stati identificati i due uomini con gli occhiali, l'uomo con il grembiule giallo, né gli eventi di accordo o saluto. Di conseguenza, non è possibile determinare la relazione temporale richiesta. La rappresentazione è insufficiente per affrontare la domanda."
qwen,video028,3,Perché l'uomo con gli occhiali chiede le banane all'uomo con il grembiule giallo?,causale,C2,C2|T1,2,uomo con gli occhiali; uomo con il grembiule giallo; banane,effetto da spiegare: l'uomo con gli occhiali chiede le banane; causa/antecedente: da identificare nell'evidenza disponibile,riconoscere l'effetto o comportamento da spiegare; recuperare il contesto pertinente; inferire la causa/intenzione/motivazione solo se supportata dalle evidenze; evitare di colmare lacune con conoscenza non presente nel video,"la risposta richiede almeno un passaggio inferenziale implicito su motivazione, intenzione, stato mentale, valutazione sociale, finalità procedurale o relazione causale non direttamente osservabile",two_intervals,2,implicita,moderata,"[""causale"", ""temporale""]",0,0,0,0,insufficiente,[],"['uomo con gli occhiali', 'uomo con il grembiule giallo', 'richiesta di banane', 'motivazione della richiesta']","La rappresentazione del modello non recupera alcuna delle entità specifiche richieste (uomo con gli occhiali, uomo con il grembiule giallo, banane) né l'evento centrale della domanda (richiesta di banane). Non ci sono informazioni sugli eventi o sulle motivazioni che potrebbero spiegare l'azione. Pertanto, non è possibile eseguire l'inferenza richiesta per rispondere alla domanda."
qwen,video029,1,Dove si trova il tabaccaio?,spaziale,S0,S0,0,tabaccaio; luogo in cui si trova,localizzazione del tabaccaio,identificare il referente target; recuperare una singola evidenza spaziale direttamente osservabile; restituire la localizzazione senza confronto tra fasi,recupero spaziale diretto da una singola evidenza stabile; nessun confronto temporale o ricostruzione di stato,single_frame,1,esplicita,nessuna,"[""spaziale""]",0,0,0,0,insufficiente,[],"['Identificazione del tabaccaio', 'Localizzazione del tabaccaio']","Il modello non ha recuperato alcuna informazione riguardante l'entità 'tabaccaio' né la sua localizzazione. Non ci sono evidenze spaziali o eventi che permettano di rispondere alla domanda. Pertanto, la comprensione è insufficiente."
qwen,video029,2,Il tabaccaio si arrabbia prima o dopo che il signore con la maglia a righe dia indicazioni?,temporale,T1,T1,1,tabaccaio; signore con la maglia a righe; indicazioni,evento A: il tabaccaio si arrabbia; evento B: il signore con la maglia a righe dà indicazioni,"riconoscere i due eventi oppure l'evento e l'ancora temporale; localizzarli nella sequenza; determinare la relazione prima/dopo, primo/secondo, corrente/precedente o il momento richiesto",localizzazione rispetto a un'ancora temporale esplicita oppure ordinamento pairwise tra due eventi/stati direttamente identificabili,two_intervals,2,esplicita,alta,"[""temporale""]",0,0,0,0,insufficiente,[],"['Identificazione del tabaccaio.', 'Identificazione del signore con la maglia a righe.', 'Evento in cui il tabaccaio si arrabbia.', 'Evento in cui il signore con la maglia a righe dà indicazioni.', 'Relazione temporale tra i due eventi.']","L'analisi del modello non ha recuperato alcuna informazione rilevante per rispondere alla domanda. Mancano completamente le entità chiave (tabaccaio e signore con la maglia a righe) e gli eventi specifici richiesti (arrabbiatura del tabaccaio e indicazioni date dal signore). Senza questi elementi, non è possibile determinare la relazione temporale richiesta dalla domanda."
qwen,video029,3,Perché il signore con la camicia bianca urla al tabaccaio?,causale,C2,C2|T1,2,signore con la camicia bianca; situazione o indicazioni,effetto da spiegare: il signore con la camicia bianca urla al tabaccaio; causa/antecedente: da identificare nell'evidenza disponibile,riconoscere l'effetto o comportamento da spiegare; recuperare il contesto pertinente; inferire la causa/intenzione/motivazione solo se supportata dalle evidenze; evitare di colmare lacune con conoscenza non presente nel video,"la risposta richiede almeno un passaggio inferenziale implicito su motivazione, intenzione, stato mentale, valutazione sociale, finalità procedurale o relazione causale non direttamente osservabile",two_intervals,2,implicita,moderata,"[""causale"", ""temporale""]",0,0,0,0,insufficiente,[],"['Identificazione del signore con la camicia bianca', ""Descrizione della situazione o indicazioni che portano all'urlo"", ""Evento dell'urlo al tabaccaio"", ""Causa o antecedente dell'urlo"", 'Contesto pertinente per inferire la causa']","L'analisi del modello non ha recuperato alcuna informazione rilevante per rispondere alla domanda. Mancano completamente le entità chiave, come il signore con la camicia bianca e il tabaccaio, così come gli eventi e il contesto necessari per inferire la causa dell'urlo. Senza queste informazioni, non è possibile eseguire l'inferenza richiesta."
qwen,video030,1,Dove vuole mettere i gonfiabili la donna fuori campo?,spaziale,S1,S1|T0,1,donna fuori campo; gonfiabili,evento: la donna propone di mettere i gonfiabili in un luogo; localizzazione della destinazione,"riconoscere l'evento o la relazione spaziale pertinente; allineare il referente all'intervallo locale; recuperare origine, destinazione, direzione, supporto o posizione richiesta",una relazione spaziale esplicita o una localizzazione condizionata da un singolo evento osservabile nello stesso intervallo locale,local_interval,1,esplicita,moderata,"[""spaziale"", ""temporale""]",0,0,0,0,insufficiente,[],"['donna fuori campo', 'gonfiabili', 'proposta della donna di mettere i gonfiabili in un luogo', 'localizzazione della destinazione dei gonfiabili']","La rappresentazione del modello non recupera alcuna informazione rilevante per rispondere alla domanda. Mancano completamente le entità chiave come la donna fuori campo e i gonfiabili, così come l'evento di proposta e la localizzazione della destinazione. Senza questi elementi, non è possibile affrontare la domanda."
qwen,video030,2,La bambina con la maglia rosa ha cenato prima di mettere il piede in piscina o ha messo il piede in piscina prima di cenare?,temporale,T1,T1,1,bambina con la maglia rosa; piscina; cena,evento A: la bambina cena; evento B: la bambina mette il piede in piscina,"riconoscere i due eventi oppure l'evento e l'ancora temporale; localizzarli nella sequenza; determinare la relazione prima/dopo, primo/secondo, corrente/precedente o il momento richiesto",localizzazione rispetto a un'ancora temporale esplicita oppure ordinamento pairwise tra due eventi/stati direttamente identificabili,two_intervals,2,esplicita,alta,"[""temporale""]",0,0,0,0,insufficiente,[],"['Identificazione della bambina con la maglia rosa', 'Evento della bambina che cena', 'Evento della bambina che mette il piede in piscina', 'Relazione temporale tra i due eventi']","Il modello non ha recuperato alcuna informazione rilevante per rispondere alla domanda. Mancano completamente le entità chiave, gli eventi richiesti e la relazione temporale tra di essi. Senza queste informazioni, non è possibile determinare l'ordine degli eventi richiesto dalla domanda."
qwen,video030,3,Perché la bambina con la maglietta bianca urla?,causale,C2,C2|T1,2,bambina con la maglietta bianca,effetto da spiegare: la bambina urla; causa/antecedente: da identificare nell'evidenza disponibile,riconoscere l'effetto o comportamento da spiegare; recuperare il contesto pertinente; inferire la causa/intenzione/motivazione solo se supportata dalle evidenze; evitare di colmare lacune con conoscenza non presente nel video,"la risposta richiede almeno un passaggio inferenziale implicito su motivazione, intenzione, stato mentale, valutazione sociale, finalità procedurale o relazione causale non direttamente osservabile",two_intervals,2,implicita,moderata,"[""causale"", ""temporale""]",0,0,0,0,insufficiente,[],"['Identificazione della bambina con la maglietta bianca', ""Descrizione dell'evento in cui la bambina urla"", 'Contesto o antecedente che spiega perché la bambina urla', ""Qualsiasi relazione causale o motivazionale che spieghi l'urlo""]","L'analisi del modello non ha recuperato alcuna informazione rilevante per rispondere alla domanda. Mancano completamente l'identificazione della bambina, l'evento dell'urlo e qualsiasi contesto o causa che possa spiegare il comportamento. Senza questi elementi, non è possibile affrontare la domanda."
qwen,video031,1,Dove mette la donna fuori campo l'avocado per farlo assaggiare alla bambina?,spaziale,S1,S1|T0,1,donna fuori campo; avocado; bambina,evento: la donna mette l'avocado per farlo assaggiare alla bambina; localizzazione della destinazione,"riconoscere l'evento o la relazione spaziale pertinente; allineare il referente all'intervallo locale; recuperare origine, destinazione, direzione, supporto o posizione richiesta",una relazione spaziale esplicita o una localizzazione condizionata da un singolo evento osservabile nello stesso intervallo locale,local_interval,1,esplicita,moderata,"[""spaziale"", ""temporale""]",0,0,0,0,insufficiente,[],"['donna fuori campo', 'avocado', 'bambina', ""evento di mettere l'avocado"", 'localizzazione della destinazione']","La rappresentazione del modello non recupera alcuna delle entità o eventi richiesti per rispondere alla domanda. Non viene identificata la donna fuori campo, l'avocado, né la bambina. Inoltre, manca completamente l'evento di mettere l'avocado e la localizzazione della destinazione. Di conseguenza, non è possibile eseguire l'inferenza spaziale richiesta."
qwen,video031,2,La bambina acconsente a mangiare il frutto prima o dopo che la donna dica 'dai prova amore'?,temporale,T1,T1,1,bambina; donna; frutto; invito «dai prova amore»,evento A: la bambina acconsente a mangiare il frutto; evento B: la donna dice «dai prova amore»,"riconoscere i due eventi oppure l'evento e l'ancora temporale; localizzarli nella sequenza; determinare la relazione prima/dopo, primo/secondo, corrente/precedente o il momento richiesto",localizzazione rispetto a un'ancora temporale esplicita oppure ordinamento pairwise tra due eventi/stati direttamente identificabili,two_intervals,2,esplicita,alta,"[""temporale""]",0,0,0,0,insufficiente,[],"['Identificazione della bambina', 'Identificazione della donna', 'Identificazione del frutto', 'Evento in cui la bambina acconsente a mangiare il frutto', ""Evento in cui la donna dice 'dai prova amore'"", 'Relazione temporale tra i due eventi']","La rappresentazione del modello non recupera alcuna delle entità o degli eventi richiesti per rispondere alla domanda. Non sono identificati né la bambina, né la donna, né il frutto, né gli eventi chiave. Di conseguenza, non è possibile determinare la relazione temporale tra gli eventi richiesti. La comprensione è insufficiente."
qwen,video031,3,Perché la bambina urla?,causale,C2,C2|T1,2,bambina; avocado o altro stimolo; donna fuori campo,effetto da spiegare: la bambina urla; causa/antecedente: da identificare nell'evidenza disponibile,riconoscere l'effetto o comportamento da spiegare; recuperare il contesto pertinente; inferire la causa/intenzione/motivazione solo se supportata dalle evidenze; evitare di colmare lacune con conoscenza non presente nel video,"la risposta richiede almeno un passaggio inferenziale implicito su motivazione, intenzione, stato mentale, valutazione sociale, finalità procedurale o relazione causale non direttamente osservabile",two_intervals,2,implicita,moderata,"[""causale"", ""temporale""]",0,0,0,0,insufficiente,[],"['Identificazione della bambina', 'Identificazione di un avocado o altro stimolo', 'Identificazione della donna fuori campo', 'Evento della bambina che urla', ""Causa o antecedente dell'urlo della bambina""]","L'analisi del modello non ha recuperato alcuna delle entità o eventi richiesti per rispondere alla domanda. Non sono state identificate né la bambina né alcun stimolo che potrebbe aver causato l'urlo. Inoltre, manca completamente l'evento dell'urlo stesso e qualsiasi contesto che possa spiegare la causa dell'urlo. Pertanto, la rappresentazione è insufficiente per affrontare la domanda."
qwen,video032,1,Dove si trova l'oggetto che vuole la bambina con la maglietta rossa e bianca?,spaziale,S1,S1|T0,1,bambina con la maglietta rossa e bianca; oggetto desiderato; luogo in cui si trova,evento: la bambina vuole un oggetto; localizzazione dell'oggetto,"riconoscere l'evento o la relazione spaziale pertinente; allineare il referente all'intervallo locale; recuperare origine, destinazione, direzione, supporto o posizione richiesta",una relazione spaziale esplicita o una localizzazione condizionata da un singolo evento osservabile nello stesso intervallo locale,local_interval,2,esplicita,moderata,"[""spaziale"", ""temporale""]",0,0,0,0,insufficiente,[],"['Identificazione della bambina con la maglietta rossa e bianca', ""Identificazione dell'oggetto desiderato"", ""Localizzazione dell'oggetto desiderato"", ""Evento in cui la bambina vuole l'oggetto"", ""Relazione spaziale tra la bambina e l'oggetto""]","La rappresentazione del modello non recupera alcuna delle entità o eventi specifici richiesti dalla domanda. Non viene identificata la bambina con la maglietta rossa e bianca, né l'oggetto desiderato, né la sua localizzazione. Inoltre, manca l'evento in cui la bambina esprime il desiderio per l'oggetto. Senza queste informazioni, non è possibile eseguire l'inferenza richiesta per determinare la posizione dell'oggetto."
qwen,video032,2,La bambina con la maglietta rossa e bianca prende la forchetta in mano prima o dopo che la bambina con la maglia rosa dica 'no'?,temporale,T1,T1,1,bambina con la maglietta rossa e bianca; bambina con la maglia rosa; forchetta,evento A: la prima bambina prende la forchetta; evento B: la seconda bambina dice «no»,"riconoscere i due eventi oppure l'evento e l'ancora temporale; localizzarli nella sequenza; determinare la relazione prima/dopo, primo/secondo, corrente/precedente o il momento richiesto",localizzazione rispetto a un'ancora temporale esplicita oppure ordinamento pairwise tra due eventi/stati direttamente identificabili,two_intervals,2,esplicita,alta,"[""temporale""]",0,0,0,0,insufficiente,[],"['Identificazione della bambina con la maglietta rossa e bianca', 'Identificazione della bambina con la maglia rosa', 'Evento in cui la bambina con la maglietta rossa e bianca prende la forchetta', ""Evento in cui la bambina con la maglia rosa dice 'no'"", 'Relazione temporale tra i due eventi richiesti']","La rappresentazione del modello non recupera alcuna delle entità specifiche richieste (bambina con la maglietta rossa e bianca, bambina con la maglia rosa, forchetta) né gli eventi specifici (prendere la forchetta, dire 'no'). Inoltre, non è presente alcuna relazione temporale tra gli eventi richiesti. Pertanto, la comprensione è insufficiente."
qwen,video032,3,Perché la bambina con la maglietta rosa dice di 'no'?,causale,C2,C2|T1,2,bambina con la maglietta rosa; altra bambina; oggetto o azione rifiutata,effetto da spiegare: la bambina dice «no»; causa/antecedente: da identificare nell'evidenza disponibile,riconoscere l'effetto o comportamento da spiegare; recuperare il contesto pertinente; inferire la causa/intenzione/motivazione solo se supportata dalle evidenze; evitare di colmare lacune con conoscenza non presente nel video,"la risposta richiede almeno un passaggio inferenziale implicito su motivazione, intenzione, stato mentale, valutazione sociale, finalità procedurale o relazione causale non direttamente osservabile",two_intervals,2,implicita,moderata,"[""causale"", ""temporale""]",0,0,0,0,insufficiente,[],"['Identificazione della bambina con la maglietta rosa', ""Identificazione dell'altra bambina"", ""Descrizione dell'oggetto o azione rifiutata"", ""Evento in cui la bambina dice 'no'"", 'Causa o antecedente che spiega il rifiuto']","L'analisi del modello non ha recuperato alcuna delle entità specifiche richieste, come la bambina con la maglietta rosa o l'altra bambina. Non sono stati identificati eventi specifici come il momento in cui la bambina dice 'no', né è stata fornita alcuna inferenza sulle cause o motivazioni del rifiuto. Pertanto, la rappresentazione è insufficiente per affrontare la domanda."
qwen,video033,1,Dove si tuffano i due uomini in costume?,spaziale,S1,S1|T0,1,due uomini in costume; acqua o punto di tuffo,evento: i due uomini si tuffano; localizzazione del luogo del tuffo,"riconoscere l'evento o la relazione spaziale pertinente; allineare il referente all'intervallo locale; recuperare origine, destinazione, direzione, supporto o posizione richiesta",una relazione spaziale esplicita o una localizzazione condizionata da un singolo evento osservabile nello stesso intervallo locale,local_interval,1,esplicita,moderata,"[""spaziale"", ""temporale""]",0,0,0,0,insufficiente,[],"['Due uomini in costume', 'Evento del tuffo', 'Localizzazione del luogo del tuffo', 'Relazione spaziale pertinente']","La rappresentazione del modello non recupera alcuna delle entità o eventi richiesti per rispondere alla domanda. Non sono identificati i due uomini in costume, né l'evento del tuffo, né la localizzazione del luogo del tuffo. Mancano completamente le informazioni spaziali e temporali necessarie per inferire la risposta. Pertanto, la comprensione è insufficiente."
qwen,video033,2,Chi si trova in vantaggio per primo tra 'Bobo' e 'Massi'?,temporale,T1,T1,1,Bobo; Massi,evento A: Bobo passa in vantaggio; evento B: Massi passa in vantaggio,"riconoscere i due eventi oppure l'evento e l'ancora temporale; localizzarli nella sequenza; determinare la relazione prima/dopo, primo/secondo, corrente/precedente o il momento richiesto",localizzazione rispetto a un'ancora temporale esplicita oppure ordinamento pairwise tra due eventi/stati direttamente identificabili,two_intervals,2,esplicita,alta,"[""temporale""]",0,0,0,0,insufficiente,[],"['Identificazione di Bobo e Massi', 'Eventi di vantaggio per Bobo e Massi', 'Relazione temporale tra gli eventi di vantaggio']","La rappresentazione del modello non recupera alcuna informazione specifica su Bobo o Massi, né sugli eventi di vantaggio richiesti dalla domanda. Non ci sono elementi che permettano di determinare chi sia in vantaggio per primo. Mancano completamente le entità e gli eventi necessari per affrontare la domanda."
qwen,video033,3,Perché la donna in sottofondo è preoccupata?,causale,C2,C2|T1,2,donna in sottofondo; due uomini; situazione della gara o del tuffo,effetto da spiegare: la donna è preoccupata; causa/antecedente: da identificare nell'evidenza disponibile,riconoscere l'effetto o comportamento da spiegare; recuperare il contesto pertinente; inferire la causa/intenzione/motivazione solo se supportata dalle evidenze; evitare di colmare lacune con conoscenza non presente nel video,"la risposta richiede almeno un passaggio inferenziale implicito su motivazione, intenzione, stato mentale, valutazione sociale, finalità procedurale o relazione causale non direttamente osservabile",two_intervals,2,implicita,moderata,"[""causale"", ""temporale""]",0,0,0,0,insufficiente,[],"['Identificazione della donna in sottofondo', 'Stato emotivo della donna (preoccupazione)', 'Contesto della gara o del tuffo', 'Eventi che potrebbero causare preoccupazione', 'Relazione causale tra eventi e preoccupazione della donna']","La rappresentazione del modello non recupera alcuna delle entità o degli eventi richiesti per rispondere alla domanda. Non viene identificata la donna in sottofondo, né viene descritto il suo stato emotivo di preoccupazione. Inoltre, manca completamente il contesto della gara o del tuffo e qualsiasi evento che possa spiegare la preoccupazione della donna. Senza queste informazioni, non è possibile eseguire l'inferenza richiesta per determinare la causa della preoccupazione."
qwen,video034,1,"Dove si trova la palla all'inizio, nelle mani di Anastasia o nelle mani di Vanessa?",spaziale,S2,S2|T1,2,palla; Vanessa; mani delle due bambine,evento o stato iniziale: la palla è nelle mani di una delle due bambine; localizzazione all'inizio del video,identificare l'ancora temporale; recuperare lo stato spaziale nella fase richiesta; confrontare le fasi pertinenti senza introdurre cambiamenti non osservati,recupero spaziale condizionato da una fase precedente/successiva/iniziale o dal primo occorrere di un evento; richiede confronto tra almeno due stati temporali,two_intervals,2,esplicita,alta,"[""spaziale"", ""temporale""]",0,0,0,0,insufficiente,[],"['Posizione iniziale della palla', 'Identificazione di Anastasia e Vanessa', 'Localizzazione della palla nelle mani di una delle due bambine', 'Stato iniziale della palla nelle mani di una delle bambine']","Il modello non ha recuperato alcuna informazione rilevante per determinare la posizione iniziale della palla nelle mani di Anastasia o Vanessa. Mancano completamente le entità chiave e gli eventi necessari per rispondere alla domanda, rendendo impossibile qualsiasi inferenza spaziale o temporale."
qwen,video034,2,Anastasia fa le flessioni prima o dopo che Vanessa venga rimproverata?,temporale,T1,T1,1,Anastasia; Vanessa; flessioni; rimprovero,evento A: Anastasia fa le flessioni; evento B: Vanessa viene rimproverata,"riconoscere i due eventi oppure l'evento e l'ancora temporale; localizzarli nella sequenza; determinare la relazione prima/dopo, primo/secondo, corrente/precedente o il momento richiesto",localizzazione rispetto a un'ancora temporale esplicita oppure ordinamento pairwise tra due eventi/stati direttamente identificabili,two_intervals,2,esplicita,alta,"[""temporale""]",0,0,0,0,insufficiente,[],"['Anastasia fa le flessioni', 'Vanessa viene rimproverata', 'Relazione temporale tra i due eventi']","Il modello non ha recuperato alcuna informazione rilevante per rispondere alla domanda. Mancano completamente le entità e gli eventi richiesti, così come la relazione temporale tra di essi. Non è possibile determinare se Anastasia fa le flessioni prima o dopo che Vanessa venga rimproverata."
qwen,video034,3,Perché la donna rimprovera Vanessa?,causale,C1,C1|T1,1,donna; Vanessa; comportamento di Vanessa,effetto da spiegare: la donna rimprovera Vanessa; causa/antecedente: da identificare nell'evidenza disponibile,riconoscere l'effetto; individuare un antecedente o stato direttamente osservabile/esplicitamente disponibile; verificare il nesso causale senza attribuire intenzioni o motivazioni non supportate,"collegamento causale diretto tra un antecedente esplicito e una conseguenza esplicita, con al massimo due unità di evidenza",two_intervals,2,parzialmente implicita,moderata,"[""causale"", ""temporale""]",0,0,0,0,insufficiente,[],"['Identificazione della donna e di Vanessa', 'Descrizione del comportamento di Vanessa', 'Evento del rimprovero della donna a Vanessa', 'Causa o antecedente del rimprovero', 'Nesso causale tra comportamento di Vanessa e rimprovero']","La rappresentazione del modello non recupera alcuna delle entità o eventi necessari per rispondere alla domanda. Non sono identificati né la donna né Vanessa, né il comportamento di Vanessa che potrebbe aver causato il rimprovero. Inoltre, manca completamente l'evento del rimprovero stesso e qualsiasi nesso causale tra un comportamento e il rimprovero. Pertanto, la comprensione è insufficiente."
qwen,video035,1,Dove si trova il cliente che non saluta?,spaziale,S1,S1|T0,1,cliente che non saluta; luogo in cui si trova,localizzazione del cliente che non saluta,"riconoscere l'evento o la relazione spaziale pertinente; allineare il referente all'intervallo locale; recuperare origine, destinazione, direzione, supporto o posizione richiesta",una relazione spaziale esplicita o una localizzazione condizionata da un singolo evento osservabile nello stesso intervallo locale,local_interval,2,esplicita,moderata,"[""spaziale"", ""temporale""]",0,0,0,0,insufficiente,[],"['Identificazione del cliente che non saluta', 'Localizzazione del cliente nel video', 'Relazione spaziale esplicita o localizzazione condizionata da un evento osservabile']","Il modello non ha recuperato alcuna informazione utile per identificare il cliente che non saluta o la sua posizione. Non ci sono entità, eventi o inferenze che permettano di rispondere alla domanda. La rappresentazione è completamente insufficiente per affrontare la domanda."
qwen,video035,2,Il cliente che risponde al saluto si presenta prima o dopo il cliente che non saluta?,temporale,T1,T1,1,cliente che risponde al saluto; cliente che non saluta; momento della presentazione,evento A: si presenta il cliente che risponde al saluto; evento B: si presenta il cliente che non saluta,"riconoscere i due eventi oppure l'evento e l'ancora temporale; localizzarli nella sequenza; determinare la relazione prima/dopo, primo/secondo, corrente/precedente o il momento richiesto",localizzazione rispetto a un'ancora temporale esplicita oppure ordinamento pairwise tra due eventi/stati direttamente identificabili,two_intervals,2,esplicita,alta,"[""temporale""]",0,0,0,0,insufficiente,[],"['Identificazione del cliente che risponde al saluto', 'Identificazione del cliente che non saluta', 'Momento della presentazione di entrambi i clienti', 'Ordinamento temporale degli eventi di presentazione']","Il modello non ha recuperato alcuna informazione utile per rispondere alla domanda. Mancano completamente le entità richieste, gli eventi di presentazione dei clienti e l'ordinamento temporale necessario per determinare la relazione prima/dopo tra gli eventi. Pertanto, la comprensione è insufficiente."
qwen,video035,3,Perché il contatore in rosso apparso a video aumenta?,causale,C1,C1|T0,1,contatore rosso sullo schermo,effetto da spiegare: il contatore rosso aumenta; causa/antecedente: da identificare nell'evidenza disponibile,riconoscere l'effetto; individuare un antecedente o stato direttamente osservabile/esplicitamente disponibile; verificare il nesso causale senza attribuire intenzioni o motivazioni non supportate,"nesso causa-effetto fisico, sistemico o comportamentale direttamente osservabile nello stesso intervallo locale",local_interval,1,esplicita,moderata,"[""causale"", ""temporale""]",0,0,0,0,insufficiente,[],"['Contatore rosso sullo schermo', 'Effetto: il contatore rosso aumenta', ""Causa/antecedente dell'aumento del contatore"", 'Nesso causale tra causa e aumento del contatore']","Il modello non ha recuperato alcuna informazione utile per rispondere alla domanda. Non sono state identificate né le entità né gli eventi richiesti, e manca completamente l'inferenza necessaria per stabilire un nesso causale. Pertanto, la comprensione è insufficiente."
qwen,video036,1,Dove si trova il finto cieco?,spaziale,S0,S0,0,ragazzo che finge di essere cieco; luogo in cui si trova,localizzazione del finto cieco,identificare il referente target; recuperare una singola evidenza spaziale direttamente osservabile; restituire la localizzazione senza confronto tra fasi,recupero spaziale diretto da una singola evidenza stabile; nessun confronto temporale o ricostruzione di stato,single_frame,1,esplicita,nessuna,"[""spaziale""]",0,0,0,0,insufficiente,[],"['Identificazione del ragazzo che finge di essere cieco', 'Localizzazione del finto cieco in un luogo specifico']","La rappresentazione del modello non fornisce alcuna informazione riguardo all'identificazione del ragazzo che finge di essere cieco né alla sua localizzazione. Non sono presenti evidenze spaziali o descrizioni che permettano di rispondere alla domanda. Pertanto, la comprensione è insufficiente."
qwen,video036,2,Il ragazzo si abbassa gli occhiali da sole prima o dopo aver detto che si fingerà cieco?,temporale,T1,T1,1,ragazzo; occhiali da sole; dichiarazione di fingersi cieco,evento A: il ragazzo abbassa gli occhiali da sole; evento B: dice che si fingerà cieco,"riconoscere i due eventi oppure l'evento e l'ancora temporale; localizzarli nella sequenza; determinare la relazione prima/dopo, primo/secondo, corrente/precedente o il momento richiesto",localizzazione rispetto a un'ancora temporale esplicita oppure ordinamento pairwise tra due eventi/stati direttamente identificabili,two_intervals,2,esplicita,alta,"[""temporale""]",0,0,0,0,insufficiente,[],"['Riconoscimento del ragazzo', 'Riconoscimento degli occhiali da sole', ""Identificazione dell'evento in cui il ragazzo abbassa gli occhiali da sole"", ""Identificazione dell'evento in cui il ragazzo dice che si fingerà cieco"", 'Determinazione della relazione temporale tra i due eventi']","Il modello non ha recuperato alcuna informazione rilevante per rispondere alla domanda. Mancano completamente il riconoscimento delle entità chiave (ragazzo, occhiali da sole) e degli eventi richiesti (abbassare gli occhiali, dichiarazione di fingersi cieco). Di conseguenza, non è possibile determinare la relazione temporale tra gli eventi. La comprensione è insufficiente."
qwen,video036,3,Perché il ragazzo che finge di essere cieco non attraversa la strada?,causale,C2,C2|T1,2,ragazzo che finge di essere cieco; strada,effetto da spiegare: il ragazzo non attraversa la strada; causa/antecedente: da identificare nell'evidenza disponibile,riconoscere l'effetto o comportamento da spiegare; recuperare il contesto pertinente; inferire la causa/intenzione/motivazione solo se supportata dalle evidenze; evitare di colmare lacune con conoscenza non presente nel video,"la risposta richiede almeno un passaggio inferenziale implicito su motivazione, intenzione, stato mentale, valutazione sociale, finalità procedurale o relazione causale non direttamente osservabile",two_intervals,2,implicita,moderata,"[""causale"", ""temporale""]",0,0,0,0,insufficiente,[],"['Identificazione del ragazzo che finge di essere cieco', 'Descrizione della strada', 'Evento del ragazzo che non attraversa la strada', 'Causa o motivazione per cui il ragazzo non attraversa la strada']","L'analisi del modello non ha recuperato alcuna informazione rilevante per rispondere alla domanda. Mancano completamente le entità chiave, gli eventi e le inferenze necessarie per comprendere il comportamento del ragazzo e le sue motivazioni. Senza queste informazioni, non è possibile affrontare la domanda in modo significativo."
qwen,video037,1,Dove si trovano i rifiuti?,spaziale,S0,S0,0,rifiuti; luogo in cui si trovano,localizzazione dei rifiuti,identificare il referente target; recuperare una singola evidenza spaziale direttamente osservabile; restituire la localizzazione senza confronto tra fasi,recupero spaziale diretto da una singola evidenza stabile; nessun confronto temporale o ricostruzione di stato,single_frame,1,esplicita,nessuna,"[""spaziale""]",0,0,0,0,insufficiente,[],"['Identificazione dei rifiuti', 'Localizzazione dei rifiuti']","La rappresentazione del modello non fornisce alcuna informazione riguardo alla presenza o alla localizzazione dei rifiuti nel video. Non sono state identificate né le entità né gli eventi richiesti per rispondere alla domanda. Di conseguenza, non è possibile eseguire l'inferenza necessaria per determinare dove si trovano i rifiuti."
qwen,video037,2,Le trombette vengono suonate prima o dopo che la donna vestita di nero si pieghi?,temporale,T1,T1,1,trombette; donna vestita di nero,evento A: vengono suonate le trombette; evento B: la donna vestita di nero si piega,"riconoscere i due eventi oppure l'evento e l'ancora temporale; localizzarli nella sequenza; determinare la relazione prima/dopo, primo/secondo, corrente/precedente o il momento richiesto",localizzazione rispetto a un'ancora temporale esplicita oppure ordinamento pairwise tra due eventi/stati direttamente identificabili,two_intervals,2,esplicita,alta,"[""temporale""]",0,0,0,0,insufficiente,[],"['Identificazione delle trombette.', 'Identificazione della donna vestita di nero.', 'Evento A: suono delle trombette.', 'Evento B: la donna vestita di nero si piega.', 'Relazione temporale tra gli eventi A e B.']","La rappresentazione del modello non recupera alcuna delle entità o eventi richiesti per rispondere alla domanda. Non sono identificati né le trombette né la donna vestita di nero, né gli eventi specifici del suono delle trombette e del piegarsi della donna. Di conseguenza, non è possibile determinare la relazione temporale tra questi eventi. La comprensione è quindi insufficiente."
qwen,video037,3,Perché il ragazzo con il cappellino a punta suona la trombetta?,causale,C2,C2|T1,2,ragazzo con il cappellino a punta; trombetta; donna o situazione circostante,effetto da spiegare: il ragazzo suona la trombetta; causa/antecedente: da identificare nell'evidenza disponibile,riconoscere l'effetto o comportamento da spiegare; recuperare il contesto pertinente; inferire la causa/intenzione/motivazione solo se supportata dalle evidenze; evitare di colmare lacune con conoscenza non presente nel video,"la risposta richiede almeno un passaggio inferenziale implicito su motivazione, intenzione, stato mentale, valutazione sociale, finalità procedurale o relazione causale non direttamente osservabile",two_intervals,2,implicita,moderata,"[""causale"", ""temporale""]",0,0,0,0,insufficiente,[],"['ragazzo con il cappellino a punta', 'trombetta', 'donna o situazione circostante', 'evento del ragazzo che suona la trombetta', ""causa o antecedente dell'evento"", 'contesto pertinente per inferire la causa']","L'analisi del modello non ha recuperato alcuna informazione rilevante per rispondere alla domanda. Mancano completamente le entità chiave come il ragazzo con il cappellino a punta e la trombetta, così come l'evento del ragazzo che suona la trombetta. Non è stato identificato alcun contesto o causa che possa spiegare l'azione. Pertanto, la rappresentazione è insufficiente per affrontare la domanda."
qwen,video038,1,Dove si trovano le 'ragazze'?,spaziale,S0,S0,0,«ragazze» menzionate; luogo in cui si trovano,localizzazione delle persone chiamate «ragazze»,identificare il referente target; recuperare una singola evidenza spaziale direttamente osservabile; restituire la localizzazione senza confronto tra fasi,recupero spaziale diretto da una singola evidenza stabile; nessun confronto temporale o ricostruzione di stato,single_frame,1,esplicita,nessuna,"[""spaziale""]",0,0,0,0,insufficiente,[],"[""Identificazione delle 'ragazze' come entità specifiche"", ""Localizzazione spaziale delle 'ragazze'"", ""Evidenza di una singola entità o gruppo di entità che possa essere identificato come 'ragazze'""]","Il modello non ha recuperato alcuna informazione specifica riguardante le 'ragazze' o la loro localizzazione. Non sono state identificate entità che possano essere associate alle 'ragazze', né è stata fornita una localizzazione spaziale pertinente. Pertanto, la rappresentazione è insufficiente per affrontare la domanda."
qwen,video038,2,L'osso viene fatto annusare prima a 'Nandina' o a 'Giulietta'?,temporale,T1,T1,1,osso; Nandina; Giulietta; uomo che lo fa annusare,evento A: l'osso viene fatto annusare a Nandina; evento B: l'osso viene fatto annusare a Giulietta,"riconoscere i due eventi oppure l'evento e l'ancora temporale; localizzarli nella sequenza; determinare la relazione prima/dopo, primo/secondo, corrente/precedente o il momento richiesto",localizzazione rispetto a un'ancora temporale esplicita oppure ordinamento pairwise tra due eventi/stati direttamente identificabili,two_intervals,2,esplicita,alta,"[""temporale""]",0,0,0,0,insufficiente,[],"[""Identificazione dell'osso."", 'Identificazione di Nandina e Giulietta.', ""Evento in cui l'osso viene fatto annusare a Nandina."", ""Evento in cui l'osso viene fatto annusare a Giulietta."", 'Relazione temporale tra i due eventi.']","La rappresentazione del modello non recupera alcuna delle entità o degli eventi richiesti per rispondere alla domanda. Non sono identificati né l'osso, né i cani Nandina e Giulietta, né gli eventi specifici in cui l'osso viene fatto annusare. Di conseguenza, non è possibile determinare la relazione temporale tra questi eventi. La comprensione è quindi insufficiente."
qwen,video038,3,Perché l'uomo con la tuta blu definisce la situazione inquietante?,causale,C2,C2|T1,2,uomo con la tuta blu; Nandina e Giulietta o altre «ragazze»; situazione osservata,effetto da spiegare: l'uomo definisce la situazione inquietante; causa/antecedente: da identificare nell'evidenza disponibile,riconoscere l'effetto o comportamento da spiegare; recuperare il contesto pertinente; inferire la causa/intenzione/motivazione solo se supportata dalle evidenze; evitare di colmare lacune con conoscenza non presente nel video,"la risposta richiede almeno un passaggio inferenziale implicito su motivazione, intenzione, stato mentale, valutazione sociale, finalità procedurale o relazione causale non direttamente osservabile",two_intervals,2,implicita,moderata,"[""causale"", ""temporale""]",20,10,0,15,insufficiente,['Presenza di una persona (e1) in diversi segmenti'],"[""Identificazione dell'uomo con la tuta blu"", 'Identificazione di Nandina e Giulietta o altre ragazze', 'Descrizione della situazione osservata', ""Evento in cui l'uomo definisce la situazione inquietante"", 'Causa o antecedente che rende la situazione inquietante', 'Contesto pertinente per inferire la causa']","La rappresentazione del modello manca di elementi fondamentali per rispondere alla domanda. Non sono state identificate le entità chiave come l'uomo con la tuta blu, né le ragazze menzionate. Non è stato riconosciuto l'evento in cui l'uomo definisce la situazione inquietante, né è stato fornito alcun contesto che permetta di inferire la causa di tale affermazione. La comprensione complessiva è insufficiente."
qwen,video039,1,Dove guarda l'uomo con la camicia azzurra quando fa un verso di sorpresa?,spaziale,S1,S1|T0,1,uomo con la camicia azzurra; oggetto o persona guardata,evento contestuale: l'uomo fa un verso di sorpresa; localizzazione della direzione del suo sguardo,"riconoscere l'evento o la relazione spaziale pertinente; allineare il referente all'intervallo locale; recuperare origine, destinazione, direzione, supporto o posizione richiesta",una relazione spaziale esplicita o una localizzazione condizionata da un singolo evento osservabile nello stesso intervallo locale,local_interval,2,esplicita,moderata,"[""spaziale"", ""temporale""]",0,0,0,0,insufficiente,[],"[""Identificazione dell'uomo con la camicia azzurra"", 'Evento del verso di sorpresa', ""Direzione dello sguardo dell'uomo con la camicia azzurra"", ""Oggetto o persona guardata dall'uomo""]","La rappresentazione del modello non recupera alcuna delle informazioni necessarie per rispondere alla domanda. Non viene identificato l'uomo con la camicia azzurra, né l'evento del verso di sorpresa, né la direzione dello sguardo o l'oggetto/persona guardata. Pertanto, la comprensione è insufficiente."
qwen,video039,2,L'uomo con la maglia grigia intima all'uomo in camicia che pagherà lui prima o dopo che si sono seduti?,temporale,T1,T1,1,uomo con la maglia grigia; uomo in camicia; conto; seduta,evento A: l'uomo con la maglia grigia dice che pagherà lui; evento B: i due uomini si siedono,"riconoscere i due eventi oppure l'evento e l'ancora temporale; localizzarli nella sequenza; determinare la relazione prima/dopo, primo/secondo, corrente/precedente o il momento richiesto",localizzazione rispetto a un'ancora temporale esplicita oppure ordinamento pairwise tra due eventi/stati direttamente identificabili,two_intervals,2,esplicita,alta,"[""temporale""]",0,0,0,0,insufficiente,[],"['uomo con la maglia grigia', 'uomo in camicia', ""evento A: l'uomo con la maglia grigia dice che pagherà lui"", 'evento B: i due uomini si siedono', 'relazione temporale tra evento A e evento B']","La rappresentazione del modello non recupera alcuna delle entità o eventi richiesti per rispondere alla domanda. Non sono identificati né l'uomo con la maglia grigia né l'uomo in camicia, né gli eventi di comunicazione o seduta. Di conseguenza, non è possibile determinare la relazione temporale richiesta. La comprensione è insufficiente."
qwen,video039,3,Perché l'uomo con la maglietta grigia vuole pagare il conto?,causale,C2,C2|T1,2,uomo con la maglietta grigia; altro uomo; conto,effetto da spiegare: l'uomo vuole pagare il conto; causa/antecedente: da identificare nell'evidenza disponibile,riconoscere l'effetto o comportamento da spiegare; recuperare il contesto pertinente; inferire la causa/intenzione/motivazione solo se supportata dalle evidenze; evitare di colmare lacune con conoscenza non presente nel video,"la risposta richiede almeno un passaggio inferenziale implicito su motivazione, intenzione, stato mentale, valutazione sociale, finalità procedurale o relazione causale non direttamente osservabile",two_intervals,2,implicita,moderata,"[""causale"", ""temporale""]",0,0,0,0,insufficiente,[],"[""Identificazione dell'uomo con la maglietta grigia"", 'Identificazione del conto', ""Evento in cui l'uomo vuole pagare il conto"", ""Causa o motivazione per cui l'uomo vuole pagare il conto""]","L'analisi del modello non ha recuperato alcuna delle entità o eventi richiesti per rispondere alla domanda. Non è stato identificato l'uomo con la maglietta grigia, né l'evento in cui vuole pagare il conto. Inoltre, manca completamente l'inferenza sulla motivazione o causa del suo comportamento. Pertanto, la rappresentazione è insufficiente per affrontare la domanda."
qwen,video040,1,"Dove sente bruciore Vanessa, secondo la voce fuori campo?",spaziale,S1,S1|T0,1,Vanessa; parte del corpo che brucia; voce fuori campo,stato riferito: Vanessa sente bruciore; localizzazione della parte del corpo,"riconoscere l'evento o la relazione spaziale pertinente; allineare il referente all'intervallo locale; recuperare origine, destinazione, direzione, supporto o posizione richiesta",una relazione spaziale esplicita o una localizzazione condizionata da un singolo evento osservabile nello stesso intervallo locale,local_interval,1,parzialmente implicita,moderata,"[""spaziale"", ""temporale""]",0,0,0,0,insufficiente,[],"['Vanessa', 'parte del corpo che brucia', 'voce fuori campo', 'stato riferito: Vanessa sente bruciore', 'localizzazione della parte del corpo']","La rappresentazione del modello non recupera alcuna delle entità o eventi richiesti per rispondere alla domanda. Non viene identificata Vanessa, né viene menzionata alcuna parte del corpo che brucia o la voce fuori campo che riferisce il bruciore. Di conseguenza, non è possibile eseguire l'inferenza necessaria per determinare dove Vanessa sente bruciore. La comprensione è quindi insufficiente."
qwen,video040,2,Quando dice la voce fuori campo che disinfetterà il piedino di Vanessa?,temporale,T1,T1,1,voce fuori campo; piede di Vanessa,evento target: la voce dice che disinfetterà il piede di Vanessa; riferimento temporale: momento o evento rispetto a cui avviene,"riconoscere i due eventi oppure l'evento e l'ancora temporale; localizzarli nella sequenza; determinare la relazione prima/dopo, primo/secondo, corrente/precedente o il momento richiesto",localizzazione rispetto a un'ancora temporale esplicita oppure ordinamento pairwise tra due eventi/stati direttamente identificabili,two_intervals,2,esplicita,alta,"[""temporale""]",0,0,0,0,insufficiente,[],"['Voce fuori campo', 'Piede di Vanessa', 'Evento in cui la voce dice che disinfetterà il piede di Vanessa', ""Riferimento temporale rispetto a cui avviene l'evento target""]","La rappresentazione del modello non recupera alcuna delle entità o eventi richiesti per rispondere alla domanda. Non viene identificata la voce fuori campo, né il piede di Vanessa, né l'evento in cui si dice che verrà disinfettato il piede. Inoltre, manca qualsiasi riferimento temporale necessario per determinare quando avviene l'evento target. Pertanto, la comprensione è insufficiente."
qwen,video040,3,Perché la voce fuori campo chiede ad Anastasia 'come va?'?,causale,C2,C2|T1,2,voce fuori campo; Anastasia; stato fisico o emotivo di Anastasia,effetto da spiegare: la voce chiede ad Anastasia «come va?»; causa/antecedente: da identificare nell'evidenza disponibile,riconoscere l'effetto o comportamento da spiegare; recuperare il contesto pertinente; inferire la causa/intenzione/motivazione solo se supportata dalle evidenze; evitare di colmare lacune con conoscenza non presente nel video,"la risposta richiede almeno un passaggio inferenziale implicito su motivazione, intenzione, stato mentale, valutazione sociale, finalità procedurale o relazione causale non direttamente osservabile",two_intervals,2,implicita,moderata,"[""causale"", ""temporale""]",20,10,0,15,insufficiente,['Presenza di una persona identificata come e1 in due segmenti temporali.'],"['Identificazione della voce fuori campo.', 'Identificazione di Anastasia.', 'Stato fisico o emotivo di Anastasia.', ""Evento in cui la voce chiede ad Anastasia 'come va?'."", 'Contesto o motivazione per cui la domanda viene posta.']","La rappresentazione del modello manca di elementi fondamentali per rispondere alla domanda. Non sono state identificate né la voce fuori campo né Anastasia, né è stato osservato l'evento in cui viene posta la domanda 'come va?'. Inoltre, manca qualsiasi contesto o motivazione che possa spiegare la domanda. Pertanto, la comprensione è insufficiente."
qwen,video041,1,Dove sono andate le circa 60 persone secondo la tradizione?,spaziale,S1,S1|T0,1,circa 60 persone; luogo della tradizione; mare o spiaggia,evento riportato: le persone si recano in un luogo secondo la tradizione; localizzazione della destinazione,"riconoscere l'evento o la relazione spaziale pertinente; allineare il referente all'intervallo locale; recuperare origine, destinazione, direzione, supporto o posizione richiesta",una relazione spaziale esplicita o una localizzazione condizionata da un singolo evento osservabile nello stesso intervallo locale,local_interval,1,parzialmente implicita,moderata,"[""spaziale"", ""temporale""]",0,0,0,0,insufficiente,[],"['circa 60 persone', 'luogo della tradizione', 'mare o spiaggia', 'evento riportato: le persone si recano in un luogo secondo la tradizione', 'localizzazione della destinazione', ""riconoscere l'evento o la relazione spaziale pertinente""]","La rappresentazione del modello non recupera alcuna delle entità o eventi richiesti dalla domanda. Non ci sono informazioni su circa 60 persone, né sul luogo della tradizione o su un evento che coinvolga queste persone che si recano in un luogo specifico. Inoltre, manca qualsiasi riferimento a una relazione spaziale o a una localizzazione condizionata da un evento osservabile. Pertanto, la comprensione è insufficiente."
qwen,video041,2,Quando si è aperto il 'Capodanno pesarese' secondo la voce narrante?,temporale,T1,T1,1,Capodanno pesarese; voce narrante,evento target: apertura del Capodanno pesarese; riferimento temporale: data o momento indicato dalla voce narrante,"riconoscere i due eventi oppure l'evento e l'ancora temporale; localizzarli nella sequenza; determinare la relazione prima/dopo, primo/secondo, corrente/precedente o il momento richiesto",localizzazione rispetto a un'ancora temporale esplicita oppure ordinamento pairwise tra due eventi/stati direttamente identificabili,two_intervals,2,parzialmente implicita,alta,"[""temporale""]",0,0,0,0,insufficiente,[],"['Capodanno pesarese', 'voce narrante', 'apertura del Capodanno pesarese', 'riferimento temporale indicato dalla voce narrante']","La rappresentazione del modello non recupera alcuna delle entità o eventi richiesti per rispondere alla domanda. Non ci sono riferimenti al 'Capodanno pesarese', alla 'voce narrante', né all'evento di apertura del Capodanno o a un riferimento temporale specifico. Di conseguenza, non è possibile eseguire l'inferenza temporale necessaria."
qwen,video041,3,Perché le persone portano il cappello di babbo natale al mare?,causale,C2,C2|T1,2,persone; cappelli di Babbo Natale; mare; tradizione,effetto da spiegare: le persone portano cappelli di Babbo Natale al mare; causa/antecedente: da identificare nell'evidenza disponibile,riconoscere l'effetto o comportamento da spiegare; recuperare il contesto pertinente; inferire la causa/intenzione/motivazione solo se supportata dalle evidenze; evitare di colmare lacune con conoscenza non presente nel video,"la risposta richiede almeno un passaggio inferenziale implicito su motivazione, intenzione, stato mentale, valutazione sociale, finalità procedurale o relazione causale non direttamente osservabile",two_intervals,2,implicita,moderata,"[""causale"", ""temporale""]",0,0,0,0,insufficiente,[],"['Persone che indossano cappelli di Babbo Natale', 'Contesto del mare', 'Motivazione o causa per indossare cappelli di Babbo Natale al mare']","L'analisi del modello non ha recuperato alcuna informazione rilevante per rispondere alla domanda. Non sono state identificate le entità chiave come le persone che indossano cappelli di Babbo Natale o il contesto del mare. Inoltre, manca completamente l'analisi degli eventi e delle inferenze necessarie per comprendere la motivazione dietro l'azione descritta. Pertanto, la comprensione è insufficiente."
qwen,video042,1,Dove hanno lavato le mani il bambino con la maglietta blu e la bambina con il vestito rosa?,spaziale,S1,S1|T0,1,bambino con la maglietta blu; bambina con il vestito rosa; luogo per lavarsi le mani,evento: i due bambini lavano le mani; localizzazione del luogo,"riconoscere l'evento o la relazione spaziale pertinente; allineare il referente all'intervallo locale; recuperare origine, destinazione, direzione, supporto o posizione richiesta",una relazione spaziale esplicita o una localizzazione condizionata da un singolo evento osservabile nello stesso intervallo locale,local_interval,1,esplicita,moderata,"[""spaziale"", ""temporale""]",0,0,0,0,insufficiente,[],"['Bambino con la maglietta blu', 'Bambina con il vestito rosa', 'Luogo per lavarsi le mani', 'Evento di lavaggio delle mani', 'Localizzazione del luogo di lavaggio delle mani']","L'analisi del modello non ha recuperato alcuna delle entità specifiche richieste, come il bambino con la maglietta blu o la bambina con il vestito rosa, né ha identificato il luogo in cui avviene il lavaggio delle mani. Inoltre, non è stato riconosciuto l'evento di lavaggio delle mani, né è stata fornita alcuna informazione spaziale o inferenziale utile per rispondere alla domanda. Pertanto, la comprensione è insufficiente."
qwen,video042,2,Sami si mette la crema solare prima o dopo essere andata a riva?,temporale,T1,T1,1,Sami; crema solare; riva,evento A: Sami mette la crema solare; evento B: Sami va a riva,"riconoscere i due eventi oppure l'evento e l'ancora temporale; localizzarli nella sequenza; determinare la relazione prima/dopo, primo/secondo, corrente/precedente o il momento richiesto",localizzazione rispetto a un'ancora temporale esplicita oppure ordinamento pairwise tra due eventi/stati direttamente identificabili,two_intervals,2,esplicita,alta,"[""temporale""]",0,0,0,0,insufficiente,[],"['Identificazione di Sami', ""Identificazione dell'evento di applicazione della crema solare"", ""Identificazione dell'evento di andare a riva"", ""Relazione temporale tra l'applicazione della crema solare e l'andare a riva""]","Il modello non ha recuperato alcuna delle entità o eventi richiesti per rispondere alla domanda. Non sono stati identificati né Sami né gli eventi di applicazione della crema solare o di andare a riva. Di conseguenza, non è possibile determinare la relazione temporale tra questi eventi. La rappresentazione è insufficiente per affrontare la domanda."
qwen,video042,3,Perché la bambina con la maglietta gialla torna correndo sull'asciugamano?,causale,C2,C2|T1,2,bambina con la maglietta gialla; asciugamano; luogo da cui torna,effetto da spiegare: la bambina torna correndo sull'asciugamano; causa/antecedente: da identificare nell'evidenza disponibile,riconoscere l'effetto o comportamento da spiegare; recuperare il contesto pertinente; inferire la causa/intenzione/motivazione solo se supportata dalle evidenze; evitare di colmare lacune con conoscenza non presente nel video,"la risposta richiede almeno un passaggio inferenziale implicito su motivazione, intenzione, stato mentale, valutazione sociale, finalità procedurale o relazione causale non direttamente osservabile",two_intervals,2,implicita,moderata,"[""causale"", ""temporale""]",0,0,0,0,insufficiente,[],"['bambina con la maglietta gialla', 'asciugamano', 'luogo da cui torna', ""evento del ritorno della bambina sull'asciugamano"", 'causa o antecedente del ritorno']","L'analisi del modello non ha recuperato alcuna delle entità o eventi richiesti per rispondere alla domanda. Non sono state identificate né la bambina con la maglietta gialla né l'asciugamano, né è stato descritto l'evento del suo ritorno correndo. Inoltre, manca qualsiasi informazione che possa suggerire una causa o motivazione per il suo comportamento. Pertanto, la comprensione è insufficiente."
qwen,video043,1,Dove si allena la ragazza?,spaziale,S0,S0,0,ragazza; luogo di allenamento,evento: la ragazza si allena; localizzazione del luogo,identificare il referente target; recuperare una singola evidenza spaziale direttamente osservabile; restituire la localizzazione senza confronto tra fasi,recupero spaziale diretto da una singola evidenza stabile; nessun confronto temporale o ricostruzione di stato,single_frame,1,esplicita,nessuna,"[""spaziale""]",0,0,0,0,insufficiente,[],"['Identificazione della ragazza', 'Luogo di allenamento', 'Evento di allenamento', 'Localizzazione del luogo di allenamento']","La rappresentazione del modello non fornisce alcuna informazione sulle entità, eventi o inferenze necessarie per rispondere alla domanda. Non sono stati identificati né la ragazza né il luogo di allenamento, né è stato descritto l'evento di allenamento. Pertanto, la comprensione è insufficiente."
qwen,video043,2,La ragazza con gli occhiali tira un calcio posteriore prima o dopo che l'uomo con la felpa rossa e blu le parli?,temporale,T1,T1,1,ragazza con gli occhiali; uomo con la felpa rossa e blu; calcio posteriore,evento A: la ragazza esegue un calcio posteriore; evento B: l'uomo le parla,"riconoscere i due eventi oppure l'evento e l'ancora temporale; localizzarli nella sequenza; determinare la relazione prima/dopo, primo/secondo, corrente/precedente o il momento richiesto",localizzazione rispetto a un'ancora temporale esplicita oppure ordinamento pairwise tra due eventi/stati direttamente identificabili,two_intervals,2,esplicita,alta,"[""temporale""]",0,0,0,0,insufficiente,[],"['Identificazione della ragazza con gli occhiali', ""Identificazione dell'uomo con la felpa rossa e blu"", 'Evento A: la ragazza esegue un calcio posteriore', ""Evento B: l'uomo le parla"", 'Relazione temporale tra i due eventi']","Il modello non ha recuperato alcuna delle entità o degli eventi richiesti per rispondere alla domanda. Non sono stati identificati né la ragazza con gli occhiali né l'uomo con la felpa rossa e blu, né sono stati riconosciuti gli eventi del calcio posteriore e del dialogo. Di conseguenza, non è possibile determinare la relazione temporale tra questi eventi. La comprensione è insufficiente."
qwen,video043,3,Perché Sara Luconi porta gli occhiali?,causale,C2,C2|T1,2,Sara Luconi; occhiali,effetto da spiegare: Sara Luconi porta gli occhiali; causa/antecedente: da identificare nell'evidenza disponibile,riconoscere l'effetto o comportamento da spiegare; recuperare il contesto pertinente; inferire la causa/intenzione/motivazione solo se supportata dalle evidenze; evitare di colmare lacune con conoscenza non presente nel video,"la risposta richiede almeno un passaggio inferenziale implicito su motivazione, intenzione, stato mentale, valutazione sociale, finalità procedurale o relazione causale non direttamente osservabile",two_intervals,2,implicita,moderata,"[""causale"", ""temporale""]",0,0,0,0,insufficiente,[],"['Identificazione di Sara Luconi', 'Presenza degli occhiali', 'Motivazione o causa per cui Sara Luconi porta gli occhiali', ""Eventi o contesto che spiegano l'uso degli occhiali""]","La rappresentazione del modello non recupera alcuna informazione rilevante per rispondere alla domanda. Non sono identificate le entità chiave come Sara Luconi e gli occhiali, né sono presenti eventi o contesti che possano spiegare la motivazione per cui Sara Luconi porta gli occhiali. Mancano completamente le basi per un'inferenza causale."
qwen,video044,1,"In questa scena tratta da un film, da dove viene afferrata la ragazza?",spaziale,S1,S1|T0,1,ragazza; malvivente o persona che la afferra,evento: la ragazza viene afferrata; localizzazione del punto di presa,"riconoscere l'evento o la relazione spaziale pertinente; allineare il referente all'intervallo locale; recuperare origine, destinazione, direzione, supporto o posizione richiesta",una relazione spaziale esplicita o una localizzazione condizionata da un singolo evento osservabile nello stesso intervallo locale,local_interval,1,esplicita,moderata,"[""spaziale"", ""temporale""]",0,0,0,0,insufficiente,[],"['Identificazione della ragazza e della persona che la afferra', ""Descrizione dell'evento in cui la ragazza viene afferrata"", 'Localizzazione del punto di presa sulla ragazza', ""Relazione spaziale esplicita o localizzazione condizionata dall'evento""]","La rappresentazione del modello non recupera alcuna informazione rilevante per rispondere alla domanda. Mancano completamente le entità coinvolte, l'evento specifico dell'afferramento e la localizzazione spaziale richiesta. Pertanto, la comprensione è insufficiente."
qwen,video044,2,"In questa scena tratta da un film, la donna colpisce il malvivente prima o dopo aver detto: 'Io i soldi me li fatico'?",temporale,T1,T1,1,donna; malvivente; frase «Io i soldi me li fatico»,evento A: la donna colpisce il malvivente; evento B: la donna pronuncia la frase,"riconoscere i due eventi oppure l'evento e l'ancora temporale; localizzarli nella sequenza; determinare la relazione prima/dopo, primo/secondo, corrente/precedente o il momento richiesto",localizzazione rispetto a un'ancora temporale esplicita oppure ordinamento pairwise tra due eventi/stati direttamente identificabili,two_intervals,2,esplicita,alta,"[""temporale""]",0,0,0,0,insufficiente,[],"['Identificazione della donna e del malvivente', ""Riconoscimento dell'evento in cui la donna colpisce il malvivente"", ""Riconoscimento dell'evento in cui la donna pronuncia la frase 'Io i soldi me li fatico'"", 'Determinazione della sequenza temporale tra i due eventi']","L'analisi del modello non ha recuperato alcuna informazione rilevante per identificare le entità coinvolte (donna e malvivente) né gli eventi chiave (colpire il malvivente e pronunciare la frase). Di conseguenza, non è possibile determinare la relazione temporale richiesta dalla domanda. La comprensione è insufficiente."
qwen,video044,3,Perché in questo spezzone di film la donna alla fine scappa?,causale,C1,C1|T1,1,donna; malvivente; luogo della scena,effetto da spiegare: la donna scappa alla fine; causa/antecedente: da identificare nell'evidenza disponibile,riconoscere l'effetto; individuare un antecedente o stato direttamente osservabile/esplicitamente disponibile; verificare il nesso causale senza attribuire intenzioni o motivazioni non supportate,"collegamento causale diretto tra un antecedente esplicito e una conseguenza esplicita, con al massimo due unità di evidenza",two_intervals,2,parzialmente implicita,moderata,"[""causale"", ""temporale""]",20,10,0,15,insufficiente,['Presenza di una donna nella scena.'],"['Identificazione del malvivente.', 'Descrizione del luogo della scena.', 'Evento della donna che scappa alla fine.', 'Causa o antecedente che spiega perché la donna scappa.', 'Nesso causale tra un evento antecedente e la fuga della donna.']","La rappresentazione del modello non recupera informazioni sufficienti per affrontare la domanda. Manca l'identificazione del malvivente, la descrizione del luogo, l'evento della fuga della donna e qualsiasi causa o antecedente che spieghi la fuga. Senza questi elementi, non è possibile stabilire un nesso causale tra gli eventi."
qwen,video045,1,Dove sono stati postati i video dei fatti raccontati al telegiornale?,spaziale,S1,S1|T0,1,video dei fatti; fatti raccontati al telegiornale,evento riportato: i video vengono pubblicati; localizzazione della piattaforma,"riconoscere l'evento o la relazione spaziale pertinente; allineare il referente all'intervallo locale; recuperare origine, destinazione, direzione, supporto o posizione richiesta",una relazione spaziale esplicita o una localizzazione condizionata da un singolo evento osservabile nello stesso intervallo locale,local_interval,1,parzialmente implicita,moderata,"[""spaziale"", ""temporale""]",0,0,0,0,insufficiente,[],"['video dei fatti', 'fatti raccontati al telegiornale', 'evento di pubblicazione dei video', 'localizzazione della piattaforma di pubblicazione']","La rappresentazione del modello non recupera alcuna informazione riguardante i video dei fatti, i fatti raccontati al telegiornale, l'evento di pubblicazione dei video o la localizzazione della piattaforma di pubblicazione. Non ci sono elementi che permettano di inferire la relazione spaziale richiesta dalla domanda."
qwen,video045,2,I fatti si sono svolti prima o dopo mezzogiorno?,temporale,T1,T1,1,fatti narrati; mezzogiorno,evento target: svolgimento dei fatti; riferimento temporale: mezzogiorno,"riconoscere i due eventi oppure l'evento e l'ancora temporale; localizzarli nella sequenza; determinare la relazione prima/dopo, primo/secondo, corrente/precedente o il momento richiesto",localizzazione rispetto a un'ancora temporale esplicita oppure ordinamento pairwise tra due eventi/stati direttamente identificabili,two_intervals,2,parzialmente implicita,alta,"[""temporale""]",0,0,0,0,insufficiente,[],"['Identificazione dei fatti narrati', 'Riferimento temporale a mezzogiorno', 'Relazione temporale tra i fatti e mezzogiorno']","La rappresentazione del modello non recupera alcuna informazione riguardante i fatti narrati o il riferimento temporale a mezzogiorno. Non ci sono eventi o ancore temporali identificati che permettano di determinare la relazione temporale richiesta dalla domanda. Pertanto, la comprensione è insufficiente."
qwen,video045,3,Perché le forze dell'ordine reclamano i rinforzi per aiutarli a sedare la folla?,causale,C0,C0,0,forze dell'ordine; rinforzi; folla,relazione causale/finalistica esplicitata nella domanda; nessun antecedente aggiuntivo deve essere ipotizzato,recuperare la causa o finalità già espressa esplicitamente; non introdurre antecedenti ulteriori non supportati,la finalità o relazione causale necessaria è già esplicitata nella formulazione disponibile; non è richiesta una ricostruzione causale aggiuntiva,local_interval,1,esplicita,nessuna,"[""causale""]",0,0,0,0,insufficiente,[],"[""Presenza delle forze dell'ordine"", 'Presenza dei rinforzi', 'Presenza della folla', ""Relazione causale o finalistica tra forze dell'ordine, rinforzi e folla""]","La rappresentazione del modello non recupera alcuna delle entità o eventi richiesti per rispondere alla domanda. Non sono presenti informazioni sulle forze dell'ordine, sui rinforzi o sulla folla, né è stata identificata una relazione causale o finalistica tra questi elementi. Pertanto, la comprensione è insufficiente."
qwen,video046,1,Dove possiamo vedere che la prima risposta al comando vocale è giusta?,spaziale,S1,S1|T0,1,prima risposta del comando vocale,evento: il sistema dà la prima risposta; localizzazione dell'evidenza visiva che la conferma,"riconoscere l'evento o la relazione spaziale pertinente; allineare il referente all'intervallo locale; recuperare origine, destinazione, direzione, supporto o posizione richiesta",una relazione spaziale esplicita o una localizzazione condizionata da un singolo evento osservabile nello stesso intervallo locale,local_interval,1,parzialmente implicita,moderata,"[""spaziale"", ""temporale""]",0,0,0,0,insufficiente,[],"['Prima risposta al comando vocale', 'Evento: il sistema dà la prima risposta', ""Localizzazione dell'evidenza visiva che conferma la risposta"", 'Relazione spaziale o temporale che indica la correttezza della risposta']","La rappresentazione del modello non recupera alcuna informazione riguardante la prima risposta al comando vocale, né eventi o relazioni spaziali che confermino la correttezza della risposta. Mancano completamente le entità e gli eventi richiesti per affrontare la domanda."
qwen,video046,2,Il ragazzo chiede prima 'Chi ti ha programmato?' o l'orario?,temporale,T1,T1,1,ragazzo; domanda «Chi ti ha programmato?»; richiesta dell'orario,evento A: il ragazzo chiede chi ha programmato il sistema; evento B: il ragazzo chiede l'orario,"riconoscere i due eventi oppure l'evento e l'ancora temporale; localizzarli nella sequenza; determinare la relazione prima/dopo, primo/secondo, corrente/precedente o il momento richiesto",localizzazione rispetto a un'ancora temporale esplicita oppure ordinamento pairwise tra due eventi/stati direttamente identificabili,two_intervals,2,esplicita,alta,"[""temporale""]",0,0,0,0,insufficiente,[],"['Identificazione del ragazzo.', ""Riconoscimento della domanda 'Chi ti ha programmato?'."", ""Riconoscimento della richiesta dell'orario."", ""Sequenza temporale degli eventi: domanda sulla programmazione e richiesta dell'orario.""]","Il modello non ha recuperato alcuna informazione rilevante per rispondere alla domanda. Mancano completamente le entità e gli eventi necessari, come il riconoscimento delle domande specifiche fatte dal ragazzo e la loro sequenza temporale. Senza queste informazioni, non è possibile determinare quale domanda sia stata posta per prima."
qwen,video046,3,Perché l'uomo dice che le 23:47 sono l'orario giusto?,causale,C1,C1|T1,1,uomo; orario 23:47; dispositivo o comando vocale,effetto da spiegare: l'uomo afferma che 23:47 è corretto; causa/antecedente: da identificare nell'evidenza disponibile,riconoscere l'effetto; individuare un antecedente o stato direttamente osservabile/esplicitamente disponibile; verificare il nesso causale senza attribuire intenzioni o motivazioni non supportate,"collegamento causale diretto tra un antecedente esplicito e una conseguenza esplicita, con al massimo due unità di evidenza",two_intervals,2,parzialmente implicita,moderata,"[""causale"", ""temporale""]",0,0,0,0,insufficiente,[],"['uomo', 'orario 23:47', 'dispositivo o comando vocale', ""affermazione dell'uomo che 23:47 è corretto"", ""causa o antecedente dell'affermazione""]","La rappresentazione del modello non recupera alcuna delle entità o eventi richiesti per rispondere alla domanda. Non ci sono informazioni sull'uomo, sull'orario 23:47, né su un dispositivo o comando vocale. Inoltre, manca completamente l'evento chiave dell'affermazione dell'uomo e qualsiasi antecedente che possa spiegare il nesso causale richiesto. Pertanto, la comprensione è insufficiente."
qwen,video047,1,Dove si trovava il telefono prima che la donna rispondesse?,spaziale,S2,S2|T1,2,telefono; donna anziana,evento contestuale: la donna risponde al telefono; localizzazione precedente del telefono,identificare l'ancora temporale; recuperare lo stato spaziale nella fase richiesta; confrontare le fasi pertinenti senza introdurre cambiamenti non osservati,recupero spaziale condizionato da una fase precedente/successiva/iniziale o dal primo occorrere di un evento; richiede confronto tra almeno due stati temporali,two_intervals,2,esplicita,alta,"[""spaziale"", ""temporale""]",0,0,0,0,insufficiente,[],"['Identificazione del telefono come entità.', 'Localizzazione del telefono prima che la donna risponda.', 'Evento della donna che risponde al telefono.', ""Confronto tra la posizione del telefono prima e dopo l'evento.""]","Il modello non ha recuperato alcuna informazione rilevante per rispondere alla domanda. Mancano completamente l'identificazione del telefono, la localizzazione spaziale prima dell'evento e l'evento stesso della donna che risponde al telefono. Senza queste informazioni, non è possibile eseguire l'inferenza richiesta."
qwen,video047,2,La signora anziana grida 'Oddio! Cosa posso fare?' prima o dopo aver detto di essere sola?,temporale,T1,T1,1,donna anziana; frase «Oddio! Cosa posso fare?»; dichiarazione di essere sola,evento A: la donna grida «Oddio! Cosa posso fare?»; evento B: dice di essere sola,"riconoscere i due eventi oppure l'evento e l'ancora temporale; localizzarli nella sequenza; determinare la relazione prima/dopo, primo/secondo, corrente/precedente o il momento richiesto",localizzazione rispetto a un'ancora temporale esplicita oppure ordinamento pairwise tra due eventi/stati direttamente identificabili,two_intervals,2,esplicita,alta,"[""temporale""]",0,0,0,0,insufficiente,[],"['Identificazione della donna anziana', 'Riconoscimento della frase «Oddio! Cosa posso fare?»', 'Riconoscimento della dichiarazione di essere sola', 'Ordinamento temporale tra i due eventi richiesti']","Il modello non ha recuperato alcuna delle entità o eventi specifici richiesti dalla domanda. Non sono stati identificati né la frase ""Oddio! Cosa posso fare?"" né la dichiarazione di essere sola, né è stato determinato l'ordine temporale tra questi eventi. Pertanto, la rappresentazione è insufficiente per affrontare la domanda."
qwen,video047,3,Perché la donna anziana è preoccupata?,causale,C2,C2|T1,2,donna anziana,effetto da spiegare: la donna è preoccupata; causa/antecedente: da identificare nell'evidenza disponibile,riconoscere l'effetto o comportamento da spiegare; recuperare il contesto pertinente; inferire la causa/intenzione/motivazione solo se supportata dalle evidenze; evitare di colmare lacune con conoscenza non presente nel video,"la risposta richiede almeno un passaggio inferenziale implicito su motivazione, intenzione, stato mentale, valutazione sociale, finalità procedurale o relazione causale non direttamente osservabile",two_intervals,2,implicita,moderata,"[""causale"", ""temporale""]",0,0,0,0,insufficiente,[],"['Identificazione della donna anziana', 'Stato di preoccupazione della donna anziana', 'Contesto o eventi che potrebbero causare preoccupazione', 'Relazione causale tra eventi e preoccupazione']","La rappresentazione del modello non recupera alcuna informazione specifica sulla donna anziana, sul suo stato di preoccupazione o su eventi che potrebbero spiegare tale stato. Mancano completamente le entit 0 e gli eventi necessari per inferire una causa della preoccupazione. Pertanto, la comprensione del modello  e insufficiente per affrontare la domanda."
qwen,video048,1,Dove sbatte la mano la professoressa?,spaziale,S1,S1|T0,1,professoressa; mano,evento: la professoressa sbatte la mano; localizzazione della superficie,"riconoscere l'evento o la relazione spaziale pertinente; allineare il referente all'intervallo locale; recuperare origine, destinazione, direzione, supporto o posizione richiesta",una relazione spaziale esplicita o una localizzazione condizionata da un singolo evento osservabile nello stesso intervallo locale,local_interval,1,esplicita,moderata,"[""spaziale"", ""temporale""]",0,0,0,0,insufficiente,[],"['Identificazione della professoressa', 'Identificazione della mano della professoressa', 'Evento della professoressa che sbatte la mano', 'Localizzazione della superficie su cui la mano viene sbattuta', 'Relazione spaziale tra la mano e la superficie']","L'analisi del modello non ha recuperato alcuna informazione rilevante per rispondere alla domanda. Mancano completamente l'identificazione delle entità chiave (professoressa e mano), l'evento specifico (sbatte la mano) e la localizzazione spaziale richiesta. Pertanto, la comprensione è insufficiente."
qwen,video048,2,Quale bambino inizia a ridere per primo?,temporale,T2,T2,2,bambini presenti; primo bambino che ride,insieme di eventi: inizio della risata per ciascun bambino presente; target: identificare il primo onset,"riconoscere gli eventi o stati pertinenti; ricostruire l'evoluzione temporale necessaria; calcolare conteggio/durata oppure distinguere onset, continuazione e stato già completato","durata, conteggio/iterazione, selezione del primo onset tra più candidati o ricostruzione di uno stato già in corso/completato",multi_event_sequence,>=3,esplicita,alta,"[""temporale""]",0,0,0,0,insufficiente,[],"['Identificazione dei bambini presenti nel video.', ""Riconoscimento dell'inizio della risata per ciascun bambino."", 'Sequenza temporale degli eventi di risata per determinare chi ride per primo.']","Il modello non ha recuperato alcuna informazione rilevante per identificare quale bambino inizi a ridere per primo. Mancano completamente l'identificazione dei bambini, il riconoscimento degli eventi di risata e la sequenza temporale necessaria per determinare il primo onset. Pertanto, la comprensione è insufficiente."
qwen,video048,3,Perché i professori iniziano a comportarsi come dei bambini maleducati?,causale,C2,C2|T1,2,professori; bambini; comportamento maleducato,effetto da spiegare: i professori si comportano come bambini maleducati; causa/antecedente: da identificare nell'evidenza disponibile,riconoscere l'effetto o comportamento da spiegare; recuperare il contesto pertinente; inferire la causa/intenzione/motivazione solo se supportata dalle evidenze; evitare di colmare lacune con conoscenza non presente nel video,"la risposta richiede almeno un passaggio inferenziale implicito su motivazione, intenzione, stato mentale, valutazione sociale, finalità procedurale o relazione causale non direttamente osservabile",two_intervals,2,implicita,moderata,"[""causale"", ""temporale""]",0,0,0,0,insufficiente,[],"['Identificazione dei professori', 'Identificazione dei bambini', 'Descrizione del comportamento maleducato', 'Eventi che mostrano i professori comportarsi come bambini maleducati', 'Cause o antecedenti del comportamento dei professori']","L'analisi del modello non ha recuperato alcuna informazione rilevante per identificare le entità coinvolte (professori, bambini), né ha descritto eventi o comportamenti specifici che possano essere interpretati come professori che si comportano in modo maleducato. Inoltre, non sono state fornite cause o antecedenti che spieghino tale comportamento. Pertanto, la rappresentazione è insufficiente per affrontare la domanda."
qwen,video049,1,Dove si trovano gli operai?,spaziale,S0,S0,0,operai; cantiere o luogo di lavoro,localizzazione degli operai,identificare il referente target; recuperare una singola evidenza spaziale direttamente osservabile; restituire la localizzazione senza confronto tra fasi,recupero spaziale diretto da una singola evidenza stabile; nessun confronto temporale o ricostruzione di stato,single_frame,1,esplicita,nessuna,"[""spaziale""]",0,0,0,0,insufficiente,[],"['Identificazione degli operai', 'Localizzazione degli operai', 'Luogo di lavoro o cantiere']","Il modello non ha recuperato alcuna informazione specifica sugli operai o sulla loro localizzazione. L'unica entità identificata è una 'persona', ma non è associata al ruolo di operaio né a un contesto di cantiere o luogo di lavoro. Pertanto, non è possibile rispondere alla domanda sulla base delle informazioni fornite."
qwen,video049,2,Quanto tempo ci vuole ai ragazzi nel video per ottenere la qualifica di operatore edile?,temporale,T2,T2,2,ragazzi; qualifica di operatore edile,evento target: conseguimento della qualifica; misura temporale: durata necessaria,"riconoscere gli eventi o stati pertinenti; ricostruire l'evoluzione temporale necessaria; calcolare conteggio/durata oppure distinguere onset, continuazione e stato già completato","durata, conteggio/iterazione, selezione del primo onset tra più candidati o ricostruzione di uno stato già in corso/completato",multi_event_sequence,2,esplicita,alta,"[""temporale""]",0,0,0,0,insufficiente,[],"['Entità: ragazzi, qualifica di operatore edile', 'Evento: conseguimento della qualifica', 'Misura temporale: durata necessaria per ottenere la qualifica', 'Evoluzione temporale degli eventi', 'Calcolo della durata o conteggio degli eventi']","Il modello non ha recuperato alcuna informazione rilevante per rispondere alla domanda. Mancano completamente le entità chiave come i ragazzi e la qualifica di operatore edile, così come gli eventi e le misure temporali necessarie per determinare la durata del processo di qualificazione. Non è possibile eseguire alcuna inferenza temporale o calcolo della durata."
qwen,video049,3,Perché gli studenti stanno lavorando come manovali?,causale,C2,C2|T1,2,studenti; lavoro da manovali,effetto da spiegare: gli studenti lavorano come manovali; causa/antecedente: da identificare nell'evidenza disponibile,riconoscere l'effetto o comportamento da spiegare; recuperare il contesto pertinente; inferire la causa/intenzione/motivazione solo se supportata dalle evidenze; evitare di colmare lacune con conoscenza non presente nel video,"la risposta richiede almeno un passaggio inferenziale implicito su motivazione, intenzione, stato mentale, valutazione sociale, finalità procedurale o relazione causale non direttamente osservabile",two_intervals,2,implicita,moderata,"[""causale"", ""temporale""]",0,0,0,0,insufficiente,[],"['Identificazione degli studenti', 'Descrizione del lavoro come manovali', 'Contesto o motivazione per cui gli studenti lavorano come manovali', 'Eventi che mostrano gli studenti lavorare come manovali']","L'analisi del modello non ha recuperato alcuna informazione rilevante per rispondere alla domanda. Non sono state identificate le entità chiave come gli studenti o il lavoro da manovali, né sono stati riconosciuti eventi che mostrano gli studenti impegnati in tale attività. Inoltre, manca completamente il contesto o la motivazione che spiegherebbe perché gli studenti stanno lavorando come manovali. Di conseguenza, non è possibile eseguire alcuna inferenza causale richiesta dalla domanda."
qwen,video050,1,I bambini si trovano dentro un autobus o per strada?,spaziale,S0,S0,0,bambini; autobus; strada,stato/localizzazione: i bambini sono dentro un autobus oppure per strada,identificare il referente target; recuperare una singola evidenza spaziale direttamente osservabile; restituire la localizzazione senza confronto tra fasi,recupero spaziale diretto da una singola evidenza stabile; nessun confronto temporale o ricostruzione di stato,single_frame,1,esplicita,nessuna,"[""spaziale""]",0,0,0,0,insufficiente,[],"['Presenza di bambini', 'Presenza di un autobus', 'Presenza di una strada', ""Localizzazione dei bambini rispetto all'autobus o alla strada""]","L'analisi del modello non ha recuperato alcuna informazione riguardante i bambini, un autobus o una strada. Non è stata identificata la localizzazione dei bambini, né se si trovano dentro un autobus o per strada. Pertanto, non è possibile rispondere alla domanda basandosi sulla rappresentazione fornita."
qwen,video050,2,L'app del 'Piedibus' è stata sviluppata alla nascita del progetto o dopo?,temporale,T1,T1,1,app Piedibus; nascita del progetto; sviluppo dell'app,evento A: nasce il progetto Piedibus; evento B: viene sviluppata l'app,"riconoscere i due eventi oppure l'evento e l'ancora temporale; localizzarli nella sequenza; determinare la relazione prima/dopo, primo/secondo, corrente/precedente o il momento richiesto",localizzazione rispetto a un'ancora temporale esplicita oppure ordinamento pairwise tra due eventi/stati direttamente identificabili,two_intervals,2,parzialmente implicita,alta,"[""temporale""]",0,0,0,0,insufficiente,[],"[""Entità 'app Piedibus' non identificata"", ""Entità 'nascita del progetto' non identificata"", ""Evento 'nascita del progetto Piedibus' non identificato"", ""Evento 'sviluppo dell'app' non identificato"", ""Relazione temporale tra nascita del progetto e sviluppo dell'app non determinata""]","L'analisi del modello non ha recuperato alcuna delle entità o eventi richiesti per rispondere alla domanda. Non sono stati identificati né l'app Piedibus, né la nascita del progetto, né lo sviluppo dell'app. Inoltre, non è stata determinata alcuna relazione temporale tra questi eventi. Pertanto, la rappresentazione è insufficiente per affrontare la domanda."
qwen,video050,3,Perché il 'Piedibus' è ecologico?,causale,C2,C2|T1,2,Piedibus; bambini o partecipanti,effetto da spiegare: il Piedibus è definito ecologico; causa/antecedente: da identificare nell'evidenza disponibile,riconoscere l'effetto o comportamento da spiegare; recuperare il contesto pertinente; inferire la causa/intenzione/motivazione solo se supportata dalle evidenze; evitare di colmare lacune con conoscenza non presente nel video,"la risposta richiede almeno un passaggio inferenziale implicito su motivazione, intenzione, stato mentale, valutazione sociale, finalità procedurale o relazione causale non direttamente osservabile",two_intervals,2,implicita,moderata,"[""causale"", ""temporale""]",0,0,0,0,insufficiente,[],"[""Identificazione del 'Piedibus' come entità o concetto."", 'Partecipanti specifici come bambini o gruppi di persone.', ""Eventi che mostrano il 'Piedibus' in azione o il suo effetto ecologico."", ""Causa o motivazione per cui il 'Piedibus' è considerato ecologico.""]","La rappresentazione del modello non recupera alcuna informazione rilevante per rispondere alla domanda. Non sono identificate le entità chiave come il 'Piedibus' o i partecipanti, né sono presenti eventi o inferenze che spieghino perché il 'Piedibus' sia ecologico. Mancano completamente le basi per un'analisi causale o inferenziale."
qwen,video051,1,Dove si trova la freccia per tornare indietro?,spaziale,S0,S0,0,freccia per tornare indietro; posizione della freccia,localizzazione della freccia di navigazione all'indietro,identificare il referente target; recuperare una singola evidenza spaziale direttamente osservabile; restituire la localizzazione senza confronto tra fasi,recupero spaziale diretto da una singola evidenza stabile; nessun confronto temporale o ricostruzione di stato,single_frame,1,esplicita,nessuna,"[""spaziale""]",0,0,0,0,insufficiente,[],"['freccia per tornare indietro', 'posizione della freccia', ""localizzazione della freccia di navigazione all'indietro""]","La rappresentazione del modello non recupera alcuna informazione riguardante la freccia per tornare indietro o la sua posizione. Non ci sono evidenze di entità o eventi che permettano di identificare o localizzare la freccia richiesta dalla domanda. Pertanto, la comprensione è insufficiente."
qwen,video051,2,La bambina si muove prima o dopo che le voci fuori campo elogino il bambino?,temporale,T1,T1,1,bambina; bambino; voci fuori campo,evento A: la bambina si muove; evento B: le voci fuori campo elogiano il bambino,"riconoscere i due eventi oppure l'evento e l'ancora temporale; localizzarli nella sequenza; determinare la relazione prima/dopo, primo/secondo, corrente/precedente o il momento richiesto",localizzazione rispetto a un'ancora temporale esplicita oppure ordinamento pairwise tra due eventi/stati direttamente identificabili,two_intervals,2,esplicita,alta,"[""temporale""]",0,0,0,0,insufficiente,[],"['Identificazione della bambina', 'Identificazione del bambino', 'Identificazione delle voci fuori campo', 'Evento A: la bambina si muove', 'Evento B: le voci fuori campo elogiano il bambino', 'Relazione temporale tra evento A e evento B']","La rappresentazione del modello non recupera alcuna delle entità o eventi richiesti per rispondere alla domanda. Non sono identificati né la bambina, né il bambino, né le voci fuori campo, né gli eventi specifici di movimento della bambina o di elogio del bambino. Di conseguenza, non è possibile determinare la relazione temporale richiesta. La comprensione è insufficiente."
qwen,video051,3,Perché la donna fuori campo è contenta della bambina che si muove indietro?,causale,C2,C2|T1,2,donna fuori campo; bambina; movimento all'indietro,effetto da spiegare: la donna è contenta del movimento all'indietro della bambina; causa/antecedente: da identificare nell'evidenza disponibile,riconoscere l'effetto o comportamento da spiegare; recuperare il contesto pertinente; inferire la causa/intenzione/motivazione solo se supportata dalle evidenze; evitare di colmare lacune con conoscenza non presente nel video,"la risposta richiede almeno un passaggio inferenziale implicito su motivazione, intenzione, stato mentale, valutazione sociale, finalità procedurale o relazione causale non direttamente osservabile",two_intervals,2,implicita,moderata,"[""causale"", ""temporale""]",0,0,0,0,insufficiente,[],"['Identificazione della donna fuori campo', 'Identificazione della bambina', ""Descrizione del movimento all'indietro della bambina"", 'Espressione di contentezza della donna', 'Contesto che spiega la contentezza della donna']","L'analisi del modello non ha recuperato alcuna informazione rilevante per rispondere alla domanda. Mancano completamente le entità chiave (donna fuori campo, bambina), gli eventi (movimento all'indietro, contentezza della donna) e qualsiasi inferenza causale o motivazionale. Pertanto, la rappresentazione è insufficiente per affrontare la domanda."
qwen,video052,1,Dove si trovava l'oggetto che pesa un quintale prima che l'uomo lo prendesse in mano?,spaziale,S2,S2|T1,2,oggetto che pesa un quintale; uomo; luogo iniziale dell'oggetto,evento contestuale: l'uomo prende l'oggetto in mano; localizzazione precedente dell'oggetto,identificare l'ancora temporale; recuperare lo stato spaziale nella fase richiesta; confrontare le fasi pertinenti senza introdurre cambiamenti non osservati,recupero spaziale condizionato da una fase precedente/successiva/iniziale o dal primo occorrere di un evento; richiede confronto tra almeno due stati temporali,two_intervals,2,esplicita,alta,"[""spaziale"", ""temporale""]",0,0,0,0,insufficiente,[],"['Oggetto che pesa un quintale', ""Luogo iniziale dell'oggetto"", ""Evento in cui l'uomo prende l'oggetto in mano"", ""Localizzazione precedente dell'oggetto""]","L'analisi del modello non recupera alcuna informazione riguardante l'oggetto che pesa un quintale, né il luogo in cui si trovava prima che l'uomo lo prendesse in mano. Non sono identificati eventi o stati spaziali rilevanti per rispondere alla domanda. Mancano completamente le informazioni necessarie per eseguire l'inferenza richiesta."
qwen,video052,2,L'uomo con la pelliccia tossisce prima o dopo aver preso la bambola in mano?,temporale,T1,T1,1,uomo con la pelliccia; bambola,evento A: l'uomo tossisce; evento B: l'uomo prende la bambola in mano,"riconoscere i due eventi oppure l'evento e l'ancora temporale; localizzarli nella sequenza; determinare la relazione prima/dopo, primo/secondo, corrente/precedente o il momento richiesto",localizzazione rispetto a un'ancora temporale esplicita oppure ordinamento pairwise tra due eventi/stati direttamente identificabili,two_intervals,2,esplicita,alta,"[""temporale""]",0,0,0,0,insufficiente,[],"[""Identificazione dell'uomo con la pelliccia"", 'Identificazione della bambola', ""Evento A: l'uomo tossisce"", ""Evento B: l'uomo prende la bambola in mano"", 'Relazione temporale tra i due eventi']","Il modello non ha recuperato alcuna delle entità o eventi richiesti per rispondere alla domanda. Non sono stati identificati né l'uomo con la pelliccia né la bambola, né sono stati riconosciuti gli eventi di tossire o prendere la bambola. Di conseguenza, non è possibile determinare la relazione temporale tra questi eventi. La comprensione è insufficiente."
qwen,video052,3,Perché l'uomo con il cappello dà la bambola all'uomo con il sigaro?,causale,C2,C2|T1,2,uomo con il cappello; uomo con il sigaro; bambola,effetto da spiegare: l'uomo con il cappello dà la bambola all'uomo con il sigaro; causa/antecedente: da identificare nell'evidenza disponibile,riconoscere l'effetto o comportamento da spiegare; recuperare il contesto pertinente; inferire la causa/intenzione/motivazione solo se supportata dalle evidenze; evitare di colmare lacune con conoscenza non presente nel video,"la risposta richiede almeno un passaggio inferenziale implicito su motivazione, intenzione, stato mentale, valutazione sociale, finalità procedurale o relazione causale non direttamente osservabile",two_intervals,2,implicita,moderata,"[""causale"", ""temporale""]",0,0,0,0,insufficiente,[],"[""Identificazione dell'uomo con il cappello"", ""Identificazione dell'uomo con il sigaro"", 'Identificazione della bambola', 'Evento di passaggio della bambola', 'Causa o motivazione del passaggio della bambola']","L'analisi del modello non ha recuperato alcuna delle entità chiave (uomo con il cappello, uomo con il sigaro, bambola) né l'evento centrale del passaggio della bambola. Inoltre, non è stata fornita alcuna informazione che possa supportare un'inferenza causale o motivazionale. Pertanto, la rappresentazione è insufficiente per affrontare la domanda."
qwen,video053,1,Dove si mette la mano il facchino quando il receptionist gli dice: 'Hai visto che sventola?',spaziale,S1,S1|T0,1,facchino; receptionist; mano del facchino; persona definita «sventola»,evento contestuale: il receptionist dice «Hai visto che sventola?»; localizzazione della mano del facchino,"riconoscere l'evento o la relazione spaziale pertinente; allineare il referente all'intervallo locale; recuperare origine, destinazione, direzione, supporto o posizione richiesta",una relazione spaziale esplicita o una localizzazione condizionata da un singolo evento osservabile nello stesso intervallo locale,local_interval,2,esplicita,moderata,"[""spaziale"", ""temporale""]",0,0,0,0,insufficiente,[],"['Facchino', 'Receptionist', 'Mano del facchino', 'Persona definita «sventola»', 'Evento in cui il receptionist dice «Hai visto che sventola?»', 'Localizzazione della mano del facchino']",Nessuna delle entità o degli eventi richiesti è stata recuperata dall'analisi del modello. Non ci sono informazioni sulla posizione della mano del facchino né sull'evento in cui il receptionist fa il commento. La rappresentazione è insufficiente per affrontare la domanda.
qwen,video053,2,La donna con la pelliccia bianca si tappa le orecchie prima o dopo che il receptionist prema il campanello?,temporale,T1,T1,1,donna con la pelliccia bianca; receptionist; campanello; orecchie,evento A: la donna si tappa le orecchie; evento B: il receptionist preme il campanello,"riconoscere i due eventi oppure l'evento e l'ancora temporale; localizzarli nella sequenza; determinare la relazione prima/dopo, primo/secondo, corrente/precedente o il momento richiesto",localizzazione rispetto a un'ancora temporale esplicita oppure ordinamento pairwise tra due eventi/stati direttamente identificabili,two_intervals,2,esplicita,alta,"[""temporale""]",0,0,0,0,insufficiente,[],"['Identificazione della donna con la pelliccia bianca', 'Identificazione del receptionist', 'Identificazione del campanello', 'Evento della donna che si tappa le orecchie', 'Evento del receptionist che preme il campanello', 'Relazione temporale tra i due eventi']","La rappresentazione del modello non recupera alcuna delle entità o eventi richiesti per rispondere alla domanda. Non sono identificati né la donna con la pelliccia bianca, né il receptionist, né il campanello. Inoltre, non sono riconosciuti gli eventi chiave (la donna che si tappa le orecchie e il receptionist che preme il campanello) né la loro relazione temporale. Pertanto, la comprensione è insufficiente."
qwen,video053,3,Perché il receptionist non dà la chiave all'uomo con la pelliccia?,causale,C2,C2|T1,2,receptionist; uomo con la pelliccia; chiave,effetto da spiegare: il receptionist non dà la chiave all'uomo; causa/antecedente: da identificare nell'evidenza disponibile,riconoscere l'effetto o comportamento da spiegare; recuperare il contesto pertinente; inferire la causa/intenzione/motivazione solo se supportata dalle evidenze; evitare di colmare lacune con conoscenza non presente nel video,"la risposta richiede almeno un passaggio inferenziale implicito su motivazione, intenzione, stato mentale, valutazione sociale, finalità procedurale o relazione causale non direttamente osservabile",two_intervals,2,implicita,moderata,"[""causale"", ""temporale""]",30,20,10,25,insufficiente,['Presenza di un receptionist e di un uomo con la pelliccia'],"['Interazione specifica tra receptionist e uomo con la pelliccia', 'Azione del receptionist di non dare la chiave', 'Motivazione o causa per cui la chiave non viene data', 'Contesto o antecedente che spiega il comportamento del receptionist']","La rappresentazione del modello non recupera informazioni sufficienti per affrontare la domanda. Mancano dettagli cruciali sull'interazione tra il receptionist e l'uomo con la pelliccia, così come la motivazione o causa per cui la chiave non viene data. Senza questi elementi, non è possibile eseguire l'inferenza richiesta."
qwen,video054,1,Dove stanno passando per andare al mare?,spaziale,S1,S1|T0,1,persone in viaggio; mare,evento: le persone passano da un luogo per andare al mare; localizzazione del percorso,"riconoscere l'evento o la relazione spaziale pertinente; allineare il referente all'intervallo locale; recuperare origine, destinazione, direzione, supporto o posizione richiesta",una relazione spaziale esplicita o una localizzazione condizionata da un singolo evento osservabile nello stesso intervallo locale,local_interval,1,esplicita,moderata,"[""spaziale"", ""temporale""]",0,0,0,0,insufficiente,['Presenza di una persona (e1) in due segmenti temporali.'],"['Identificazione di persone in viaggio verso il mare.', 'Localizzazione del percorso o del luogo attraverso cui passano.', ""Riconoscimento dell'evento di passaggio verso il mare."", 'Relazione spaziale esplicita o localizzazione condizionata da un evento osservabile.']","La rappresentazione del modello non recupera alcuna informazione rilevante per rispondere alla domanda. Mancano completamente le entità chiave come il mare e il percorso, così come l'evento di passaggio verso il mare. Non è possibile inferire alcuna relazione spaziale o direzione di viaggio. Pertanto, la comprensione è insufficiente."
qwen,video054,2,Hanno appena visto quindici Cinquecento grigie o è successo prima?,temporale,T1,T1,1,persone nel veicolo; quindici Fiat Cinquecento grigie,evento A: vengono viste quindici Cinquecento grigie nel momento corrente; evento B: l'avvistamento è avvenuto in precedenza,"riconoscere i due eventi oppure l'evento e l'ancora temporale; localizzarli nella sequenza; determinare la relazione prima/dopo, primo/secondo, corrente/precedente o il momento richiesto",localizzazione rispetto a un'ancora temporale esplicita oppure ordinamento pairwise tra due eventi/stati direttamente identificabili,two_intervals,2,esplicita,alta,"[""temporale""]",0,0,0,0,insufficiente,[],"['quindici Fiat Cinquecento grigie', 'evento A: vengono viste quindici Cinquecento grigie nel momento corrente', ""evento B: l'avvistamento è avvenuto in precedenza"", ""relazione temporale tra l'avvistamento delle Cinquecento e il momento corrente""]","La rappresentazione del modello non recupera alcuna informazione riguardante le quindici Fiat Cinquecento grigie o gli eventi di avvistamento richiesti. Non ci sono elementi che permettano di stabilire una relazione temporale tra l'avvistamento delle Cinquecento e il momento corrente. Pertanto, la comprensione è insufficiente."
qwen,video054,3,Perché la bambina con la maglia azzurra crede che non troveranno più la macchina?,causale,C2,C2|T1,2,bambina con la maglia azzurra; macchina della famiglia; altre Cinquecento,effetto da spiegare: la bambina teme di non ritrovare la macchina; causa/antecedente: da identificare nell'evidenza disponibile,riconoscere l'effetto o comportamento da spiegare; recuperare il contesto pertinente; inferire la causa/intenzione/motivazione solo se supportata dalle evidenze; evitare di colmare lacune con conoscenza non presente nel video,"la risposta richiede almeno un passaggio inferenziale implicito su motivazione, intenzione, stato mentale, valutazione sociale, finalità procedurale o relazione causale non direttamente osservabile",two_intervals,2,implicita,moderata,"[""causale"", ""temporale""]",0,0,0,0,insufficiente,[],"['Identificazione della bambina con la maglia azzurra', 'Presenza della macchina della famiglia', 'Presenza di altre Cinquecento', 'Evento in cui la bambina esprime il timore di non ritrovare la macchina', 'Causa o antecedente che spiega il timore della bambina']","L'analisi del modello non ha recuperato alcuna delle entità o eventi richiesti per rispondere alla domanda. Non sono state identificate né la bambina con la maglia azzurra né la macchina della famiglia, né è stato osservato l'evento in cui la bambina esprime il suo timore. Inoltre, manca qualsiasi evidenza che possa supportare un'inferenza causale sul motivo del timore della bambina. Pertanto, la comprensione è insufficiente."
qwen,video055,1,Dove si svolge la scena?,spaziale,S0,S0,0,persone della scena,localizzazione complessiva della scena,identificare il referente target; recuperare una singola evidenza spaziale direttamente osservabile; restituire la localizzazione senza confronto tra fasi,recupero spaziale diretto da una singola evidenza stabile; nessun confronto temporale o ricostruzione di stato,single_frame,1,esplicita,nessuna,"[""spaziale""]",0,0,0,0,insufficiente,[],"['Localizzazione complessiva della scena', 'Referente target per la localizzazione', 'Evidenza spaziale esplicita e stabile']","La rappresentazione del modello non fornisce alcuna informazione sulla localizzazione spaziale della scena. Non sono presenti riferimenti a luoghi, ambienti o contesti che possano indicare dove si svolge la scena. Mancano completamente le informazioni necessarie per identificare il luogo della scena, rendendo impossibile rispondere alla domanda."
qwen,video055,2,Il padre è andato a farsi il bagno prima o dopo le bambine?,temporale,T1,T1,1,padre; bambine; bagno in acqua,evento A: il padre va a fare il bagno; evento B: le bambine vanno a fare il bagno,"riconoscere i due eventi oppure l'evento e l'ancora temporale; localizzarli nella sequenza; determinare la relazione prima/dopo, primo/secondo, corrente/precedente o il momento richiesto",localizzazione rispetto a un'ancora temporale esplicita oppure ordinamento pairwise tra due eventi/stati direttamente identificabili,two_intervals,2,esplicita,alta,"[""temporale""]",0,0,0,0,insufficiente,[],"['Identificazione del padre', 'Identificazione delle bambine', 'Evento del padre che va a fare il bagno', 'Evento delle bambine che vanno a fare il bagno', 'Relazione temporale tra i due eventi']","La rappresentazione del modello non recupera alcuna delle entità o eventi richiesti per rispondere alla domanda. Non sono identificati né il padre né le bambine, né sono riconosciuti gli eventi di andare a fare il bagno. Inoltre, manca completamente la relazione temporale tra questi eventi. Pertanto, la comprensione è insufficiente."
qwen,video055,3,Perché Vane corre subito indietro quando tocca l'acqua?,causale,C2,C2|T1,2,Vane; acqua,effetto da spiegare: Vane corre subito indietro quando tocca l'acqua; causa/antecedente: da identificare nell'evidenza disponibile,riconoscere l'effetto o comportamento da spiegare; recuperare il contesto pertinente; inferire la causa/intenzione/motivazione solo se supportata dalle evidenze; evitare di colmare lacune con conoscenza non presente nel video,"la risposta richiede almeno un passaggio inferenziale implicito su motivazione, intenzione, stato mentale, valutazione sociale, finalità procedurale o relazione causale non direttamente osservabile",two_intervals,2,implicita,moderata,"[""causale"", ""temporale""]",0,0,0,0,insufficiente,[],"['Identificazione di Vane come entità.', ""Identificazione dell'acqua come entità."", ""Descrizione dell'evento in cui Vane tocca l'acqua e corre indietro."", 'Causa o antecedente che spiega perché Vane corre indietro.', 'Qualsiasi inferenza su motivazione, intenzione o stato mentale di Vane.']","L'analisi del modello non ha recuperato alcuna informazione rilevante per rispondere alla domanda. Mancano completamente le entità chiave (Vane e acqua), l'evento centrale (Vane che corre indietro dopo aver toccato l'acqua) e qualsiasi inferenza causale o motivazionale necessaria per spiegare il comportamento di Vane. Pertanto, la comprensione è insufficiente."
qwen,video056,1,Dove si trova il pecorino in crema?,spaziale,S0,S0,0,pecorino in crema,localizzazione del pecorino in crema,identificare il referente target; recuperare una singola evidenza spaziale direttamente osservabile; restituire la localizzazione senza confronto tra fasi,recupero spaziale diretto da una singola evidenza stabile; nessun confronto temporale o ricostruzione di stato,single_frame,1,esplicita,nessuna,"[""spaziale""]",0,0,0,0,insufficiente,[],"['Identificazione del pecorino in crema', 'Localizzazione spaziale del pecorino in crema', 'Evidenza diretta della posizione del pecorino in crema']","La rappresentazione del modello non include alcuna informazione riguardante il pecorino in crema, né la sua localizzazione spaziale. Non sono state recuperate entità o eventi rilevanti per rispondere alla domanda, né è possibile eseguire l'inferenza richiesta. Pertanto, la comprensione è insufficiente."
qwen,video056,2,La bambina mangia prima o dopo che venga buttato via l'insetto?,temporale,T1,T1,1,bambina; insetto,evento A: la bambina mangia; evento B: l'insetto viene buttato via,"riconoscere i due eventi oppure l'evento e l'ancora temporale; localizzarli nella sequenza; determinare la relazione prima/dopo, primo/secondo, corrente/precedente o il momento richiesto",localizzazione rispetto a un'ancora temporale esplicita oppure ordinamento pairwise tra due eventi/stati direttamente identificabili,two_intervals,2,esplicita,alta,"[""temporale""]",0,0,0,0,insufficiente,[],"['Identificazione della bambina', ""Identificazione dell'insetto"", 'Evento A: la bambina mangia', ""Evento B: l'insetto viene buttato via"", 'Relazione temporale tra i due eventi']","La rappresentazione del modello non recupera alcuna delle entità o degli eventi richiesti per rispondere alla domanda. Non sono identificati né la bambina né l'insetto, né sono riconosciuti gli eventi di mangiare o buttare via l'insetto. Di conseguenza, non è possibile determinare la relazione temporale tra questi eventi. La comprensione è quindi insufficiente."
qwen,video056,3,Perché la bambina butta via l'insetto?,causale,C2,C2|T1,2,bambina; insetto,effetto da spiegare: la bambina butta via l'insetto; causa/antecedente: da identificare nell'evidenza disponibile,riconoscere l'effetto o comportamento da spiegare; recuperare il contesto pertinente; inferire la causa/intenzione/motivazione solo se supportata dalle evidenze; evitare di colmare lacune con conoscenza non presente nel video,"la risposta richiede almeno un passaggio inferenziale implicito su motivazione, intenzione, stato mentale, valutazione sociale, finalità procedurale o relazione causale non direttamente osservabile",two_intervals,2,implicita,moderata,"[""causale"", ""temporale""]",0,0,0,0,insufficiente,[],"['Identificazione della bambina', ""Identificazione dell'insetto"", ""Evento della bambina che butta via l'insetto"", ""Causa o antecedente dell'azione della bambina"", 'Contesto pertinente per inferire la motivazione']","L'analisi del modello non ha recuperato alcuna delle entità o eventi specifici richiesti dalla domanda. Non sono stati identificati né la bambina né l'insetto, né l'azione di buttare via l'insetto. Inoltre, manca completamente il contesto necessario per inferire la motivazione dell'azione. Pertanto, la rappresentazione è insufficiente per affrontare la domanda."
qwen,video057,1,I 'malloreddus alla campidanese' sono nel piatto di Anastasia o in quello di un'altra bambina?,spaziale,S0,S0,0,malloreddus alla campidanese; piatto di Anastasia; piatto di un'altra bambina,localizzazione della pietanza rispetto ai due piatti,identificare il referente target; recuperare una singola evidenza spaziale direttamente osservabile; restituire la localizzazione senza confronto tra fasi,recupero spaziale diretto da una singola evidenza stabile; nessun confronto temporale o ricostruzione di stato,single_frame,1,esplicita,nessuna,"[""spaziale""]",0,0,0,0,insufficiente,[],"[""Identificazione dei 'malloreddus alla campidanese'"", 'Identificazione del piatto di Anastasia', ""Identificazione del piatto di un'altra bambina"", 'Localizzazione della pietanza rispetto ai due piatti']","La rappresentazione del modello non recupera alcuna delle entità specifiche richieste, come i 'malloreddus alla campidanese' o i piatti di Anastasia e di un'altra bambina. Non ci sono informazioni sugli eventi di localizzazione della pietanza rispetto ai piatti. Di conseguenza, non è possibile eseguire l'inferenza necessaria per determinare in quale piatto si trovino i 'malloreddus alla campidanese'. La comprensione è insufficiente."
qwen,video057,2,Anastasia inizia a masticare dopo che la voce le chiede se è buona o stava già masticando?,temporale,T2,T2,2,Anastasia; voce fuori campo,evento A: la voce chiede ad Anastasia se il cibo è buono; stato target: stabilire se Anastasia stava già masticando oppure se inizia dopo la domanda,"riconoscere gli eventi o stati pertinenti; ricostruire l'evoluzione temporale necessaria; calcolare conteggio/durata oppure distinguere onset, continuazione e stato già completato","durata, conteggio/iterazione, selezione del primo onset tra più candidati o ricostruzione di uno stato già in corso/completato",two_intervals,2,esplicita,alta,"[""temporale""]",0,0,0,0,insufficiente,[],"['Anastasia', 'voce fuori campo', 'evento A: la voce chiede ad Anastasia se il cibo è buono', 'stato target: stabilire se Anastasia stava già masticando oppure se inizia dopo la domanda']","La rappresentazione del modello non recupera alcuna delle entità o eventi specifici richiesti dalla domanda. Non ci sono riferimenti ad Anastasia, alla voce fuori campo, né all'evento in cui la voce chiede se il cibo è buono. Inoltre, manca completamente l'analisi temporale necessaria per determinare se Anastasia stava già masticando o inizia dopo la domanda. Pertanto, la comprensione è insufficiente."
qwen,video057,3,Perché la donna fuori campo dice che c'è un profumo buonissimo?,causale,C1,C1|T0,1,donna fuori campo; cibo o piatto; profumo,effetto da spiegare: la donna dice che c'è un profumo buonissimo; causa/antecedente: da identificare nell'evidenza disponibile,riconoscere l'effetto; individuare un antecedente o stato direttamente osservabile/esplicitamente disponibile; verificare il nesso causale senza attribuire intenzioni o motivazioni non supportate,"nesso causa-effetto fisico, sistemico o comportamentale direttamente osservabile nello stesso intervallo locale",local_interval,1,esplicita,moderata,"[""causale"", ""temporale""]",0,0,0,0,insufficiente,[],"['donna fuori campo', 'cibo o piatto', 'profumo', ""effetto da spiegare: la donna dice che c'è un profumo buonissimo"", ""causa/antecedente: da identificare nell'evidenza disponibile""]","La rappresentazione del modello non recupera alcuna delle entità o eventi richiesti per rispondere alla domanda. Non viene identificata la donna fuori campo, né il cibo o piatto che potrebbe essere la causa del profumo. Inoltre, manca completamente l'evento dell'affermazione della donna riguardo al profumo e qualsiasi antecedente che possa spiegare tale affermazione. Di conseguenza, non è possibile eseguire l'inferenza richiesta per stabilire un nesso causale."
qwen,video058,1,Dove si trova la macchia che sembra un livido?,spaziale,S0,S0,0,macchia simile a un livido; parte del corpo della bambina,localizzazione della macchia,identificare il referente target; recuperare una singola evidenza spaziale direttamente osservabile; restituire la localizzazione senza confronto tra fasi,recupero spaziale diretto da una singola evidenza stabile; nessun confronto temporale o ricostruzione di stato,single_frame,1,esplicita,nessuna,"[""spaziale""]",0,0,0,0,insufficiente,[],"['Macchia simile a un livido', 'Parte del corpo della bambina', 'Localizzazione della macchia']","La rappresentazione del modello non recupera alcuna informazione riguardante la macchia simile a un livido o la sua localizzazione sul corpo della bambina. Non sono presenti entità o eventi che possano essere associati alla domanda, né vi è alcuna inferenza spaziale utile. Pertanto, la comprensione è insufficiente."
qwen,video058,2,Anastasia fa un balletto mentre è sul treno o dopo che è scesa?,temporale,T1,T1,1,Anastasia; treno; balletto,evento A: Anastasia fa un balletto sul treno; evento B: Anastasia scende dal treno,"riconoscere i due eventi oppure l'evento e l'ancora temporale; localizzarli nella sequenza; determinare la relazione prima/dopo, primo/secondo, corrente/precedente o il momento richiesto",localizzazione rispetto a un'ancora temporale esplicita oppure ordinamento pairwise tra due eventi/stati direttamente identificabili,two_intervals,2,esplicita,alta,"[""temporale""]",0,0,0,0,insufficiente,[],"['Identificazione di Anastasia', 'Identificazione del treno', 'Identificazione del balletto', 'Evento A: Anastasia fa un balletto sul treno', 'Evento B: Anastasia scende dal treno', 'Relazione temporale tra evento A e B']","La rappresentazione del modello non recupera alcuna delle entità o eventi richiesti per rispondere alla domanda. Non sono identificati né Anastasia, né il treno, né il balletto, né gli eventi di interesse. Di conseguenza, non è possibile determinare la relazione temporale tra gli eventi richiesti. La comprensione è quindi insufficiente."
qwen,video058,3,Perché la donna crede che la bambina abbia preso un pugno?,causale,C2,C2|T1,2,donna; bambina; macchia o livido; pugno ipotizzato,effetto da spiegare: la donna pensa che la bambina abbia ricevuto un pugno; causa/antecedente: da identificare nell'evidenza disponibile,riconoscere l'effetto o comportamento da spiegare; recuperare il contesto pertinente; inferire la causa/intenzione/motivazione solo se supportata dalle evidenze; evitare di colmare lacune con conoscenza non presente nel video,"la risposta richiede almeno un passaggio inferenziale implicito su motivazione, intenzione, stato mentale, valutazione sociale, finalità procedurale o relazione causale non direttamente osservabile",two_intervals,2,implicita,moderata,"[""causale"", ""temporale""]",0,0,0,0,insufficiente,[],"['Identificazione della donna e della bambina', 'Presenza di una macchia o livido sulla bambina', 'Evento in cui la donna pensa che la bambina abbia ricevuto un pugno', 'Causa o antecedente che porta la donna a pensare che la bambina abbia ricevuto un pugno']","L'analisi del modello non ha recuperato alcuna delle entità o eventi richiesti per rispondere alla domanda. Non sono state identificate né la donna né la bambina, né è stato osservato alcun segno di un pugno o una macchia sulla bambina. Inoltre, manca completamente l'evento in cui la donna pensa che la bambina abbia ricevuto un pugno e qualsiasi causa o antecedente che possa spiegare tale pensiero. Di conseguenza, non è possibile eseguire l'inferenza richiesta."
qwen,video059,1,Dove sono seduti?,spaziale,S0,S0,0,persone sedute; seduta o luogo,localizzazione delle persone sedute,identificare il referente target; recuperare una singola evidenza spaziale direttamente osservabile; restituire la localizzazione senza confronto tra fasi,recupero spaziale diretto da una singola evidenza stabile; nessun confronto temporale o ricostruzione di stato,single_frame,1,esplicita,nessuna,"[""spaziale""]",0,0,0,0,insufficiente,[],"['Localizzazione delle persone sedute', 'Identificazione del luogo o seduta specifica']","Il modello non ha recuperato alcuna informazione riguardante la localizzazione delle persone sedute o il luogo specifico in cui si trovano. Non sono presenti riferimenti a sedute o luoghi, né eventi che descrivano la posizione delle persone. Pertanto, non è possibile rispondere alla domanda sulla base delle informazioni fornite."
qwen,video059,2,"La bambina dice prima che, quando sono saliti, la gondola dondolava oppure che è rilassante?",temporale,T1,T1,1,bambina; gondola; dichiarazione sul dondolio; dichiarazione «è rilassante»,"evento A: la bambina spiega che, quando sono saliti, la gondola dondolava; evento B: la bambina dice che è rilassante","riconoscere i due eventi oppure l'evento e l'ancora temporale; localizzarli nella sequenza; determinare la relazione prima/dopo, primo/secondo, corrente/precedente o il momento richiesto",localizzazione rispetto a un'ancora temporale esplicita oppure ordinamento pairwise tra due eventi/stati direttamente identificabili,two_intervals,2,esplicita,alta,"[""temporale""]",0,0,0,0,insufficiente,[],"['bambina', 'gondola', 'dichiarazione sul dondolio', 'dichiarazione «è rilassante»', 'evento A: la bambina spiega che, quando sono saliti, la gondola dondolava', 'evento B: la bambina dice che è rilassante']","La rappresentazione prodotta dal modello non recupera alcuna delle entità o eventi richiesti per rispondere alla domanda. Non sono presenti riferimenti alla bambina, alla gondola, né alle dichiarazioni specifiche richieste. Di conseguenza, non è possibile eseguire l'inferenza temporale necessaria per determinare l'ordine degli eventi. La comprensione è insufficiente."
qwen,video059,3,Perché la bambina con la canottiera verde/azzurra sorride?,causale,C2,C2|T1,2,persona con la canottiera verde/azzurra,effetto da spiegare: la persona sorride; causa/antecedente: da identificare nell'evidenza disponibile,riconoscere l'effetto o comportamento da spiegare; recuperare il contesto pertinente; inferire la causa/intenzione/motivazione solo se supportata dalle evidenze; evitare di colmare lacune con conoscenza non presente nel video,"la risposta richiede almeno un passaggio inferenziale implicito su motivazione, intenzione, stato mentale, valutazione sociale, finalità procedurale o relazione causale non direttamente osservabile",two_intervals,2,implicita,moderata,"[""causale"", ""temporale""]",0,0,0,0,insufficiente,[],"['Identificazione della bambina con la canottiera verde/azzurra', 'Evento del sorriso della bambina', 'Contesto o antecedente che spiega il sorriso', 'Inferenza sulla causa del sorriso']","La rappresentazione del modello non recupera alcuna delle informazioni necessarie per rispondere alla domanda. Non viene identificata la bambina con la canottiera verde/azzurra, né viene osservato l'evento del sorriso. Inoltre, manca completamente il contesto o l'antecedente che potrebbe spiegare il sorriso, rendendo impossibile qualsiasi inferenza causale. Pertanto, la comprensione è insufficiente."
qwen,video060,1,Dove si attacca la sabbia alla bambina dopo essersi asciugata?,spaziale,S2,S2|T1,2,sabbia; bambina; asciugamano,evento contestuale: la bambina si asciuga; localizzazione della sabbia che si attacca,identificare l'ancora temporale; recuperare lo stato spaziale nella fase richiesta; confrontare le fasi pertinenti senza introdurre cambiamenti non osservati,recupero spaziale condizionato da una fase precedente/successiva/iniziale o dal primo occorrere di un evento; richiede confronto tra almeno due stati temporali,two_intervals,2,esplicita,alta,"[""spaziale"", ""temporale""]",20,10,0,15,insufficiente,['Presenza di una persona (probabilmente la bambina) in due segmenti temporali distinti.'],"['Identificazione della sabbia.', ""Identificazione dell'asciugamano."", 'Evento di asciugatura della bambina.', 'Localizzazione della sabbia che si attacca alla bambina.', 'Confronto tra stati temporali per determinare il cambiamento di stato.']","La rappresentazione del modello manca di elementi chiave per rispondere alla domanda. Non sono state identificate la sabbia, l'asciugamano, né l'evento di asciugatura. Inoltre, non è stato possibile determinare dove la sabbia si attacca alla bambina dopo l'asciugatura, né confrontare stati temporali per inferire il cambiamento richiesto. La comprensione è insufficiente per affrontare la domanda."
qwen,video060,2,La bambina indica col dito la sabbia prima o dopo che le si è attaccata alla mano?,temporale,T1,T1,1,bambina; sabbia; mano; dito,evento A: la bambina indica la sabbia con il dito; evento B: la sabbia si attacca alla mano,"riconoscere i due eventi oppure l'evento e l'ancora temporale; localizzarli nella sequenza; determinare la relazione prima/dopo, primo/secondo, corrente/precedente o il momento richiesto",localizzazione rispetto a un'ancora temporale esplicita oppure ordinamento pairwise tra due eventi/stati direttamente identificabili,two_intervals,2,esplicita,alta,"[""temporale""]",0,0,0,0,insufficiente,[],"['Identificazione della bambina', 'Identificazione della sabbia', 'Identificazione della mano e del dito', 'Evento A: la bambina indica la sabbia con il dito', 'Evento B: la sabbia si attacca alla mano', 'Relazione temporale tra gli eventi A e B']","L'analisi del modello non ha recuperato alcuna delle entità o eventi richiesti per rispondere alla domanda. Non sono stati identificati né la bambina, né la sabbia, né la mano o il dito. Inoltre, non sono stati riconosciuti gli eventi specifici di indicare la sabbia o di sabbia che si attacca alla mano, né è stata stabilita una relazione temporale tra questi eventi. Pertanto, la rappresentazione è insufficiente per affrontare la domanda."
qwen,video060,3,"Perché, dopo che la bambina tocca l'asciugamano, la sabbia le si attacca alla mano?",causale,C1,C1|T0,1,bambina; asciugamano; sabbia; mano,effetto da spiegare: la sabbia si attacca alla mano dopo il contatto con l'asciugamano; causa/antecedente: da identificare nell'evidenza disponibile,riconoscere l'effetto; individuare un antecedente o stato direttamente osservabile/esplicitamente disponibile; verificare il nesso causale senza attribuire intenzioni o motivazioni non supportate,"nesso causa-effetto fisico, sistemico o comportamentale direttamente osservabile nello stesso intervallo locale",local_interval,1,esplicita,moderata,"[""causale"", ""temporale""]",0,0,0,0,insufficiente,[],"['bambina', 'asciugamano', 'sabbia', 'mano', 'evento della sabbia che si attacca alla mano', ""causa o antecedente dell'evento""]","La rappresentazione del modello non recupera alcuna delle entità specifiche richieste (bambina, asciugamano, sabbia, mano) né l'evento chiave della sabbia che si attacca alla mano. Inoltre, non è presente alcuna analisi causale o inferenziale che possa spiegare il fenomeno descritto nella domanda. Pertanto, la comprensione è insufficiente."
qwen,video061,1,Dove è caduto il telefono?,spaziale,S1,S1|T0,1,telefono; punto o superficie di caduta,localizzazione del luogo in cui cade il telefono,"riconoscere l'evento o la relazione spaziale pertinente; allineare il referente all'intervallo locale; recuperare origine, destinazione, direzione, supporto o posizione richiesta",una relazione spaziale esplicita o una localizzazione condizionata da un singolo evento osservabile nello stesso intervallo locale,local_interval,1,esplicita,moderata,"[""spaziale"", ""temporale""]",0,0,0,0,insufficiente,[],"['Telefono', 'Punto o superficie di caduta', 'Localizzazione del luogo in cui cade il telefono', 'Evento di caduta del telefono', 'Relazione spaziale pertinente']","Il modello non ha recuperato alcuna informazione rilevante riguardo al telefono o al luogo di caduta. Non sono stati identificati né l'evento di caduta né la localizzazione spaziale richiesta. Pertanto, la rappresentazione è insufficiente per affrontare la domanda."
qwen,video061,2,Il telefono cade a terra prima che la donna entri nella stanza o dopo?,temporale,T1,T1,1,telefono; donna; stanza,evento A: il telefono cade a terra; evento B: la donna entra nella stanza,"riconoscere i due eventi oppure l'evento e l'ancora temporale; localizzarli nella sequenza; determinare la relazione prima/dopo, primo/secondo, corrente/precedente o il momento richiesto",localizzazione rispetto a un'ancora temporale esplicita oppure ordinamento pairwise tra due eventi/stati direttamente identificabili,two_intervals,2,esplicita,alta,"[""temporale""]",0,0,0,0,insufficiente,[],"['Identificazione del telefono.', 'Identificazione della donna.', 'Identificazione della stanza.', 'Evento A: il telefono cade a terra.', 'Evento B: la donna entra nella stanza.', 'Relazione temporale tra gli eventi.']","Il modello non ha recuperato alcuna informazione rilevante per rispondere alla domanda. Mancano sia le entità chiave (telefono, donna, stanza) sia gli eventi richiesti (caduta del telefono, ingresso della donna). Inoltre, non è stata stabilita alcuna relazione temporale tra gli eventi. Pertanto, la comprensione è insufficiente."
qwen,video061,3,Perché la mamma rimprovera le bambine?,causale,C1,C1|T1,1,mamma; bambine; telefono caduto o altro comportamento,effetto da spiegare: la mamma rimprovera le bambine; causa/antecedente: da identificare nell'evidenza disponibile,riconoscere l'effetto; individuare un antecedente o stato direttamente osservabile/esplicitamente disponibile; verificare il nesso causale senza attribuire intenzioni o motivazioni non supportate,"collegamento causale diretto tra un antecedente esplicito e una conseguenza esplicita, con al massimo due unità di evidenza",two_intervals,2,parzialmente implicita,moderata,"[""causale"", ""temporale""]",20,20,0,19,insufficiente,['Presenza di una mamma e delle bambine'],"['Evento del rimprovero da parte della mamma', 'Causa o antecedente del rimprovero (es. telefono caduto)', ""Nesso causale tra l'azione delle bambine e il rimprovero""]","La rappresentazione del modello ha identificato la presenza di una mamma e delle bambine, ma manca completamente l'evento del rimprovero e qualsiasi causa o antecedente che possa spiegare tale azione. Non è possibile stabilire un nesso causale senza queste informazioni, rendendo la comprensione insufficiente per affrontare la domanda."
qwen,video062,1,Dove appoggia la gonna la signora per controllare che le stia bene?,spaziale,S1,S1|T0,1,signora; gonna,evento: la signora appoggia la gonna per verificarne la vestibilità; localizzazione del punto di appoggio,"riconoscere l'evento o la relazione spaziale pertinente; allineare il referente all'intervallo locale; recuperare origine, destinazione, direzione, supporto o posizione richiesta",una relazione spaziale esplicita o una localizzazione condizionata da un singolo evento osservabile nello stesso intervallo locale,local_interval,1,esplicita,moderata,"[""spaziale"", ""temporale""]",0,0,0,0,insufficiente,[],"['Identificazione della signora', 'Identificazione della gonna', 'Evento di appoggio della gonna', 'Localizzazione del punto di appoggio', 'Relazione spaziale tra la signora e la gonna']","La rappresentazione del modello non recupera alcuna delle informazioni necessarie per rispondere alla domanda. Non sono identificate né la signora né la gonna, né l'evento di appoggio, né la localizzazione del punto di appoggio. Mancano completamente le relazioni spaziali e temporali richieste."
qwen,video062,2,"Dopo la gonna, la signora vuole vedere un'altra gonna o un pantalone?",temporale,T1,T1,1,signora; prima gonna; altra gonna; pantalone,"evento A: la signora esamina la gonna; evento B: sceglie di vedere un altro capo, una gonna o un pantalone","riconoscere i due eventi oppure l'evento e l'ancora temporale; localizzarli nella sequenza; determinare la relazione prima/dopo, primo/secondo, corrente/precedente o il momento richiesto",localizzazione rispetto a un'ancora temporale esplicita oppure ordinamento pairwise tra due eventi/stati direttamente identificabili,two_intervals,2,esplicita,alta,"[""temporale""]",0,0,0,0,insufficiente,[],"['signora', 'prima gonna', 'altra gonna', 'pantalone', 'evento A: la signora esamina la gonna', 'evento B: sceglie di vedere un altro capo, una gonna o un pantalone', 'relazione temporale tra gli eventi']","La rappresentazione del modello non recupera alcuna delle entità o eventi richiesti per rispondere alla domanda. Non ci sono informazioni sui capi di abbigliamento o sulle azioni della signora, né sulle relazioni temporali tra gli eventi. Pertanto, la comprensione è insufficiente."
qwen,video062,3,Perché la donna scarta la prima gonna?,causale,C2,C2|T1,2,donna; prima gonna,effetto da spiegare: la donna scarta la prima gonna; causa/antecedente: da identificare nell'evidenza disponibile,riconoscere l'effetto o comportamento da spiegare; recuperare il contesto pertinente; inferire la causa/intenzione/motivazione solo se supportata dalle evidenze; evitare di colmare lacune con conoscenza non presente nel video,"la risposta richiede almeno un passaggio inferenziale implicito su motivazione, intenzione, stato mentale, valutazione sociale, finalità procedurale o relazione causale non direttamente osservabile",two_intervals,2,implicita,moderata,"[""causale"", ""temporale""]",0,0,0,0,insufficiente,[],"['Identificazione della donna', 'Identificazione della prima gonna', 'Evento di scarto della prima gonna', 'Causa o motivazione per cui la gonna viene scartata']","L'analisi del modello non ha recuperato alcuna informazione rilevante per rispondere alla domanda. Mancano completamente le entità chiave (donna e prima gonna), l'evento centrale (scarto della gonna) e qualsiasi indizio sulle motivazioni o cause di tale azione. Senza questi elementi, non è possibile affrontare la domanda."
qwen,video063,1,Dove si trova Gigi?,spaziale,S0,S0,0,Gigi; luogo in cui si trova,localizzazione di Gigi,identificare il referente target; recuperare una singola evidenza spaziale direttamente osservabile; restituire la localizzazione senza confronto tra fasi,recupero spaziale diretto da una singola evidenza stabile; nessun confronto temporale o ricostruzione di stato,single_frame,1,esplicita,nessuna,"[""spaziale""]",0,0,0,0,insufficiente,[],"['Identificazione di Gigi', 'Luogo specifico in cui si trova Gigi']","Il modello non ha recuperato alcuna informazione specifica riguardante l'entità 'Gigi' o il luogo in cui si trova. Non è stata identificata alcuna evidenza spaziale diretta che permetta di rispondere alla domanda. Pertanto, la comprensione è insufficiente."
qwen,video063,2,Gigi inizia a cantare prima o dopo che la bambina parli?,temporale,T1,T1,1,Gigi; bambina; canto o parlato,evento A: Gigi inizia a cantare; evento B: la bambina parla,"riconoscere i due eventi oppure l'evento e l'ancora temporale; localizzarli nella sequenza; determinare la relazione prima/dopo, primo/secondo, corrente/precedente o il momento richiesto",localizzazione rispetto a un'ancora temporale esplicita oppure ordinamento pairwise tra due eventi/stati direttamente identificabili,two_intervals,2,esplicita,alta,"[""temporale""]",0,0,0,0,insufficiente,[],"['Identificazione di Gigi', 'Identificazione della bambina', 'Evento di Gigi che inizia a cantare', 'Evento della bambina che parla', 'Relazione temporale tra i due eventi']","Il modello non ha recuperato alcuna delle entità o eventi richiesti per rispondere alla domanda. Non sono stati identificati né Gigi né la bambina, né gli eventi di canto o parlato. Di conseguenza, non è possibile determinare la relazione temporale tra questi eventi. La rappresentazione è insufficiente per affrontare la domanda."
qwen,video063,3,Perché Gigi canta?,causale,C2,C2|T1,2,Gigi; bambina o altri interlocutori,effetto da spiegare: Gigi canta; causa/antecedente: da identificare nell'evidenza disponibile,riconoscere l'effetto o comportamento da spiegare; recuperare il contesto pertinente; inferire la causa/intenzione/motivazione solo se supportata dalle evidenze; evitare di colmare lacune con conoscenza non presente nel video,"la risposta richiede almeno un passaggio inferenziale implicito su motivazione, intenzione, stato mentale, valutazione sociale, finalità procedurale o relazione causale non direttamente osservabile",two_intervals,2,implicita,moderata,"[""causale"", ""temporale""]",0,0,0,0,insufficiente,[],"['Identificazione di Gigi', 'Evento di Gigi che canta', 'Causa o motivazione per cui Gigi canta', 'Contesto pertinente per inferire la causa']","La rappresentazione del modello non recupera alcuna delle entità o eventi richiesti per rispondere alla domanda. Non viene identificato Gigi, né l'evento di Gigi che canta, né alcuna causa o motivazione per il canto. Mancano completamente le informazioni necessarie per eseguire l'inferenza richiesta."
qwen,video064,1,Da dove viene il cuscino?,spaziale,S1,S1|T0,1,cuscino; divano; bambine,evento: il cuscino arriva o viene preso da un luogo; localizzazione dell'origine,"riconoscere l'evento o la relazione spaziale pertinente; allineare il referente all'intervallo locale; recuperare origine, destinazione, direzione, supporto o posizione richiesta",una relazione spaziale esplicita o una localizzazione condizionata da un singolo evento osservabile nello stesso intervallo locale,local_interval,1,esplicita,moderata,"[""spaziale"", ""temporale""]",0,0,0,0,insufficiente,[],"['Identificazione del cuscino', 'Identificazione del divano', 'Identificazione delle bambine', 'Evento di movimento del cuscino', 'Origine del cuscino', 'Relazione spaziale tra cuscino e altri oggetti']","Il modello non ha recuperato alcuna informazione rilevante per rispondere alla domanda. Mancano completamente le entità chiave come il cuscino, il divano e le bambine, così come l'evento di movimento del cuscino e la sua origine. Senza queste informazioni, non è possibile determinare da dove venga il cuscino."
qwen,video064,2,Le due bambine sistemano il cuscino sul divano prima o dopo che la bambina con il pigiama rosa scenda le scale?,temporale,T1,T1,1,due bambine; cuscino; divano; bambina con il pigiama rosa; scale,evento A: le due bambine sistemano il cuscino sul divano; evento B: la bambina con il pigiama rosa scende le scale,"riconoscere i due eventi oppure l'evento e l'ancora temporale; localizzarli nella sequenza; determinare la relazione prima/dopo, primo/secondo, corrente/precedente o il momento richiesto",localizzazione rispetto a un'ancora temporale esplicita oppure ordinamento pairwise tra due eventi/stati direttamente identificabili,two_intervals,2,esplicita,alta,"[""temporale""]",0,0,0,0,insufficiente,[],"['due bambine', 'cuscino', 'divano', 'bambina con il pigiama rosa', 'scale', 'evento A: le due bambine sistemano il cuscino sul divano', 'evento B: la bambina con il pigiama rosa scende le scale', 'relazione temporale tra evento A ed evento B']","Il modello non ha recuperato alcuna informazione rilevante per rispondere alla domanda. Mancano completamente le entità chiave, gli eventi specifici e la relazione temporale richiesta. Pertanto, la comprensione è insufficiente."
qwen,video064,3,Perché la ragazza sdraiata sul divano si agita?,causale,C2,C2|T1,2,ragazza sdraiata sul divano; cuscino o bambine,effetto da spiegare: la ragazza sul divano si agita; causa/antecedente: da identificare nell'evidenza disponibile,riconoscere l'effetto o comportamento da spiegare; recuperare il contesto pertinente; inferire la causa/intenzione/motivazione solo se supportata dalle evidenze; evitare di colmare lacune con conoscenza non presente nel video,"la risposta richiede almeno un passaggio inferenziale implicito su motivazione, intenzione, stato mentale, valutazione sociale, finalità procedurale o relazione causale non direttamente osservabile",two_intervals,2,implicita,moderata,"[""causale"", ""temporale""]",50,30,20,30,parziale,['Presenza della ragazza sdraiata sul divano'],"[""Dettagli sull'agitazione della ragazza"", ""Causa o antecedente dell'agitazione"", 'Contesto pertinente per inferire la causa']","La rappresentazione del modello ha identificato la presenza della ragazza sdraiata sul divano, ma manca di dettagli sull'agitazione e non fornisce informazioni sul contesto o sugli eventi che potrebbero spiegare il comportamento. Senza questi elementi, l'inferenza causale richiesta dalla domanda non è supportata. Pertanto, la comprensione è parziale."
qwen,video065,1,Dove si svolge la premiazione?,spaziale,S0,S0,0,premiazione; ragazzi premiati,localizzazione della cerimonia di premiazione,identificare il referente target; recuperare una singola evidenza spaziale direttamente osservabile; restituire la localizzazione senza confronto tra fasi,recupero spaziale diretto da una singola evidenza stabile; nessun confronto temporale o ricostruzione di stato,single_frame,1,esplicita,nessuna,"[""spaziale""]",0,0,0,0,insufficiente,[],"['Localizzazione della cerimonia di premiazione', 'Presenza di ragazzi premiati', 'Evidenza spaziale della premiazione']","La rappresentazione del modello non recupera alcuna informazione specifica sulla localizzazione della cerimonia di premiazione o sulla presenza di ragazzi premiati. Non ci sono evidenze spaziali o eventi che possano essere associati alla premiazione. Pertanto, non è possibile rispondere alla domanda con le informazioni disponibili."
qwen,video065,2,I ragazzi che ricevono la premiazione hanno già conseguito il diploma di maturità o lo stanno ricevendo ora?,temporale,T2,T2,2,ragazzi premiati; diploma di maturità,evento/stato A: conseguimento del diploma di maturità; evento/stato B: premiazione attuale; target: distinguere stato già completato da evento in corso,"riconoscere gli eventi o stati pertinenti; ricostruire l'evoluzione temporale necessaria; calcolare conteggio/durata oppure distinguere onset, continuazione e stato già completato","durata, conteggio/iterazione, selezione del primo onset tra più candidati o ricostruzione di uno stato già in corso/completato",two_intervals,2,esplicita,alta,"[""temporale""]",0,0,0,0,insufficiente,[],"['ragazzi premiati', 'diploma di maturità', 'evento di conseguimento del diploma', 'evento di premiazione', 'distinzione temporale tra conseguimento del diploma e premiazione']","La rappresentazione del modello non recupera alcuna delle entità o eventi richiesti per rispondere alla domanda. Non ci sono informazioni sui ragazzi premiati, sul diploma di maturità, né sugli eventi di conseguimento del diploma o di premiazione. Inoltre, manca completamente la distinzione temporale necessaria per determinare se il diploma è stato conseguito prima o durante la premiazione. Pertanto, la comprensione è insufficiente."
qwen,video065,3,Perché il ragazzo con la giacca grigia riceve un premio?,causale,C1,C1|T1,1,ragazzo con la giacca grigia; premio,effetto da spiegare: il ragazzo riceve un premio; causa/antecedente: da identificare nell'evidenza disponibile,riconoscere l'effetto; individuare un antecedente o stato direttamente osservabile/esplicitamente disponibile; verificare il nesso causale senza attribuire intenzioni o motivazioni non supportate,"collegamento causale diretto tra un antecedente esplicito e una conseguenza esplicita, con al massimo due unità di evidenza",two_intervals,2,parzialmente implicita,moderata,"[""causale"", ""temporale""]",0,0,0,0,insufficiente,[],"['Identificazione del ragazzo con la giacca grigia', 'Identificazione del premio', 'Evento del ragazzo che riceve il premio', 'Causa o antecedente che spiega perché il ragazzo riceve il premio']","La rappresentazione del modello non recupera alcuna delle entità o eventi richiesti per rispondere alla domanda. Non viene identificato il ragazzo con la giacca grigia, né il premio, né l'evento del ragazzo che riceve il premio. Inoltre, manca completamente l'antecedente o la causa che spiegherebbe perché il ragazzo riceve il premio. Senza queste informazioni, non è possibile stabilire un nesso causale, rendendo la comprensione insufficiente."
qwen,video066,1,Dove si trova il quadro di Antonio?,spaziale,S0,S0,0,quadro di Antonio; parete o luogo in cui si trova,localizzazione del quadro di Antonio,identificare il referente target; recuperare una singola evidenza spaziale direttamente osservabile; restituire la localizzazione senza confronto tra fasi,recupero spaziale diretto da una singola evidenza stabile; nessun confronto temporale o ricostruzione di stato,single_frame,1,esplicita,nessuna,"[""spaziale""]",0,0,0,0,insufficiente,[],"['Identificazione del quadro di Antonio', 'Localizzazione del quadro di Antonio su una parete o in un luogo specifico']","La rappresentazione del modello non fornisce alcuna informazione riguardo al quadro di Antonio o alla sua localizzazione. Non sono state identificate né le entità richieste né gli eventi o le inferenze necessarie per rispondere alla domanda. Pertanto, la comprensione è insufficiente."
qwen,video066,2,La donna dice che l'uomo ha una fissazione prima o dopo aver ricevuto il suo regalo?,temporale,T1,T1,1,donna; uomo; regalo; fissazione,evento A: la donna dice che l'uomo ha una fissazione; evento B: l'uomo riceve il regalo,"riconoscere i due eventi oppure l'evento e l'ancora temporale; localizzarli nella sequenza; determinare la relazione prima/dopo, primo/secondo, corrente/precedente o il momento richiesto",localizzazione rispetto a un'ancora temporale esplicita oppure ordinamento pairwise tra due eventi/stati direttamente identificabili,two_intervals,2,esplicita,alta,"[""temporale""]",0,0,0,0,insufficiente,[],"[""Identificazione della donna e dell'uomo"", ""Riconoscimento dell'evento in cui la donna dice che l'uomo ha una fissazione"", ""Riconoscimento dell'evento in cui l'uomo riceve il regalo"", 'Determinazione della relazione temporale tra i due eventi']","L'analisi del modello non ha recuperato alcuna informazione rilevante per rispondere alla domanda. Mancano completamente le entità chiave (donna, uomo, regalo, fissazione) e gli eventi necessari (dichiarazione della donna e ricezione del regalo). Di conseguenza, non è possibile determinare la relazione temporale richiesta. La comprensione è insufficiente."
qwen,video066,3,Perché Peppino chiede a Lietta di togliere il quadro?,causale,C2,C2|T1,2,Peppino; Lietta; quadro,effetto da spiegare: Peppino chiede a Lietta di togliere il quadro; causa/antecedente: da identificare nell'evidenza disponibile,riconoscere l'effetto o comportamento da spiegare; recuperare il contesto pertinente; inferire la causa/intenzione/motivazione solo se supportata dalle evidenze; evitare di colmare lacune con conoscenza non presente nel video,"la risposta richiede almeno un passaggio inferenziale implicito su motivazione, intenzione, stato mentale, valutazione sociale, finalità procedurale o relazione causale non direttamente osservabile",two_intervals,2,implicita,moderata,"[""causale"", ""temporale""]",0,0,0,0,insufficiente,[],"['Identificazione di Peppino, Lietta e il quadro.', 'Evento in cui Peppino chiede a Lietta di togliere il quadro.', 'Contesto o antecedente che spiega la richiesta di Peppino.', 'Qualsiasi inferenza sulle motivazioni o cause della richiesta.']","L'analisi del modello non ha recuperato alcuna informazione rilevante per rispondere alla domanda. Non sono state identificate le entità principali (Peppino, Lietta, quadro), né l'evento chiave (la richiesta di Peppino) o il contesto che potrebbe spiegare tale richiesta. Di conseguenza, non è possibile eseguire alcuna inferenza sulle motivazioni o cause della richiesta."
qwen,video067,1,Dove mette le mani l'uomo col cappello?,spaziale,S1,S1|T0,1,uomo col cappello; mani; altra persona o superficie su cui le mette,evento: l'uomo mette le mani in una posizione; localizzazione del punto di contatto,"riconoscere l'evento o la relazione spaziale pertinente; allineare il referente all'intervallo locale; recuperare origine, destinazione, direzione, supporto o posizione richiesta",una relazione spaziale esplicita o una localizzazione condizionata da un singolo evento osservabile nello stesso intervallo locale,local_interval,1,esplicita,moderata,"[""spaziale"", ""temporale""]",0,0,0,0,insufficiente,[],"['uomo col cappello', ""mani dell'uomo"", 'posizione delle mani', ""superficie o persona su cui l'uomo mette le mani"", 'evento di mettere le mani in una posizione specifica']","L'analisi del modello non recupera alcuna informazione rilevante per rispondere alla domanda. Non sono identificate le entità chiave come l'uomo col cappello o le sue mani, né l'evento di mettere le mani in una posizione specifica. Mancano completamente le informazioni spaziali e temporali necessarie per inferire la posizione delle mani dell'uomo. Pertanto, la comprensione è insufficiente."
qwen,video067,2,L'uomo con il cappello ride prima o dopo che l'uomo in grigio scansi le sue mani?,temporale,T1,T1,1,uomo col cappello; uomo in grigio; mani,evento A: l'uomo col cappello ride; evento B: l'uomo in grigio scansa le sue mani,"riconoscere i due eventi oppure l'evento e l'ancora temporale; localizzarli nella sequenza; determinare la relazione prima/dopo, primo/secondo, corrente/precedente o il momento richiesto",localizzazione rispetto a un'ancora temporale esplicita oppure ordinamento pairwise tra due eventi/stati direttamente identificabili,two_intervals,2,esplicita,alta,"[""temporale""]",0,0,0,0,insufficiente,[],"[""Identificazione dell'uomo con il cappello"", ""Identificazione dell'uomo in grigio"", ""Evento A: l'uomo col cappello ride"", ""Evento B: l'uomo in grigio scansa le sue mani"", 'Relazione temporale tra i due eventi']","Il modello non ha recuperato alcuna delle entità o degli eventi richiesti per rispondere alla domanda. Non sono stati identificati né l'uomo con il cappello né l'uomo in grigio, né sono stati riconosciuti gli eventi di risata o di scansare le mani. Di conseguenza, non è possibile determinare la relazione temporale tra questi eventi. La comprensione è quindi insufficiente."
qwen,video067,3,Perché l'uomo senza cappello continua a spostare le mani dell'uomo col cappello?,causale,C2,C2|T1,2,uomo senza cappello; uomo col cappello; mani,effetto da spiegare: l'uomo senza cappello continua a spostare le mani dell'altro; causa/antecedente: da identificare nell'evidenza disponibile,riconoscere l'effetto o comportamento da spiegare; recuperare il contesto pertinente; inferire la causa/intenzione/motivazione solo se supportata dalle evidenze; evitare di colmare lacune con conoscenza non presente nel video,"la risposta richiede almeno un passaggio inferenziale implicito su motivazione, intenzione, stato mentale, valutazione sociale, finalità procedurale o relazione causale non direttamente osservabile",two_intervals,2,implicita,moderata,"[""causale"", ""temporale""]",0,0,0,0,insufficiente,[],"[""Identificazione dell'uomo senza cappello"", ""Identificazione dell'uomo col cappello"", ""Descrizione dell'azione di spostare le mani"", ""Contesto o motivazione per l'azione"", ""Eventi che mostrano l'interazione tra le due persone""]","L'analisi del modello non ha recuperato alcuna delle entità o eventi richiesti per rispondere alla domanda. Non sono state identificate le persone coinvolte (uomo senza cappello e uomo col cappello), né l'azione specifica di spostare le mani. Inoltre, manca qualsiasi contesto o motivazione che possa spiegare l'azione. Pertanto, la rappresentazione è insufficiente per affrontare la domanda."
qwen,video068,1,Dove si trova la reception?,spaziale,S0,S0,0,reception,localizzazione della reception,identificare il referente target; recuperare una singola evidenza spaziale direttamente osservabile; restituire la localizzazione senza confronto tra fasi,recupero spaziale diretto da una singola evidenza stabile; nessun confronto temporale o ricostruzione di stato,single_frame,1,esplicita,nessuna,"[""spaziale""]",0,0,0,0,insufficiente,[],"['Identificazione della reception', 'Localizzazione della reception', 'Evidenza spaziale della reception']","La rappresentazione del modello non include alcuna informazione relativa alla reception, né la sua identificazione né la sua localizzazione spaziale. Non è presente alcuna evidenza che possa essere utilizzata per rispondere alla domanda sulla posizione della reception. Pertanto, la comprensione è insufficiente."
qwen,video068,2,Il ragazzo trova un volantino prima o dopo essere andato a parlare con la donna?,temporale,T1,T1,1,ragazzo; volantino; donna,evento A: il ragazzo trova un volantino; evento B: il ragazzo va a parlare con la donna,"riconoscere i due eventi oppure l'evento e l'ancora temporale; localizzarli nella sequenza; determinare la relazione prima/dopo, primo/secondo, corrente/precedente o il momento richiesto",localizzazione rispetto a un'ancora temporale esplicita oppure ordinamento pairwise tra due eventi/stati direttamente identificabili,two_intervals,2,esplicita,alta,"[""temporale""]",0,0,0,0,insufficiente,[],"['Identificazione del ragazzo', 'Identificazione del volantino', 'Identificazione della donna', 'Evento A: il ragazzo trova un volantino', 'Evento B: il ragazzo va a parlare con la donna', 'Relazione temporale tra gli eventi A e B']","La rappresentazione del modello non recupera alcuna delle entità o eventi richiesti per rispondere alla domanda. Non sono identificati né il ragazzo, né il volantino, né la donna, né gli eventi di trovare il volantino o parlare con la donna. Inoltre, manca completamente la relazione temporale tra questi eventi. Pertanto, la comprensione è insufficiente."
qwen,video068,3,Perché la ragazza tira fuori un foglio da mostrare al ragazzo?,causale,C0,C0,0,ragazza; ragazzo; foglio; informazione mostrata,relazione causale/finalistica esplicitata nella domanda; nessun antecedente aggiuntivo deve essere ipotizzato,recuperare la causa o finalità già espressa esplicitamente; non introdurre antecedenti ulteriori non supportati,la finalità o relazione causale necessaria è già esplicitata nella formulazione disponibile; non è richiesta una ricostruzione causale aggiuntiva,local_interval,1,esplicita,nessuna,"[""causale""]",0,0,0,0,insufficiente,[],"['ragazza', 'ragazzo', 'foglio', 'informazione mostrata', 'relazione causale/finalistica esplicitata nella domanda']","La rappresentazione del modello non recupera alcuna delle entità o eventi richiesti per rispondere alla domanda. Non sono identificati né la ragazza, né il ragazzo, né il foglio, né l'informazione mostrata. Inoltre, manca completamente la relazione causale o finalistica esplicitata nella domanda. Pertanto, la comprensione è insufficiente."
qwen,video069,1,Dove si trova il ragazzo quando fa l'esercizio?,spaziale,S1,S1|T0,1,ragazzo; esercizio,evento contestuale: il ragazzo esegue l'esercizio; localizzazione della sua posizione,"riconoscere l'evento o la relazione spaziale pertinente; allineare il referente all'intervallo locale; recuperare origine, destinazione, direzione, supporto o posizione richiesta",una relazione spaziale esplicita o una localizzazione condizionata da un singolo evento osservabile nello stesso intervallo locale,local_interval,2,esplicita,moderata,"[""spaziale"", ""temporale""]",50,40,30,35,parziale,"['Presenza di una persona (e1) in vari segmenti temporali', ""Evento di una persona in un'area con diverse immagini""]","['Identificazione specifica del ragazzo', ""Descrizione dell'esercizio eseguito"", ""Localizzazione precisa durante l'esercizio"", ""Relazione spaziale esplicita durante l'esercizio""]","La rappresentazione del modello identifica una persona in vari segmenti temporali e un evento generico di presenza in un'area con immagini, ma non specifica che si tratti di un ragazzo né descrive l'esercizio eseguito. Mancano dettagli sulla localizzazione precisa durante l'esercizio e una relazione spaziale esplicita. Queste lacune impediscono di rispondere adeguatamente alla domanda."
qwen,video069,2,L'allenatore rimprovera il ragazzo prima o dopo avergli detto che deve fare le flessioni?,temporale,T1,T1,1,allenatore; ragazzo; rimprovero; flessioni,evento A: l'allenatore rimprovera il ragazzo; evento B: gli dice che deve fare le flessioni,"riconoscere i due eventi oppure l'evento e l'ancora temporale; localizzarli nella sequenza; determinare la relazione prima/dopo, primo/secondo, corrente/precedente o il momento richiesto",localizzazione rispetto a un'ancora temporale esplicita oppure ordinamento pairwise tra due eventi/stati direttamente identificabili,two_intervals,2,esplicita,alta,"[""temporale""]",0,0,0,0,insufficiente,[],"[""Identificazione dell'allenatore"", 'Identificazione del ragazzo', 'Evento di rimprovero', 'Evento di comunicazione delle flessioni', 'Relazione temporale tra rimprovero e comunicazione delle flessioni']","La rappresentazione del modello non recupera alcuna delle entità o eventi richiesti per rispondere alla domanda. Non sono identificati né l'allenatore né il ragazzo, né gli eventi di rimprovero o di comunicazione delle flessioni. Inoltre, manca completamente la relazione temporale tra questi eventi. Pertanto, la comprensione è insufficiente."
qwen,video069,3,Perché il ragazzo si trova in terra a fare flessioni?,causale,C1,C1|T1,1,ragazzo; allenatore; terra; flessioni,effetto da spiegare: il ragazzo è a terra a fare flessioni; causa/antecedente: da identificare nell'evidenza disponibile,riconoscere l'effetto; individuare un antecedente o stato direttamente osservabile/esplicitamente disponibile; verificare il nesso causale senza attribuire intenzioni o motivazioni non supportate,"collegamento causale diretto tra un antecedente esplicito e una conseguenza esplicita, con al massimo due unità di evidenza",two_intervals,2,parzialmente implicita,moderata,"[""causale"", ""temporale""]",0,0,0,0,insufficiente,[],"['Identificazione del ragazzo', ""Identificazione dell'allenatore"", 'Descrizione del ragazzo a terra a fare flessioni', 'Causa o antecedente che spiega perché il ragazzo è a terra a fare flessioni']","La rappresentazione del modello non recupera alcuna delle entità specifiche richieste, come il ragazzo o l'allenatore, né descrive l'evento centrale del ragazzo a terra a fare flessioni. Inoltre, manca completamente l'identificazione di un antecedente o causa che spieghi l'evento. Senza queste informazioni, non è possibile stabilire un nesso causale, rendendo la comprensione del modello insufficiente per affrontare la domanda."
qwen,video070,1,Dove si trova la donna quando inizia a scalciare?,spaziale,S1,S1|T0,1,donna; luogo in cui si trova,evento contestuale: la donna inizia a scalciare; localizzazione della donna,"riconoscere l'evento o la relazione spaziale pertinente; allineare il referente all'intervallo locale; recuperare origine, destinazione, direzione, supporto o posizione richiesta",una relazione spaziale esplicita o una localizzazione condizionata da un singolo evento osservabile nello stesso intervallo locale,local_interval,2,esplicita,moderata,"[""spaziale"", ""temporale""]",0,0,0,0,insufficiente,[],"['Identificazione della donna', 'Luogo in cui si trova la donna', 'Evento della donna che inizia a scalciare', ""Localizzazione della donna durante l'evento""]","La rappresentazione del modello non recupera alcuna informazione riguardante l'identificazione della donna, il luogo in cui si trova, né l'evento specifico in cui inizia a scalciare. Mancano completamente le informazioni necessarie per determinare la localizzazione spaziale e temporale richiesta dalla domanda."
qwen,video070,2,La donna viene presa in braccio prima o dopo essere arrivata alla carrozza?,temporale,T1,T1,1,donna; uomo che la prende; carrozza,evento A: la donna viene presa in braccio; evento B: la donna arriva alla carrozza,"riconoscere i due eventi oppure l'evento e l'ancora temporale; localizzarli nella sequenza; determinare la relazione prima/dopo, primo/secondo, corrente/precedente o il momento richiesto",localizzazione rispetto a un'ancora temporale esplicita oppure ordinamento pairwise tra due eventi/stati direttamente identificabili,two_intervals,2,esplicita,alta,"[""temporale""]",0,0,0,0,insufficiente,[],"['Identificazione della donna', ""Identificazione dell'uomo che prende la donna in braccio"", 'Identificazione della carrozza', 'Evento A: la donna viene presa in braccio', 'Evento B: la donna arriva alla carrozza', 'Relazione temporale tra gli eventi A e B']","La rappresentazione del modello non recupera alcuna delle entità o degli eventi richiesti per rispondere alla domanda. Non sono identificati né la donna, né l'uomo, né la carrozza, né gli eventi di interesse. Di conseguenza, non è possibile determinare la relazione temporale tra gli eventi richiesti. La comprensione è quindi insufficiente."
qwen,video070,3,Perché la donna oppone resistenza all'uomo?,causale,C2,C2|T1,2,donna; uomo; carrozza o destinazione,effetto da spiegare: la donna oppone resistenza all'uomo; causa/antecedente: da identificare nell'evidenza disponibile,riconoscere l'effetto o comportamento da spiegare; recuperare il contesto pertinente; inferire la causa/intenzione/motivazione solo se supportata dalle evidenze; evitare di colmare lacune con conoscenza non presente nel video,"la risposta richiede almeno un passaggio inferenziale implicito su motivazione, intenzione, stato mentale, valutazione sociale, finalità procedurale o relazione causale non direttamente osservabile",two_intervals,2,implicita,moderata,"[""causale"", ""temporale""]",50,30,20,30,insufficiente,['Presenza di una donna e un uomo nel video.'],"[""Dettagli sulla resistenza della donna all'uomo."", 'Contesto o antecedenti che spiegano la resistenza.', 'Informazioni su carrozza o destinazione.', 'Causa o motivazione della resistenza.']","La rappresentazione del modello ha identificato la presenza di una donna e un uomo, ma manca di dettagli cruciali sugli eventi specifici di resistenza e sul contesto che potrebbe spiegare tale comportamento. Non sono stati recuperati elementi che permettano di inferire la causa della resistenza, rendendo la comprensione complessiva insufficiente per affrontare la domanda."
qwen,video071,1,Dove si trovano gli ostacoli che la bambina bendata deve superare?,spaziale,S0,S0,0,ostacoli; bambina bendata,localizzazione degli ostacoli da superare,identificare il referente target; recuperare una singola evidenza spaziale direttamente osservabile; restituire la localizzazione senza confronto tra fasi,recupero spaziale diretto da una singola evidenza stabile; nessun confronto temporale o ricostruzione di stato,single_frame,1,esplicita,nessuna,"[""spaziale""]",0,0,0,0,insufficiente,[],"['Identificazione della bambina bendata', 'Identificazione degli ostacoli', 'Localizzazione degli ostacoli rispetto alla bambina']","La rappresentazione del modello non recupera alcuna delle entità o eventi richiesti per rispondere alla domanda. Non sono identificati né la bambina bendata né gli ostacoli, e non è fornita alcuna informazione sulla loro localizzazione spaziale. Pertanto, la comprensione è insufficiente."
qwen,video071,2,La ragazzina con la benda sugli occhi scavalca lo step prima o dopo aver ruotato?,temporale,T1,T1,1,ragazzina bendata; step,evento A: la ragazzina scavalca lo step; evento B: la ragazzina ruota,"riconoscere i due eventi oppure l'evento e l'ancora temporale; localizzarli nella sequenza; determinare la relazione prima/dopo, primo/secondo, corrente/precedente o il momento richiesto",localizzazione rispetto a un'ancora temporale esplicita oppure ordinamento pairwise tra due eventi/stati direttamente identificabili,two_intervals,2,esplicita,alta,"[""temporale""]",0,0,0,0,insufficiente,[],"['Identificazione della ragazzina bendata', 'Identificazione dello step', 'Evento A: la ragazzina scavalca lo step', 'Evento B: la ragazzina ruota', 'Relazione temporale tra gli eventi A e B']","La rappresentazione del modello non recupera alcuna delle entità o eventi richiesti per rispondere alla domanda. Non viene identificata la ragazzina bendata, né lo step, né gli eventi di scavalcare o ruotare. Di conseguenza, non è possibile determinare la relazione temporale tra gli eventi. La comprensione è insufficiente."
qwen,video071,3,Perché la ragazza con la benda riesce a superare gli ostacoli?,causale,C2,C2|T1,2,ragazza con la benda; ostacoli,effetto da spiegare: la ragazza riesce a superare gli ostacoli; causa/antecedente: da identificare nell'evidenza disponibile,riconoscere l'effetto o comportamento da spiegare; recuperare il contesto pertinente; inferire la causa/intenzione/motivazione solo se supportata dalle evidenze; evitare di colmare lacune con conoscenza non presente nel video,"la risposta richiede almeno un passaggio inferenziale implicito su motivazione, intenzione, stato mentale, valutazione sociale, finalità procedurale o relazione causale non direttamente osservabile",two_intervals,2,implicita,moderata,"[""causale"", ""temporale""]",0,0,0,0,insufficiente,[],"['Identificazione della ragazza con la benda', 'Presenza di ostacoli', 'Evento di superamento degli ostacoli', 'Causa o motivazione per cui la ragazza supera gli ostacoli']","L'analisi del modello non ha recuperato alcuna delle entità o eventi richiesti per rispondere alla domanda. Non è stata identificata la ragazza con la benda, né gli ostacoli, né l'evento di superamento degli ostacoli. Inoltre, manca qualsiasi informazione causale o motivazionale necessaria per inferire perché la ragazza riesca a superare gli ostacoli. Pertanto, la comprensione è insufficiente."
qwen,video072,1,Dove vengono messe le cose lasciate in giro?,spaziale,S1,S1|T0,1,cose lasciate in giro; ragazzo con la maglia nera,evento: gli oggetti vengono messi via; localizzazione della destinazione,"riconoscere l'evento o la relazione spaziale pertinente; allineare il referente all'intervallo locale; recuperare origine, destinazione, direzione, supporto o posizione richiesta",una relazione spaziale esplicita o una localizzazione condizionata da un singolo evento osservabile nello stesso intervallo locale,local_interval,1,esplicita,moderata,"[""spaziale"", ""temporale""]",0,0,0,0,insufficiente,[],"['Cose lasciate in giro', 'Ragazzo con la maglia nera', 'Evento di mettere via gli oggetti', 'Localizzazione della destinazione degli oggetti', 'Relazione spaziale tra oggetti e destinazione']","L'analisi del modello non recupera alcuna informazione rilevante per rispondere alla domanda. Non sono identificate le entità chiave come le 'cose lasciate in giro' o il 'ragazzo con la maglia nera'. Inoltre, manca completamente l'evento di mettere via gli oggetti e la localizzazione della loro destinazione. Senza queste informazioni, non è possibile eseguire l'inferenza richiesta per determinare dove vengono messe le cose lasciate in giro."
qwen,video072,2,Cosa succede prima: Albi viene rimproverato o il ragazzo con la maglia nera sistema il disordine?,temporale,T1,T1,1,Albi; ragazzo con la maglia nera; rimprovero,evento A: Albi viene rimproverato; evento B: il ragazzo con la maglia nera sistema il disordine,"riconoscere i due eventi oppure l'evento e l'ancora temporale; localizzarli nella sequenza; determinare la relazione prima/dopo, primo/secondo, corrente/precedente o il momento richiesto",localizzazione rispetto a un'ancora temporale esplicita oppure ordinamento pairwise tra due eventi/stati direttamente identificabili,two_intervals,2,esplicita,alta,"[""temporale""]",0,0,0,0,insufficiente,[],"['Identificazione di Albi', 'Identificazione del ragazzo con la maglia nera', 'Evento di Albi che viene rimproverato', 'Evento del ragazzo con la maglia nera che sistema il disordine', 'Relazione temporale tra i due eventi']","Il modello non ha recuperato alcuna delle entità o degli eventi richiesti per rispondere alla domanda. Non sono stati identificati né Albi né il ragazzo con la maglia nera, né sono stati riconosciuti gli eventi di rimprovero o di sistemazione del disordine. Di conseguenza, non è possibile determinare la relazione temporale tra questi eventi. La rappresentazione è insufficiente per affrontare la domanda."
qwen,video072,3,Perché Albi viene rimproverato dal ragazzo con la maglia nera?,causale,C1,C1|T1,1,Albi; ragazzo con la maglia nera; oggetti lasciati in giro,effetto da spiegare: Albi viene rimproverato; causa/antecedente: da identificare nell'evidenza disponibile,riconoscere l'effetto; individuare un antecedente o stato direttamente osservabile/esplicitamente disponibile; verificare il nesso causale senza attribuire intenzioni o motivazioni non supportate,"collegamento causale diretto tra un antecedente esplicito e una conseguenza esplicita, con al massimo due unità di evidenza",two_intervals,2,parzialmente implicita,moderata,"[""causale"", ""temporale""]",0,0,0,0,insufficiente,[],"['Identificazione di Albi e del ragazzo con la maglia nera', 'Evento del rimprovero di Albi', 'Causa del rimprovero', 'Oggetti lasciati in giro come possibile causa']","L'analisi del modello non ha recuperato alcuna delle entità o eventi richiesti per rispondere alla domanda. Non sono stati identificati né Albi né il ragazzo con la maglia nera, né è stato osservato l'evento del rimprovero o la causa di esso. Pertanto, non è possibile eseguire l'inferenza causale richiesta."
qwen,video073,1,Dov'è seduta la coppia?,spaziale,S0,S0,0,coppia; seduta o luogo in cui è seduta,localizzazione della coppia,identificare il referente target; recuperare una singola evidenza spaziale direttamente osservabile; restituire la localizzazione senza confronto tra fasi,recupero spaziale diretto da una singola evidenza stabile; nessun confronto temporale o ricostruzione di stato,single_frame,1,esplicita,nessuna,"[""spaziale""]",0,0,0,0,insufficiente,[],"['Identificazione della coppia', 'Localizzazione della coppia', 'Luogo in cui la coppia è seduta']","Il modello non ha recuperato alcuna informazione utile riguardo alla coppia o alla loro localizzazione. Non sono state identificate né le entità né gli eventi richiesti, e non è possibile eseguire l'inferenza necessaria per rispondere alla domanda. La rappresentazione è insufficiente per affrontare la domanda."
qwen,video073,2,Chi si sveglia prima tra il ragazzo e la ragazza?,temporale,T1,T1,1,ragazzo; ragazza,evento A: il ragazzo si sveglia; evento B: la ragazza si sveglia,"riconoscere i due eventi oppure l'evento e l'ancora temporale; localizzarli nella sequenza; determinare la relazione prima/dopo, primo/secondo, corrente/precedente o il momento richiesto",localizzazione rispetto a un'ancora temporale esplicita oppure ordinamento pairwise tra due eventi/stati direttamente identificabili,two_intervals,2,esplicita,alta,"[""temporale""]",0,0,0,0,insufficiente,[],"['Identificazione del ragazzo e della ragazza', 'Evento del ragazzo che si sveglia', 'Evento della ragazza che si sveglia', 'Relazione temporale tra i due eventi di risveglio']","Il modello non ha recuperato alcuna informazione utile per rispondere alla domanda. Mancano completamente l'identificazione delle entità (ragazzo e ragazza) e gli eventi chiave (risveglio del ragazzo e della ragazza), così come la relazione temporale tra questi eventi. Pertanto, la comprensione è insufficiente."
qwen,video073,3,Perché il ragazzo abbraccia la ragazza?,causale,C2,C2|T1,2,ragazzo; ragazza; abbraccio,effetto da spiegare: il ragazzo abbraccia la ragazza; causa/antecedente: da identificare nell'evidenza disponibile,riconoscere l'effetto o comportamento da spiegare; recuperare il contesto pertinente; inferire la causa/intenzione/motivazione solo se supportata dalle evidenze; evitare di colmare lacune con conoscenza non presente nel video,"la risposta richiede almeno un passaggio inferenziale implicito su motivazione, intenzione, stato mentale, valutazione sociale, finalità procedurale o relazione causale non direttamente osservabile",two_intervals,2,implicita,moderata,"[""causale"", ""temporale""]",0,0,0,0,insufficiente,[],"['Identificazione del ragazzo e della ragazza', ""Descrizione dell'abbraccio"", ""Eventi antecedenti che spiegano l'abbraccio"", ""Contesto che giustifica l'abbraccio"", ""Inferenza sulla motivazione dell'abbraccio""]","La rappresentazione del modello non recupera alcuna delle entità o eventi richiesti per rispondere alla domanda. Non sono identificati né il ragazzo né la ragazza, né l'evento dell'abbraccio. Inoltre, manca completamente il contesto necessario per inferire la motivazione dell'abbraccio. Senza queste informazioni, non è possibile affrontare la domanda in modo significativo."
qwen,video074,1,Dove si trovano le bambine?,spaziale,S0,S0,0,bambine; luogo in cui si trovano,localizzazione delle bambine,identificare il referente target; recuperare una singola evidenza spaziale direttamente osservabile; restituire la localizzazione senza confronto tra fasi,recupero spaziale diretto da una singola evidenza stabile; nessun confronto temporale o ricostruzione di stato,single_frame,1,esplicita,nessuna,"[""spaziale""]",0,0,0,0,insufficiente,[],"['Identificazione delle bambine', 'Luogo in cui si trovano le bambine', 'Localizzazione delle bambine in un frame specifico']","Il modello non ha recuperato alcuna informazione specifica riguardante le bambine o il luogo in cui si trovano. Non ci sono entità identificate come bambine, né è stata fornita una localizzazione spaziale chiara e diretta. Pertanto, la rappresentazione è insufficiente per affrontare la domanda."
qwen,video074,2,La bambina con lo spazzolino viola ride prima o dopo aver detto di sì?,temporale,T1,T1,1,bambina con lo spazzolino viola,evento A: la bambina ride; evento B: la bambina dice di sì,"riconoscere i due eventi oppure l'evento e l'ancora temporale; localizzarli nella sequenza; determinare la relazione prima/dopo, primo/secondo, corrente/precedente o il momento richiesto",localizzazione rispetto a un'ancora temporale esplicita oppure ordinamento pairwise tra due eventi/stati direttamente identificabili,two_intervals,2,esplicita,alta,"[""temporale""]",0,0,0,0,insufficiente,[],"['Identificazione della bambina con lo spazzolino viola', 'Evento A: la bambina ride', 'Evento B: la bambina dice di sì', 'Relazione temporale tra i due eventi']","La rappresentazione del modello non recupera alcuna delle entità o degli eventi richiesti per rispondere alla domanda. Non viene identificata la bambina con lo spazzolino viola, né vengono riconosciuti gli eventi di ridere o dire di sì. Inoltre, manca completamente la relazione temporale tra questi eventi. Pertanto, la comprensione è insufficiente."
qwen,video074,3,Perché la bambina con lo spazzolino arancione rallenta i movimenti quando spazzola i denti?,causale,C2,C2|T1,2,bambina con lo spazzolino arancione; spazzolino; denti; movimento,effetto da spiegare: la bambina rallenta i movimenti mentre si lava i denti; causa/antecedente: da identificare nell'evidenza disponibile,riconoscere l'effetto o comportamento da spiegare; recuperare il contesto pertinente; inferire la causa/intenzione/motivazione solo se supportata dalle evidenze; evitare di colmare lacune con conoscenza non presente nel video,"la risposta richiede almeno un passaggio inferenziale implicito su motivazione, intenzione, stato mentale, valutazione sociale, finalità procedurale o relazione causale non direttamente osservabile",two_intervals,2,implicita,moderata,"[""causale"", ""temporale""]",0,0,0,0,insufficiente,[],"['Identificazione della bambina con lo spazzolino arancione', 'Descrizione del movimento di spazzolamento dei denti', 'Rallentamento dei movimenti', 'Contesto o causa del rallentamento']","L'analisi del modello non ha recuperato alcuna delle entità specifiche richieste, come la bambina con lo spazzolino arancione o il movimento di spazzolamento dei denti. Non sono stati identificati eventi rilevanti come il rallentamento dei movimenti, né è stato fornito alcun contesto che permetta di inferire una causa per tale comportamento. Pertanto, la rappresentazione è insufficiente per affrontare la domanda."
qwen,video075,1,Dove si trova il bambino che tira la palla di neve alla giornalista?,spaziale,S1,S1|T0,1,bambino; palla di neve; giornalista; luogo in cui si trova il bambino,localizzazione del bambino che lancia la palla di neve,"riconoscere l'evento o la relazione spaziale pertinente; allineare il referente all'intervallo locale; recuperare origine, destinazione, direzione, supporto o posizione richiesta",una relazione spaziale esplicita o una localizzazione condizionata da un singolo evento osservabile nello stesso intervallo locale,local_interval,2,esplicita,moderata,"[""spaziale"", ""temporale""]",0,0,0,0,insufficiente,[],"['Bambino che tira la palla di neve', 'Giornalista', 'Luogo in cui si trova il bambino', 'Evento del lancio della palla di neve', 'Relazione spaziale tra bambino e giornalista']","L'analisi del modello non fornisce alcuna informazione sulle entità chiave come il bambino, la palla di neve, la giornalista o il luogo in cui si trova il bambino. Inoltre, manca completamente l'evento del lancio della palla di neve e la relazione spaziale richiesta. Pertanto, non è possibile rispondere alla domanda con le informazioni disponibili."
qwen,video075,2,La giornalista intervista il bambino prima o dopo che venga tirata la palla di neve?,temporale,T1,T1,1,giornalista; bambino; intervista; palla di neve,evento A: la giornalista intervista il bambino; evento B: viene lanciata la palla di neve,"riconoscere i due eventi oppure l'evento e l'ancora temporale; localizzarli nella sequenza; determinare la relazione prima/dopo, primo/secondo, corrente/precedente o il momento richiesto",localizzazione rispetto a un'ancora temporale esplicita oppure ordinamento pairwise tra due eventi/stati direttamente identificabili,two_intervals,2,esplicita,alta,"[""temporale""]",0,0,0,0,insufficiente,[],"['Identificazione della giornalista', 'Identificazione del bambino', ""Evento dell'intervista"", 'Evento del lancio della palla di neve', 'Relazione temporale tra intervista e lancio della palla di neve']","Il modello non ha recuperato alcuna informazione rilevante per rispondere alla domanda. Non sono state identificate le entità chiave come la giornalista e il bambino, né gli eventi cruciali dell'intervista e del lancio della palla di neve. Di conseguenza, non è possibile determinare la relazione temporale richiesta."
qwen,video075,3,Perché i bambini non sono a scuola?,causale,C1,C1|T1,1,bambini; scuola; neve o condizioni ambientali,effetto da spiegare: i bambini non sono a scuola; causa/antecedente: da identificare nell'evidenza disponibile,riconoscere l'effetto; individuare un antecedente o stato direttamente osservabile/esplicitamente disponibile; verificare il nesso causale senza attribuire intenzioni o motivazioni non supportate,"collegamento causale diretto tra un antecedente esplicito e una conseguenza esplicita, con al massimo due unità di evidenza",two_intervals,2,parzialmente implicita,moderata,"[""causale"", ""temporale""]",0,0,0,0,insufficiente,[],"['Presenza di bambini', 'Assenza di bambini a scuola', 'Condizioni ambientali come neve', 'Eventi che spiegano perché i bambini non sono a scuola']","L'analisi del modello non fornisce alcuna informazione sulle entità o eventi richiesti per rispondere alla domanda. Non ci sono riferimenti a bambini, scuole, condizioni ambientali o eventi che possano spiegare l'assenza dei bambini a scuola. Di conseguenza, non è possibile effettuare alcuna inferenza causale. La rappresentazione è insufficiente per affrontare la domanda."
qwen,video076,1,Dove vengono messi gli UFO?,spaziale,S1,S1|T0,1,UFO giocattolo o oggetti chiamati «ufo»; ciotole o recipiente,evento: gli ufo vengono messi in un luogo; localizzazione della destinazione,"riconoscere l'evento o la relazione spaziale pertinente; allineare il referente all'intervallo locale; recuperare origine, destinazione, direzione, supporto o posizione richiesta",una relazione spaziale esplicita o una localizzazione condizionata da un singolo evento osservabile nello stesso intervallo locale,local_interval,1,esplicita,moderata,"[""spaziale"", ""temporale""]",0,0,0,0,insufficiente,[],"['UFO giocattolo o oggetti chiamati «ufo»', 'ciotole o recipiente', 'evento di posizionamento degli UFO', 'localizzazione della destinazione degli UFO', 'relazione spaziale esplicita o localizzazione condizionata']","La rappresentazione del modello non recupera alcuna delle entità o eventi richiesti per rispondere alla domanda. Non sono identificati né gli UFO né il luogo in cui vengono messi, né è presente un evento di posizionamento o una relazione spaziale esplicita. Pertanto, la comprensione è insufficiente."
qwen,video076,2,Il babbo passa gli UFO ai bambini prima o dopo che l'acqua si colori?,temporale,T1,T1,1,babbo; bambini; ufo; acqua nelle ciotole,evento A: il babbo passa gli ufo ai bambini; evento B: l'acqua si colora,"riconoscere i due eventi oppure l'evento e l'ancora temporale; localizzarli nella sequenza; determinare la relazione prima/dopo, primo/secondo, corrente/precedente o il momento richiesto",localizzazione rispetto a un'ancora temporale esplicita oppure ordinamento pairwise tra due eventi/stati direttamente identificabili,two_intervals,2,esplicita,alta,"[""temporale""]",0,0,0,0,insufficiente,[],"['Identificazione del babbo', 'Identificazione dei bambini', 'Identificazione degli UFO', ""Identificazione dell'acqua nelle ciotole"", 'Evento A: il babbo passa gli UFO ai bambini', ""Evento B: l'acqua si colora"", 'Relazione temporale tra gli eventi A e B']","La rappresentazione del modello non recupera alcuna delle entità o eventi richiesti per rispondere alla domanda. Non sono identificati né il babbo, né i bambini, né gli UFO, né l'acqua nelle ciotole. Inoltre, non sono riconosciuti gli eventi chiave (il babbo che passa gli UFO e l'acqua che si colora) né la loro relazione temporale. Pertanto, la comprensione è insufficiente."
qwen,video076,3,Perché le due ciotole d'acqua si colorano in maniera diversa?,causale,C1,C1|T0,1,due ciotole d'acqua; sostanze o ufo inseriti; colori risultanti,effetto da spiegare: le due ciotole si colorano diversamente; causa/antecedente: da identificare nell'evidenza disponibile,riconoscere l'effetto; individuare un antecedente o stato direttamente osservabile/esplicitamente disponibile; verificare il nesso causale senza attribuire intenzioni o motivazioni non supportate,"nesso causa-effetto fisico, sistemico o comportamentale direttamente osservabile nello stesso intervallo locale",local_interval,1,esplicita,moderata,"[""causale"", ""temporale""]",0,0,0,0,insufficiente,[],"[""Due ciotole d'acqua"", 'Sostanze o oggetti inseriti nelle ciotole', 'Colori risultanti delle ciotole', 'Effetto delle ciotole che si colorano diversamente', 'Causa o antecedente del cambiamento di colore']","La rappresentazione del modello non recupera alcuna informazione rilevante per rispondere alla domanda. Mancano completamente le entità chiave come le ciotole d'acqua e le sostanze inserite, così come gli eventi di cambiamento di colore e le cause di tali cambiamenti. Senza queste informazioni, non è possibile eseguire l'inferenza richiesta per stabilire un nesso causale."
qwen,video077,1,Dove si è addormentato Cristian?,spaziale,S1,S1|T0,1,Cristian; luogo o superficie in cui si è addormentato,localizzazione di Cristian addormentato,"riconoscere l'evento o la relazione spaziale pertinente; allineare il referente all'intervallo locale; recuperare origine, destinazione, direzione, supporto o posizione richiesta",una relazione spaziale esplicita o una localizzazione condizionata da un singolo evento osservabile nello stesso intervallo locale,local_interval,1,esplicita,moderata,"[""spaziale"", ""temporale""]",0,0,0,0,insufficiente,[],"['Identificazione di Cristian', 'Luogo o superficie in cui Cristian si è addormentato', 'Evento di Cristian addormentato', 'Relazione spaziale esplicita o localizzazione di Cristian addormentato']","La rappresentazione del modello non recupera alcuna informazione specifica su Cristian, né identifica il luogo o la superficie su cui si è addormentato. Non viene descritto alcun evento di addormentamento né viene fornita una relazione spaziale esplicita che possa indicare dove si trovi Cristian. Pertanto, nessuno dei requisiti necessari per rispondere alla domanda è stato soddisfatto."
qwen,video077,2,La donna chiama Cristian a mangiare prima o dopo averlo trovato addormentato?,temporale,T1,T1,1,donna; Cristian,evento A: la donna chiama Cristian a mangiare; evento B: la donna trova Cristian addormentato,"riconoscere i due eventi oppure l'evento e l'ancora temporale; localizzarli nella sequenza; determinare la relazione prima/dopo, primo/secondo, corrente/precedente o il momento richiesto",localizzazione rispetto a un'ancora temporale esplicita oppure ordinamento pairwise tra due eventi/stati direttamente identificabili,two_intervals,2,esplicita,alta,"[""temporale""]",0,0,0,0,insufficiente,[],"['Identificazione della donna', 'Identificazione di Cristian', 'Evento A: la donna chiama Cristian a mangiare', 'Evento B: la donna trova Cristian addormentato', 'Relazione temporale tra gli eventi A e B']","La rappresentazione del modello non recupera alcuna delle entità o degli eventi richiesti per rispondere alla domanda. Non sono identificati né la donna né Cristian, né sono riconosciuti gli eventi di chiamare a mangiare o trovare addormentato. Di conseguenza, non è possibile determinare la relazione temporale tra questi eventi. La comprensione è quindi insufficiente."
qwen,video077,3,Perché il bambino non risponde alla donna?,causale,C1,C1|T0,1,bambino o Cristian; donna,effetto da spiegare: il bambino non risponde alla donna; causa/antecedente: da identificare nell'evidenza disponibile,riconoscere l'effetto; individuare un antecedente o stato direttamente osservabile/esplicitamente disponibile; verificare il nesso causale senza attribuire intenzioni o motivazioni non supportate,"nesso causa-effetto fisico, sistemico o comportamentale direttamente osservabile nello stesso intervallo locale",local_interval,1,esplicita,moderata,"[""causale"", ""temporale""]",0,0,0,0,insufficiente,[],"['Identificazione del bambino o Cristian', 'Identificazione della donna', 'Evento del bambino che non risponde alla donna', 'Causa o antecedente del mancato rispondere', ""Nesso causale tra l'evento e la causa""]","L'analisi del modello non ha recuperato alcuna delle entità o eventi richiesti per rispondere alla domanda. Non sono stati identificati né il bambino né la donna, né l'evento del bambino che non risponde. Inoltre, manca completamente l'analisi di una causa o antecedente che spieghi il comportamento del bambino. Di conseguenza, non è possibile stabilire alcun nesso causale. La rappresentazione è insufficiente per affrontare la domanda."
qwen,video078,1,Dove legge 'l'imperfetto del verbo mangiare' la bambina?,spaziale,S1,S1|T0,1,bambina; forma verbale «l'imperfetto del verbo mangiare»; quaderno o libro,evento: la bambina legge la forma verbale; localizzazione della fonte scritta,"riconoscere l'evento o la relazione spaziale pertinente; allineare il referente all'intervallo locale; recuperare origine, destinazione, direzione, supporto o posizione richiesta",una relazione spaziale esplicita o una localizzazione condizionata da un singolo evento osservabile nello stesso intervallo locale,local_interval,1,esplicita,moderata,"[""spaziale"", ""temporale""]",0,0,0,0,insufficiente,[],"['Identificazione della bambina', ""Identificazione della forma verbale 'l'imperfetto del verbo mangiare'"", 'Identificazione del quaderno o libro', 'Evento della bambina che legge', 'Localizzazione della fonte scritta']","La rappresentazione del modello non recupera alcuna delle entità o eventi richiesti per rispondere alla domanda. Non viene identificata la bambina, né la forma verbale specifica, né il supporto su cui potrebbe essere scritta. Inoltre, manca l'evento della lettura e la localizzazione della fonte scritta. Pertanto, la comprensione è insufficiente."
qwen,video078,2,La donna si arrabbia prima o dopo aver abbassato il quaderno della bambina?,temporale,T1,T1,1,donna; quaderno della bambina,evento A: la donna si arrabbia; evento B: la donna abbassa il quaderno della bambina,"riconoscere i due eventi oppure l'evento e l'ancora temporale; localizzarli nella sequenza; determinare la relazione prima/dopo, primo/secondo, corrente/precedente o il momento richiesto",localizzazione rispetto a un'ancora temporale esplicita oppure ordinamento pairwise tra due eventi/stati direttamente identificabili,two_intervals,2,esplicita,alta,"[""temporale""]",0,0,0,0,insufficiente,[],"['Identificazione della donna', 'Identificazione del quaderno della bambina', 'Evento A: la donna si arrabbia', 'Evento B: la donna abbassa il quaderno della bambina', 'Relazione temporale tra gli eventi A e B']","La rappresentazione del modello non recupera alcuna delle entità o eventi richiesti per rispondere alla domanda. Non sono identificati né la donna né il quaderno della bambina, né sono riconosciuti gli eventi di arrabbiarsi o abbassare il quaderno. Di conseguenza, non è possibile determinare la relazione temporale tra questi eventi. La comprensione è quindi insufficiente."
qwen,video078,3,Perché la donna si arrabbia?,causale,C2,C2|T1,2,donna; bambina; quaderno; risposta o comportamento della bambina,effetto da spiegare: la donna si arrabbia; causa/antecedente: da identificare nell'evidenza disponibile,riconoscere l'effetto o comportamento da spiegare; recuperare il contesto pertinente; inferire la causa/intenzione/motivazione solo se supportata dalle evidenze; evitare di colmare lacune con conoscenza non presente nel video,"la risposta richiede almeno un passaggio inferenziale implicito su motivazione, intenzione, stato mentale, valutazione sociale, finalità procedurale o relazione causale non direttamente osservabile",two_intervals,2,implicita,moderata,"[""causale"", ""temporale""]",0,0,0,0,insufficiente,[],"['Identificazione della donna', 'Identificazione della bambina', 'Presenza di un quaderno', 'Risposta o comportamento della bambina', 'Evento della donna che si arrabbia', ""Causa o antecedente dell'arrabbiatura della donna""]","L'analisi del modello non ha recuperato alcuna delle entità o eventi richiesti per rispondere alla domanda. Non sono state identificate né la donna né la bambina, né è stato osservato alcun comportamento o evento che possa spiegare l'arrabbiatura della donna. Mancano completamente le informazioni necessarie per inferire una causa o motivazione per l'arrabbiatura."
qwen,video079,1,Dove si trovano i ragazzi?,spaziale,S0,S0,0,due ragazzi; luogo in cui si trovano,localizzazione dei ragazzi,identificare il referente target; recuperare una singola evidenza spaziale direttamente osservabile; restituire la localizzazione senza confronto tra fasi,recupero spaziale diretto da una singola evidenza stabile; nessun confronto temporale o ricostruzione di stato,single_frame,1,esplicita,nessuna,"[""spaziale""]",0,0,0,0,insufficiente,[],"['Due ragazzi', 'Luogo in cui si trovano i ragazzi', 'Localizzazione dei ragazzi']","L'analisi del modello non fornisce alcuna informazione sulle entità richieste, ovvero i due ragazzi, né sul luogo in cui si trovano. Non ci sono eventi o inferenze che permettano di determinare la loro localizzazione. Pertanto, la rappresentazione è insufficiente per rispondere alla domanda."
qwen,video079,2,I due ragazzi parlano prima o dopo le 11:30 di mattina?,temporale,T1,T1,1,due ragazzi,evento target: i due ragazzi parlano; riferimento temporale: le 11:30 del mattino,"riconoscere i due eventi oppure l'evento e l'ancora temporale; localizzarli nella sequenza; determinare la relazione prima/dopo, primo/secondo, corrente/precedente o il momento richiesto",localizzazione rispetto a un'ancora temporale esplicita oppure ordinamento pairwise tra due eventi/stati direttamente identificabili,two_intervals,2,parzialmente implicita,alta,"[""temporale""]",0,0,0,0,insufficiente,[],"['Identificazione dei due ragazzi.', 'Evento di conversazione tra i due ragazzi.', 'Riferimento temporale esplicito alle 11:30 del mattino.', ""Relazione temporale tra l'evento di conversazione e le 11:30.""]","La rappresentazione del modello non recupera alcuna delle informazioni necessarie per rispondere alla domanda. Non sono stati identificati i due ragazzi, né l'evento di conversazione, né un riferimento temporale esplicito alle 11:30 del mattino. Di conseguenza, non è possibile determinare la relazione temporale richiesta."
qwen,video079,3,Perché la ragazza crede che l'amico si sia 'impressionato'?,causale,C2,C2|T1,2,ragazza; amico; reazione di impressione,effetto da spiegare: la ragazza pensa che l'amico si sia impressionato; causa/antecedente: da identificare nell'evidenza disponibile,riconoscere l'effetto o comportamento da spiegare; recuperare il contesto pertinente; inferire la causa/intenzione/motivazione solo se supportata dalle evidenze; evitare di colmare lacune con conoscenza non presente nel video,"la risposta richiede almeno un passaggio inferenziale implicito su motivazione, intenzione, stato mentale, valutazione sociale, finalità procedurale o relazione causale non direttamente osservabile",two_intervals,2,implicita,moderata,"[""causale"", ""temporale""]",0,0,0,0,insufficiente,[],"[""Identificazione della ragazza e dell'amico"", ""Descrizione della reazione di impressione dell'amico"", 'Eventi che portano alla reazione di impressione', ""Contesto che spiega perché la ragazza pensa che l'amico si sia impressionato""]","L'analisi del modello non ha recuperato alcuna informazione rilevante per rispondere alla domanda. Mancano completamente le entità chiave (ragazza, amico, reazione di impressione), gli eventi necessari per comprendere la situazione e qualsiasi inferenza causale o motivazionale. Pertanto, la rappresentazione è insufficiente per affrontare la domanda."
qwen,video080,1,Dov'è il libro preferito di 'Ele'?,spaziale,S0,S0,0,libro preferito di Ele,localizzazione del libro preferito di Ele,identificare il referente target; recuperare una singola evidenza spaziale direttamente osservabile; restituire la localizzazione senza confronto tra fasi,recupero spaziale diretto da una singola evidenza stabile; nessun confronto temporale o ricostruzione di stato,single_frame,1,esplicita,nessuna,"[""spaziale""]",0,0,0,0,insufficiente,[],"['Identificazione del libro preferito di Ele', 'Localizzazione del libro preferito di Ele', 'Evidenza spaziale diretta della posizione del libro']","Il modello non ha recuperato alcuna informazione riguardante il libro preferito di Ele, né la sua localizzazione. Non ci sono evidenze spaziali o entità identificate che possano aiutare a rispondere alla domanda. Pertanto, la comprensione è insufficiente."
qwen,video080,2,La ragazza con la felpa rosa dice a un'altra di sorridere prima o dopo aver finito di girare il video?,temporale,T1,T1,1,ragazza con la felpa rosa; altra ragazza; video,evento A: la ragazza chiede all'altra di sorridere; evento B: termina la registrazione del video,"riconoscere i due eventi oppure l'evento e l'ancora temporale; localizzarli nella sequenza; determinare la relazione prima/dopo, primo/secondo, corrente/precedente o il momento richiesto",localizzazione rispetto a un'ancora temporale esplicita oppure ordinamento pairwise tra due eventi/stati direttamente identificabili,two_intervals,2,esplicita,alta,"[""temporale""]",0,0,0,0,insufficiente,[],"['Identificazione della ragazza con la felpa rosa', ""Identificazione dell'altra ragazza"", ""Riconoscimento dell'evento in cui la ragazza chiede all'altra di sorridere"", ""Riconoscimento dell'evento in cui termina la registrazione del video"", 'Determinazione della relazione temporale tra i due eventi']","La rappresentazione del modello non recupera alcuna delle entità o degli eventi richiesti per rispondere alla domanda. Non sono identificati né la ragazza con la felpa rosa né l'altra ragazza, né sono riconosciuti gli eventi chiave di richiesta di sorridere e di fine registrazione del video. Di conseguenza, non è possibile determinare la relazione temporale tra questi eventi. La comprensione è quindi insufficiente."
qwen,video080,3,Perché le ragazze mandano un video a 'Ele'?,causale,C2,C2|T1,2,ragazze; Ele; video,effetto da spiegare: le ragazze mandano un video a Ele; causa/antecedente: da identificare nell'evidenza disponibile,riconoscere l'effetto o comportamento da spiegare; recuperare il contesto pertinente; inferire la causa/intenzione/motivazione solo se supportata dalle evidenze; evitare di colmare lacune con conoscenza non presente nel video,"la risposta richiede almeno un passaggio inferenziale implicito su motivazione, intenzione, stato mentale, valutazione sociale, finalità procedurale o relazione causale non direttamente osservabile",two_intervals,2,implicita,moderata,"[""causale"", ""temporale""]",0,0,0,0,insufficiente,[],"['Identificazione delle ragazze', 'Identificazione di Ele', 'Presenza di un video', 'Evento di invio del video a Ele', ""Motivazione o causa dell'invio del video""]","L'analisi del modello non ha recuperato alcuna informazione rilevante per rispondere alla domanda. Mancano completamente le entità chiave (ragazze, Ele, video), l'evento centrale (invio del video) e qualsiasi indizio sulle motivazioni o cause dell'azione. Senza questi elementi, non è possibile affrontare la domanda."
qwen,video081,1,Dov'è il biscotto quando la ragazza con la felpa nera corregge l'esercizio?,spaziale,S1,S1|T0,1,biscotto; ragazza con la felpa nera; esercizio o quaderno; luogo in cui si trova il biscotto,evento contestuale: la ragazza corregge l'esercizio; localizzazione del biscotto in quel momento,"riconoscere l'evento o la relazione spaziale pertinente; allineare il referente all'intervallo locale; recuperare origine, destinazione, direzione, supporto o posizione richiesta",una relazione spaziale esplicita o una localizzazione condizionata da un singolo evento osservabile nello stesso intervallo locale,local_interval,2,esplicita,moderata,"[""spaziale"", ""temporale""]",0,0,0,0,insufficiente,[],"['Identificazione della ragazza con la felpa nera', 'Localizzazione del biscotto', ""Evento di correzione dell'esercizio"", 'Relazione spaziale tra il biscotto e la ragazza durante la correzione']","La rappresentazione del modello non recupera alcuna delle entità o eventi richiesti per rispondere alla domanda. Non sono identificati né la ragazza con la felpa nera, né il biscotto, né l'evento di correzione dell'esercizio. Di conseguenza, non è possibile inferire la posizione del biscotto durante l'evento specificato. La comprensione è insufficiente."
qwen,video081,2,La ragazza con la felpa nera prende il quaderno dell'altra prima o dopo aver confrontato con lei il risultato?,temporale,T1,T1,1,ragazza con la felpa nera; altra ragazza; quaderno; risultato,evento A: la ragazza prende il quaderno dell'altra; evento B: le due confrontano il risultato,"riconoscere i due eventi oppure l'evento e l'ancora temporale; localizzarli nella sequenza; determinare la relazione prima/dopo, primo/secondo, corrente/precedente o il momento richiesto",localizzazione rispetto a un'ancora temporale esplicita oppure ordinamento pairwise tra due eventi/stati direttamente identificabili,two_intervals,2,esplicita,alta,"[""temporale""]",0,0,0,0,insufficiente,[],"['Identificazione della ragazza con la felpa nera', ""Identificazione dell'altra ragazza"", 'Identificazione del quaderno', 'Identificazione del confronto del risultato', ""Evento A: la ragazza prende il quaderno dell'altra"", 'Evento B: le due confrontano il risultato', 'Relazione temporale tra gli eventi A e B']","La rappresentazione del modello non recupera alcuna delle entità o eventi richiesti per rispondere alla domanda. Non sono identificati né la ragazza con la felpa nera, né l'altra ragazza, né il quaderno, né il confronto del risultato. Inoltre, non sono presenti informazioni sugli eventi specifici richiesti (prendere il quaderno e confrontare il risultato) né sulla loro relazione temporale. Pertanto, la comprensione è insufficiente."
qwen,video081,3,Perché la ragazza con la canottiera verde è sorpresa di sentire che il risultato è '-4'?,causale,C2,C2|T1,2,ragazza con la canottiera verde; risultato «-4»; esercizio; altra ragazza,effetto da spiegare: la ragazza è sorpresa dal risultato -4; causa/antecedente: da identificare nell'evidenza disponibile,riconoscere l'effetto o comportamento da spiegare; recuperare il contesto pertinente; inferire la causa/intenzione/motivazione solo se supportata dalle evidenze; evitare di colmare lacune con conoscenza non presente nel video,"la risposta richiede almeno un passaggio inferenziale implicito su motivazione, intenzione, stato mentale, valutazione sociale, finalità procedurale o relazione causale non direttamente osservabile",two_intervals,2,implicita,moderata,"[""causale"", ""temporale""]",0,0,0,0,insufficiente,[],"['Ragazza con la canottiera verde', ""Risultato '-4'"", 'Evento di sorpresa della ragazza', ""Contesto dell'esercizio"", 'Causa o antecedente della sorpresa']","L'analisi del modello non ha recuperato alcuna delle entità o eventi richiesti per rispondere alla domanda. Non sono state identificate né la ragazza con la canottiera verde né il risultato '-4', né è stato riconosciuto l'evento di sorpresa. Mancano completamente le informazioni necessarie per inferire la causa della sorpresa. Pertanto, la comprensione è insufficiente."
qwen,video082,1,Dove indica l'uomo senza un braccio quando chiede aiuto?,spaziale,S1,S1|T0,1,uomo senza un braccio; luogo o oggetto indicato; persona a cui chiede aiuto,evento contestuale: l'uomo chiede aiuto; localizzazione della direzione indicata,"riconoscere l'evento o la relazione spaziale pertinente; allineare il referente all'intervallo locale; recuperare origine, destinazione, direzione, supporto o posizione richiesta",una relazione spaziale esplicita o una localizzazione condizionata da un singolo evento osservabile nello stesso intervallo locale,local_interval,2,parzialmente implicita,moderata,"[""spaziale"", ""temporale""]",20,10,10,15,insufficiente,['Presenza di un uomo senza un braccio'],"[""Luogo o oggetto indicato dall'uomo"", ""Persona a cui l'uomo chiede aiuto"", ""Evento in cui l'uomo chiede aiuto"", 'Localizzazione della direzione indicata']","La rappresentazione del modello ha identificato la presenza di un uomo senza un braccio, ma non ha recuperato informazioni cruciali come il luogo o l'oggetto indicato, la persona a cui l'uomo chiede aiuto, né l'evento di richiesta di aiuto stesso. Mancano anche dettagli sulla direzione indicata. Queste lacune impediscono di affrontare la domanda in modo sufficiente."
qwen,video082,2,Il signore con la maglietta nera chiede all'uomo con la camicia a quadri informazioni sul suo braccio prima o dopo avergli allacciato la scarpa?,temporale,T1,T1,1,signore con la maglietta nera; uomo con la camicia a quadri; braccio; scarpa,evento A: il signore chiede informazioni sul braccio; evento B: gli allaccia la scarpa,"riconoscere i due eventi oppure l'evento e l'ancora temporale; localizzarli nella sequenza; determinare la relazione prima/dopo, primo/secondo, corrente/precedente o il momento richiesto",localizzazione rispetto a un'ancora temporale esplicita oppure ordinamento pairwise tra due eventi/stati direttamente identificabili,two_intervals,2,esplicita,alta,"[""temporale""]",0,0,0,0,insufficiente,[],"['Identificazione del signore con la maglietta nera', ""Identificazione dell'uomo con la camicia a quadri"", 'Evento in cui il signore chiede informazioni sul braccio', 'Evento in cui il signore allaccia la scarpa', 'Relazione temporale tra i due eventi']","La rappresentazione del modello non recupera alcuna delle entità o eventi richiesti per rispondere alla domanda. Non sono identificati né il signore con la maglietta nera né l'uomo con la camicia a quadri, né gli eventi di chiedere informazioni sul braccio o allacciare la scarpa. Di conseguenza, non è possibile determinare la relazione temporale tra questi eventi. La comprensione è quindi insufficiente."
qwen,video082,3,Perché l'uomo con la camicia a quadri si fa allacciare la scarpa dal signore sulla panchina?,causale,C1,C1|T0,1,uomo con la camicia a quadri; signore sulla panchina; scarpa; braccio mancante,effetto da spiegare: l'uomo si fa allacciare la scarpa; causa/antecedente: da identificare nell'evidenza disponibile,riconoscere l'effetto; individuare un antecedente o stato direttamente osservabile/esplicitamente disponibile; verificare il nesso causale senza attribuire intenzioni o motivazioni non supportate,"nesso causa-effetto fisico, sistemico o comportamentale direttamente osservabile nello stesso intervallo locale",local_interval,1,esplicita,moderata,"[""causale"", ""temporale""]",50,30,20,30,insufficiente,"['Uomo con camicia a quadri', 'Signore sulla panchina']","['Scarpa', 'Braccio mancante', 'Evento di allacciatura della scarpa', ""Causa dell'allacciatura della scarpa""]","La rappresentazione del modello ha identificato alcune entità come l'uomo con la camicia a quadri e il signore sulla panchina, ma manca di dettagli cruciali come la scarpa e il braccio mancante. Gli eventi non sono stati chiaramente identificati, in particolare l'azione di allacciatura della scarpa e la causa di tale azione. L'inferenza causale richiesta non è supportata dalla rappresentazione disponibile. Pertanto, la comprensione complessiva è insufficiente per affrontare la domanda."
qwen,video083,1,Dove porta la mamma il piatto?,spaziale,S1,S1|T0,1,mamma; piatto; luogo o persona verso cui lo porta,evento: la mamma porta il piatto; localizzazione della destinazione,"riconoscere l'evento o la relazione spaziale pertinente; allineare il referente all'intervallo locale; recuperare origine, destinazione, direzione, supporto o posizione richiesta",una relazione spaziale esplicita o una localizzazione condizionata da un singolo evento osservabile nello stesso intervallo locale,local_interval,1,esplicita,moderata,"[""spaziale"", ""temporale""]",0,0,0,0,insufficiente,[],"['Identificazione della mamma', 'Identificazione del piatto', 'Evento di portare il piatto', 'Destinazione del piatto']","L'analisi del modello non ha recuperato alcuna informazione rilevante per rispondere alla domanda. Non sono state identificate né la mamma né il piatto, né è stato osservato l'evento di portare il piatto verso una destinazione specifica. Mancano completamente le informazioni necessarie per stabilire una relazione spaziale o temporale utile."
qwen,video083,2,Vanessa piange prima o dopo che la mamma le dia la panna?,temporale,T1,T1,1,Vanessa; mamma; panna,evento A: Vanessa piange; evento B: la mamma le dà la panna,"riconoscere i due eventi oppure l'evento e l'ancora temporale; localizzarli nella sequenza; determinare la relazione prima/dopo, primo/secondo, corrente/precedente o il momento richiesto",localizzazione rispetto a un'ancora temporale esplicita oppure ordinamento pairwise tra due eventi/stati direttamente identificabili,two_intervals,2,esplicita,alta,"[""temporale""]",0,0,0,0,insufficiente,[],"['Identificazione di Vanessa', 'Identificazione della mamma', 'Identificazione della panna', 'Evento A: Vanessa piange', 'Evento B: la mamma le dà la panna', 'Relazione temporale tra gli eventi']","La rappresentazione del modello non recupera alcuna delle entità o eventi richiesti per rispondere alla domanda. Non sono identificati né Vanessa, né la mamma, né la panna, né gli eventi di pianto o di consegna della panna. Di conseguenza, non è possibile determinare la relazione temporale tra gli eventi. La comprensione è quindi insufficiente."
qwen,video083,3,Perché Vanessa è sorpresa?,causale,C2,C2|T1,2,Vanessa; panna o piatto; mamma,effetto da spiegare: Vanessa è sorpresa; causa/antecedente: da identificare nell'evidenza disponibile,riconoscere l'effetto o comportamento da spiegare; recuperare il contesto pertinente; inferire la causa/intenzione/motivazione solo se supportata dalle evidenze; evitare di colmare lacune con conoscenza non presente nel video,"la risposta richiede almeno un passaggio inferenziale implicito su motivazione, intenzione, stato mentale, valutazione sociale, finalità procedurale o relazione causale non direttamente osservabile",two_intervals,2,implicita,moderata,"[""causale"", ""temporale""]",0,0,0,0,insufficiente,[],"['Identificazione di Vanessa', 'Identificazione della panna o piatto', 'Identificazione della mamma', 'Evento di sorpresa di Vanessa', 'Causa o antecedente che spiega la sorpresa di Vanessa']","La rappresentazione del modello non recupera alcuna delle entità richieste, come Vanessa, la panna o il piatto, e la mamma. Inoltre, non sono stati identificati eventi specifici, come la sorpresa di Vanessa o la causa di tale sorpresa. Senza queste informazioni, non è possibile eseguire l'inferenza richiesta per spiegare la sorpresa di Vanessa. Pertanto, la comprensione complessiva è insufficiente."
qwen,video084,1,Dove mette la bambina con la maglia grigia ciò che le dà la bambina con la maglia rosa?,spaziale,S1,S1|T0,1,bambina con la maglia grigia; bambina con la maglia rosa,evento: la bambina grigia riceve e mette l'oggetto; localizzazione della destinazione,"riconoscere l'evento o la relazione spaziale pertinente; allineare il referente all'intervallo locale; recuperare origine, destinazione, direzione, supporto o posizione richiesta",una relazione spaziale esplicita o una localizzazione condizionata da un singolo evento osservabile nello stesso intervallo locale,local_interval,1,parzialmente implicita,moderata,"[""spaziale"", ""temporale""]",0,0,0,0,insufficiente,[],"['Identificazione della bambina con la maglia grigia', 'Identificazione della bambina con la maglia rosa', ""Evento di ricezione dell'oggetto da parte della bambina con la maglia grigia"", ""Localizzazione della destinazione dell'oggetto""]","Il modello non ha recuperato alcuna delle entità o eventi richiesti per rispondere alla domanda. Non sono state identificate le bambine con le maglie di colori specifici, né è stato osservato l'evento di ricezione e posizionamento dell'oggetto. Di conseguenza, non è possibile inferire la relazione spaziale richiesta."
qwen,video084,2,La bambina con la maglia grigia urla prima o dopo che quella con la maglia rosa inizi a correre?,temporale,T1,T1,1,bambina con la maglia grigia; bambina con la maglia rosa,evento A: la bambina con la maglia grigia urla; evento B: la bambina con la maglia rosa inizia a correre,"riconoscere i due eventi oppure l'evento e l'ancora temporale; localizzarli nella sequenza; determinare la relazione prima/dopo, primo/secondo, corrente/precedente o il momento richiesto",localizzazione rispetto a un'ancora temporale esplicita oppure ordinamento pairwise tra due eventi/stati direttamente identificabili,two_intervals,2,esplicita,alta,"[""temporale""]",0,0,0,0,insufficiente,[],"['Identificazione della bambina con la maglia grigia', 'Identificazione della bambina con la maglia rosa', 'Evento A: la bambina con la maglia grigia urla', 'Evento B: la bambina con la maglia rosa inizia a correre', ""Relazione temporale tra l'urlo e l'inizio della corsa""]","Il modello non ha recuperato alcuna delle entità o eventi richiesti per rispondere alla domanda. Non sono state identificate né la bambina con la maglia grigia né quella con la maglia rosa, né sono stati riconosciuti gli eventi di urlo e corsa. Di conseguenza, non è possibile determinare la relazione temporale tra questi eventi."
qwen,video084,3,Cosa ha causato il dolore della bambina con la maglia grigia?,causale,C1,C1|T1,1,bambina con la maglia grigia; parte del corpo dolorante; oggetto o azione che provoca il dolore,effetto da spiegare: la bambina prova dolore; causa/antecedente: da identificare nell'evidenza disponibile,riconoscere l'effetto; individuare un antecedente o stato direttamente osservabile/esplicitamente disponibile; verificare il nesso causale senza attribuire intenzioni o motivazioni non supportate,"collegamento causale diretto tra un antecedente esplicito e una conseguenza esplicita, con al massimo due unità di evidenza",two_intervals,2,parzialmente implicita,moderata,"[""causale"", ""temporale""]",0,0,0,0,insufficiente,[],"['bambina con la maglia grigia', 'parte del corpo dolorante', 'oggetto o azione che provoca il dolore', 'effetto da spiegare: la bambina prova dolore', ""causa/antecedente: da identificare nell'evidenza disponibile""]","La rappresentazione del modello non recupera alcuna delle entità o eventi necessari per rispondere alla domanda. Non viene identificata la bambina con la maglia grigia, né viene descritto alcun evento di dolore o la causa di tale dolore. Mancano completamente le informazioni necessarie per stabilire un nesso causale tra un evento e il dolore della bambina. Pertanto, la comprensione è insufficiente."
qwen,video085,1,Dove stanno giocando le bambine?,spaziale,S0,S0,0,bambine; luogo o area di gioco; piscina o gonfiabile,evento: le bambine giocano; localizzazione del luogo,identificare il referente target; recuperare una singola evidenza spaziale direttamente osservabile; restituire la localizzazione senza confronto tra fasi,recupero spaziale diretto da una singola evidenza stabile; nessun confronto temporale o ricostruzione di stato,single_frame,1,esplicita,nessuna,"[""spaziale""]",0,0,0,0,insufficiente,[],"['Identificazione delle bambine', 'Luogo o area di gioco', 'Presenza di una piscina o gonfiabile', 'Evento di gioco delle bambine', 'Localizzazione del luogo di gioco']","La rappresentazione del modello non recupera alcuna delle entità o eventi richiesti per rispondere alla domanda. Non sono identificate le bambine, né il luogo o l'area di gioco, e non è presente alcuna evidenza di un evento di gioco. Mancano completamente le informazioni spaziali necessarie per determinare dove le bambine stiano giocando."
qwen,video085,2,La bambina con i braccioli cade in acqua prima o dopo che la donna l'aiuti?,temporale,T1,T1,1,bambina con i braccioli; donna; acqua; aiuto,evento A: la bambina cade in acqua; evento B: la donna la aiuta,"riconoscere i due eventi oppure l'evento e l'ancora temporale; localizzarli nella sequenza; determinare la relazione prima/dopo, primo/secondo, corrente/precedente o il momento richiesto",localizzazione rispetto a un'ancora temporale esplicita oppure ordinamento pairwise tra due eventi/stati direttamente identificabili,two_intervals,2,esplicita,alta,"[""temporale""]",0,0,0,0,insufficiente,[],"['bambina con i braccioli', 'donna', 'acqua', 'evento A: la bambina cade in acqua', 'evento B: la donna la aiuta', 'relazione temporale tra gli eventi']","La rappresentazione del modello non recupera alcuna delle entità o eventi richiesti per rispondere alla domanda. Non sono identificati né la bambina con i braccioli, né la donna, né l'acqua, né gli eventi di caduta e aiuto. Di conseguenza, non è possibile determinare la relazione temporale tra gli eventi. La comprensione è insufficiente."
qwen,video085,3,Perché la bambina con i braccioli non riesce a salire sul gonfiabile?,causale,C1,C1|T0,1,bambina con i braccioli; gonfiabile; acqua,effetto da spiegare: la bambina non riesce a salire sul gonfiabile; causa/antecedente: da identificare nell'evidenza disponibile,riconoscere l'effetto; individuare un antecedente o stato direttamente osservabile/esplicitamente disponibile; verificare il nesso causale senza attribuire intenzioni o motivazioni non supportate,"nesso causa-effetto fisico, sistemico o comportamentale direttamente osservabile nello stesso intervallo locale",local_interval,1,esplicita,moderata,"[""causale"", ""temporale""]",0,0,0,0,insufficiente,[],"['Identificazione della bambina con i braccioli', 'Presenza del gonfiabile', 'Evento della bambina che tenta di salire sul gonfiabile', 'Causa per cui la bambina non riesce a salire sul gonfiabile']","L'analisi del modello non ha recuperato alcuna delle entità o degli eventi necessari per rispondere alla domanda. Non è stata identificata la bambina con i braccioli, né il gonfiabile, né l'evento del tentativo di salire sul gonfiabile. Inoltre, manca completamente l'analisi causale necessaria per determinare perché la bambina non riesce a salire. Pertanto, la comprensione è insufficiente."
qwen,video086,1,Dove è inciampata la bambina?,spaziale,S1,S1|T0,1,bambina; punto o oggetto su cui inciampa,evento: la bambina inciampa; localizzazione del punto,"riconoscere l'evento o la relazione spaziale pertinente; allineare il referente all'intervallo locale; recuperare origine, destinazione, direzione, supporto o posizione richiesta",una relazione spaziale esplicita o una localizzazione condizionata da un singolo evento osservabile nello stesso intervallo locale,local_interval,1,esplicita,moderata,"[""spaziale"", ""temporale""]",0,0,0,0,insufficiente,[],"['Identificazione della bambina', 'Evento di inciampo', 'Localizzazione del punto o oggetto su cui inciampa', ""Relazione spaziale pertinente all'inciampo""]","La rappresentazione del modello non recupera alcuna delle informazioni necessarie per rispondere alla domanda. Non viene identificata la bambina, né l'evento di inciampo, né il punto o oggetto su cui inciampa. Mancano completamente le relazioni spaziali e temporali necessarie per determinare dove sia avvenuto l'inciampo."
qwen,video086,2,La bambina con i braccioli cade prima o dopo che la sorella esca dalla piscina?,temporale,T1,T1,1,bambina con i braccioli; sorella; piscina,evento A: la bambina cade; evento B: la sorella esce dalla piscina,"riconoscere i due eventi oppure l'evento e l'ancora temporale; localizzarli nella sequenza; determinare la relazione prima/dopo, primo/secondo, corrente/precedente o il momento richiesto",localizzazione rispetto a un'ancora temporale esplicita oppure ordinamento pairwise tra due eventi/stati direttamente identificabili,two_intervals,2,esplicita,alta,"[""temporale""]",0,0,0,0,insufficiente,[],"['Identificazione della bambina con i braccioli', 'Identificazione della sorella', 'Evento della bambina che cade', 'Evento della sorella che esce dalla piscina', 'Relazione temporale tra i due eventi']","Il modello non ha recuperato alcuna delle entità o degli eventi richiesti per rispondere alla domanda. Non sono state identificate né la bambina con i braccioli né la sorella, né sono stati riconosciuti gli eventi chiave della caduta della bambina o dell'uscita della sorella dalla piscina. Di conseguenza, non è possibile determinare la relazione temporale tra questi eventi. La comprensione è quindi insufficiente."
qwen,video086,3,Perché la bambina in piscina deve aiutare la sorella?,causale,C1,C1|T1,1,bambina in piscina; sorella,effetto da spiegare: la bambina deve aiutare la sorella; causa/antecedente: da identificare nell'evidenza disponibile,riconoscere l'effetto; individuare un antecedente o stato direttamente osservabile/esplicitamente disponibile; verificare il nesso causale senza attribuire intenzioni o motivazioni non supportate,"collegamento causale diretto tra un antecedente esplicito e una conseguenza esplicita, con al massimo due unità di evidenza",two_intervals,2,parzialmente implicita,moderata,"[""causale"", ""temporale""]",0,0,0,0,insufficiente,[],"['Identificazione della bambina in piscina e della sorella', ""Evento che richiede l'aiuto della bambina"", 'Causa o antecedente che spiega perché la bambina deve aiutare la sorella', 'Collegamento causale tra un evento e la necessità di aiuto']","L'analisi del modello non ha recuperato alcuna informazione rilevante per rispondere alla domanda. Non sono state identificate le entità chiave (bambina in piscina e sorella), né gli eventi o le cause che giustificherebbero la necessità di aiuto. Mancano completamente le basi per un'inferenza causale."
qwen,video087,1,Dove mette il dito la bambina davanti allo specchio?,spaziale,S1,S1|T0,1,bambina davanti allo specchio; dito; bocca o dente; specchio,evento: la bambina mette il dito in una posizione; localizzazione della parte del corpo,"riconoscere l'evento o la relazione spaziale pertinente; allineare il referente all'intervallo locale; recuperare origine, destinazione, direzione, supporto o posizione richiesta",una relazione spaziale esplicita o una localizzazione condizionata da un singolo evento osservabile nello stesso intervallo locale,local_interval,1,esplicita,moderata,"[""spaziale"", ""temporale""]",0,0,0,0,insufficiente,[],"['bambina davanti allo specchio', 'dito', 'bocca o dente', 'specchio', 'evento: la bambina mette il dito in una posizione', 'localizzazione della parte del corpo', ""riconoscere l'evento o la relazione spaziale pertinente""]","La rappresentazione del modello non recupera alcuna delle entità specifiche richieste, come la bambina, il dito, la bocca o il dente, né lo specchio. Non sono stati identificati eventi rilevanti come la bambina che mette il dito in una posizione specifica. Inoltre, manca qualsiasi inferenza spaziale o temporale necessaria per rispondere alla domanda. Pertanto, la comprensione è insufficiente."
qwen,video087,2,La donna prova a togliere il dente alla bambina prima o dopo aver detto che ne sono già caduti altri?,temporale,T1,T1,1,donna; bambina; dente; denti già caduti,evento A: la donna prova a togliere il dente; evento B: dice che altri denti sono già caduti,"riconoscere i due eventi oppure l'evento e l'ancora temporale; localizzarli nella sequenza; determinare la relazione prima/dopo, primo/secondo, corrente/precedente o il momento richiesto",localizzazione rispetto a un'ancora temporale esplicita oppure ordinamento pairwise tra due eventi/stati direttamente identificabili,two_intervals,2,esplicita,alta,"[""temporale""]",0,0,0,0,insufficiente,[],"['Identificazione della donna e della bambina', ""Riconoscimento dell'evento in cui la donna prova a togliere il dente"", ""Riconoscimento dell'evento in cui la donna dice che altri denti sono già caduti"", 'Relazione temporale tra i due eventi']","La rappresentazione del modello non recupera alcuna delle entità o degli eventi richiesti per rispondere alla domanda. Non sono identificati né la donna né la bambina, né gli eventi specifici di provare a togliere il dente o di menzionare denti già caduti. Inoltre, manca completamente la relazione temporale tra questi eventi. Pertanto, la comprensione è insufficiente."
qwen,video087,3,Perché la bambina sta soffrendo?,causale,C1,C1|T0,1,bambina; dente; donna,effetto da spiegare: la bambina soffre; causa/antecedente: da identificare nell'evidenza disponibile,riconoscere l'effetto; individuare un antecedente o stato direttamente osservabile/esplicitamente disponibile; verificare il nesso causale senza attribuire intenzioni o motivazioni non supportate,"nesso causa-effetto fisico, sistemico o comportamentale direttamente osservabile nello stesso intervallo locale",local_interval,1,esplicita,moderata,"[""causale"", ""temporale""]",0,0,0,0,insufficiente,[],"['Identificazione della bambina', 'Identificazione del dente', 'Identificazione della donna', ""Descrizione dell'effetto: la bambina soffre"", 'Descrizione della causa o antecedente della sofferenza', 'Nesso causale tra causa e effetto']","La rappresentazione del modello non recupera alcuna delle entità richieste (bambina, dente, donna) né descrive l'evento centrale della sofferenza della bambina. Non viene fornita alcuna informazione su un possibile antecedente o causa della sofferenza, né viene stabilito un nesso causale. Pertanto, la comprensione è insufficiente per affrontare la domanda."
qwen,video088,1,Dove va tenuto il foglio per fargli produrre il rumore?,spaziale,S1,S1|T0,1,foglio; punto o posizione in cui va tenuto,evento: il foglio viene tenuto per produrre un rumore; localizzazione della posizione corretta,"riconoscere l'evento o la relazione spaziale pertinente; allineare il referente all'intervallo locale; recuperare origine, destinazione, direzione, supporto o posizione richiesta",una relazione spaziale esplicita o una localizzazione condizionata da un singolo evento osservabile nello stesso intervallo locale,local_interval,1,esplicita,moderata,"[""spaziale"", ""temporale""]",0,0,0,0,insufficiente,[],"['foglio', 'punto o posizione in cui va tenuto', 'evento: il foglio viene tenuto per produrre un rumore', 'localizzazione della posizione corretta', ""riconoscere l'evento o la relazione spaziale pertinente""]","La rappresentazione del modello non recupera alcuna informazione rilevante per rispondere alla domanda. Non sono identificate né il foglio né la posizione in cui deve essere tenuto per produrre rumore. Inoltre, manca l'evento specifico di tenere il foglio e la localizzazione corretta. Pertanto, la comprensione è insufficiente."
qwen,video088,2,Il foglio di carta fa rumore prima o dopo essere stato piegato?,temporale,T1,T1,1,foglio di carta; rumore,evento A: il foglio produce rumore; evento B: il foglio viene piegato,"riconoscere i due eventi oppure l'evento e l'ancora temporale; localizzarli nella sequenza; determinare la relazione prima/dopo, primo/secondo, corrente/precedente o il momento richiesto",localizzazione rispetto a un'ancora temporale esplicita oppure ordinamento pairwise tra due eventi/stati direttamente identificabili,two_intervals,2,esplicita,alta,"[""temporale""]",0,0,0,0,insufficiente,[],"['Foglio di carta', 'Rumore del foglio', 'Evento del foglio che produce rumore', 'Evento del foglio che viene piegato', 'Relazione temporale tra il rumore e la piegatura del foglio']","La rappresentazione del modello non recupera alcuna delle entità o eventi richiesti per rispondere alla domanda. Non ci sono riferimenti al foglio di carta, al rumore o alla piegatura del foglio. Di conseguenza, non è possibile determinare la relazione temporale tra il rumore e la piegatura. La comprensione è insufficiente."
qwen,video088,3,Perché si sente un botto?,causale,C1,C1|T0,1,foglio; botto; configurazione del foglio,effetto da spiegare: si sente un botto; causa/antecedente: da identificare nell'evidenza disponibile,riconoscere l'effetto; individuare un antecedente o stato direttamente osservabile/esplicitamente disponibile; verificare il nesso causale senza attribuire intenzioni o motivazioni non supportate,"nesso causa-effetto fisico, sistemico o comportamentale direttamente osservabile nello stesso intervallo locale",local_interval,1,esplicita,moderata,"[""causale"", ""temporale""]",0,0,0,0,insufficiente,"[""Presenza di una persona visibile in un'area specifica""]","['Foglio', 'Botto', 'Configurazione del foglio', 'Evento del botto', 'Causa o antecedente del botto', 'Nesso causale tra eventi osservati']","La rappresentazione del modello non recupera alcuna delle entità o eventi necessari per rispondere alla domanda. Non viene identificato il foglio, il botto o la configurazione del foglio, né viene fornita alcuna informazione sugli eventi che potrebbero spiegare il botto. Mancano completamente le informazioni necessarie per stabilire un nesso causale. Pertanto, la comprensione è insufficiente."
qwen,video089,1,Dove si trova la spigola?,spaziale,S0,S0,0,spigola; luogo o contenitore in cui si trova,localizzazione della spigola,identificare il referente target; recuperare una singola evidenza spaziale direttamente osservabile; restituire la localizzazione senza confronto tra fasi,recupero spaziale diretto da una singola evidenza stabile; nessun confronto temporale o ricostruzione di stato,single_frame,1,esplicita,nessuna,"[""spaziale""]",0,0,0,0,insufficiente,[],"['Identificazione della spigola', 'Localizzazione della spigola in un luogo o contenitore specifico']","La rappresentazione del modello non fornisce alcuna informazione sulla presenza o localizzazione della spigola. Non sono state identificate né l'entità 'spigola' né il luogo o contenitore in cui si trova. Di conseguenza, non è possibile eseguire l'inferenza richiesta per rispondere alla domanda."
qwen,video089,2,Il 'Collega Bonanno' mostra una spigola prima o dopo aver iniziato a urlare?,temporale,T1,T1,1,Collega Bonanno; spigola,evento A: Bonanno mostra una spigola; evento B: Bonanno inizia a urlare,"riconoscere i due eventi oppure l'evento e l'ancora temporale; localizzarli nella sequenza; determinare la relazione prima/dopo, primo/secondo, corrente/precedente o il momento richiesto",localizzazione rispetto a un'ancora temporale esplicita oppure ordinamento pairwise tra due eventi/stati direttamente identificabili,two_intervals,2,esplicita,alta,"[""temporale""]",0,0,0,0,insufficiente,[],"[""Identificazione di 'Collega Bonanno'."", ""Riconoscimento dell'evento in cui Bonanno mostra una spigola."", ""Riconoscimento dell'evento in cui Bonanno inizia a urlare."", 'Relazione temporale tra i due eventi.']","La rappresentazione del modello non recupera alcuna delle entità o eventi richiesti per rispondere alla domanda. Non sono identificati né 'Collega Bonanno' né gli eventi di mostrare una spigola o iniziare a urlare. Di conseguenza, non è possibile determinare la relazione temporale tra questi eventi. La comprensione è quindi insufficiente."
qwen,video089,3,Perché il 'Collega Bonanno' viene espulso dall'aula?,causale,C1,C1|T1,1,Collega Bonanno; aula,effetto da spiegare: Bonanno viene espulso dall'aula; causa/antecedente: da identificare nell'evidenza disponibile,riconoscere l'effetto; individuare un antecedente o stato direttamente osservabile/esplicitamente disponibile; verificare il nesso causale senza attribuire intenzioni o motivazioni non supportate,"collegamento causale diretto tra un antecedente esplicito e una conseguenza esplicita, con al massimo due unità di evidenza",two_intervals,2,parzialmente implicita,moderata,"[""causale"", ""temporale""]",0,0,0,0,insufficiente,[],"[""Identificazione di 'Collega Bonanno'"", ""Identificazione dell'aula"", ""Evento di espulsione di Bonanno dall'aula"", ""Causa o antecedente dell'espulsione"", 'Nesso causale tra causa e espulsione']","La rappresentazione del modello non recupera alcuna delle entità o eventi necessari per rispondere alla domanda. Non sono identificati né 'Collega Bonanno' né l'aula, né l'evento di espulsione, né alcuna causa o antecedente che possa spiegare l'espulsione. Di conseguenza, non è possibile stabilire un nesso causale. La comprensione è insufficiente."
qwen,video090,1,Dove guarda l'uomo quando i musicisti gli chiedono il giorno?,spaziale,S1,S1|T0,1,uomo; musicisti; oggetto o direzione guardata; giorno richiesto,evento contestuale: i musicisti chiedono il giorno; localizzazione della direzione dello sguardo dell'uomo,"riconoscere l'evento o la relazione spaziale pertinente; allineare il referente all'intervallo locale; recuperare origine, destinazione, direzione, supporto o posizione richiesta",una relazione spaziale esplicita o una localizzazione condizionata da un singolo evento osservabile nello stesso intervallo locale,local_interval,2,esplicita,moderata,"[""spaziale"", ""temporale""]",0,0,0,0,insufficiente,[],"['uomo', 'musicisti', 'oggetto o direzione guardata', 'giorno richiesto', 'evento contestuale: i musicisti chiedono il giorno', ""localizzazione della direzione dello sguardo dell'uomo""]","L'analisi del modello non ha recuperato alcuna informazione rilevante per rispondere alla domanda. Mancano completamente le entità chiave come l'uomo, i musicisti e la direzione dello sguardo. Inoltre, non è stato identificato l'evento in cui i musicisti chiedono il giorno, né la localizzazione della direzione dello sguardo dell'uomo. Senza queste informazioni, non è possibile eseguire l'inferenza richiesta."
qwen,video090,2,Il perito industriale Gudo Colsi arriva prima o dopo l'appuntamento stabilito?,temporale,T1,T1,1,perito industriale Guido Colsi; appuntamento; orario stabilito,evento target: arrivo del perito; riferimento temporale: orario dell'appuntamento,"riconoscere i due eventi oppure l'evento e l'ancora temporale; localizzarli nella sequenza; determinare la relazione prima/dopo, primo/secondo, corrente/precedente o il momento richiesto",localizzazione rispetto a un'ancora temporale esplicita oppure ordinamento pairwise tra due eventi/stati direttamente identificabili,two_intervals,2,parzialmente implicita,alta,"[""temporale""]",0,0,0,0,insufficiente,[],"['Identificazione del perito industriale Guido Colsi', ""Riconoscimento dell'appuntamento e dell'orario stabilito"", 'Evento di arrivo del perito', ""Riferimento temporale dell'appuntamento"", 'Relazione temporale tra arrivo e appuntamento']",La rappresentazione del modello non recupera alcuna delle entità o eventi necessari per determinare se il perito industriale Gudo Colsi arriva prima o dopo l'appuntamento stabilito. Mancano completamente le informazioni sugli eventi chiave e le ancore temporali richieste per l'inferenza temporale.
qwen,video090,3,Perché l'uomo in costume si è congelato?,causale,C1,C1|T0,1,uomo in costume,effetto da spiegare: l'uomo in costume si è congelato; causa/antecedente: da identificare nell'evidenza disponibile,riconoscere l'effetto; individuare un antecedente o stato direttamente osservabile/esplicitamente disponibile; verificare il nesso causale senza attribuire intenzioni o motivazioni non supportate,"nesso causa-effetto fisico, sistemico o comportamentale direttamente osservabile nello stesso intervallo locale",local_interval,1,esplicita,moderata,"[""causale"", ""temporale""]",0,0,0,0,insufficiente,[],"[""Identificazione dell'uomo in costume"", ""Descrizione dell'evento in cui l'uomo si congela"", ""Causa o antecedente dell'evento di congelamento"", ""Nesso causale tra l'evento e la causa""]","La rappresentazione del modello non recupera alcuna informazione rilevante per rispondere alla domanda. Non sono state identificate né l'entità principale (l'uomo in costume) né l'evento di congelamento, né tantomeno una causa o antecedente che possa spiegare l'evento. Mancano completamente le basi per stabilire un nesso causale. Pertanto, la comprensione è insufficiente."
qwen,video091,1,Dove salgono i passeggeri?,spaziale,S1,S1|T0,1,passeggeri,evento: i passeggeri salgono su un mezzo; localizzazione del punto o mezzo,"riconoscere l'evento o la relazione spaziale pertinente; allineare il referente all'intervallo locale; recuperare origine, destinazione, direzione, supporto o posizione richiesta",una relazione spaziale esplicita o una localizzazione condizionata da un singolo evento osservabile nello stesso intervallo locale,local_interval,1,esplicita,moderata,"[""spaziale"", ""temporale""]",0,0,0,0,insufficiente,[],"['Identificazione dei passeggeri', 'Evento di salita dei passeggeri su un mezzo', 'Localizzazione del punto o mezzo su cui i passeggeri salgono', ""Relazione spaziale pertinente all'evento di salita""]","La rappresentazione del modello non recupera alcuna informazione necessaria per rispondere alla domanda. Mancano completamente l'identificazione dei passeggeri, l'evento di salita su un mezzo e la localizzazione spaziale richiesta. Pertanto, la comprensione è insufficiente."
qwen,video091,2,La donna urla agli uomini prima o dopo che inizino a correre?,temporale,T1,T1,1,donna; uomini,evento A: la donna urla agli uomini; evento B: gli uomini iniziano a correre,"riconoscere i due eventi oppure l'evento e l'ancora temporale; localizzarli nella sequenza; determinare la relazione prima/dopo, primo/secondo, corrente/precedente o il momento richiesto",localizzazione rispetto a un'ancora temporale esplicita oppure ordinamento pairwise tra due eventi/stati direttamente identificabili,two_intervals,2,esplicita,alta,"[""temporale""]",0,0,0,0,insufficiente,[],"['Identificazione della donna', 'Identificazione degli uomini', 'Evento A: la donna urla agli uomini', 'Evento B: gli uomini iniziano a correre', ""Relazione temporale tra l'urlo della donna e l'inizio della corsa degli uomini""]","La rappresentazione del modello non recupera alcuna delle entità o eventi richiesti per rispondere alla domanda. Non sono identificati né la donna né gli uomini, né gli eventi di urlo e corsa, né la relazione temporale tra questi eventi. Pertanto, la comprensione è insufficiente."
qwen,video091,3,Cosa causa l'ira della donna?,causale,C2,C2|T1,2,donna; uomini; comportamento che provoca l'ira,effetto da spiegare: la donna si infuria; causa/antecedente: da identificare nell'evidenza disponibile,riconoscere l'effetto o comportamento da spiegare; recuperare il contesto pertinente; inferire la causa/intenzione/motivazione solo se supportata dalle evidenze; evitare di colmare lacune con conoscenza non presente nel video,"la risposta richiede almeno un passaggio inferenziale implicito su motivazione, intenzione, stato mentale, valutazione sociale, finalità procedurale o relazione causale non direttamente osservabile",two_intervals,2,implicita,moderata,"[""causale"", ""temporale""]",20,20,0,15,insufficiente,['Presenza di una donna nel video.'],"[""Comportamento degli uomini che provoca l'ira della donna."", 'Evento specifico in cui la donna si infuria.', ""Causa o antecedente che spiega l'ira della donna."", ""Contesto pertinente per inferire la causa dell'ira.""]","La rappresentazione del modello non recupera informazioni sufficienti per identificare il comportamento che provoca l'ira della donna, né l'evento specifico in cui la donna si infuria. Mancano anche le informazioni necessarie per inferire la causa dell'ira. Pertanto, la comprensione è insufficiente per affrontare la domanda."
qwen,video092,1,Dove va l'uomo con i pantaloncini blu dopo che si è alzato?,spaziale,S2,S2|T1,2,uomo con i pantaloncini blu,evento contestuale: l'uomo si alza; localizzazione della destinazione successiva,identificare l'ancora temporale; recuperare lo stato spaziale nella fase richiesta; confrontare le fasi pertinenti senza introdurre cambiamenti non osservati,recupero spaziale condizionato da una fase precedente/successiva/iniziale o dal primo occorrere di un evento; richiede confronto tra almeno due stati temporali,two_intervals,2,esplicita,alta,"[""spaziale"", ""temporale""]",0,0,0,0,insufficiente,[],"[""Identificazione dell'uomo con i pantaloncini blu"", ""Evento in cui l'uomo si alza"", ""Localizzazione della destinazione successiva dell'uomo"", ""Confronto tra stati temporali per determinare il movimento dell'uomo""]","La rappresentazione del modello non recupera alcuna delle informazioni necessarie per rispondere alla domanda. Non sono state identificate né l'entità principale (l'uomo con i pantaloncini blu) né gli eventi chiave (l'uomo che si alza e la sua destinazione successiva). Inoltre, manca completamente l'analisi temporale e spaziale necessaria per inferire il movimento dell'uomo. Pertanto, la comprensione è insufficiente."
qwen,video092,2,La donna con la scopa si arrabbia prima o dopo essere caduta nel buco?,temporale,T1,T1,1,donna con la scopa; buco; caduta,evento A: la donna si arrabbia; evento B: la donna cade nel buco,"riconoscere i due eventi oppure l'evento e l'ancora temporale; localizzarli nella sequenza; determinare la relazione prima/dopo, primo/secondo, corrente/precedente o il momento richiesto",localizzazione rispetto a un'ancora temporale esplicita oppure ordinamento pairwise tra due eventi/stati direttamente identificabili,two_intervals,2,esplicita,alta,"[""temporale""]",0,0,0,0,insufficiente,[],"['Identificazione della donna con la scopa', 'Identificazione del buco', 'Evento della donna che cade nel buco', 'Evento della donna che si arrabbia', ""Relazione temporale tra la caduta e l'arrabbiarsi""]","Il modello non ha recuperato alcuna informazione rilevante per rispondere alla domanda. Mancano sia le entità chiave (donna con la scopa, buco) sia gli eventi cruciali (caduta nel buco, arrabbiarsi) e la relazione temporale tra di essi. Pertanto, la comprensione è insufficiente."
qwen,video092,3,Perché l'hostess si arrabbia?,causale,C2,C2|T1,2,hostess; buco o situazione problematica,effetto da spiegare: l'hostess si arrabbia; causa/antecedente: da identificare nell'evidenza disponibile,riconoscere l'effetto o comportamento da spiegare; recuperare il contesto pertinente; inferire la causa/intenzione/motivazione solo se supportata dalle evidenze; evitare di colmare lacune con conoscenza non presente nel video,"la risposta richiede almeno un passaggio inferenziale implicito su motivazione, intenzione, stato mentale, valutazione sociale, finalità procedurale o relazione causale non direttamente osservabile",two_intervals,2,implicita,moderata,"[""causale"", ""temporale""]",0,0,0,0,insufficiente,[],"[""Identificazione dell'hostess"", ""Descrizione del comportamento dell'hostess che si arrabbia"", 'Descrizione di un buco o situazione problematica', ""Eventi che portano all'arrabbiatura dell'hostess"", ""Contesto pertinente per inferire la causa dell'arrabbiatura""]","L'analisi del modello non fornisce alcuna informazione sulle entità o eventi richiesti per rispondere alla domanda. Non sono identificati né l'hostess né il suo comportamento di arrabbiatura, né è descritto alcun contesto o situazione problematica che possa spiegare la causa dell'arrabbiatura. Di conseguenza, non è possibile eseguire l'inferenza richiesta. La comprensione è insufficiente."
qwen,video093,1,Dove indica la bambina con la maglietta gialla?,spaziale,S1,S1|T0,1,bambina con la maglietta gialla; oggetto o direzione indicata,evento: la bambina indica qualcosa; localizzazione del referente,"riconoscere l'evento o la relazione spaziale pertinente; allineare il referente all'intervallo locale; recuperare origine, destinazione, direzione, supporto o posizione richiesta",una relazione spaziale esplicita o una localizzazione condizionata da un singolo evento osservabile nello stesso intervallo locale,local_interval,1,parzialmente implicita,moderata,"[""spaziale"", ""temporale""]",0,0,0,0,insufficiente,[],"['bambina con la maglietta gialla', 'oggetto o direzione indicata', 'evento di indicazione', 'localizzazione del referente indicato', ""relazione spaziale tra la bambina e l'oggetto o direzione indicata""]","La rappresentazione del modello non recupera alcuna informazione rilevante per rispondere alla domanda. Mancano completamente le entità chiave come la bambina con la maglietta gialla e l'oggetto o direzione indicata. Non sono stati identificati eventi di indicazione né relazioni spaziali necessarie per determinare dove la bambina stia indicando. Pertanto, la comprensione è insufficiente."
qwen,video093,2,La bambina con la maglia gialla chiede alla mamma di comprare le patatine prima o dopo che la bambina con la coroncina salga sulla Ferrari?,temporale,T1,T1,1,bambina con la maglia gialla; mamma; patatine; bambina con la coroncina; Ferrari,evento A: la bambina chiede di comprare le patatine; evento B: l'altra bambina sale sulla Ferrari,"riconoscere i due eventi oppure l'evento e l'ancora temporale; localizzarli nella sequenza; determinare la relazione prima/dopo, primo/secondo, corrente/precedente o il momento richiesto",localizzazione rispetto a un'ancora temporale esplicita oppure ordinamento pairwise tra due eventi/stati direttamente identificabili,two_intervals,2,esplicita,alta,"[""temporale""]",50,20,10,25,insufficiente,"['Presenza di una bambina con la maglia gialla', 'Presenza di una bambina con la coroncina']","['Evento in cui la bambina con la maglia gialla chiede di comprare le patatine', 'Evento in cui la bambina con la coroncina sale sulla Ferrari', 'Relazione temporale tra i due eventi']","Il modello ha identificato alcune entità chiave come la bambina con la maglia gialla e la bambina con la coroncina, ma non ha recuperato gli eventi specifici richiesti dalla domanda, né ha stabilito una relazione temporale tra di essi. Senza questi elementi, l'inferenza temporale necessaria non può essere eseguita, portando a una comprensione insufficiente."
qwen,video093,3,Perché la donna dice alla bambina di andare piano?,causale,C2,C2|T1,2,donna; bambina; Ferrari o movimento,effetto da spiegare: la donna dice alla bambina di andare piano; causa/antecedente: da identificare nell'evidenza disponibile,riconoscere l'effetto o comportamento da spiegare; recuperare il contesto pertinente; inferire la causa/intenzione/motivazione solo se supportata dalle evidenze; evitare di colmare lacune con conoscenza non presente nel video,"la risposta richiede almeno un passaggio inferenziale implicito su motivazione, intenzione, stato mentale, valutazione sociale, finalità procedurale o relazione causale non direttamente osservabile",two_intervals,2,implicita,moderata,"[""causale"", ""temporale""]",0,0,0,0,insufficiente,[],"['Identificazione della donna e della bambina', 'Riconoscimento del movimento o della Ferrari', 'Evento in cui la donna dice alla bambina di andare piano', 'Contesto che spiega la motivazione della donna']","L'analisi del modello non ha recuperato alcuna informazione rilevante per rispondere alla domanda. Mancano completamente le entità chiave (donna, bambina, Ferrari o movimento), l'evento centrale (la donna che dice alla bambina di andare piano) e qualsiasi contesto che possa spiegare la motivazione di tale azione. Senza questi elementi, non è possibile eseguire l'inferenza richiesta."
qwen,video094,1,Dove inciampa la donna col vestito verde?,spaziale,S1,S1|T0,1,donna col vestito verde; ostacolo o punto d'inciampo,evento: la donna inciampa; localizzazione del punto,"riconoscere l'evento o la relazione spaziale pertinente; allineare il referente all'intervallo locale; recuperare origine, destinazione, direzione, supporto o posizione richiesta",una relazione spaziale esplicita o una localizzazione condizionata da un singolo evento osservabile nello stesso intervallo locale,local_interval,1,esplicita,moderata,"[""spaziale"", ""temporale""]",20,0,0,10,insufficiente,['Presenza di segmenti temporali nel video'],"['Identificazione della donna col vestito verde', ""Identificazione dell'ostacolo o punto d'inciampo"", ""Evento dell'inciampo della donna"", ""Localizzazione del punto d'inciampo"", ""Relazione spaziale tra la donna e l'ostacolo""]","La rappresentazione del modello non recupera le entità chiave come la donna col vestito verde o l'ostacolo, né l'evento dell'inciampo. Mancano completamente le informazioni spaziali e temporali necessarie per rispondere alla domanda. Pertanto, la comprensione è insufficiente."
qwen,video094,2,La folla ride prima o dopo che la donna urti l'uomo?,temporale,T1,T1,1,folla; donna col vestito verde; uomo urtato,evento A: la folla ride; evento B: la donna urta l'uomo,"riconoscere i due eventi oppure l'evento e l'ancora temporale; localizzarli nella sequenza; determinare la relazione prima/dopo, primo/secondo, corrente/precedente o il momento richiesto",localizzazione rispetto a un'ancora temporale esplicita oppure ordinamento pairwise tra due eventi/stati direttamente identificabili,two_intervals,2,esplicita,alta,"[""temporale""]",0,0,0,0,insufficiente,[],"['Identificazione della folla che ride', 'Identificazione della donna con il vestito verde', ""Identificazione dell'uomo urtato"", 'Evento della folla che ride', ""Evento della donna che urta l'uomo"", 'Relazione temporale tra i due eventi']","Il modello non ha recuperato alcuna delle entità o eventi richiesti per rispondere alla domanda. Non sono stati identificati né la folla, né la donna, né l'uomo, né gli eventi di risata o urto. Di conseguenza, non è possibile determinare la relazione temporale tra gli eventi. La comprensione è insufficiente."
qwen,video094,3,Perché la folla ride?,causale,C1,C1|T1,1,folla; donna; uomo,effetto da spiegare: la folla ride; causa/antecedente: da identificare nell'evidenza disponibile,riconoscere l'effetto; individuare un antecedente o stato direttamente osservabile/esplicitamente disponibile; verificare il nesso causale senza attribuire intenzioni o motivazioni non supportate,"collegamento causale diretto tra un antecedente esplicito e una conseguenza esplicita, con al massimo due unità di evidenza",two_intervals,2,parzialmente implicita,moderata,"[""causale"", ""temporale""]",0,0,0,0,insufficiente,[],"['Identificazione della folla', ""Identificazione della donna e dell'uomo"", 'Evento della folla che ride', 'Causa o antecedente che provoca la risata della folla', ""Nesso causale tra l'antecedente e la risata""]","La rappresentazione del modello non recupera alcuna delle entità o eventi richiesti per rispondere alla domanda. Non sono identificati né la folla, né la donna, né l'uomo, né l'evento della risata, né un antecedente che possa spiegare la risata. Di conseguenza, non è possibile stabilire alcun nesso causale. La comprensione è insufficiente."
qwen,video095,1,Dov'era il professore prima di andare dal preside?,spaziale,S2,S2|T1,2,professore; preside o ufficio del preside,evento contestuale: il professore va dal preside; localizzazione precedente del professore,identificare l'ancora temporale; recuperare lo stato spaziale nella fase richiesta; confrontare le fasi pertinenti senza introdurre cambiamenti non osservati,recupero spaziale condizionato da una fase precedente/successiva/iniziale o dal primo occorrere di un evento; richiede confronto tra almeno due stati temporali,two_intervals,2,esplicita,alta,"[""spaziale"", ""temporale""]",0,0,0,0,insufficiente,[],"['Identificazione del professore', ""Identificazione del preside o dell'ufficio del preside"", 'Evento del professore che va dal preside', 'Localizzazione precedente del professore']","La rappresentazione del modello non recupera alcuna delle entità o eventi richiesti per rispondere alla domanda. Non sono identificati né il professore né il preside, né è descritto l'evento del professore che va dal preside. Inoltre, manca completamente l'informazione sulla localizzazione precedente del professore. Pertanto, non è possibile eseguire l'inferenza richiesta per determinare dove si trovasse il professore prima di andare dal preside."
qwen,video095,2,Il professore va nell'ufficio del preside prima o dopo aver parlato con il bidello?,temporale,T1,T1,1,professore; ufficio del preside; bidello,evento A: il professore va nell'ufficio del preside; evento B: il professore parla con il bidello,"riconoscere i due eventi oppure l'evento e l'ancora temporale; localizzarli nella sequenza; determinare la relazione prima/dopo, primo/secondo, corrente/precedente o il momento richiesto",localizzazione rispetto a un'ancora temporale esplicita oppure ordinamento pairwise tra due eventi/stati direttamente identificabili,two_intervals,2,esplicita,alta,"[""temporale""]",0,0,0,0,insufficiente,[],"['Identificazione del professore', ""Identificazione dell'ufficio del preside"", 'Identificazione del bidello', ""Evento A: il professore va nell'ufficio del preside"", 'Evento B: il professore parla con il bidello', 'Relazione temporale tra evento A e evento B']","La rappresentazione del modello non recupera alcuna delle entità o eventi richiesti per rispondere alla domanda. Non sono identificati né il professore, né il bidello, né l'ufficio del preside. Inoltre, non sono riconosciuti gli eventi chiave (il professore che va nell'ufficio del preside e il professore che parla con il bidello) né la loro relazione temporale. Pertanto, la comprensione è insufficiente."
qwen,video095,3,Perché il professore esce dalla classe?,causale,C2,C2|T1,2,professore; classe; preside o bidello,effetto da spiegare: il professore esce dalla classe; causa/antecedente: da identificare nell'evidenza disponibile,riconoscere l'effetto o comportamento da spiegare; recuperare il contesto pertinente; inferire la causa/intenzione/motivazione solo se supportata dalle evidenze; evitare di colmare lacune con conoscenza non presente nel video,"la risposta richiede almeno un passaggio inferenziale implicito su motivazione, intenzione, stato mentale, valutazione sociale, finalità procedurale o relazione causale non direttamente osservabile",two_intervals,2,implicita,moderata,"[""causale"", ""temporale""]",0,0,0,0,insufficiente,[],"['Identificazione del professore', 'Identificazione della classe', 'Identificazione di un preside o bidello', 'Evento del professore che esce dalla classe', ""Causa o antecedente dell'uscita del professore"", 'Contesto pertinente per inferire la causa']","La rappresentazione del modello non recupera alcuna delle entità o eventi richiesti per rispondere alla domanda. Non viene identificato il professore, la classe, né alcun evento che possa spiegare l'uscita del professore dalla classe. Mancano completamente le informazioni necessarie per inferire una causa o motivazione per l'azione descritta nella domanda."
qwen,video096,1,Dove si trova la cagnolina?,spaziale,S0,S0,0,cagnolina; luogo in cui si trova,localizzazione della cagnolina,identificare il referente target; recuperare una singola evidenza spaziale direttamente osservabile; restituire la localizzazione senza confronto tra fasi,recupero spaziale diretto da una singola evidenza stabile; nessun confronto temporale o ricostruzione di stato,single_frame,1,esplicita,nessuna,"[""spaziale""]",0,0,0,0,insufficiente,[],"['Identificazione della cagnolina', 'Localizzazione della cagnolina in un luogo specifico']","Il modello non ha recuperato alcuna informazione riguardante la cagnolina o il luogo in cui si trova. Non sono presenti entità o eventi che permettano di identificare o localizzare la cagnolina nel video. Pertanto, la rappresentazione è insufficiente per rispondere alla domanda."
qwen,video096,2,L'animale mangia il biscotto prima o dopo il comando?,temporale,T1,T1,1,cagnolina; biscotto; comando dell'uomo,evento A: la cagnolina mangia il biscotto; evento B: l'uomo impartisce il comando,"riconoscere i due eventi oppure l'evento e l'ancora temporale; localizzarli nella sequenza; determinare la relazione prima/dopo, primo/secondo, corrente/precedente o il momento richiesto",localizzazione rispetto a un'ancora temporale esplicita oppure ordinamento pairwise tra due eventi/stati direttamente identificabili,two_intervals,2,esplicita,alta,"[""temporale""]",0,0,0,0,insufficiente,[],"['Identificazione della cagnolina', 'Identificazione del biscotto', ""Identificazione del comando dell'uomo"", 'Evento A: la cagnolina mangia il biscotto', ""Evento B: l'uomo impartisce il comando"", 'Relazione temporale tra gli eventi A e B']","La rappresentazione del modello non recupera alcuna delle entità o eventi richiesti per rispondere alla domanda. Non sono identificati né la cagnolina, né il biscotto, né il comando dell'uomo. Inoltre, non sono riconosciuti gli eventi di interesse (mangiare il biscotto e impartire il comando) né la loro relazione temporale. Pertanto, la comprensione è insufficiente."
qwen,video096,3,Perché l'uomo dà un biscotto alla cagnolina?,causale,C2,C2|T1,2,uomo; cagnolina; biscotto,effetto da spiegare: l'uomo dà un biscotto alla cagnolina; causa/antecedente: da identificare nell'evidenza disponibile,riconoscere l'effetto o comportamento da spiegare; recuperare il contesto pertinente; inferire la causa/intenzione/motivazione solo se supportata dalle evidenze; evitare di colmare lacune con conoscenza non presente nel video,"la risposta richiede almeno un passaggio inferenziale implicito su motivazione, intenzione, stato mentale, valutazione sociale, finalità procedurale o relazione causale non direttamente osservabile",two_intervals,2,implicita,moderata,"[""causale"", ""temporale""]",50,30,20,25,insufficiente,['Presenza di un uomo e una cagnolina nel video.'],"[""L'azione specifica dell'uomo che dà un biscotto alla cagnolina."", ""Motivazione o causa per cui l'uomo dà il biscotto."", ""Contesto o antecedente che spiega l'azione.""]","Il modello ha identificato la presenza di un uomo e una cagnolina, ma non ha recuperato l'evento specifico dell'uomo che dà un biscotto alla cagnolina, né ha fornito informazioni sul contesto o la motivazione di tale azione. Mancano quindi elementi fondamentali per rispondere alla domanda, come l'evento chiave e la causa o motivazione dell'azione."
qwen,video097,1,Dove si sono appese le ragazze?,spaziale,S1,S1|T0,1,ragazze; sbarre,evento: le ragazze si appendono alle sbarre; localizzazione della struttura,"riconoscere l'evento o la relazione spaziale pertinente; allineare il referente all'intervallo locale; recuperare origine, destinazione, direzione, supporto o posizione richiesta",una relazione spaziale esplicita o una localizzazione condizionata da un singolo evento osservabile nello stesso intervallo locale,local_interval,1,esplicita,moderata,"[""spaziale"", ""temporale""]",0,0,0,0,insufficiente,[],"['Identificazione delle ragazze', 'Identificazione delle sbarre', 'Evento di appendersi alle sbarre', 'Localizzazione della struttura', 'Relazione spaziale tra ragazze e sbarre']","La rappresentazione del modello non recupera alcuna delle entità o eventi richiesti per rispondere alla domanda. Non sono identificate le ragazze né le sbarre, e manca completamente l'evento di appendersi alle sbarre. Di conseguenza, non è possibile eseguire l'inferenza necessaria per determinare la localizzazione spaziale richiesta."
qwen,video097,2,Le ragazze si sono appese prima o dopo aver alzato le ginocchia?,temporale,T1,T1,1,ragazze; sbarre; ginocchia,evento A: le ragazze si appendono; evento B: alzano le ginocchia,"riconoscere i due eventi oppure l'evento e l'ancora temporale; localizzarli nella sequenza; determinare la relazione prima/dopo, primo/secondo, corrente/precedente o il momento richiesto",localizzazione rispetto a un'ancora temporale esplicita oppure ordinamento pairwise tra due eventi/stati direttamente identificabili,two_intervals,2,esplicita,alta,"[""temporale""]",0,0,0,0,insufficiente,[],"['Identificazione delle ragazze', 'Identificazione delle sbarre', 'Identificazione delle ginocchia', 'Evento A: le ragazze si appendono', 'Evento B: le ragazze alzano le ginocchia', 'Relazione temporale tra gli eventi A e B']","La rappresentazione del modello non recupera alcuna delle entità o eventi richiesti per rispondere alla domanda. Non sono identificate le ragazze, le sbarre o le ginocchia, né sono riconosciuti gli eventi di appendersi o alzare le ginocchia. Di conseguenza, non è possibile determinare la relazione temporale tra questi eventi. La mancanza di queste informazioni fondamentali rende la comprensione insufficiente."
qwen,video097,3,Perché le ragazze si sono appese alle sbarre?,causale,C2,C2|T1,2,ragazze; sbarre,effetto da spiegare: le ragazze si appendono alle sbarre; causa/antecedente: da identificare nell'evidenza disponibile,riconoscere l'effetto o comportamento da spiegare; recuperare il contesto pertinente; inferire la causa/intenzione/motivazione solo se supportata dalle evidenze; evitare di colmare lacune con conoscenza non presente nel video,"la risposta richiede almeno un passaggio inferenziale implicito su motivazione, intenzione, stato mentale, valutazione sociale, finalità procedurale o relazione causale non direttamente osservabile",two_intervals,2,implicita,moderata,"[""causale"", ""temporale""]",0,0,0,0,insufficiente,[],"['Identificazione delle ragazze', 'Identificazione delle sbarre', 'Evento delle ragazze che si appendono alle sbarre', 'Causa o motivazione per cui le ragazze si appendono alle sbarre']","L'analisi del modello non ha recuperato alcuna informazione rilevante per rispondere alla domanda. Mancano completamente le entità chiave (ragazze e sbarre), l'evento centrale (le ragazze che si appendono alle sbarre) e qualsiasi indizio sulla causa o motivazione di tale comportamento. Senza questi elementi, non è possibile eseguire l'inferenza richiesta."
qwen,video098,1,Dove si trova il jack di picche?,spaziale,S0,S0,0,jack di picche; mazzo o sequenza di carte; posizione della carta,localizzazione del jack di picche,identificare il referente target; recuperare una singola evidenza spaziale direttamente osservabile; restituire la localizzazione senza confronto tra fasi,recupero spaziale diretto da una singola evidenza stabile; nessun confronto temporale o ricostruzione di stato,single_frame,1,esplicita,nessuna,"[""spaziale""]",0,0,0,0,insufficiente,[],"['jack di picche', 'mazzo o sequenza di carte', 'posizione della carta', 'localizzazione del jack di picche']","La rappresentazione del modello non include alcuna informazione relativa al jack di picche, al mazzo di carte o alla posizione della carta. Non sono stati identificati eventi o entità pertinenti alla domanda, rendendo impossibile qualsiasi inferenza sulla localizzazione del jack di picche. Pertanto, la comprensione è insufficiente."
qwen,video098,2,Dopo quante carte viene estratta la carta corretta?,temporale,T2,T2,2,carte estratte; carta corretta,evento target: estrazione della carta corretta; misura temporale/ordinale: numero di carte precedenti,"riconoscere gli eventi o stati pertinenti; ricostruire l'evoluzione temporale necessaria; calcolare conteggio/durata oppure distinguere onset, continuazione e stato già completato","durata, conteggio/iterazione, selezione del primo onset tra più candidati o ricostruzione di uno stato già in corso/completato",multi_event_sequence,>=3,esplicita,alta,"[""temporale""]",0,0,0,0,insufficiente,[],"['Carte estratte', 'Carta corretta', 'Evento di estrazione della carta corretta', 'Conteggio delle carte estratte prima della carta corretta']","La rappresentazione del modello non include alcuna informazione sulle carte estratte o sulla carta corretta. Non sono stati identificati eventi di estrazione delle carte, né è stato possibile determinare il numero di carte estratte prima della carta corretta. Mancano completamente le entità e gli eventi necessari per rispondere alla domanda, rendendo impossibile qualsiasi inferenza temporale o conteggio richiesto."
qwen,video098,3,Perché la donna è sorpresa di trovare il jack di picche?,causale,C2,C2|T1,2,donna; jack di picche; mazzo di carte,effetto da spiegare: la donna è sorpresa di trovare il jack di picche; causa/antecedente: da identificare nell'evidenza disponibile,riconoscere l'effetto o comportamento da spiegare; recuperare il contesto pertinente; inferire la causa/intenzione/motivazione solo se supportata dalle evidenze; evitare di colmare lacune con conoscenza non presente nel video,"la risposta richiede almeno un passaggio inferenziale implicito su motivazione, intenzione, stato mentale, valutazione sociale, finalità procedurale o relazione causale non direttamente osservabile",two_intervals,2,implicita,moderata,"[""causale"", ""temporale""]",0,0,0,0,insufficiente,[],"['Identificazione della donna', 'Identificazione del jack di picche', 'Identificazione del mazzo di carte', 'Evento di sorpresa della donna', 'Contesto che spiega la sorpresa', 'Causa o antecedente della sorpresa']","L'analisi del modello non ha recuperato alcuna delle entità specifiche richieste (donna, jack di picche, mazzo di carte) né l'evento centrale della sorpresa della donna. Inoltre, manca completamente il contesto necessario per inferire la causa della sorpresa. Senza queste informazioni, non è possibile affrontare la domanda."
qwen,video099,1,Dove si trova la leccia?,spaziale,S0,S0,0,leccia,localizzazione della leccia,identificare il referente target; recuperare una singola evidenza spaziale direttamente osservabile; restituire la localizzazione senza confronto tra fasi,recupero spaziale diretto da una singola evidenza stabile; nessun confronto temporale o ricostruzione di stato,single_frame,1,esplicita,nessuna,"[""spaziale""]",0,0,0,0,insufficiente,[],"['Identificazione della leccia', 'Localizzazione della leccia in un frame specifico']","Il modello non ha recuperato alcuna informazione riguardante la leccia, né la sua localizzazione. Non ci sono entità o eventi che facciano riferimento alla leccia, rendendo impossibile rispondere alla domanda. La rappresentazione è quindi insufficiente per affrontare la domanda."
qwen,video099,2,Il pescatore capisce che la leccia è grossa prima o dopo averla pescata?,temporale,T1,T1,1,pescatore; leccia; dimensione del pesce,evento A: il pescatore capisce che la leccia è grossa; evento B: il pescatore pesca la leccia,"riconoscere i due eventi oppure l'evento e l'ancora temporale; localizzarli nella sequenza; determinare la relazione prima/dopo, primo/secondo, corrente/precedente o il momento richiesto",localizzazione rispetto a un'ancora temporale esplicita oppure ordinamento pairwise tra due eventi/stati direttamente identificabili,two_intervals,2,esplicita,alta,"[""temporale""]",0,0,0,0,insufficiente,[],"['Identificazione del pescatore', 'Identificazione della leccia', 'Dimensione del pesce', 'Evento A: il pescatore capisce che la leccia è grossa', 'Evento B: il pescatore pesca la leccia', 'Relazione temporale tra gli eventi A e B']","La rappresentazione del modello non recupera alcuna delle entità o eventi richiesti per rispondere alla domanda. Non sono identificati né il pescatore né la leccia, né è possibile determinare la sequenza temporale degli eventi rilevanti. Pertanto, la comprensione è insufficiente."
qwen,video099,3,Perché la leccia non entra nel guadino?,causale,C1,C1|T0,1,leccia; guadino; pescatore; dimensioni del pesce,effetto da spiegare: la leccia non entra nel guadino; causa/antecedente: da identificare nell'evidenza disponibile,riconoscere l'effetto; individuare un antecedente o stato direttamente osservabile/esplicitamente disponibile; verificare il nesso causale senza attribuire intenzioni o motivazioni non supportate,"nesso causa-effetto fisico, sistemico o comportamentale direttamente osservabile nello stesso intervallo locale",local_interval,1,esplicita,moderata,"[""causale"", ""temporale""]",0,0,0,0,insufficiente,[],"['Leccia', 'Guadino', 'Pescatore', 'Dimensioni del pesce', 'Evento: la leccia non entra nel guadino', ""Causa/antecedente dell'evento"", ""Nesso causale tra le dimensioni del pesce e l'incapacità di entrare nel guadino""]","La rappresentazione del modello non recupera alcuna delle entità o degli eventi richiesti per rispondere alla domanda. Non sono identificati né la leccia né il guadino, né viene descritto l'evento chiave della leccia che non entra nel guadino. Inoltre, manca qualsiasi analisi causale o inferenziale che possa spiegare il motivo per cui la leccia non entra nel guadino. Pertanto, la comprensione è insufficiente."
qwen,video100,1,Dove si trova il cartello con le istruzioni per entrare?,spaziale,S0,S0,0,cartello con le istruzioni,localizzazione del cartello per entrare,identificare il referente target; recuperare una singola evidenza spaziale direttamente osservabile; restituire la localizzazione senza confronto tra fasi,recupero spaziale diretto da una singola evidenza stabile; nessun confronto temporale o ricostruzione di stato,single_frame,1,esplicita,nessuna,"[""spaziale""]",0,0,0,0,insufficiente,[],"['Cartello con le istruzioni per entrare', 'Localizzazione del cartello']","Il modello non ha recuperato alcuna informazione riguardante il cartello con le istruzioni per entrare, né la sua localizzazione. Non ci sono evidenze di entità o eventi rilevanti per rispondere alla domanda. Pertanto, la comprensione è insufficiente."
qwen,video100,2,Cosa mostra prima la bambina: il disegno che ritrae lei o quello che ritrae Vanessa?,temporale,T1,T1,1,bambina; disegno di sé; disegno di Vanessa,evento A: la bambina mostra il proprio disegno; evento B: mostra il disegno di Vanessa,"riconoscere i due eventi oppure l'evento e l'ancora temporale; localizzarli nella sequenza; determinare la relazione prima/dopo, primo/secondo, corrente/precedente o il momento richiesto",localizzazione rispetto a un'ancora temporale esplicita oppure ordinamento pairwise tra due eventi/stati direttamente identificabili,two_intervals,2,esplicita,alta,"[""temporale""]",0,0,0,0,insufficiente,[],"['Identificazione della bambina', 'Identificazione del disegno che ritrae la bambina', 'Identificazione del disegno che ritrae Vanessa', 'Evento in cui la bambina mostra il proprio disegno', 'Evento in cui la bambina mostra il disegno di Vanessa', 'Relazione temporale tra i due eventi']","L'analisi del modello non ha recuperato alcuna informazione rilevante per rispondere alla domanda. Mancano completamente le entità chiave (bambina, disegni) e gli eventi richiesti (mostrare i disegni), così come la relazione temporale tra questi eventi. Pertanto, la comprensione è insufficiente."
qwen,video100,3,Perché la mamma dice alla bambina che da grande farà l'artistico?,causale,C2,C2|T1,2,mamma; bambina; disegni; percorso scolastico artistico,effetto da spiegare: la mamma dice che la bambina farà l'artistico; causa/antecedente: da identificare nell'evidenza disponibile,riconoscere l'effetto o comportamento da spiegare; recuperare il contesto pertinente; inferire la causa/intenzione/motivazione solo se supportata dalle evidenze; evitare di colmare lacune con conoscenza non presente nel video,"la risposta richiede almeno un passaggio inferenziale implicito su motivazione, intenzione, stato mentale, valutazione sociale, finalità procedurale o relazione causale non direttamente osservabile",two_intervals,2,implicita,moderata,"[""causale"", ""temporale""]",0,0,0,0,insufficiente,[],"['mamma', 'bambina', 'disegni', 'percorso scolastico artistico', ""la mamma dice che la bambina farà l'artistico"", ""causa/antecedente per cui la mamma dice che la bambina farà l'artistico""]","La rappresentazione del modello non recupera alcuna delle entità o eventi richiesti per rispondere alla domanda. Non ci sono informazioni sulla mamma, la bambina, i disegni o il percorso scolastico artistico. Inoltre, manca completamente l'evento chiave in cui la mamma dice che la bambina farà l'artistico, e non ci sono elementi per inferire la causa o motivazione di tale affermazione. Pertanto, la comprensione è insufficiente."
