id,video_id,video_name,pool_id,pool_item,question_category,question,caption,foil,answer1,answer2,target,model,mode,raw_model_output,predicted_label,is_correct,result,error
video001_causale_01,video001,video001.mp4,video001_causale,1,causale,Perché il signore con gli occhiali balbetta?,Il signore con gli occhiali balbetta perché si è spaventato.,Il signore con gli occhiali balbetta perché è emozionato.,Il signore con gli occhiali balbetta perché è emozionato.,Il signore con gli occhiali balbetta perché si è spaventato.,1,gemma,video_audio,1,1,1,correct,
video001_causale_02,video001,video001.mp4,video001_causale,2,causale,Perché il signore con gli occhiali balbetta?,Il signore con gli occhiali balbetta per paura.,Il signore con gli occhiali balbetta per il freddo.,Il signore con gli occhiali balbetta per paura.,Il signore con gli occhiali balbetta per il freddo.,0,gemma,video_audio,0,0,1,correct,
video001_causale_03,video001,video001.mp4,video001_causale,3,causale,Perché il signore con gli occhiali balbetta?,"Il signore con gli occhiali balbetta perché il farmacista lo coglie di sorpresa e lo spaventa, provocandogli paura.",Il signore con gli occhiali balbetta perché è emozionato dall'incontro con il farmacista.,"Il signore con gli occhiali balbetta perché il farmacista lo coglie di sorpresa e lo spaventa, provocandogli paura.",Il signore con gli occhiali balbetta perché è emozionato dall'incontro con il farmacista.,0,gemma,video_audio,0,0,1,correct,
video001_causale_04,video001,video001.mp4,video001_causale,4,causale,Perché il signore con gli occhiali balbetta?,Il signore con gli occhiali balbetta perché il farmacista lo ha spaventato.,Il signore con gli occhiali balbetta perché è emozionato.,Il signore con gli occhiali balbetta perché il farmacista lo ha spaventato.,Il signore con gli occhiali balbetta perché è emozionato.,0,gemma,video_audio,0,0,1,correct,
video001_spaziale_01,video001,video001.mp4,video001_spaziale,1,spaziale,Dove cerca il rimedio al singhiozzo l'uomo con il camice?,L'uomo con il camice cerca il rimedio al singhiozzo sotto al bancone della farmacia.,L'uomo con il camice cerca il rimedio al singhiozzo sopra al bancone della farmacia.,L'uomo con il camice cerca il rimedio al singhiozzo sopra al bancone della farmacia.,L'uomo con il camice cerca il rimedio al singhiozzo sotto al bancone della farmacia.,1,gemma,video_audio,0,0,0,wrong,
video001_spaziale_02,video001,video001.mp4,video001_spaziale,2,spaziale,Dove cerca il rimedio al singhiozzo l'uomo con il camice?,L'uomo con il camice cerca il rimedio al singhiozzo sotto il bancone.,L'uomo con il camice cerca il rimedio al singhiozzo sopra il bancone.,L'uomo con il camice cerca il rimedio al singhiozzo sopra il bancone.,L'uomo con il camice cerca il rimedio al singhiozzo sotto il bancone.,1,gemma,video_audio,0,0,0,wrong,
video001_spaziale_03,video001,video001.mp4,video001_spaziale,3,spaziale,Dove cerca il rimedio al singhiozzo l'uomo con il camice?,"L'uomo con il camice cerca il rimedio al singhiozzo sul pavimento della farmacia, nella zona sotto il bancone.","L'uomo con il camice cerca il rimedio al singhiozzo nel retro della farmacia, nella zona dietro il bancone.","L'uomo con il camice cerca il rimedio al singhiozzo sul pavimento della farmacia, nella zona sotto il bancone.","L'uomo con il camice cerca il rimedio al singhiozzo sul tetto della farmacia, nella zona sopra il bancone.",0,gemma,video_audio,0,0,1,correct,
video001_spaziale_04,video001,video001.mp4,video001_spaziale,4,spaziale,Dove cerca il rimedio al singhiozzo l'uomo con il camice?,L'uomo con il camice cerca il rimedio al singhiozzo sul pavimento della farmacia.,L'uomo con il camice cerca il rimedio al singhiozzo sul bancone della farmacia.,L'uomo con il camice cerca il rimedio al singhiozzo sul bancone della farmacia.,L'uomo con il camice cerca il rimedio al singhiozzo sul pavimento della farmacia.,1,gemma,video_audio,0,0,0,wrong,
video001_temporale_01,video001,video001.mp4,video001_temporale,1,temporale,L'uomo con gli occhiali urla prima o dopo che l'uomo dietro il bancone esca?,L'uomo con gli occhiali urla dopo che l'uomo dietro il bancone esce.,L'uomo con gli occhiali urla mentre l'uomo dietro il bancone esce.,L'uomo con gli occhiali urla dopo che l'uomo dietro il bancone esce.,L'uomo con gli occhiali urla mentre l'uomo dietro il bancone esce.,0,gemma,video_audio,1,1,0,wrong,
video001_temporale_02,video001,video001.mp4,video001_temporale,2,temporale,L'uomo con gli occhiali urla prima o dopo che l'uomo dietro il bancone esca?,L'uomo con gli occhiali urla dopo che l'uomo dietro il bancone esce.,L'uomo con gli occhiali urla prima che l'uomo dietro il bancone esca.,L'uomo con gli occhiali urla dopo che l'uomo dietro il bancone esce.,L'uomo con gli occhiali urla prima che l'uomo dietro il bancone esca.,0,gemma,video_audio,0,0,1,correct,
video001_temporale_03,video001,video001.mp4,video001_temporale,3,temporale,L'uomo con gli occhiali urla prima o dopo che l'uomo dietro il bancone esca?,L'uomo con gli occhiali urla successivamente all'uscita improvvisa dell'uomo con la maschera.,L'uomo con gli occhiali urla prima dell'uscita improvvisa dell'uomo con la maschera.,L'uomo con gli occhiali urla prima dell'uscita improvvisa dell'uomo con la maschera.,L'uomo con gli occhiali urla successivamente all'uscita improvvisa dell'uomo con la maschera.,1,gemma,video_audio,0,0,0,wrong,
video001_temporale_04,video001,video001.mp4,video001_temporale,4,temporale,L'uomo con gli occhiali urla prima o dopo che l'uomo dietro il bancone esca?,L'uomo con gli occhiali urla dopo che l'uomo con la maschera salti fuori.,L'uomo con gli occhiali urla mentre l'uomo con la maschera salti fuori.,L'uomo con gli occhiali urla dopo che l'uomo con la maschera salti fuori.,L'uomo con gli occhiali urla mentre l'uomo con la maschera salti fuori.,0,gemma,video_audio,1,1,0,wrong,
video002_causale_01,video002,video002.mp4,video002_causale,1,causale,Perché l'uomo con gli occhiali fa degli strani versi al telefono e lo allontana dall'orecchio?,L'uomo con gli occhiali fa strani versi al telefono e lo allontana dall'orecchio per far credere alla moglie che si trova in una strada trafficata e non con l'amante.,L'uomo con gli occhiali fa strani versi al telefono e lo allontana dall'orecchio per far credere alla moglie che l'audio del telefono non funziona e non che si trova in una strada trafficata.,L'uomo con gli occhiali fa strani versi al telefono e lo allontana dall'orecchio per far credere alla moglie che l'audio del telefono non funziona e non che si trova in una strada trafficata.,L'uomo con gli occhiali fa strani versi al telefono e lo allontana dall'orecchio per far credere alla moglie che si trova in una strada trafficata e non con l'amante.,1,gemma,video_audio,1,1,1,correct,
video002_causale_02,video002,video002.mp4,video002_causale,2,causale,Perché l'uomo con gli occhiali fa degli strani versi al telefono e lo allontana dall'orecchio?,Nel video l'uomo con gli occhiali fa degli strani versi al telefono per depistare la moglie.,Nel video l'uomo con gli occhiali fa degli strani versi al telefono per divertire la moglie.,Nel video l'uomo con gli occhiali fa degli strani versi al telefono per divertire la moglie.,Nel video l'uomo con gli occhiali fa degli strani versi al telefono per depistare la moglie.,1,gemma,video_audio,0,0,0,wrong,
video002_causale_03,video002,video002.mp4,video002_causale,3,causale,Perché l'uomo con gli occhiali fa degli strani versi al telefono e lo allontana dall'orecchio?,"L'uomo con gli occhiali fa degli strani versi al telefono per depistare la moglie, fingendo di essere alla guida della propria auto e di non poter parlare con lei.","L'uomo con gli occhiali fa degli strani versi al telefono per depistare la moglie, fingendo di essere impegnato in una riunione importante e quindi di non poter parlare con lei.","L'uomo con gli occhiali fa degli strani versi al telefono per depistare la moglie, fingendo di essere alla guida della propria auto e di non poter parlare con lei.","L'uomo con gli occhiali fa degli strani versi al telefono per depistare la moglie, fingendo di essere impegnato in una riunione importante e quindi di non poter parlare con lei.",0,gemma,video_audio,0,0,1,correct,
video002_causale_04,video002,video002.mp4,video002_causale,4,causale,Perché l'uomo con gli occhiali fa degli strani versi al telefono e lo allontana dall'orecchio?,L'uomo con gli occhiali finge di essere alla guida della sua auto e di non poter parlare.,L'uomo con gli occhiali finge di essere in bicicletta e di non poter parlare.,L'uomo con gli occhiali finge di essere alla guida della sua auto e di non poter parlare.,L'uomo con gli occhiali finge di essere in bicicletta e di non poter parlare.,0,gemma,video_audio,1,1,0,wrong,
video002_spaziale_01,video002,video002.mp4,video002_spaziale,1,spaziale,Dove si trova la moglie dell'uomo con gli occhiali?,La moglie dell'uomo con gli occhiali si trova in agguato dietro un muretto.,La moglie dell'uomo con gli occhiali si trova su una barca a vela.,La moglie dell'uomo con gli occhiali si trova in agguato dietro un muretto.,La moglie dell'uomo con gli occhiali si trova su una barca a vela.,0,gemma,video_audio,0,0,1,correct,
video002_spaziale_02,video002,video002.mp4,video002_spaziale,2,spaziale,Dove si trova la moglie dell'uomo con gli occhiali?,La moglie dell'uomo con gli occhiali si trova dietro di lui.,La moglie dell'uomo con gli occhiali si trova davanti a lui.,La moglie dell'uomo con gli occhiali si trova davanti a lui.,La moglie dell'uomo con gli occhiali si trova dietro di lui.,1,gemma,video_audio,1,1,1,correct,
video002_spaziale_03,video002,video002.mp4,video002_spaziale,3,spaziale,Dove si trova la moglie dell'uomo con gli occhiali?,"La moglie dell'uomo con gli occhiali si trova alle spalle della coppia, dietro l'uomo con gli occhiali.","La moglie dell'uomo con gli occhiali si trova davanti alla coppia, di fronte all'uomo con gli occhiali.","La moglie dell'uomo con gli occhiali si trova davanti alla coppia, di fronte all'uomo con gli occhiali.","La moglie dell'uomo con gli occhiali si trova alle spalle della coppia, dietro l'uomo con gli occhiali.",1,gemma,video_audio,1,1,1,correct,
video002_spaziale_04,video002,video002.mp4,video002_spaziale,4,spaziale,Dove si trova la moglie dell'uomo con gli occhiali?,La moglie dell'uomo con gli occhiali si trova dietro la coppia.,La moglie dell'uomo con gli occhiali si trova davanti alla coppia.,La moglie dell'uomo con gli occhiali si trova davanti alla coppia.,La moglie dell'uomo con gli occhiali si trova dietro la coppia.,1,gemma,video_audio,1,1,1,correct,
video002_temporale_01,video002,video002.mp4,video002_temporale,1,temporale,La donna bionda sbuffa prima o dopo che il telefono squilli?,La donna bionda sbuffa dopo che il telefono squilla.,La donna bionda sbuffa prima che il telefono squilli.,La donna bionda sbuffa prima che il telefono squilli.,La donna bionda sbuffa dopo che il telefono squilla.,1,gemma,video_audio,0,0,0,wrong,
video002_temporale_02,video002,video002.mp4,video002_temporale,2,temporale,La donna bionda sbuffa prima o dopo che il telefono squilli?,La donna bionda sbuffa dopo che il telefono squilla.,La donna bionda sbuffa prima che il telefono squilli.,La donna bionda sbuffa dopo che il telefono squilla.,La donna bionda sbuffa prima che il telefono squilli.,0,gemma,video_audio,0,0,1,correct,
video002_temporale_03,video002,video002.mp4,video002_temporale,3,temporale,La donna bionda sbuffa prima o dopo che il telefono squilli?,La donna bionda sbuffa in seguito alla scoperta che la donna al telefono è la moglie dell'uomo.,La donna bionda sbuffa prima della scoperta che la donna al telefono è la moglie dell'uomo.,La donna bionda sbuffa prima della scoperta che la donna al telefono è la moglie dell'uomo.,La donna bionda sbuffa in seguito alla scoperta che la donna al telefono è la moglie dell'uomo.,1,gemma,video_audio,1,1,1,correct,
video002_temporale_04,video002,video002.mp4,video002_temporale,4,temporale,La donna bionda sbuffa prima o dopo che il telefono squilli?,La donna bionda sbuffa dopo aver capito che fosse la moglie di lui.,La donna bionda sbuffa mentre capiva che fosse la moglie di lui.,La donna bionda sbuffa dopo aver capito che fosse la moglie di lui.,La donna bionda sbuffa mentre capiva che fosse la moglie di lui.,0,gemma,video_audio,1,1,0,wrong,
video003_causale_01,video003,video003.mp4,video003_causale,1,causale,Perché l'uomo con la maglietta gialla si preoccupa di cosa dirà allo zio?,L'uomo con la maglietta gialla si preoccupa perché probabilmente la macchina è dello zio.,L'uomo con la maglietta gialla si preoccupa perché probabilmente la macchina non funziona.,L'uomo con la maglietta gialla si preoccupa perché probabilmente la macchina non funziona.,L'uomo con la maglietta gialla si preoccupa perché probabilmente la macchina è dello zio.,1,gemma,video_audio,0,0,0,wrong,
video003_causale_02,video003,video003.mp4,video003_causale,2,causale,Perché l'uomo con la maglietta gialla si preoccupa di cosa dirà allo zio?,L'uomo con la maglietta gialla si preoccupa di cosa dirà allo zio perché è la macchina dello zio.,L'uomo con la maglietta gialla si preoccupa di cosa dirà allo zio perché ha perso la macchina dello zio.,L'uomo con la maglietta gialla si preoccupa di cosa dirà allo zio perché ha perso la macchina dello zio.,L'uomo con la maglietta gialla si preoccupa di cosa dirà allo zio perché è la macchina dello zio.,1,gemma,video_audio,1,1,1,correct,
video003_causale_03,video003,video003.mp4,video003_causale,3,causale,Perché l'uomo con la maglietta gialla si preoccupa di cosa dirà allo zio?,"L'uomo con la maglietta gialla si preoccupa perché l'auto rossa, ricevuta in prestito dallo zio, ha riportato dei danni.","L'uomo con la maglietta gialla si preoccupa perché l'auto rossa, ricevuta in prestito dallo zio, è rimasta senza benzina.","L'uomo con la maglietta gialla si preoccupa perché l'auto rossa, ricevuta in prestito dallo zio, ha riportato dei danni.","L'uomo con la maglietta gialla si preoccupa perché l'auto rossa, ricevuta in prestito dallo zio, è rimasta senza benzina.",0,gemma,video_audio,0,0,1,correct,
video003_causale_04,video003,video003.mp4,video003_causale,4,causale,Perché l'uomo con la maglietta gialla si preoccupa di cosa dirà allo zio?,L'uomo con la maglietta gialla si preoccupa perché l'auto che lo zio gli ha prestato ha subito danni.,L'uomo con la maglietta gialla si preoccupa perché si è perso in una nuova città.,L'uomo con la maglietta gialla si preoccupa perché si è perso in una nuova città.,L'uomo con la maglietta gialla si preoccupa perché l'auto che lo zio gli ha prestato ha subito danni.,1,gemma,video_audio,1,1,1,correct,
video003_spaziale_01,video003,video003.mp4,video003_spaziale,1,spaziale,"Quando l'uomo con la maglietta gialla dice: 'Ma chi c'ha messo qui?', dov'è il 'qui'?","Nel video, il 'qui' si riferisce al tettuccio dell'automobile Lancia.","Nel video, il 'qui' si riferisce al cofano dell'automobile Lancia.","Nel video, il 'qui' si riferisce al cofano dell'automobile Lancia.","Nel video, il 'qui' si riferisce al tettuccio dell'automobile Lancia.",1,gemma,video_audio,0,0,0,wrong,
video003_spaziale_02,video003,video003.mp4,video003_spaziale,2,spaziale,"Quando l'uomo con la maglietta gialla dice: 'Ma chi c'ha messo qui?', dov'è il 'qui'?","Nel video, il ""qui"" si riferisce alla macchina rossa.","Nel video, il ""qui"" si riferisce alla casa blu.","Nel video, il ""qui"" si riferisce alla macchina rossa.","Nel video, il ""qui"" si riferisce alla casa blu.",0,gemma,video_audio,0,0,1,correct,
video003_spaziale_03,video003,video003.mp4,video003_spaziale,3,spaziale,"Quando l'uomo con la maglietta gialla dice: 'Ma chi c'ha messo qui?', dov'è il 'qui'?",Il 'qui' si riferisce al tettuccio sfondato dell'auto sportiva.,Il 'qui' si riferisce agli interni lussuosi dell'auto sportiva.,Il 'qui' si riferisce al tettuccio sfondato dell'auto sportiva.,Il 'qui' si riferisce agli interni lussuosi dell'auto sportiva.,0,gemma,video_audio,0,0,1,correct,
video003_spaziale_04,video003,video003.mp4,video003_spaziale,4,spaziale,"Quando l'uomo con la maglietta gialla dice: 'Ma chi c'ha messo qui?', dov'è il 'qui'?","L'uomo con la maglietta gialla si riferisce al tettuccio della macchina rossa quando dice ""qui"".","L'uomo con la maglietta gialla si riferisce alla ruota della macchina rossa quando dice ""qui"".","L'uomo con la maglietta gialla si riferisce al tettuccio della macchina rossa quando dice ""qui"".","L'uomo con la maglietta gialla si riferisce alla ruota della macchina rossa quando dice ""qui"".",0,gemma,video_audio,0,0,1,correct,
video003_temporale_01,video003,video003.mp4,video003_temporale,1,temporale,La finestra del balcone viene chiusa prima o dopo che l'uomo urli 'barbone'?,La finestra del balcone viene chiusa dopo che l'uomo urli 'barbone'.,La finestra del balcone viene chiusa prima che l'uomo urli 'barbone'.,La finestra del balcone viene chiusa prima che l'uomo urli 'barbone'.,La finestra del balcone viene chiusa dopo che l'uomo urli 'barbone'.,1,gemma,video_audio,1,1,1,correct,
video003_temporale_02,video003,video003.mp4,video003_temporale,2,temporale,La finestra del balcone viene chiusa prima o dopo che l'uomo urli 'barbone'?,La finestra del balcone viene chiusa dopo che l'uomo urli 'barbone'.,La finestra del balcone viene chiusa prima che l'uomo urli 'barbone'.,La finestra del balcone viene chiusa prima che l'uomo urli 'barbone'.,La finestra del balcone viene chiusa dopo che l'uomo urli 'barbone'.,1,gemma,video_audio,1,1,1,correct,
video003_temporale_03,video003,video003.mp4,video003_temporale,3,temporale,La finestra del balcone viene chiusa prima o dopo che l'uomo urli 'barbone'?,La finestra del balcone viene chiusa successivamente al momento in cui l'uomo spinge la televisione verso il basso.,La finestra del balcone viene chiusa prima che l'uomo spinga la televisione verso il basso.,La finestra del balcone viene chiusa prima che l'uomo spinga la televisione verso il basso.,La finestra del balcone viene chiusa successivamente al momento in cui l'uomo spinge la televisione verso il basso.,1,gemma,video_audio,1,1,1,correct,
video003_temporale_04,video003,video003.mp4,video003_temporale,4,temporale,La finestra del balcone viene chiusa prima o dopo che l'uomo urli 'barbone'?,La finestra del balcone viene chiusa dopo che l'uomo spinge la TV di sotto.,La finestra del balcone viene chiusa prima che l'uomo spinge la TV di sotto.,La finestra del balcone viene chiusa prima che l'uomo spinge la TV di sotto.,La finestra del balcone viene chiusa dopo che l'uomo spinge la TV di sotto.,1,gemma,video_audio,1,1,1,correct,
video004_causale_01,video004,video004.mp4,video004_causale,1,causale,Perché il padrone dice al cane 'incrocia bene'?,"Il padrone dice al cane ""incrocia bene"" perché non aveva incrociato bene le zampe al primo comando.","Il padrone dice al cane ""incrocia bene"" perché aveva incrociato bene le zampe al primo comando.","Il padrone dice al cane ""incrocia bene"" perché non aveva incrociato bene le zampe al primo comando.","Il padrone dice al cane ""incrocia bene"" perché aveva incrociato bene le zampe al primo comando.",0,gemma,video_audio,1,1,0,wrong,
video004_causale_02,video004,video004.mp4,video004_causale,2,causale,Perché il padrone dice al cane 'incrocia bene'?,Il padrone dice al cane 'incrocia bene' per fargli eseguire meglio il comando.,Il padrone dice al cane 'incrocia bene' per fargli interrompere il comando.,Il padrone dice al cane 'incrocia bene' per fargli interrompere il comando.,Il padrone dice al cane 'incrocia bene' per fargli eseguire meglio il comando.,1,gemma,video_audio,1,1,1,correct,
video004_causale_03,video004,video004.mp4,video004_causale,3,causale,Perché il padrone dice al cane 'incrocia bene'?,"Il padrone dice al cane 'incrocia bene' per correggere l'esecuzione del comando, che inizialmente non era stata svolta correttamente.","Il padrone dice al cane 'incrocia bene' per rinforzare l'esecuzione del comando, che inizialmente era stata svolta alla perfezione.","Il padrone dice al cane 'incrocia bene' per rinforzare l'esecuzione del comando, che inizialmente era stata svolta alla perfezione.","Il padrone dice al cane 'incrocia bene' per correggere l'esecuzione del comando, che inizialmente non era stata svolta correttamente.",1,gemma,video_audio,0,0,0,wrong,
video004_causale_04,video004,video004.mp4,video004_causale,4,causale,Perché il padrone dice al cane 'incrocia bene'?,Il padrone dice al cane 'incrocia bene' perché il comando non era stato eseguito correttamente.,Il padrone dice al cane 'incrocia bene' perché aveva paura che il cane scappasse.,Il padrone dice al cane 'incrocia bene' perché aveva paura che il cane scappasse.,Il padrone dice al cane 'incrocia bene' perché il comando non era stato eseguito correttamente.,1,gemma,video_audio,1,1,1,correct,
video004_spaziale_01,video004,video004.mp4,video004_spaziale,1,spaziale,Dove si trova il cane quando viene dato il comando 'dietro'?,Il cane si trova più avanti rispetto all'inquadratura quando viene dato il comando 'dietro'.,Il cane si trova indietro rispetto all'inquadratura quando viene dato il comando 'dietro'.,Il cane si trova più avanti rispetto all'inquadratura quando viene dato il comando 'dietro'.,Il cane si trova indietro rispetto all'inquadratura quando viene dato il comando 'dietro'.,0,gemma,video_audio,1,1,0,wrong,
video004_spaziale_02,video004,video004.mp4,video004_spaziale,2,spaziale,Dove si trova il cane quando viene dato il comando 'dietro'?,Il cane è davanti all'uomo quando viene dato il comando 'dietro'.,Il cane è dietro all'uomo quando viene dato il comando 'dietro'.,Il cane è davanti all'uomo quando viene dato il comando 'dietro'.,Il cane è dietro all'uomo quando viene dato il comando 'dietro'.,0,gemma,video_audio,1,1,0,wrong,
video004_spaziale_03,video004,video004.mp4,video004_spaziale,3,spaziale,Dove si trova il cane quando viene dato il comando 'dietro'?,"Quando viene dato il comando 'dietro', il cane si trova sul prato, di fronte all'uomo.","Quando viene dato il comando 'dietro', il cane si trova sul pavimento, accanto all'uomo.","Quando viene dato il comando 'dietro', il cane si trova sul pavimento, accanto all'uomo.","Quando viene dato il comando 'dietro', il cane si trova sul prato, di fronte all'uomo.",1,gemma,video_audio,1,1,1,correct,
video004_spaziale_04,video004,video004.mp4,video004_spaziale,4,spaziale,Dove si trova il cane quando viene dato il comando 'dietro'?,"Quando viene dato il comando 'dietro', il cane si trova sul prato.","Quando viene dato il comando 'dietro', il cane si trova sul divano.","Quando viene dato il comando 'dietro', il cane si trova sul prato.","Quando viene dato il comando 'dietro', il cane si trova sul divano.",0,gemma,video_audio,0,0,1,correct,
video004_temporale_01,video004,video004.mp4,video004_temporale,1,temporale,"Cosa viene ordinato prima al cane, 'due' o 'spin'?","Prima al cane viene ordinato ""indietro"", poi ""spin"" e infine ""due"".","Prima al cane viene ordinato ""spin"", poi ""due"" e infine ""indietro"".","Prima al cane viene ordinato ""indietro"", poi ""spin"" e infine ""due"".","Prima al cane viene ordinato ""spin"", poi ""due"" e infine ""indietro"".",0,gemma,video_audio,0,0,1,correct,
video004_temporale_02,video004,video004.mp4,video004_temporale,2,temporale,"Cosa viene ordinato prima al cane, 'due' o 'spin'?","Al cane viene ordinato prima ""spin"".","Al cane viene ordinato dopo ""spin"".","Al cane viene ordinato dopo ""spin"".","Al cane viene ordinato prima ""spin"".",1,gemma,video_audio,0,0,0,wrong,
video004_temporale_03,video004,video004.mp4,video004_temporale,3,temporale,"Cosa viene ordinato prima al cane, 'due' o 'spin'?",Nel video il cane esegue prima una rotazione completa su se stesso e successivamente abbaia due volte.,Nel video il cane abbaia due volte e successivamente esegue una rotazione completa su se stesso.,Nel video il cane abbaia due volte e successivamente esegue una rotazione completa su se stesso.,Nel video il cane esegue prima una rotazione completa su se stesso e successivamente abbaia due volte.,1,gemma,video_audio,1,1,1,correct,
video004_temporale_04,video004,video004.mp4,video004_temporale,4,temporale,"Cosa viene ordinato prima al cane, 'due' o 'spin'?",Il cane prima esegue un giro su se stesso e poi abbaia due volte.,Il cane esegue un giro su se stesso mentre abbaia due volte.,Il cane esegue un giro su se stesso mentre abbaia due volte.,Il cane prima esegue un giro su se stesso e poi abbaia due volte.,1,gemma,video_audio,1,1,1,correct,
video005_causale_01,video005,video005.mp4,video005_causale,1,causale,Perché il massaggio all'orecchio del cane produce un suono?,"Il suono prodotto dal massaggio all'orecchio del cane è dovuto al liquido dentro che si muove, simile a un ""ciaf ciaf"" nell'acqua.","Il suono prodotto dal massaggio all'orecchio del cane è dovuto all'aria che si sposta, simile a un ""ciaf ciaf"" nell'acqua.","Il suono prodotto dal massaggio all'orecchio del cane è dovuto al liquido dentro che si muove, simile a un ""ciaf ciaf"" nell'acqua.","Il suono prodotto dal massaggio all'orecchio del cane è dovuto all'aria che si sposta, simile a un ""ciaf ciaf"" nell'acqua.",0,gemma,video_audio,0,0,1,correct,
video005_causale_02,video005,video005.mp4,video005_causale,2,causale,Perché il massaggio all'orecchio del cane produce un suono?,Il massaggio all'orecchio del cane produce un suono perché nell'orecchio vi è un liquido.,Il massaggio all'orecchio del cane produce un suono perché l'orecchio è asciutto.,Il massaggio all'orecchio del cane produce un suono perché l'orecchio è asciutto.,Il massaggio all'orecchio del cane produce un suono perché nell'orecchio vi è un liquido.,1,gemma,video_audio,1,1,1,correct,
video005_causale_03,video005,video005.mp4,video005_causale,3,causale,Perché il massaggio all'orecchio del cane produce un suono?,Il suono è prodotto perché nell'orecchio è stato applicato un liquido detergente che deve avere il tempo di agire.,Il suono è prodotto perché nell'orecchio è entrata dell'acqua durante la doccia.,Il suono è prodotto perché nell'orecchio è stato applicato un liquido detergente che deve avere il tempo di agire.,Il suono è prodotto perché nell'orecchio è entrata dell'acqua durante la doccia.,0,gemma,video_audio,0,0,1,correct,
video005_causale_04,video005,video005.mp4,video005_causale,4,causale,Perché il massaggio all'orecchio del cane produce un suono?,Il suono è prodotto perché è stato inserito un liquido per pulire le orecchie e serve per fargli fare effetto.,Il suono è prodotto perché c'è una musica che sta suonando nelle vicinanze e serve per rilassare l'ambiente.,Il suono è prodotto perché è stato inserito un liquido per pulire le orecchie e serve per fargli fare effetto.,Il suono è prodotto perché c'è una musica che sta suonando nelle vicinanze e serve per rilassare l'ambiente.,0,gemma,video_audio,0,0,1,correct,
video005_spaziale_01,video005,video005.mp4,video005_spaziale,1,spaziale,Dove viene inserito il beccuccio della lozione?,Il beccuccio della lozione viene inserito nell'orecchio del cane.,Il beccuccio della lozione viene inserito nella zampa del cane.,Il beccuccio della lozione viene inserito nella zampa del cane.,Il beccuccio della lozione viene inserito nell'orecchio del cane.,1,gemma,video_audio,1,1,1,correct,
video005_spaziale_02,video005,video005.mp4,video005_spaziale,2,spaziale,Dove viene inserito il beccuccio della lozione?,Il beccuccio della lozione viene inserito nell'orecchio.,Il beccuccio della lozione viene inserito nel naso.,Il beccuccio della lozione viene inserito nell'orecchio.,Il beccuccio della lozione viene inserito nel naso.,0,gemma,video_audio,0,0,1,correct,
video005_spaziale_03,video005,video005.mp4,video005_spaziale,3,spaziale,Dove viene inserito il beccuccio della lozione?,Il beccuccio della lozione viene inserito all'interno dell'orecchio del gatto e del cane.,Il beccuccio della lozione viene inserito all'esterno dell'orecchio del gatto e del cane.,Il beccuccio della lozione viene inserito all'esterno dell'orecchio del gatto e del cane.,Il beccuccio della lozione viene inserito all'interno dell'orecchio del gatto e del cane.,1,gemma,video_audio,1,1,1,correct,
video005_spaziale_04,video005,video005.mp4,video005_spaziale,4,spaziale,Dove viene inserito il beccuccio della lozione?,Nel video il beccuccio della lozione viene inserito nell'orecchio del gatto.,Nel video il beccuccio della lozione viene inserito nella zampa del gatto.,Nel video il beccuccio della lozione viene inserito nell'orecchio del gatto.,Nel video il beccuccio della lozione viene inserito nella zampa del gatto.,0,gemma,video_audio,0,0,1,correct,
video005_temporale_01,video005,video005.mp4,video005_temporale,1,temporale,Il massaggio viene fatto prima o dopo l'applicazione del detergente auricolare?,Il massaggio viene fatto dopo l'applicazione del detergente auricolare.,Il massaggio viene fatto prima dell'applicazione del detergente auricolare.,Il massaggio viene fatto dopo l'applicazione del detergente auricolare.,Il massaggio viene fatto prima dell'applicazione del detergente auricolare.,0,gemma,video_audio,0,0,1,correct,
video005_temporale_02,video005,video005.mp4,video005_temporale,2,temporale,Il massaggio viene fatto prima o dopo l'applicazione del detergente auricolare?,Il massaggio viene fatto dopo l'applicazione del detergente auricolare.,Il massaggio viene fatto prima dell'applicazione del detergente auricolare.,Il massaggio viene fatto dopo l'applicazione del detergente auricolare.,Il massaggio viene fatto prima dell'applicazione del detergente auricolare.,0,gemma,video_audio,0,0,1,correct,
video005_temporale_03,video005,video005.mp4,video005_temporale,3,temporale,Il massaggio viene fatto prima o dopo l'applicazione del detergente auricolare?,Il massaggio viene fatto in seguito alla spremitura della confezione e all'applicazione del prodotto.,Il massaggio viene fatto prima della spremitura della confezione e dell'applicazione del prodotto.,Il massaggio viene fatto in seguito alla spremitura della confezione e all'applicazione del prodotto.,Il massaggio viene fatto prima della spremitura della confezione e dell'applicazione del prodotto.,0,gemma,video_audio,0,0,1,correct,
video005_temporale_04,video005,video005.mp4,video005_temporale,4,temporale,Il massaggio viene fatto prima o dopo l'applicazione del detergente auricolare?,Il massaggio viene fatto dopo aver spremuto la confezione del detergente auricolare.,Il massaggio viene fatto prima di spremere la confezione del detergente auricolare.,Il massaggio viene fatto prima di spremere la confezione del detergente auricolare.,Il massaggio viene fatto dopo aver spremuto la confezione del detergente auricolare.,1,gemma,video_audio,1,1,1,correct,
video006_causale_01,video006,video006.mp4,video006_causale,1,causale,Perché l'uomo decide di non pagare il ragazzo?,L'uomo decide di non pagare il ragazzo perché è arrivato in ritardo in facoltà di speedy pizza.,L'uomo decide di non pagare il ragazzo perché ha sbagliato a consegnare l'ordine.,L'uomo decide di non pagare il ragazzo perché ha sbagliato a consegnare l'ordine.,L'uomo decide di non pagare il ragazzo perché è arrivato in ritardo in facoltà di speedy pizza.,1,gemma,video_audio,1,1,1,correct,
video006_causale_02,video006,video006.mp4,video006_causale,2,causale,Perché l'uomo decide di non pagare il ragazzo?,L'uomo decide di non pagare il ragazzo perché le pizze sono consegnate in ritardo.,L'uomo decide di non pagare il ragazzo perché le pizze sono fredde.,L'uomo decide di non pagare il ragazzo perché le pizze sono consegnate in ritardo.,L'uomo decide di non pagare il ragazzo perché le pizze sono fredde.,0,gemma,video_audio,0,0,1,correct,
video006_causale_03,video006,video006.mp4,video006_causale,3,causale,Perché l'uomo decide di non pagare il ragazzo?,L'uomo decide di non pagare il ragazzo perché si rende conto che il rider sta effettuando la consegna delle pizze in ritardo.,L'uomo decide di non pagare il ragazzo perché si accorge che le pizze sono fredde.,L'uomo decide di non pagare il ragazzo perché si accorge che le pizze sono fredde.,L'uomo decide di non pagare il ragazzo perché si rende conto che il rider sta effettuando la consegna delle pizze in ritardo.,1,gemma,video_audio,1,1,1,correct,
video006_causale_04,video006,video006.mp4,video006_causale,4,causale,Perché l'uomo decide di non pagare il ragazzo?,L'uomo decide di non pagare il ragazzo perché si è accorto che il rider è in ritardo con la consegna.,L'uomo decide di non pagare il ragazzo perché si è accorto che il rider ha portato l'ordine sbagliato.,L'uomo decide di non pagare il ragazzo perché si è accorto che il rider è in ritardo con la consegna.,L'uomo decide di non pagare il ragazzo perché si è accorto che il rider ha portato l'ordine sbagliato.,0,gemma,video_audio,0,0,1,correct,
video006_spaziale_01,video006,video006.mp4,video006_spaziale,1,spaziale,Dove parla il ragazzo che dice 'pizza'?,Il ragazzo che dice 'pizza' parla al citofono.,Il ragazzo che dice 'pizza' parla al telefono.,Il ragazzo che dice 'pizza' parla al telefono.,Il ragazzo che dice 'pizza' parla al citofono.,1,gemma,video_audio,1,1,1,correct,
video006_spaziale_02,video006,video006.mp4,video006_spaziale,2,spaziale,Dove parla il ragazzo che dice 'pizza'?,Il ragazzo dice 'pizza' al citofono.,Il ragazzo dice 'pizza' al telefono.,Il ragazzo dice 'pizza' al citofono.,Il ragazzo dice 'pizza' al telefono.,0,gemma,video_audio,0,0,1,correct,
video006_spaziale_03,video006,video006.mp4,video006_spaziale,3,spaziale,Dove parla il ragazzo che dice 'pizza'?,Il ragazzo dice 'pizza' nel citofono del palazzo presso cui deve effettuare la consegna.,Il ragazzo dice 'pizza' nel citofono della casa presso cui deve effettuare la consegna.,Il ragazzo dice 'pizza' nel citofono della casa presso cui deve effettuare la consegna.,Il ragazzo dice 'pizza' nel citofono del palazzo presso cui deve effettuare la consegna.,1,gemma,video_audio,1,1,1,correct,
video006_spaziale_04,video006,video006.mp4,video006_spaziale,4,spaziale,Dove parla il ragazzo che dice 'pizza'?,Il ragazzo parla nel citofono del palazzo dove deve consegnare.,Il ragazzo parla nel citofono del negozio dove deve consegnare.,Il ragazzo parla nel citofono del negozio dove deve consegnare.,Il ragazzo parla nel citofono del palazzo dove deve consegnare.,1,gemma,video_audio,1,1,1,correct,
video006_temporale_01,video006,video006.mp4,video006_temporale,1,temporale,"Chi saluta per primo, l'uomo con la maglia bianca o quello con la maglia verde?","Nel video, l'uomo con la maglia verde saluta per primo.","Alla fine del video, l'uomo con la maglia verde saluta per primo.","Alla fine del video, l'uomo con la maglia verde saluta per primo.","Nel video, l'uomo con la maglia verde saluta per primo.",1,gemma,video_audio,1,1,1,correct,
video006_temporale_02,video006,video006.mp4,video006_temporale,2,temporale,"Chi saluta per primo, l'uomo con la maglia bianca o quello con la maglia verde?",L'uomo con la maglia bianca saluta per primo nel video.,L'uomo con la maglia bianca saluta per ultimo nel video.,L'uomo con la maglia bianca saluta per ultimo nel video.,L'uomo con la maglia bianca saluta per primo nel video.,1,gemma,video_audio,1,1,1,correct,
video006_temporale_03,video006,video006.mp4,video006_temporale,3,temporale,"Chi saluta per primo, l'uomo con la maglia bianca o quello con la maglia verde?",È l'uomo in bianco che deve consegnare l'ordine delle pizze a salutare per primo.,"Dopo che l'uomo in bianco ha consegnato l'ordine delle pizze, ha salutato per primo.",È l'uomo in bianco che deve consegnare l'ordine delle pizze a salutare per primo.,"Dopo che l'uomo in bianco ha consegnato l'ordine delle pizze, ha salutato per primo.",0,gemma,video_audio,0,0,1,correct,
video006_temporale_04,video006,video006.mp4,video006_temporale,4,temporale,"Chi saluta per primo, l'uomo con la maglia bianca o quello con la maglia verde?",Saluta per primo l'uomo che sta consegnando le pizze.,Saluta l'uomo che arriva dopo a consegnare le pizze.,Saluta per primo l'uomo che sta consegnando le pizze.,Saluta l'uomo che arriva dopo a consegnare le pizze.,0,gemma,video_audio,1,1,0,wrong,
video007_causale_01,video007,video007.mp4,video007_causale,1,causale,Perché Anastasia piange?,Anastasia piange perché è inciampata sul tappeto facendosi male.,Anastasia piange perché ha litigato con un amico.,Anastasia piange perché è inciampata sul tappeto facendosi male.,Anastasia piange perché ha litigato con un amico.,0,gemma,video_audio,0,0,1,correct,
video007_causale_02,video007,video007.mp4,video007_causale,2,causale,Perché Anastasia piange?,Anastasia piange perché è caduta.,Anastasia piange perché è felice.,Anastasia piange perché è caduta.,Anastasia piange perché è felice.,0,gemma,video_audio,0,0,1,correct,
video007_causale_03,video007,video007.mp4,video007_causale,3,causale,Perché Anastasia piange?,Anastasia piange perché inciampa sul tappeto e finisce a terra.,Anastasia piange perché ha ricevuto una brutta notizia.,Anastasia piange perché inciampa sul tappeto e finisce a terra.,Anastasia piange perché ha ricevuto una brutta notizia.,0,gemma,video_audio,0,0,1,correct,
video007_causale_04,video007,video007.mp4,video007_causale,4,causale,Perché Anastasia piange?,Anastasia piange perché è inciampata sul tappeto.,Anastasia piange perché ha ricevuto una bella notizia.,Anastasia piange perché è inciampata sul tappeto.,Anastasia piange perché ha ricevuto una bella notizia.,0,gemma,video_audio,0,0,1,correct,
video007_spaziale_01,video007,video007.mp4,video007_spaziale,1,spaziale,Dove si trova Anastasia quando inizia a piangere?,Anastasia si trova caduta in terra a causa dell'inciampo sul tappeto quando inizia a piangere.,Anastasia si trova caduta sulla sedia a causa dell'inciampo sul tappeto quando inizia a piangere.,Anastasia si trova caduta in terra a causa dell'inciampo sul tappeto quando inizia a piangere.,Anastasia si trova caduta sulla sedia a causa dell'inciampo sul tappeto quando inizia a piangere.,0,gemma,video_audio,0,0,1,correct,
video007_spaziale_02,video007,video007.mp4,video007_spaziale,2,spaziale,Dove si trova Anastasia quando inizia a piangere?,Anastasia si trova per terra quando inizia a piangere.,Anastasia si trova su una sedia quando inizia a piangere.,Anastasia si trova su una sedia quando inizia a piangere.,Anastasia si trova per terra quando inizia a piangere.,1,gemma,video_audio,1,1,1,correct,
video007_spaziale_03,video007,video007.mp4,video007_spaziale,3,spaziale,Dove si trova Anastasia quando inizia a piangere?,"Anastasia si trova a terra, sdraiata ai piedi del letto quando inizia a piangere.","Anastasia si trova sul divano, seduta comodamente quando inizia a piangere.","Anastasia si trova sul divano, seduta comodamente quando inizia a piangere.","Anastasia si trova a terra, sdraiata ai piedi del letto quando inizia a piangere.",1,gemma,video_audio,1,1,1,correct,
video007_spaziale_04,video007,video007.mp4,video007_spaziale,4,spaziale,Dove si trova Anastasia quando inizia a piangere?,Anastasia si trova sdraiata ai piedi del letto in terra quando inizia a piangere.,Anastasia si trova sdraiata sopra il letto quando inizia a piangere.,Anastasia si trova sdraiata sopra il letto quando inizia a piangere.,Anastasia si trova sdraiata ai piedi del letto in terra quando inizia a piangere.,1,gemma,video_audio,1,1,1,correct,
video007_temporale_01,video007,video007.mp4,video007_temporale,1,temporale,La bambina ride prima o dopo essere caduta?,La bambina ride prima di cadere.,La bambina ride dopo essere caduta.,La bambina ride prima di cadere.,La bambina ride dopo essere caduta.,0,gemma,video_audio,0,0,1,correct,
video007_temporale_02,video007,video007.mp4,video007_temporale,2,temporale,La bambina ride prima o dopo essere caduta?,La bambina ride prima di cadere nel video.,La bambina ride dopo essere caduta nel video.,La bambina ride prima di cadere nel video.,La bambina ride dopo essere caduta nel video.,0,gemma,video_audio,0,0,1,correct,
video007_temporale_03,video007,video007.mp4,video007_temporale,3,temporale,La bambina ride prima o dopo essere caduta?,La bambina ride in un momento precedente rispetto all'azione successiva.,La bambina ride in un momento successivo all'azione precedente.,La bambina ride in un momento precedente rispetto all'azione successiva.,La bambina ride in un momento successivo all'azione precedente.,0,gemma,video_audio,1,1,0,wrong,
video007_temporale_04,video007,video007.mp4,video007_temporale,4,temporale,La bambina ride prima o dopo essere caduta?,La bambina ride prima di cadere.,La bambina ride dopo essere caduta.,La bambina ride dopo essere caduta.,La bambina ride prima di cadere.,1,gemma,video_audio,0,0,0,wrong,
video008_causale_01,video008,video008.mp4,video008_causale,1,causale,Perché l'uomo con il completo grigio è preoccupato di finire 'elemosinaro'?,L'uomo con il completo grigio è preoccupato di finire 'elemosinaro' perché ha paura di essere arrestato per furto.,L'uomo con il completo grigio è preoccupato di finire 'elemosinaro' perché non riesce a trovare un lavoro stabile.,L'uomo con il completo grigio è preoccupato di finire 'elemosinaro' perché non riesce a trovare un lavoro stabile.,L'uomo con il completo grigio è preoccupato di finire 'elemosinaro' perché ha paura di essere arrestato per furto.,1,gemma,video_audio,1,1,1,correct,
video008_causale_02,video008,video008.mp4,video008_causale,2,causale,Perché l'uomo con il completo grigio è preoccupato di finire 'elemosinaro'?,L'uomo con il completo grigio è preoccupato di finire 'elemosinaro' perché sta rubando.,L'uomo con il completo grigio è preoccupato di finire 'elemosinaro' perché ha perso il lavoro.,L'uomo con il completo grigio è preoccupato di finire 'elemosinaro' perché ha perso il lavoro.,L'uomo con il completo grigio è preoccupato di finire 'elemosinaro' perché sta rubando.,1,gemma,video_audio,1,1,1,correct,
video008_causale_03,video008,video008.mp4,video008_causale,3,causale,Perché l'uomo con il completo grigio è preoccupato di finire 'elemosinaro'?,L'uomo con il completo grigio è preoccupato di finire 'elemosinaro' perché partecipa al furto dopo essere stato convinto dall'amico e la situazione lo spaventa.,L'uomo con il completo grigio è preoccupato di finire 'elemosinaro' perché ha perso il lavoro e la situazione lo spaventa.,L'uomo con il completo grigio è preoccupato di finire 'elemosinaro' perché ha perso il lavoro e la situazione lo spaventa.,L'uomo con il completo grigio è preoccupato di finire 'elemosinaro' perché partecipa al furto dopo essere stato convinto dall'amico e la situazione lo spaventa.,1,gemma,video_audio,1,1,1,correct,
video008_causale_04,video008,video008.mp4,video008_causale,4,causale,Perché l'uomo con il completo grigio è preoccupato di finire 'elemosinaro'?,L'uomo con il completo grigio è preoccupato di finire 'elemosinaro' perché l'amico lo ha convinto a rubare e lui è spaventato.,L'uomo con il completo grigio è preoccupato di finire 'elemosinaro' perché ha perso il lavoro e lui è spaventato.,L'uomo con il completo grigio è preoccupato di finire 'elemosinaro' perché ha perso il lavoro e lui è spaventato.,L'uomo con il completo grigio è preoccupato di finire 'elemosinaro' perché l'amico lo ha convinto a rubare e lui è spaventato.,1,gemma,video_audio,1,1,1,correct,
video008_spaziale_01,video008,video008.mp4,video008_spaziale,1,spaziale,Dove mette 'spesa proletaria' l'uomo con la fascia rossa?,L'uomo con la fascia rossa mette 'spesa proletaria' dentro la canottiera.,L'uomo con la fascia rossa mette 'spesa proletaria' sopra la canottiera.,L'uomo con la fascia rossa mette 'spesa proletaria' dentro la canottiera.,L'uomo con la fascia rossa mette 'spesa proletaria' sopra la canottiera.,0,gemma,video_audio,0,0,1,correct,
video008_spaziale_02,video008,video008.mp4,video008_spaziale,2,spaziale,Dove mette 'spesa proletaria' l'uomo con la fascia rossa?,L'uomo con la fascia rossa mette la 'spesa proletaria' nel gilet.,L'uomo con la fascia rossa mette la 'spesa proletaria' nel carrello.,L'uomo con la fascia rossa mette la 'spesa proletaria' nel carrello.,L'uomo con la fascia rossa mette la 'spesa proletaria' nel gilet.,1,gemma,video_audio,1,1,1,correct,
video008_spaziale_03,video008,video008.mp4,video008_spaziale,3,spaziale,Dove mette 'spesa proletaria' l'uomo con la fascia rossa?,"L'uomo con la fascia rossa mette 'spesa proletaria' nascosto sul petto, all'interno del gilet.","L'uomo con la fascia rossa mette 'spesa proletaria' nascosto nella tasca dei pantaloni, invece del gilet.","L'uomo con la fascia rossa mette 'spesa proletaria' nascosto sul petto, all'interno del gilet.","L'uomo con la fascia rossa mette 'spesa proletaria' nascosto nella tasca dei pantaloni, invece del gilet.",0,gemma,video_audio,0,0,1,correct,
video008_spaziale_04,video008,video008.mp4,video008_spaziale,4,spaziale,Dove mette 'spesa proletaria' l'uomo con la fascia rossa?,L'uomo con la fascia rossa nasconde 'spesa proletaria' nel petto.,L'uomo con la fascia rossa nasconde 'spesa proletaria' nella tasca.,L'uomo con la fascia rossa nasconde 'spesa proletaria' nella tasca.,L'uomo con la fascia rossa nasconde 'spesa proletaria' nel petto.,1,gemma,video_audio,1,1,1,correct,
video008_temporale_01,video008,video008.mp4,video008_temporale,1,temporale,La donna con il grembiule rosso arriva prima o dopo che l'uomo con il gilet nero spieghi il piano di fuga all'uomo col completo?,La donna con il grembiule rosso arriva dopo che l'uomo con il gilet nero spieghi il piano di fuga all'uomo col completo.,La donna con il grembiule rosso arriva prima che l'uomo con il gilet nero spieghi il piano di fuga all'uomo col completo.,La donna con il grembiule rosso arriva prima che l'uomo con il gilet nero spieghi il piano di fuga all'uomo col completo.,La donna con il grembiule rosso arriva dopo che l'uomo con il gilet nero spieghi il piano di fuga all'uomo col completo.,1,gemma,video_audio,1,1,1,correct,
video008_temporale_02,video008,video008.mp4,video008_temporale,2,temporale,La donna con il grembiule rosso arriva prima o dopo che l'uomo con il gilet nero spieghi il piano di fuga all'uomo col completo?,La donna con il grembiule rosso arriva dopo che l'uomo con il gilet nero spieghi il piano di fuga all'uomo col completo.,La donna con il grembiule rosso arriva prima che l'uomo con il gilet nero spieghi il piano di fuga all'uomo col completo.,La donna con il grembiule rosso arriva dopo che l'uomo con il gilet nero spieghi il piano di fuga all'uomo col completo.,La donna con il grembiule rosso arriva prima che l'uomo con il gilet nero spieghi il piano di fuga all'uomo col completo.,0,gemma,video_audio,1,1,0,wrong,
video008_temporale_03,video008,video008.mp4,video008_temporale,3,temporale,La donna con il grembiule rosso arriva prima o dopo che l'uomo con il gilet nero spieghi il piano di fuga all'uomo col completo?,La donna con il grembiule rosso arriva in seguito e si accorge che è in corso un furto.,La donna con il grembiule rosso arriva prima e si accorge che è in corso un furto.,La donna con il grembiule rosso arriva prima e si accorge che è in corso un furto.,La donna con il grembiule rosso arriva in seguito e si accorge che è in corso un furto.,1,gemma,video_audio,1,1,1,correct,
video008_temporale_04,video008,video008.mp4,video008_temporale,4,temporale,La donna con il grembiule rosso arriva prima o dopo che l'uomo con il gilet nero spieghi il piano di fuga all'uomo col completo?,"La donna con il grembiule rosso arriva dopo, quando si accorge che stanno rubando.","La donna con il grembiule rosso arriva prima, quando si accorge che stanno rubando.","La donna con il grembiule rosso arriva prima, quando si accorge che stanno rubando.","La donna con il grembiule rosso arriva dopo, quando si accorge che stanno rubando.",1,gemma,video_audio,1,1,1,correct,
video009_causale_01,video009,video009.mp4,video009_causale,1,causale,Perché l'uomo con il cappello peloso urla 'a me non piacciono gli uomini'?,L'uomo con il cappello peloso urla perché è stato scambiato per omosessuale.,L'uomo con il cappello peloso urla perché ha visto un animale pericoloso.,L'uomo con il cappello peloso urla perché ha visto un animale pericoloso.,L'uomo con il cappello peloso urla perché è stato scambiato per omosessuale.,1,gemma,video_audio,1,1,1,correct,
video009_causale_02,video009,video009.mp4,video009_causale,2,causale,Perché l'uomo con il cappello peloso urla 'a me non piacciono gli uomini'?,L'uomo con il cappello peloso urla 'a me non piacciono gli uomini' perché non è omosessuale.,L'uomo con il cappello peloso urla 'a me non piacciono gli uomini' perché è arrabbiato.,L'uomo con il cappello peloso urla 'a me non piacciono gli uomini' perché è arrabbiato.,L'uomo con il cappello peloso urla 'a me non piacciono gli uomini' perché non è omosessuale.,1,gemma,video_audio,1,1,1,correct,
video009_causale_03,video009,video009.mp4,video009_causale,3,causale,Perché l'uomo con il cappello peloso urla 'a me non piacciono gli uomini'?,L'uomo con il cappello peloso urla perché si arrabbia quando il receptionist presume erroneamente che lui e suo genero siano una coppia.,L'uomo con il cappello peloso urla perché si arrabbia quando il receptionist ignora la loro presenza.,L'uomo con il cappello peloso urla perché si arrabbia quando il receptionist presume erroneamente che lui e suo genero siano una coppia.,L'uomo con il cappello peloso urla perché si arrabbia quando il receptionist ignora la loro presenza.,0,gemma,video_audio,0,0,1,correct,
video009_causale_04,video009,video009.mp4,video009_causale,4,causale,Perché l'uomo con il cappello peloso urla 'a me non piacciono gli uomini'?,L'uomo con il cappello peloso urla perché è arrabbiato che il receptionist abbia assunto che lui e suo genero siano una coppia.,L'uomo con il cappello peloso urla perché è felice che il receptionist abbia riconosciuto il suo legame con il genero.,L'uomo con il cappello peloso urla perché è arrabbiato che il receptionist abbia assunto che lui e suo genero siano una coppia.,L'uomo con il cappello peloso urla perché è felice che il receptionist abbia riconosciuto il suo legame con il genero.,0,gemma,video_audio,0,0,1,correct,
video009_spaziale_01,video009,video009.mp4,video009_spaziale,1,spaziale,Dove mette i 100 dollari l'uomo col cappello peloso?,L'uomo col cappello peloso mette i 100 dollari in bocca al receptionist.,L'uomo col cappello peloso mette i 100 dollari in tasca al receptionist.,L'uomo col cappello peloso mette i 100 dollari in bocca al receptionist.,L'uomo col cappello peloso mette i 100 dollari in tasca al receptionist.,0,gemma,video_audio,0,0,1,correct,
video009_spaziale_02,video009,video009.mp4,video009_spaziale,2,spaziale,Dove mette i 100 dollari l'uomo col cappello peloso?,L'uomo col cappello peloso mette i 100 dollari in bocca al portiere.,L'uomo col cappello peloso mette i 100 dollari in tasca al portiere.,L'uomo col cappello peloso mette i 100 dollari in bocca al portiere.,L'uomo col cappello peloso mette i 100 dollari in tasca al portiere.,0,gemma,video_audio,0,0,1,correct,
video009_spaziale_03,video009,video009.mp4,video009_spaziale,3,spaziale,Dove mette i 100 dollari l'uomo col cappello peloso?,"L'uomo col cappello peloso mette i cento dollari vicino al receptionist, dopo averli tenuti in mano e poi consegnati a lui.","L'uomo col cappello peloso mette i cento dollari sopra un tavolo, dopo averli tenuti in mano e poi consegnati a lui.","L'uomo col cappello peloso mette i cento dollari sopra un tavolo, dopo averli tenuti in mano e poi consegnati a lui.","L'uomo col cappello peloso mette i cento dollari vicino al receptionist, dopo averli tenuti in mano e poi consegnati a lui.",1,gemma,video_audio,1,1,1,correct,
video009_spaziale_04,video009,video009.mp4,video009_spaziale,4,spaziale,Dove mette i 100 dollari l'uomo col cappello peloso?,L'uomo col cappello peloso mette i 100 dollari nella mano prima di darli al receptionist.,L'uomo col cappello peloso mette i 100 dollari sul bancone prima di darli al receptionist.,L'uomo col cappello peloso mette i 100 dollari sul bancone prima di darli al receptionist.,L'uomo col cappello peloso mette i 100 dollari nella mano prima di darli al receptionist.,1,gemma,video_audio,1,1,1,correct,
video009_temporale_01,video009,video009.mp4,video009_temporale,1,temporale,L'uomo con il cappello peloso viene scambiato per omosessuale prima o dopo aver chiesto il cambio di camera?,L'uomo con il cappello peloso viene scambiato per omosessuale fin da subito.,L'uomo con il cappello peloso viene scambiato per omosessuale solo più tardi.,L'uomo con il cappello peloso viene scambiato per omosessuale solo più tardi.,L'uomo con il cappello peloso viene scambiato per omosessuale fin da subito.,1,gemma,video_audio,0,0,0,wrong,
video009_temporale_02,video009,video009.mp4,video009_temporale,2,temporale,L'uomo con il cappello peloso viene scambiato per omosessuale prima o dopo aver chiesto il cambio di camera?,L'uomo con il cappello peloso viene scambiato per omosessuale dopo aver chiesto il cambio di camera.,L'uomo con il cappello peloso viene scambiato per omosessuale prima di chiedere il cambio di camera.,L'uomo con il cappello peloso viene scambiato per omosessuale dopo aver chiesto il cambio di camera.,L'uomo con il cappello peloso viene scambiato per omosessuale prima di chiedere il cambio di camera.,0,gemma,video_audio,1,1,0,wrong,
video009_temporale_03,video009,video009.mp4,video009_temporale,3,temporale,L'uomo con il cappello peloso viene scambiato per omosessuale prima o dopo aver chiesto il cambio di camera?,L'uomo con il cappello peloso viene scambiato per omosessuale prima di chiedere il cambio di stanza.,L'uomo con il cappello peloso viene scambiato per omosessuale dopo aver richiesto il cambio di stanza.,L'uomo con il cappello peloso viene scambiato per omosessuale prima di chiedere il cambio di stanza.,L'uomo con il cappello peloso viene scambiato per omosessuale dopo aver richiesto il cambio di stanza.,0,gemma,video_audio,0,0,1,correct,
video009_temporale_04,video009,video009.mp4,video009_temporale,4,temporale,L'uomo con il cappello peloso viene scambiato per omosessuale prima o dopo aver chiesto il cambio di camera?,L'uomo con il cappello peloso viene scambiato per omosessuale prima di chiedere il cambio di stanza.,L'uomo con il cappello peloso viene scambiato per omosessuale dopo aver chiesto il cambio di stanza.,L'uomo con il cappello peloso viene scambiato per omosessuale dopo aver chiesto il cambio di stanza.,L'uomo con il cappello peloso viene scambiato per omosessuale prima di chiedere il cambio di stanza.,1,gemma,video_audio,1,1,1,correct,
video010_causale_01,video010,video010.mp4,video010_causale,1,causale,Perché i pazienti e i familiari sono arrabbiati?,I pazienti e i familiari sono arrabbiati perché le infrastrutture sono fallaci e ci piove dentro.,I pazienti e i familiari sono arrabbiati perché il personale medico è scortese.,I pazienti e i familiari sono arrabbiati perché il personale medico è scortese.,I pazienti e i familiari sono arrabbiati perché le infrastrutture sono fallaci e ci piove dentro.,1,gemma,video_audio,1,1,1,correct,
video010_causale_02,video010,video010.mp4,video010_causale,2,causale,Perché i pazienti e i familiari sono arrabbiati?,I pazienti e i familiari sono arrabbiati perché il controsoffitto è caduto e piove nel reparto.,I pazienti e i familiari sono arrabbiati perché il riscaldamento non funziona e fa freddo nel reparto.,I pazienti e i familiari sono arrabbiati perché il riscaldamento non funziona e fa freddo nel reparto.,I pazienti e i familiari sono arrabbiati perché il controsoffitto è caduto e piove nel reparto.,1,gemma,video_audio,1,1,1,correct,
video010_causale_03,video010,video010.mp4,video010_causale,3,causale,Perché i pazienti e i familiari sono arrabbiati?,"I pazienti e i familiari sono arrabbiati perché il controsoffitto ha ceduto, l'acqua entra nel reparto e l'area di malattie infettive risulta danneggiata.",I pazienti e i familiari sono arrabbiati perché il sistema di ventilazione è guasto e l'area di malattie infettive risulta danneggiata.,"I pazienti e i familiari sono arrabbiati perché il controsoffitto ha ceduto, l'acqua entra nel reparto e l'area di malattie infettive risulta danneggiata.",I pazienti e i familiari sono arrabbiati perché il sistema di ventilazione è guasto e l'area di malattie infettive risulta danneggiata.,0,gemma,video_audio,0,0,1,correct,
video010_causale_04,video010,video010.mp4,video010_causale,4,causale,Perché i pazienti e i familiari sono arrabbiati?,I pazienti e i familiari sono arrabbiati perché il reparto di malattie infettive è danneggiato.,I pazienti e i familiari sono arrabbiati perché il personale medico è scortese.,I pazienti e i familiari sono arrabbiati perché il personale medico è scortese.,I pazienti e i familiari sono arrabbiati perché il reparto di malattie infettive è danneggiato.,1,gemma,video_audio,1,1,1,correct,
video010_spaziale_01,video010,video010.mp4,video010_spaziale,1,spaziale,Da dove scende l'acqua?,L'acqua scende dai diroccamenti dell'ospedale.,L'acqua scende dai diroccamenti del castello.,L'acqua scende dai diroccamenti dell'ospedale.,L'acqua scende dai diroccamenti del castello.,0,gemma,video_audio,0,0,1,correct,
video010_spaziale_02,video010,video010.mp4,video010_spaziale,2,spaziale,Da dove scende l'acqua?,L'acqua scende dal controsoffitto.,L'acqua scende dai muri laterali.,L'acqua scende dal controsoffitto.,L'acqua scende dai muri laterali.,0,gemma,video_audio,0,0,1,correct,
video010_spaziale_03,video010,video010.mp4,video010_spaziale,3,spaziale,Da dove scende l'acqua?,"L'acqua scende dalla parte interna del tetto dell'ospedale, attraverso il controsoffitto.","L'acqua scende dalla parte esterna del tetto dell'ospedale, attraverso il controsoffitto.","L'acqua scende dalla parte esterna del tetto dell'ospedale, attraverso il controsoffitto.","L'acqua scende dalla parte interna del tetto dell'ospedale, attraverso il controsoffitto.",1,gemma,video_audio,1,1,1,correct,
video010_spaziale_04,video010,video010.mp4,video010_spaziale,4,spaziale,Da dove scende l'acqua?,L'acqua scende dall'intero tetto dell'ospedale.,L'acqua scende dal balcone del teatro.,L'acqua scende dall'intero tetto dell'ospedale.,L'acqua scende dal balcone del teatro.,0,gemma,video_audio,0,0,1,correct,
video010_temporale_01,video010,video010.mp4,video010_temporale,1,temporale,I familiari dei pazienti denunciano i danni all'ospedale prima o dopo che piova?,I familiari dei pazienti denunciano i danni all'ospedale dopo che piova.,I familiari dei pazienti denunciano i danni all'ospedale prima che piova.,I familiari dei pazienti denunciano i danni all'ospedale prima che piova.,I familiari dei pazienti denunciano i danni all'ospedale dopo che piova.,1,gemma,video_audio,1,1,1,correct,
video010_temporale_02,video010,video010.mp4,video010_temporale,2,temporale,I familiari dei pazienti denunciano i danni all'ospedale prima o dopo che piova?,I familiari dei pazienti denunciano i danni all'ospedale dopo che piova.,I familiari dei pazienti denunciano i danni all'ospedale prima che piova.,I familiari dei pazienti denunciano i danni all'ospedale dopo che piova.,I familiari dei pazienti denunciano i danni all'ospedale prima che piova.,0,gemma,video_audio,0,0,1,correct,
video010_temporale_03,video010,video010.mp4,video010_temporale,3,temporale,I familiari dei pazienti denunciano i danni all'ospedale prima o dopo che piova?,I familiari dei pazienti denunciano i danni all'ospedale successivamente alla pioggia torrenziale.,I familiari dei pazienti denunciano i danni all'ospedale prima della pioggia torrenziale.,I familiari dei pazienti denunciano i danni all'ospedale successivamente alla pioggia torrenziale.,I familiari dei pazienti denunciano i danni all'ospedale prima della pioggia torrenziale.,0,gemma,video_audio,0,0,1,correct,
video010_temporale_04,video010,video010.mp4,video010_temporale,4,temporale,I familiari dei pazienti denunciano i danni all'ospedale prima o dopo che piova?,I familiari dei pazienti denunciano i danni all'ospedale dopo la pioggia torrenziale.,I familiari dei pazienti denunciano i danni all'ospedale prima della pioggia torrenziale.,I familiari dei pazienti denunciano i danni all'ospedale prima della pioggia torrenziale.,I familiari dei pazienti denunciano i danni all'ospedale dopo la pioggia torrenziale.,1,gemma,video_audio,1,1,1,correct,
video011_causale_01,video011,video011.mp4,video011_causale,1,causale,Perché la figlia dice al padre 'scandaloso'?,La figlia dice 'scandaloso' al padre perché sta giocando piuttosto che lavorare come aveva detto.,La figlia dice 'scandaloso' al padre perché sta mangiando piuttosto che giocare come aveva detto.,La figlia dice 'scandaloso' al padre perché sta mangiando piuttosto che giocare come aveva detto.,La figlia dice 'scandaloso' al padre perché sta giocando piuttosto che lavorare come aveva detto.,1,gemma,video_audio,0,0,0,wrong,
video011_causale_02,video011,video011.mp4,video011_causale,2,causale,Perché la figlia dice al padre 'scandaloso'?,La figlia dice 'scandaloso' al padre perchè dice una bugia.,La figlia dice 'scandaloso' al padre perchè ha scoperto la verità.,La figlia dice 'scandaloso' al padre perchè ha scoperto la verità.,La figlia dice 'scandaloso' al padre perchè dice una bugia.,1,gemma,video_audio,1,1,1,correct,
video011_causale_03,video011,video011.mp4,video011_causale,3,causale,Perché la figlia dice al padre 'scandaloso'?,La figlia dice 'scandaloso' al padre perché è sconcertata dal suo comportamento: le dice una bugia e preferisce giocare al telefono invece di raggiungerla.,La figlia dice 'scandaloso' al padre perché è scontenta del suo regalo: le ha promesso un viaggio ma l'ha portata a una cena noiosa.,La figlia dice 'scandaloso' al padre perché è scontenta del suo regalo: le ha promesso un viaggio ma l'ha portata a una cena noiosa.,La figlia dice 'scandaloso' al padre perché è sconcertata dal suo comportamento: le dice una bugia e preferisce giocare al telefono invece di raggiungerla.,1,gemma,video_audio,1,1,1,correct,
video011_causale_04,video011,video011.mp4,video011_causale,4,causale,Perché la figlia dice al padre 'scandaloso'?,La figlia dice 'scandaloso' al padre perché è sconcertata dal fatto che preferisca giocare con il telefono anziché andare da lei che lo chiama.,La figlia dice 'scandaloso' al padre perché è arrabbiata che abbia dimenticato il suo compleanno.,La figlia dice 'scandaloso' al padre perché è arrabbiata che abbia dimenticato il suo compleanno.,La figlia dice 'scandaloso' al padre perché è sconcertata dal fatto che preferisca giocare con il telefono anziché andare da lei che lo chiama.,1,gemma,video_audio,1,1,1,correct,
video011_spaziale_01,video011,video011.mp4,video011_spaziale,1,spaziale,Dove si trova il cellulare?,Il cellulare si trova in mano al padre.,Il cellulare si trova sul tavolo.,Il cellulare si trova in mano al padre.,Il cellulare si trova sul tavolo.,0,gemma,video_audio,0,0,1,correct,
video011_spaziale_02,video011,video011.mp4,video011_spaziale,2,spaziale,Dove si trova il cellulare?,Il cellulare si trova nelle mani di papà.,Il cellulare si trova sul tavolo.,Il cellulare si trova sul tavolo.,Il cellulare si trova nelle mani di papà.,1,gemma,video_audio,1,1,1,correct,
video011_spaziale_03,video011,video011.mp4,video011_spaziale,3,spaziale,Dove si trova il cellulare?,"Il cellulare si trova davanti al padre con il maglione verde, tra le sue mani.","Il cellulare si trova dietro al padre con il maglione verde, tra le sue mani.","Il cellulare si trova dietro al padre con il maglione verde, tra le sue mani.","Il cellulare si trova davanti al padre con il maglione verde, tra le sue mani.",1,gemma,video_audio,1,1,1,correct,
video011_spaziale_04,video011,video011.mp4,video011_spaziale,4,spaziale,Dove si trova il cellulare?,Il cellulare si trova davanti all'uomo con il maglione verde.,Il cellulare si trova dietro all'uomo con il maglione verde.,Il cellulare si trova dietro all'uomo con il maglione verde.,Il cellulare si trova davanti all'uomo con il maglione verde.,1,gemma,video_audio,1,1,1,correct,
video011_temporale_01,video011,video011.mp4,video011_temporale,1,temporale,La figlia si arrabbia prima o dopo aver chiamato il padre?,La figlia si arrabbia subito dopo aver chiamato il padre.,La figlia si arrabbia prima di chiamare il padre.,La figlia si arrabbia subito dopo aver chiamato il padre.,La figlia si arrabbia prima di chiamare il padre.,0,gemma,video_audio,0,0,1,correct,
video011_temporale_02,video011,video011.mp4,video011_temporale,2,temporale,La figlia si arrabbia prima o dopo aver chiamato il padre?,La figlia si arrabbia dopo aver chiamato il padre.,La figlia si arrabbia prima di chiamare il padre.,La figlia si arrabbia prima di chiamare il padre.,La figlia si arrabbia dopo aver chiamato il padre.,1,gemma,video_audio,0,0,0,wrong,
video011_temporale_03,video011,video011.mp4,video011_temporale,3,temporale,La figlia si arrabbia prima o dopo aver chiamato il padre?,La figlia si arrabbia dopo aver chiamato il padre e aver visto che continua a giocare con il cellulare.,La figlia si arrabbia mentre chiama il padre e vede che continua a giocare con il cellulare.,La figlia si arrabbia dopo aver chiamato il padre e aver visto che continua a giocare con il cellulare.,La figlia si arrabbia mentre chiama il padre e vede che continua a giocare con il cellulare.,0,gemma,video_audio,1,1,0,wrong,
video011_temporale_04,video011,video011.mp4,video011_temporale,4,temporale,La figlia si arrabbia prima o dopo aver chiamato il padre?,La figlia si arrabbia dopo aver chiamato il padre ed essersi accorta che sta al cellulare a giocare.,La figlia si arrabbia prima di chiamare il padre ed accorgersi che sta al cellulare a giocare.,La figlia si arrabbia dopo aver chiamato il padre ed essersi accorta che sta al cellulare a giocare.,La figlia si arrabbia prima di chiamare il padre ed accorgersi che sta al cellulare a giocare.,0,gemma,video_audio,0,0,1,correct,
video012_causale_01,video012,video012.mp4,video012_causale,1,causale,Perché la donna decide di non partire dal fondotinta?,La decisione della donna di non partire dal fondotinta è per neutralizzare la base.,La decisione della donna di non partire dal fondotinta è per evitare irritazioni.,La decisione della donna di non partire dal fondotinta è per neutralizzare la base.,La decisione della donna di non partire dal fondotinta è per evitare irritazioni.,0,gemma,video_audio,0,0,1,correct,
video012_causale_02,video012,video012.mp4,video012_causale,2,causale,Perché la donna decide di non partire dal fondotinta?,La donna decide di non partire dal fondotinta per evitare di rovinarlo.,La donna decide di non partire dal fondotinta perchè non ne aveva a disposizione.,La donna decide di non partire dal fondotinta perchè non ne aveva a disposizione.,La donna decide di non partire dal fondotinta per evitare di rovinarlo.,1,gemma,video_audio,1,1,1,correct,
video012_causale_03,video012,video012.mp4,video012_causale,3,causale,Perché la donna decide di non partire dal fondotinta?,La donna decide di non partire dal fondotinta per proteggere il fondotinta e evitare che i glitter dell'ombretto lo rovinino durante la sfumatura.,La donna decide di partire dal fondotinta per evitare che l'ombretto risalti troppo sul viso.,La donna decide di partire dal fondotinta per evitare che l'ombretto risalti troppo sul viso.,La donna decide di non partire dal fondotinta per proteggere il fondotinta e evitare che i glitter dell'ombretto lo rovinino durante la sfumatura.,1,gemma,video_audio,1,1,1,correct,
video012_causale_04,video012,video012.mp4,video012_causale,4,causale,Perché la donna decide di non partire dal fondotinta?,La donna decide di non partire dal fondotinta perché teme che sfumando l'ombretto il fondotinta possa rovinarsi con i glitter che le cadono.,La donna decide di non partire dal fondotinta perché teme che sfumando l'ombretto possa macchiarsi le mani.,La donna decide di non partire dal fondotinta perché teme che sfumando l'ombretto il fondotinta possa rovinarsi con i glitter che le cadono.,La donna decide di non partire dal fondotinta perché teme che sfumando l'ombretto possa macchiarsi le mani.,0,gemma,video_audio,0,0,1,correct,
video012_spaziale_01,video012,video012.mp4,video012_spaziale,1,spaziale,Dove viene applicato l'ombretto dorato?,L'ombretto dorato viene applicato sopra la base.,L'ombretto dorato viene applicato sotto la base.,L'ombretto dorato viene applicato sotto la base.,L'ombretto dorato viene applicato sopra la base.,1,gemma,video_audio,1,1,1,correct,
video012_spaziale_02,video012,video012.mp4,video012_spaziale,2,spaziale,Dove viene applicato l'ombretto dorato?,L'ombretto dorato viene applicato su tutta la palpebra mobile.,L'ombretto dorato viene applicato solo sull'angolo esterno dell'occhio.,L'ombretto dorato viene applicato su tutta la palpebra mobile.,L'ombretto dorato viene applicato solo sull'angolo esterno dell'occhio.,0,gemma,video_audio,0,0,1,correct,
video012_spaziale_03,video012,video012.mp4,video012_spaziale,3,spaziale,Dove viene applicato l'ombretto dorato?,L'ombretto dorato viene applicato sull'intera superficie della palpebra mobile.,L'ombretto dorato viene applicato solo sull'angolo esterno della palpebra mobile.,L'ombretto dorato viene applicato solo sull'angolo esterno della palpebra mobile.,L'ombretto dorato viene applicato sull'intera superficie della palpebra mobile.,1,gemma,video_audio,1,1,1,correct,
video012_spaziale_04,video012,video012.mp4,video012_spaziale,4,spaziale,Dove viene applicato l'ombretto dorato?,L'ombretto dorato viene applicato sulla palpebra mobile.,L'ombretto dorato viene applicato sopra l'arcata sopraccigliare.,L'ombretto dorato viene applicato sopra l'arcata sopraccigliare.,L'ombretto dorato viene applicato sulla palpebra mobile.,1,gemma,video_audio,1,1,1,correct,
video012_temporale_01,video012,video012.mp4,video012_temporale,1,temporale,La base viene stesa prima o dopo l'ombretto sulla palpebra?,La base viene stesa prima dell'ombretto sulla palpebra.,La base viene stesa dopo l'ombretto sulla palpebra.,La base viene stesa dopo l'ombretto sulla palpebra.,La base viene stesa prima dell'ombretto sulla palpebra.,1,gemma,video_audio,1,1,1,correct,
video012_temporale_02,video012,video012.mp4,video012_temporale,2,temporale,La base viene stesa prima o dopo l'ombretto sulla palpebra?,La base viene stesa prima dell'ombretto sulla palpebra.,La base viene stesa dopo l'ombretto sulla palpebra.,La base viene stesa dopo l'ombretto sulla palpebra.,La base viene stesa prima dell'ombretto sulla palpebra.,1,gemma,video_audio,1,1,1,correct,
video012_temporale_03,video012,video012.mp4,video012_temporale,3,temporale,La base viene stesa prima o dopo l'ombretto sulla palpebra?,La base color crema viene stesa in precedenza per facilitare la successiva sfumatura.,La base color crema viene stesa successivamente per facilitare la successiva sfumatura.,La base color crema viene stesa successivamente per facilitare la successiva sfumatura.,La base color crema viene stesa in precedenza per facilitare la successiva sfumatura.,1,gemma,video_audio,1,1,1,correct,
video012_temporale_04,video012,video012.mp4,video012_temporale,4,temporale,La base viene stesa prima o dopo l'ombretto sulla palpebra?,La base color crema viene stesa prima dell'ombretto per rendere più facile la sfumatura.,L'ombretto viene applicato prima della base color crema per rendere più facile la sfumatura.,L'ombretto viene applicato prima della base color crema per rendere più facile la sfumatura.,La base color crema viene stesa prima dell'ombretto per rendere più facile la sfumatura.,1,gemma,video_audio,1,1,1,correct,
video013_causale_01,video013,video013.mp4,video013_causale,1,causale,Perché la farina viene messa dopo lo zucchero?,La farina viene messa dopo lo zucchero perché prima vanno montate le uova.,La farina viene messa dopo lo zucchero perché prima va sciolto il burro.,La farina viene messa dopo lo zucchero perché prima va sciolto il burro.,La farina viene messa dopo lo zucchero perché prima vanno montate le uova.,1,gemma,video_audio,1,1,1,correct,
video013_causale_02,video013,video013.mp4,video013_causale,2,causale,Perché la farina viene messa dopo lo zucchero?,La farina viene messa dopo lo zucchero per aspettare che il composto sia spumoso.,La farina viene messa prima dello zucchero per aspettare che il composto sia spumoso.,La farina viene messa dopo lo zucchero per aspettare che il composto sia spumoso.,La farina viene messa prima dello zucchero per aspettare che il composto sia spumoso.,0,gemma,video_audio,0,0,1,correct,
video013_causale_03,video013,video013.mp4,video013_causale,3,causale,Perché la farina viene messa dopo lo zucchero?,La farina viene messa dopo lo zucchero perché bisogna attendere e mescolare finché il composto diventa spumoso.,La farina viene messa prima dello zucchero perché bisogna attendere e mescolare finché il composto diventa spumoso.,La farina viene messa dopo lo zucchero perché bisogna attendere e mescolare finché il composto diventa spumoso.,La farina viene messa prima dello zucchero perché bisogna attendere e mescolare finché il composto diventa spumoso.,0,gemma,video_audio,0,0,1,correct,
video013_causale_04,video013,video013.mp4,video013_causale,4,causale,Perché la farina viene messa dopo lo zucchero?,La farina viene messa dopo lo zucchero perché il composto deve essere mescolato fino ad essere spumoso.,La farina viene messa dopo lo zucchero perché il composto deve cambiare colore.,La farina viene messa dopo lo zucchero perché il composto deve essere mescolato fino ad essere spumoso.,La farina viene messa dopo lo zucchero perché il composto deve cambiare colore.,0,gemma,video_audio,0,0,1,correct,
video013_spaziale_01,video013,video013.mp4,video013_spaziale,1,spaziale,Dove vengono aggiunti i due cucchiai in più di farina?,I due cucchiai in più di farina vengono aggiunti dopo il bicchiere sano di farina.,I due cucchiai in più di farina vengono aggiunti prima del bicchiere sano di farina.,I due cucchiai in più di farina vengono aggiunti dopo il bicchiere sano di farina.,I due cucchiai in più di farina vengono aggiunti prima del bicchiere sano di farina.,0,gemma,video_audio,0,0,1,correct,
video013_spaziale_02,video013,video013.mp4,video013_spaziale,2,spaziale,Dove vengono aggiunti i due cucchiai in più di farina?,I due cucchiai in più di farina vengono aggiunti nel bicchiere.,I due cucchiai in più di farina vengono aggiunti nella ciotola.,I due cucchiai in più di farina vengono aggiunti nel bicchiere.,I due cucchiai in più di farina vengono aggiunti nella ciotola.,0,gemma,video_audio,1,1,0,wrong,
video013_spaziale_03,video013,video013.mp4,video013_spaziale,3,spaziale,Dove vengono aggiunti i due cucchiai in più di farina?,I due cucchiai in più di farina vengono aggiunti gradualmente nel recipiente contenente il composto.,I due cucchiai in più di farina vengono aggiunti gradualmente nella padella contenente il composto.,I due cucchiai in più di farina vengono aggiunti gradualmente nella padella contenente il composto.,I due cucchiai in più di farina vengono aggiunti gradualmente nel recipiente contenente il composto.,1,gemma,video_audio,1,1,1,correct,
video013_spaziale_04,video013,video013.mp4,video013_spaziale,4,spaziale,Dove vengono aggiunti i due cucchiai in più di farina?,I due cucchiai di farina vengono aggiunti dentro la ciotola con il composto a poco a poco.,I due cucchiai di farina vengono aggiunti sopra la ciotola con il composto a poco a poco.,I due cucchiai di farina vengono aggiunti sopra la ciotola con il composto a poco a poco.,I due cucchiai di farina vengono aggiunti dentro la ciotola con il composto a poco a poco.,1,gemma,video_audio,1,1,1,correct,
video013_temporale_01,video013,video013.mp4,video013_temporale,1,temporale,La donna parla dello zucchero di canna prima o dopo aver rotto le uova?,La donna parla dello zucchero di canna dopo aver rotto le uova.,La donna parla dello zucchero di canna prima di rompere le uova.,La donna parla dello zucchero di canna dopo aver rotto le uova.,La donna parla dello zucchero di canna prima di rompere le uova.,0,gemma,video_audio,1,1,0,wrong,
video013_temporale_02,video013,video013.mp4,video013_temporale,2,temporale,La donna parla dello zucchero di canna prima o dopo aver rotto le uova?,La donna parla dello zucchero di canna dopo aver rotto le uova.,La donna parla dello zucchero di canna prima di rompere le uova.,La donna parla dello zucchero di canna dopo aver rotto le uova.,La donna parla dello zucchero di canna prima di rompere le uova.,0,gemma,video_audio,1,1,0,wrong,
video013_temporale_03,video013,video013.mp4,video013_temporale,3,temporale,La donna parla dello zucchero di canna prima o dopo aver rotto le uova?,La donna parla dello zucchero di canna dopo aver rotto le uova ma prima di aggiungerlo.,La donna parla dello zucchero di canna prima di rompere le uova ma dopo averlo aggiunto.,La donna parla dello zucchero di canna prima di rompere le uova ma dopo averlo aggiunto.,La donna parla dello zucchero di canna dopo aver rotto le uova ma prima di aggiungerlo.,1,gemma,video_audio,1,1,1,correct,
video013_temporale_04,video013,video013.mp4,video013_temporale,4,temporale,La donna parla dello zucchero di canna prima o dopo aver rotto le uova?,La donna parla dello zucchero di canna dopo aver rotto le uova e prima di metterlo nella ciotola.,La donna parla dello zucchero di canna prima di rompere le uova e dopo averlo messo nella ciotola.,La donna parla dello zucchero di canna dopo aver rotto le uova e prima di metterlo nella ciotola.,La donna parla dello zucchero di canna prima di rompere le uova e dopo averlo messo nella ciotola.,0,gemma,video_audio,1,1,0,wrong,
video014_causale_01,video014,video014.mp4,video014_causale,1,causale,Perché la tecnica di trapiantare solo due dita va bene sulla piantina mostrata?,La tecnica di trapiantare solo due dita è adatta per la lattuga e poche altre piante.,La tecnica di trapiantare solo due dita è adatta per tutte le piante.,La tecnica di trapiantare solo due dita è adatta per tutte le piante.,La tecnica di trapiantare solo due dita è adatta per la lattuga e poche altre piante.,1,gemma,video_audio,1,1,1,correct,
video014_causale_02,video014,video014.mp4,video014_causale,2,causale,Perché la tecnica di trapiantare solo due dita va bene sulla piantina mostrata?,La tecnica di trapiantare solo due dita è una pratica che si utilizza per la lattuga.,La tecnica di trapiantare solo due dita è una pratica che si utilizza per le carote.,La tecnica di trapiantare solo due dita è una pratica che si utilizza per la lattuga.,La tecnica di trapiantare solo due dita è una pratica che si utilizza per le carote.,0,gemma,video_audio,0,0,1,correct,
video014_causale_03,video014,video014.mp4,video014_causale,3,causale,Perché la tecnica di trapiantare solo due dita va bene sulla piantina mostrata?,"La tecnica di trapiantare solo due dita è adatta perché la piantina mostrata è lattuga, un tipo di pianta per cui questa tecnica funziona bene.","La tecnica di trapiantare solo due dita è adatta perché la piantina mostrata è lattuga, un tipo di pianta che richiede un'altra tecnica per crescere bene.","La tecnica di trapiantare solo due dita è adatta perché la piantina mostrata è lattuga, un tipo di pianta che richiede un'altra tecnica per crescere bene.","La tecnica di trapiantare solo due dita è adatta perché la piantina mostrata è lattuga, un tipo di pianta per cui questa tecnica funziona bene.",1,gemma,video_audio,1,1,1,correct,
video014_causale_04,video014,video014.mp4,video014_causale,4,causale,Perché la tecnica di trapiantare solo due dita va bene sulla piantina mostrata?,La tecnica di trapiantare solo due dita è adatta alla piantina mostrata perché è una piantina di lattuga.,La tecnica di trapiantare solo due dita è adatta alla piantina mostrata perché è una piantina di pomodoro.,La tecnica di trapiantare solo due dita è adatta alla piantina mostrata perché è una piantina di lattuga.,La tecnica di trapiantare solo due dita è adatta alla piantina mostrata perché è una piantina di pomodoro.,0,gemma,video_audio,0,0,1,correct,
video014_spaziale_01,video014,video014.mp4,video014_spaziale,1,spaziale,Dove va messa la piantina?,La piantina va messa in terra alzata di due centimetri.,La piantina va messa in terra abbassata di due centimetri.,La piantina va messa in terra abbassata di due centimetri.,La piantina va messa in terra alzata di due centimetri.,1,gemma,video_audio,0,0,0,wrong,
video014_spaziale_02,video014,video014.mp4,video014_spaziale,2,spaziale,Dove va messa la piantina?,La piantina va messa nel terreno.,La piantina va messa in un vaso.,La piantina va messa in un vaso.,La piantina va messa nel terreno.,1,gemma,video_audio,1,1,1,correct,
video014_spaziale_03,video014,video014.mp4,video014_spaziale,3,spaziale,Dove va messa la piantina?,"La piantina va messa nel terreno, circa due dita sotto la superficie e vicino al tubo di irrigazione.","La piantina va messa in un vaso, circa due dita sopra la superficie e lontano dal tubo di irrigazione.","La piantina va messa in un vaso, circa due dita sopra la superficie e lontano dal tubo di irrigazione.","La piantina va messa nel terreno, circa due dita sotto la superficie e vicino al tubo di irrigazione.",1,gemma,video_audio,1,1,1,correct,
video014_spaziale_04,video014,video014.mp4,video014_spaziale,4,spaziale,Dove va messa la piantina?,La piantina va messa vicino al tubo di irrigazione a due dita sotto terra.,La piantina va messa lontano dal tubo di irrigazione a due dita sotto terra.,La piantina va messa lontano dal tubo di irrigazione a due dita sotto terra.,La piantina va messa vicino al tubo di irrigazione a due dita sotto terra.,1,gemma,video_audio,1,1,1,correct,
video014_temporale_01,video014,video014.mp4,video014_temporale,1,temporale,L'uomo trova l'animale trasparente prima o dopo aver piantato la lattuga?,L'uomo trova l'animale trasparente dopo aver piantato la lattuga.,"Prima di piantare la lattuga, l'uomo trova l'animale trasparente.",L'uomo trova l'animale trasparente dopo aver piantato la lattuga.,"Prima di piantare la lattuga, l'uomo trova l'animale trasparente.",0,gemma,video_audio,0,0,1,correct,
video014_temporale_02,video014,video014.mp4,video014_temporale,2,temporale,L'uomo trova l'animale trasparente prima o dopo aver piantato la lattuga?,L'uomo trova l'animale trasparente prima di piantare la lattuga.,L'uomo trova l'animale trasparente dopo aver piantato la lattuga.,L'uomo trova l'animale trasparente dopo aver piantato la lattuga.,L'uomo trova l'animale trasparente prima di piantare la lattuga.,1,gemma,video_audio,0,0,0,wrong,
video014_temporale_03,video014,video014.mp4,video014_temporale,3,temporale,L'uomo trova l'animale trasparente prima o dopo aver piantato la lattuga?,"L'uomo trova l'animale trasparente durante lo scavo della terra, prima delle fasi successive.","L'uomo trova l'animale trasparente durante lo scavo della terra, dopo le fasi successive.","L'uomo trova l'animale trasparente durante lo scavo della terra, prima delle fasi successive.","L'uomo trova l'animale trasparente durante lo scavo della terra, dopo le fasi successive.",0,gemma,video_audio,0,0,1,correct,
video014_temporale_04,video014,video014.mp4,video014_temporale,4,temporale,L'uomo trova l'animale trasparente prima o dopo aver piantato la lattuga?,L'uomo trova l'animale trasparente mentre scava la terra.,"Dopo che l'uomo ha smesso di scavare la terra, trova l'animale trasparente.","Dopo che l'uomo ha smesso di scavare la terra, trova l'animale trasparente.",L'uomo trova l'animale trasparente mentre scava la terra.,1,gemma,video_audio,1,1,1,correct,
video015_causale_01,video015,video015.mp4,video015_causale,1,causale,Perché Alice Caldora è stata premiata nel 2016?,Alice Caldora è stata premiata nel 2016 perché è vicecampionessa italiana.,Alice Caldora è stata premiata nel 2016 perché è la più giovane partecipante.,Alice Caldora è stata premiata nel 2016 perché è la più giovane partecipante.,Alice Caldora è stata premiata nel 2016 perché è vicecampionessa italiana.,1,gemma,video_audio,1,1,1,correct,
video015_causale_02,video015,video015.mp4,video015_causale,2,causale,Perché Alice Caldora è stata premiata nel 2016?,Alice Caldora è stata premiata nel 2016 perché è rientrata nella finalissima.,Alice Caldora è stata premiata nel 2016 perché ha vinto il concorso.,Alice Caldora è stata premiata nel 2016 perché è rientrata nella finalissima.,Alice Caldora è stata premiata nel 2016 perché ha vinto il concorso.,0,gemma,video_audio,0,0,1,correct,
video015_causale_03,video015,video015.mp4,video015_causale,3,causale,Perché Alice Caldora è stata premiata nel 2016?,"Alice Caldora è stata premiata nel 2016 perché era arrivata alla finalissima, concludendo come vicecampionessa italiana al nastro.",Alice Caldora è stata premiata nel 2016 perché aveva scritto un libro di successo.,Alice Caldora è stata premiata nel 2016 perché aveva scritto un libro di successo.,"Alice Caldora è stata premiata nel 2016 perché era arrivata alla finalissima, concludendo come vicecampionessa italiana al nastro.",1,gemma,video_audio,1,1,1,correct,
video015_causale_04,video015,video015.mp4,video015_causale,4,causale,Perché Alice Caldora è stata premiata nel 2016?,Alice Caldora è stata premiata nel 2016 perché è stata vicecampionessa italiana di nastro.,Alice Caldora è stata premiata nel 2016 perché ha inventato una nuova routine di nastro.,Alice Caldora è stata premiata nel 2016 perché ha inventato una nuova routine di nastro.,Alice Caldora è stata premiata nel 2016 perché è stata vicecampionessa italiana di nastro.,1,gemma,video_audio,1,1,1,correct,
video015_spaziale_01,video015,video015.mp4,video015_spaziale,1,spaziale,Dove fanno esercizi le ginnaste dell'Eterea?,Le ginnaste dell'Eterea fanno esercizi in palestra.,Le ginnaste dell'Eterea fanno esercizi al parco.,Le ginnaste dell'Eterea fanno esercizi al parco.,Le ginnaste dell'Eterea fanno esercizi in palestra.,1,gemma,video_audio,1,1,1,correct,
video015_spaziale_02,video015,video015.mp4,video015_spaziale,2,spaziale,Dove fanno esercizi le ginnaste dell'Eterea?,Le ginnaste dell'Eterea fanno esercizi in un palazzetto dello sport.,Le ginnaste dell'Eterea fanno esercizi in un parco.,Le ginnaste dell'Eterea fanno esercizi in un parco.,Le ginnaste dell'Eterea fanno esercizi in un palazzetto dello sport.,1,gemma,video_audio,1,1,1,correct,
video015_spaziale_03,video015,video015.mp4,video015_spaziale,3,spaziale,Dove fanno esercizi le ginnaste dell'Eterea?,Le ginnaste dell'Eterea fanno esercizi sulla pedana di una palestra all'interno di un palazzetto dello sport.,Le ginnaste dell'Eterea fanno esercizi su una spiaggia all'aperto.,Le ginnaste dell'Eterea fanno esercizi sulla pedana di una palestra all'interno di un palazzetto dello sport.,Le ginnaste dell'Eterea fanno esercizi su una spiaggia all'aperto.,0,gemma,video_audio,0,0,1,correct,
video015_spaziale_04,video015,video015.mp4,video015_spaziale,4,spaziale,Dove fanno esercizi le ginnaste dell'Eterea?,Le ginnaste dell'Eterea fanno esercizi sulla pedana nella palestra.,Le ginnaste dell'Eterea fanno esercizi nel cortile della palestra.,Le ginnaste dell'Eterea fanno esercizi sulla pedana nella palestra.,Le ginnaste dell'Eterea fanno esercizi nel cortile della palestra.,0,gemma,video_audio,0,0,1,correct,
video015_temporale_01,video015,video015.mp4,video015_temporale,1,temporale,Quando si è qualificata alla fase nazionale la squadra di ginnaste?,La squadra di ginnaste si è qualificata alla fase nazionale lo scorso anno.,La squadra di ginnaste si è qualificata alla fase nazionale quest'anno.,La squadra di ginnaste si è qualificata alla fase nazionale lo scorso anno.,La squadra di ginnaste si è qualificata alla fase nazionale quest'anno.,0,gemma,video_audio,1,1,0,wrong,
video015_temporale_02,video015,video015.mp4,video015_temporale,2,temporale,Quando si è qualificata alla fase nazionale la squadra di ginnaste?,La squadra di ginnaste si è qualificata alla fase nazionale lo scorso anno.,La squadra di ginnaste si è qualificata alla fase nazionale quest'anno.,La squadra di ginnaste si è qualificata alla fase nazionale lo scorso anno.,La squadra di ginnaste si è qualificata alla fase nazionale quest'anno.,0,gemma,video_audio,1,1,0,wrong,
video015_temporale_03,video015,video015.mp4,video015_temporale,3,temporale,Quando si è qualificata alla fase nazionale la squadra di ginnaste?,La squadra di ginnaste si è qualificata alla fase nazionale nell'anno precedente.,La squadra di ginnaste si è qualificata alla fase nazionale quest'anno.,La squadra di ginnaste si è qualificata alla fase nazionale nell'anno precedente.,La squadra di ginnaste si è qualificata alla fase nazionale quest'anno.,0,gemma,video_audio,1,1,0,wrong,
video015_temporale_04,video015,video015.mp4,video015_temporale,4,temporale,Quando si è qualificata alla fase nazionale la squadra di ginnaste?,La squadra di ginnaste si è qualificata alla fase nazionale lo scorso anno.,La squadra di ginnaste si è qualificata alla fase nazionale questo mese.,La squadra di ginnaste si è qualificata alla fase nazionale questo mese.,La squadra di ginnaste si è qualificata alla fase nazionale lo scorso anno.,1,gemma,video_audio,1,1,1,correct,
video016_causale_01,video016,video016.mp4,video016_causale,1,causale,Perché l'uomo taglia una quantità superiore di sedano?,"Nel video non viene specificato, però l'uomo preferisce tagliare il sedano grosso.","Nel video non viene specificato, però l'uomo preferisce tagliare il sedano fine.","Nel video non viene specificato, però l'uomo preferisce tagliare il sedano grosso.","Nel video non viene specificato, però l'uomo preferisce tagliare il sedano fine.",0,gemma,video_audio,0,0,1,correct,
video016_causale_02,video016,video016.mp4,video016_causale,2,causale,Perché l'uomo taglia una quantità superiore di sedano?,Nel video l'uomo taglia una quantità superiore di sedano perché è una sua preferenza.,Nel video l'uomo taglia una quantità superiore di sedano perché lo richiede la ricetta.,Nel video l'uomo taglia una quantità superiore di sedano perché lo richiede la ricetta.,Nel video l'uomo taglia una quantità superiore di sedano perché è una sua preferenza.,1,gemma,video_audio,1,1,1,correct,
video016_causale_03,video016,video016.mp4,video016_causale,3,causale,Perché l'uomo taglia una quantità superiore di sedano?,"L'uomo taglia una quantità superiore di sedano per una preferenza personale del cuoco, che nella ricetta gradisce una quantità maggiore di sedano.","L'uomo taglia una quantità superiore di sedano per un errore nella ricetta, che richiede in realtà una quantità minore di sedano.","L'uomo taglia una quantità superiore di sedano per una preferenza personale del cuoco, che nella ricetta gradisce una quantità maggiore di sedano.","L'uomo taglia una quantità superiore di sedano per un errore nella ricetta, che richiede in realtà una quantità minore di sedano.",0,gemma,video_audio,0,0,1,correct,
video016_causale_04,video016,video016.mp4,video016_causale,4,causale,Perché l'uomo taglia una quantità superiore di sedano?,L'uomo taglia una quantità superiore di sedano perché al cuoco piace averne di più nella sua ricetta.,L'uomo taglia una quantità superiore di sedano perché ha inavvertitamente comprato troppo sedano.,L'uomo taglia una quantità superiore di sedano perché al cuoco piace averne di più nella sua ricetta.,L'uomo taglia una quantità superiore di sedano perché ha inavvertitamente comprato troppo sedano.,0,gemma,video_audio,0,0,1,correct,
video016_spaziale_01,video016,video016.mp4,video016_spaziale,1,spaziale,Dove viene messo il pepe macinato al momento?,Il pepe macinato al momento viene messo sopra la pietanza.,Il pepe macinato al momento viene messo sotto la pietanza.,Il pepe macinato al momento viene messo sopra la pietanza.,Il pepe macinato al momento viene messo sotto la pietanza.,0,gemma,video_audio,0,0,1,correct,
video016_spaziale_02,video016,video016.mp4,video016_spaziale,2,spaziale,Dove viene messo il pepe macinato al momento?,Il pepe macinato al momento viene messo sopra.,Il pepe macinato al momento viene messo sotto.,Il pepe macinato al momento viene messo sotto.,Il pepe macinato al momento viene messo sopra.,1,gemma,video_audio,1,1,1,correct,
video016_spaziale_03,video016,video016.mp4,video016_spaziale,3,spaziale,Dove viene messo il pepe macinato al momento?,"Il pepe macinato al momento viene messo sopra il pezzo di carne, davanti al tagliere.","Il pepe macinato al momento viene messo sopra il pezzo di carne, accanto al tagliere.","Il pepe macinato al momento viene messo sopra il pezzo di carne, davanti al tagliere.","Il pepe macinato al momento viene messo sopra il pezzo di carne, accanto al tagliere.",0,gemma,video_audio,0,0,1,correct,
video016_spaziale_04,video016,video016.mp4,video016_spaziale,4,spaziale,Dove viene messo il pepe macinato al momento?,Il pepe viene macinato sopra il pezzo di carne davanti al tagliere nel video.,Il pepe viene macinato sopra il pezzo di carne accanto al tagliere nel video.,Il pepe viene macinato sopra il pezzo di carne accanto al tagliere nel video.,Il pepe viene macinato sopra il pezzo di carne davanti al tagliere nel video.,1,gemma,video_audio,1,1,1,correct,
video016_temporale_01,video016,video016.mp4,video016_temporale,1,temporale,Il pepe viene macinato prima o dopo che si mette a fare il brodo vegetale?,Il pepe viene macinato dopo che si mette a fare il brodo vegetale.,Il pepe viene macinato prima che si metta a fare il brodo vegetale.,Il pepe viene macinato dopo che si mette a fare il brodo vegetale.,Il pepe viene macinato prima che si metta a fare il brodo vegetale.,0,gemma,video_audio,0,0,1,correct,
video016_temporale_02,video016,video016.mp4,video016_temporale,2,temporale,Il pepe viene macinato prima o dopo che si mette a fare il brodo vegetale?,Il pepe viene macinato dopo che si mette a fare il brodo vegetale.,Il pepe viene macinato prima di mettersi a fare il brodo vegetale.,Il pepe viene macinato prima di mettersi a fare il brodo vegetale.,Il pepe viene macinato dopo che si mette a fare il brodo vegetale.,1,gemma,video_audio,0,0,0,wrong,
video016_temporale_03,video016,video016.mp4,video016_temporale,3,temporale,Il pepe viene macinato prima o dopo che si mette a fare il brodo vegetale?,Il pepe viene macinato in un momento successivo alla preparazione del brodo vegetale.,Il pepe viene macinato in un momento precedente alla preparazione del brodo vegetale.,Il pepe viene macinato in un momento successivo alla preparazione del brodo vegetale.,Il pepe viene macinato in un momento precedente alla preparazione del brodo vegetale.,0,gemma,video_audio,0,0,1,correct,
video016_temporale_04,video016,video016.mp4,video016_temporale,4,temporale,Il pepe viene macinato prima o dopo che si mette a fare il brodo vegetale?,Il brodo vegetale era già stato messo a fare prima di macinare il pepe.,Il brodo vegetale è stato messo a fare dopo aver macinato il pepe.,Il brodo vegetale è stato messo a fare dopo aver macinato il pepe.,Il brodo vegetale era già stato messo a fare prima di macinare il pepe.,1,gemma,video_audio,0,0,0,wrong,
video017_causale_01,video017,video017.mp4,video017_causale,1,causale,Perché il padre ironizza sul futuro da architetto del figlio?,Il padre ironizza sul futuro da architetto del figlio perché ha fatto un castello di sabbia molto bello.,Il padre ironizza sul futuro da architetto del figlio perché ha disegnato una casa su un foglio.,Il padre ironizza sul futuro da architetto del figlio perché ha fatto un castello di sabbia molto bello.,Il padre ironizza sul futuro da architetto del figlio perché ha disegnato una casa su un foglio.,0,gemma,video_audio,0,0,1,correct,
video017_causale_02,video017,video017.mp4,video017_causale,2,causale,Perché il padre ironizza sul futuro da architetto del figlio?,Il padre ironizza sul futuro da architetto del figlio perché costruisce castelli di sabbia.,Il padre ironizza sul futuro da architetto del figlio perché disegna case sui quaderni.,Il padre ironizza sul futuro da architetto del figlio perché costruisce castelli di sabbia.,Il padre ironizza sul futuro da architetto del figlio perché disegna case sui quaderni.,0,gemma,video_audio,0,0,1,correct,
video017_causale_03,video017,video017.mp4,video017_causale,3,causale,Perché il padre ironizza sul futuro da architetto del figlio?,Il padre ironizza sul futuro da architetto del figlio perché il bambino ha costruito un castello di sabbia molto grande sulla spiaggia.,Il padre ironizza sul futuro da architetto del figlio perché il bambino ha costruito un piccolo castello di sabbia sulla spiaggia.,Il padre ironizza sul futuro da architetto del figlio perché il bambino ha costruito un piccolo castello di sabbia sulla spiaggia.,Il padre ironizza sul futuro da architetto del figlio perché il bambino ha costruito un castello di sabbia molto grande sulla spiaggia.,1,gemma,video_audio,0,0,0,wrong,
video017_causale_04,video017,video017.mp4,video017_causale,4,causale,Perché il padre ironizza sul futuro da architetto del figlio?,Il padre ironizza sul futuro da architetto del figlio perché il bambino in riva al mare ha costruito un castello di sabbia molto grande.,Il padre ironizza sul futuro da architetto del figlio perché il bambino in riva al mare ha distrutto un castello di sabbia molto grande.,Il padre ironizza sul futuro da architetto del figlio perché il bambino in riva al mare ha costruito un castello di sabbia molto grande.,Il padre ironizza sul futuro da architetto del figlio perché il bambino in riva al mare ha distrutto un castello di sabbia molto grande.,0,gemma,video_audio,0,0,1,correct,
video017_spaziale_01,video017,video017.mp4,video017_spaziale,1,spaziale,Dove si trovano le biglie?,Le biglie si trovano sotto la sabbia.,Le biglie si trovano sopra un tavolo.,Le biglie si trovano sopra un tavolo.,Le biglie si trovano sotto la sabbia.,1,gemma,video_audio,1,1,1,correct,
video017_spaziale_02,video017,video017.mp4,video017_spaziale,2,spaziale,Dove si trovano le biglie?,Le biglie si trovano sotto la sabbia.,Le biglie si trovano sopra la sabbia.,Le biglie si trovano sotto la sabbia.,Le biglie si trovano sopra la sabbia.,0,gemma,video_audio,0,0,1,correct,
video017_spaziale_03,video017,video017.mp4,video017_spaziale,3,spaziale,Dove si trovano le biglie?,"Le biglie si trovano nella sabbia, vicino al bambino.","Le biglie si trovano sull'erba, lontano dal bambino.","Le biglie si trovano sull'erba, lontano dal bambino.","Le biglie si trovano nella sabbia, vicino al bambino.",1,gemma,video_audio,1,1,1,correct,
video017_spaziale_04,video017,video017.mp4,video017_spaziale,4,spaziale,Dove si trovano le biglie?,Le biglie si trovano vicino al bambino nel video.,Le biglie si trovano lontano dal bambino nel video.,Le biglie si trovano lontano dal bambino nel video.,Le biglie si trovano vicino al bambino nel video.,1,gemma,video_audio,1,1,1,correct,
video017_temporale_01,video017,video017.mp4,video017_temporale,1,temporale,La donna guarda la foto prima o dopo aver chiuso il manuale?,La donna guarda la foto dopo aver chiuso il manuale.,La donna guarda la foto prima di aprire il manuale.,La donna guarda la foto dopo aver chiuso il manuale.,La donna guarda la foto prima di aprire il manuale.,0,gemma,video_audio,0,0,1,correct,
video017_temporale_02,video017,video017.mp4,video017_temporale,2,temporale,La donna guarda la foto prima o dopo aver chiuso il manuale?,La donna guarda la foto dopo aver chiuso il manuale.,La donna guarda la foto prima di aprire il manuale.,La donna guarda la foto dopo aver chiuso il manuale.,La donna guarda la foto prima di aprire il manuale.,0,gemma,video_audio,0,0,1,correct,
video017_temporale_03,video017,video017.mp4,video017_temporale,3,temporale,La donna guarda la foto prima o dopo aver chiuso il manuale?,La donna guarda la foto dopo la chiusura del libro e prima che la madre osservi la fotografia del figlio.,La donna guarda la foto prima dell'apertura del libro e dopo che la madre osserva la fotografia del figlio.,La donna guarda la foto dopo la chiusura del libro e prima che la madre osservi la fotografia del figlio.,La donna guarda la foto prima dell'apertura del libro e dopo che la madre osserva la fotografia del figlio.,0,gemma,video_audio,1,1,0,wrong,
video017_temporale_04,video017,video017.mp4,video017_temporale,4,temporale,La donna guarda la foto prima o dopo aver chiuso il manuale?,La mamma chiude il libro prima di guardare la foto del figlio.,La mamma chiude il libro dopo aver guardato la foto del figlio.,La mamma chiude il libro prima di guardare la foto del figlio.,La mamma chiude il libro dopo aver guardato la foto del figlio.,0,gemma,video_audio,1,1,0,wrong,
video018_causale_01,video018,video018.mp4,video018_causale,1,causale,Perché la donna crede che l'uomo voglia stare solo?,La donna crede che l'uomo voglia stare solo per il destino di una donna chiamata Luise.,La donna crede che l'uomo voglia stare solo per il suo bisogno di solitudine.,La donna crede che l'uomo voglia stare solo per il destino di una donna chiamata Luise.,La donna crede che l'uomo voglia stare solo per il suo bisogno di solitudine.,0,gemma,video_audio,1,1,0,wrong,
video018_causale_02,video018,video018.mp4,video018_causale,2,causale,Perché la donna crede che l'uomo voglia stare solo?,La donna crede che l'uomo voglia stare solo perché è angosciato dal destino di Eloise.,La donna crede che l'uomo voglia stare solo perché è arrabbiato con Eloise.,La donna crede che l'uomo voglia stare solo perché è angosciato dal destino di Eloise.,La donna crede che l'uomo voglia stare solo perché è arrabbiato con Eloise.,0,gemma,video_audio,0,0,1,correct,
video018_causale_03,video018,video018.mp4,video018_causale,3,causale,Perché la donna crede che l'uomo voglia stare solo?,"La donna crede che l'uomo voglia stare solo perché percepisce che è angosciato e preoccupato per il destino di Eloise, anche se lui sostiene il contrario.","La donna crede che l'uomo voglia stare solo perché percepisce che è arrabbiato e infastidito da qualcosa, anche se lui sostiene il contrario.","La donna crede che l'uomo voglia stare solo perché percepisce che è arrabbiato e infastidito da qualcosa, anche se lui sostiene il contrario.","La donna crede che l'uomo voglia stare solo perché percepisce che è angosciato e preoccupato per il destino di Eloise, anche se lui sostiene il contrario.",1,gemma,video_audio,1,1,1,correct,
video018_causale_04,video018,video018.mp4,video018_causale,4,causale,Perché la donna crede che l'uomo voglia stare solo?,"La sua convinzione è che l'uomo sia preoccupato per qualcuno, anche se lui afferma diversamente.","La sua convinzione è che l'uomo sia preoccupato per qualcosa, anche se lui afferma diversamente.","La sua convinzione è che l'uomo sia preoccupato per qualcosa, anche se lui afferma diversamente.","La sua convinzione è che l'uomo sia preoccupato per qualcuno, anche se lui afferma diversamente.",1,gemma,video_audio,1,1,1,correct,
video018_spaziale_01,video018,video018.mp4,video018_spaziale,1,spaziale,Dove si siede l'uomo per lavorare?,L'uomo si siede alla sua scrivania per lavorare.,L'uomo si siede su una panchina per lavorare.,L'uomo si siede alla sua scrivania per lavorare.,L'uomo si siede su una panchina per lavorare.,0,gemma,video_audio,1,1,0,wrong,
video018_spaziale_02,video018,video018.mp4,video018_spaziale,2,spaziale,Dove si siede l'uomo per lavorare?,L'uomo si siede alla sua scrivania per lavorare.,L'uomo si siede sul divano per lavorare.,L'uomo si siede sul divano per lavorare.,L'uomo si siede alla sua scrivania per lavorare.,1,gemma,video_audio,1,1,1,correct,
video018_spaziale_03,video018,video018.mp4,video018_spaziale,3,spaziale,Dove si siede l'uomo per lavorare?,L'uomo si siede alla scrivania posta davanti alla finestra per lavorare.,L'uomo si siede alla scrivania posta accanto alla porta per lavorare.,L'uomo si siede alla scrivania posta accanto alla porta per lavorare.,L'uomo si siede alla scrivania posta davanti alla finestra per lavorare.,1,gemma,video_audio,1,1,1,correct,
video018_spaziale_04,video018,video018.mp4,video018_spaziale,4,spaziale,Dove si siede l'uomo per lavorare?,L'uomo si siede alla scrivania davanti la finestra per lavorare.,L'uomo si siede alla scrivania in giardino per lavorare.,L'uomo si siede alla scrivania davanti la finestra per lavorare.,L'uomo si siede alla scrivania in giardino per lavorare.,0,gemma,video_audio,1,1,0,wrong,
video018_temporale_01,video018,video018.mp4,video018_temporale,1,temporale,L'uomo dà i suoi omaggi alla donna prima o dopo essersi seduto?,L'uomo dà i suoi omaggi alla donna dopo essersi seduto.,L'uomo dà i suoi omaggi alla donna prima di sedersi.,L'uomo dà i suoi omaggi alla donna prima di sedersi.,L'uomo dà i suoi omaggi alla donna dopo essersi seduto.,1,gemma,video_audio,1,1,1,correct,
video018_temporale_02,video018,video018.mp4,video018_temporale,2,temporale,L'uomo dà i suoi omaggi alla donna prima o dopo essersi seduto?,L'uomo dà i suoi omaggi alla donna dopo essersi seduto.,L'uomo dà i suoi omaggi alla donna prima di sedersi.,L'uomo dà i suoi omaggi alla donna prima di sedersi.,L'uomo dà i suoi omaggi alla donna dopo essersi seduto.,1,gemma,video_audio,1,1,1,correct,
video018_temporale_03,video018,video018.mp4,video018_temporale,3,temporale,L'uomo dà i suoi omaggi alla donna prima o dopo essersi seduto?,"L'uomo dà i suoi omaggi alla donna dopo essersi seduto, nel momento in cui la saluta.","L'uomo dà i suoi omaggi alla donna prima di sedersi, nel momento in cui la saluta.","L'uomo dà i suoi omaggi alla donna dopo essersi seduto, nel momento in cui la saluta.","L'uomo dà i suoi omaggi alla donna prima di sedersi, nel momento in cui la saluta.",0,gemma,video_audio,1,1,0,wrong,
video018_temporale_04,video018,video018.mp4,video018_temporale,4,temporale,L'uomo dà i suoi omaggi alla donna prima o dopo essersi seduto?,L'uomo si siede e poi saluta la donna nel video.,L'uomo si siede e saluta la donna nel video il giorno seguente.,L'uomo si siede e poi saluta la donna nel video.,L'uomo si siede e saluta la donna nel video il giorno seguente.,0,gemma,video_audio,0,0,1,correct,
video019_causale_01,video019,video019.mp4,video019_causale,1,causale,Perché l'uomo dice alla bambina di guardare le figure?,L'uomo dice alla bambina di guardare le figure perché la bambina non sa leggere.,L'uomo dice alla bambina di guardare le figure perché le storie scritte sono noiose.,L'uomo dice alla bambina di guardare le figure perché la bambina non sa leggere.,L'uomo dice alla bambina di guardare le figure perché le storie scritte sono noiose.,0,gemma,video_audio,0,0,1,correct,
video019_causale_02,video019,video019.mp4,video019_causale,2,causale,Perché l'uomo dice alla bambina di guardare le figure?,L'uomo dice alla bambina di guardare le figure perché non sa leggere.,L'uomo dice alla bambina di guardare le figure perché le figure sono belle.,L'uomo dice alla bambina di guardare le figure perché non sa leggere.,L'uomo dice alla bambina di guardare le figure perché le figure sono belle.,0,gemma,video_audio,1,1,0,wrong,
video019_causale_03,video019,video019.mp4,video019_causale,3,causale,Perché l'uomo dice alla bambina di guardare le figure?,L'uomo dice alla bambina di guardare le figure perché la bambina fa notare di non saper leggere quando riceve il libro.,L'uomo dice alla bambina di guardare le figure perché le figure sono più colorate del testo.,L'uomo dice alla bambina di guardare le figure perché le figure sono più colorate del testo.,L'uomo dice alla bambina di guardare le figure perché la bambina fa notare di non saper leggere quando riceve il libro.,1,gemma,video_audio,1,1,1,correct,
video019_causale_04,video019,video019.mp4,video019_causale,4,causale,Perché l'uomo dice alla bambina di guardare le figure?,"L'uomo dice alla bambina di guardare le figure perché quando le porge il libro lei ribatte con ""ma io non so leggere"".",L'uomo dice alla bambina di guardare le figure perché lei trova le parole noiose.,L'uomo dice alla bambina di guardare le figure perché lei trova le parole noiose.,"L'uomo dice alla bambina di guardare le figure perché quando le porge il libro lei ribatte con ""ma io non so leggere"".",1,gemma,video_audio,1,1,1,correct,
video019_spaziale_01,video019,video019.mp4,video019_spaziale,1,spaziale,Dove appoggia il libro il padre?,Il padre appoggia il libro in mano alla bambina.,Il padre appoggia il libro sul tavolo accanto alla bambina.,Il padre appoggia il libro sul tavolo accanto alla bambina.,Il padre appoggia il libro in mano alla bambina.,1,gemma,video_audio,1,1,1,correct,
video019_spaziale_02,video019,video019.mp4,video019_spaziale,2,spaziale,Dove appoggia il libro il padre?,Il padre appoggia il libro sulle gambe della bambina.,Il padre appoggia il libro sul tavolo accanto alla bambina.,Il padre appoggia il libro sulle gambe della bambina.,Il padre appoggia il libro sul tavolo accanto alla bambina.,0,gemma,video_audio,0,0,1,correct,
video019_spaziale_03,video019,video019.mp4,video019_spaziale,3,spaziale,Dove appoggia il libro il padre?,"Il padre porge il libro alla bambina, appoggiandoglielo sulle gambe.","Il padre porge il libro alla bambina, appoggiandoglielo sulla testa.","Il padre porge il libro alla bambina, appoggiandoglielo sulla testa.","Il padre porge il libro alla bambina, appoggiandoglielo sulle gambe.",1,gemma,video_audio,1,1,1,correct,
video019_spaziale_04,video019,video019.mp4,video019_spaziale,4,spaziale,Dove appoggia il libro il padre?,Il padre mette il libro in mano alla bambina.,Il padre mette il libro sulla scrivania.,Il padre mette il libro sulla scrivania.,Il padre mette il libro in mano alla bambina.,1,gemma,video_audio,1,1,1,correct,
video019_temporale_01,video019,video019.mp4,video019_temporale,1,temporale,Si mangerà prima o dopo che il papà avrà lavorato?,Si mangerà dopo che il papà avrà lavorato.,Si mangerà prima che il papà abbia lavorato.,Si mangerà prima che il papà abbia lavorato.,Si mangerà dopo che il papà avrà lavorato.,1,gemma,video_audio,0,0,0,wrong,
video019_temporale_02,video019,video019.mp4,video019_temporale,2,temporale,Si mangerà prima o dopo che il papà avrà lavorato?,Si mangerà dopo che il papà avrà lavorato.,Si mangerà prima che il papà avrà lavorato.,Si mangerà dopo che il papà avrà lavorato.,Si mangerà prima che il papà avrà lavorato.,0,gemma,video_audio,0,0,1,correct,
video019_temporale_03,video019,video019.mp4,video019_temporale,3,temporale,Si mangerà prima o dopo che il papà avrà lavorato?,"Si mangerà successivamente, dato che il padre spiega che deve prima finire di lavorare.","Si mangerà immediatamente, dato che il padre spiega che ha già finito di lavorare.","Si mangerà successivamente, dato che il padre spiega che deve prima finire di lavorare.","Si mangerà immediatamente, dato che il padre spiega che ha già finito di lavorare.",0,gemma,video_audio,0,0,1,correct,
video019_temporale_04,video019,video019.mp4,video019_temporale,4,temporale,Si mangerà prima o dopo che il papà avrà lavorato?,Si mangerà dopo che il padre avrà finito di lavorare.,Si mangerà prima che il padre inizi a lavorare.,Si mangerà prima che il padre inizi a lavorare.,Si mangerà dopo che il padre avrà finito di lavorare.,1,gemma,video_audio,0,0,0,wrong,
video020_causale_01,video020,video020.mp4,video020_causale,1,causale,Perché accorre il collaboratore scolastico preoccupato?,Il collaboratore scolastico accorre preoccupato perché ha sentito la botta e non sa cosa può essere successo.,Il collaboratore scolastico accorre preoccupato perché ha visto un'ombra sospetta nel corridoio.,Il collaboratore scolastico accorre preoccupato perché ha visto un'ombra sospetta nel corridoio.,Il collaboratore scolastico accorre preoccupato perché ha sentito la botta e non sa cosa può essere successo.,1,gemma,video_audio,1,1,1,correct,
video020_causale_02,video020,video020.mp4,video020_causale,2,causale,Perché accorre il collaboratore scolastico preoccupato?,Il collaboratore scolastico accorre preoccupato perché ha sentito il botto.,Il collaboratore scolastico accorre preoccupato perché ha visto del fumo.,Il collaboratore scolastico accorre preoccupato perché ha sentito il botto.,Il collaboratore scolastico accorre preoccupato perché ha visto del fumo.,0,gemma,video_audio,0,0,1,correct,
video020_causale_03,video020,video020.mp4,video020_causale,3,causale,Perché accorre il collaboratore scolastico preoccupato?,Il collaboratore scolastico accorre preoccupato perché sente il forte botto del petardo e vuole capire cosa stia succedendo in classe.,Il collaboratore scolastico accorre preoccupato perché vuole consegnare un messaggio urgente alla classe.,Il collaboratore scolastico accorre preoccupato perché sente il forte botto del petardo e vuole capire cosa stia succedendo in classe.,Il collaboratore scolastico accorre preoccupato perché vuole consegnare un messaggio urgente alla classe.,0,gemma,video_audio,0,0,1,correct,
video020_causale_04,video020,video020.mp4,video020_causale,4,causale,Perché accorre il collaboratore scolastico preoccupato?,Il collaboratore scolastico accorre preoccupato perché il petardo ha generato un forte frastuono e vuole vedere cosa stia accadendo nella classe.,Il collaboratore scolastico accorre preoccupato perché ha sentito delle grida e vuole vedere cosa stia accadendo nella classe.,Il collaboratore scolastico accorre preoccupato perché il petardo ha generato un forte frastuono e vuole vedere cosa stia accadendo nella classe.,Il collaboratore scolastico accorre preoccupato perché ha sentito delle grida e vuole vedere cosa stia accadendo nella classe.,0,gemma,video_audio,0,0,1,correct,
video020_spaziale_01,video020,video020.mp4,video020_spaziale,1,spaziale,Da dove è caduto 'Caruso' secondo il professore?,"Secondo il professore, 'Caruso' è caduto dalla sedia.","Secondo il professore, 'Caruso' è salito sul tavolo.","Secondo il professore, 'Caruso' è caduto dalla sedia.","Secondo il professore, 'Caruso' è salito sul tavolo.",0,gemma,video_audio,0,0,1,correct,
video020_spaziale_02,video020,video020.mp4,video020_spaziale,2,spaziale,Da dove è caduto 'Caruso' secondo il professore?,"Secondo il professore, 'Caruso' è caduto dalla sedia.","Secondo il professore, 'Caruso' è salito sulla sedia.","Secondo il professore, 'Caruso' è caduto dalla sedia.","Secondo il professore, 'Caruso' è salito sulla sedia.",0,gemma,video_audio,0,0,1,correct,
video020_spaziale_03,video020,video020.mp4,video020_spaziale,3,spaziale,Da dove è caduto 'Caruso' secondo il professore?,"Secondo il professore, 'Caruso' è caduto dalla sedia.","Secondo il professore, 'Caruso' è salito sulla sedia.","Secondo il professore, 'Caruso' è caduto dalla sedia.","Secondo il professore, 'Caruso' è salito sulla sedia.",0,gemma,video_audio,0,0,1,correct,
video020_spaziale_04,video020,video020.mp4,video020_spaziale,4,spaziale,Da dove è caduto 'Caruso' secondo il professore?,"Secondo il professore, 'Caruso' è caduto dalla sedia.","Secondo il professore, 'Caruso' è salito sulla sedia.","Secondo il professore, 'Caruso' è salito sulla sedia.","Secondo il professore, 'Caruso' è caduto dalla sedia.",1,gemma,video_audio,1,1,1,correct,
video020_temporale_01,video020,video020.mp4,video020_temporale,1,temporale,La classe fa casino prima o dopo il botto?,La classe fa casino prima del botto.,La classe fa casino dopo il botto.,La classe fa casino dopo il botto.,La classe fa casino prima del botto.,1,gemma,video_audio,0,0,0,wrong,
video020_temporale_02,video020,video020.mp4,video020_temporale,2,temporale,La classe fa casino prima o dopo il botto?,Il casino in classe avviene prima del botto.,Il casino in classe avviene dopo il botto.,Il casino in classe avviene dopo il botto.,Il casino in classe avviene prima del botto.,1,gemma,video_audio,0,0,0,wrong,
video020_temporale_03,video020,video020.mp4,video020_temporale,3,temporale,La classe fa casino prima o dopo il botto?,"Nel video, il petardo viene fatto esplodere prima che la classe smetta di fare confusione.","Nel video, il petardo viene fatto esplodere dopo che la classe smette di fare confusione.","Nel video, il petardo viene fatto esplodere dopo che la classe smette di fare confusione.","Nel video, il petardo viene fatto esplodere prima che la classe smetta di fare confusione.",1,gemma,video_audio,1,1,1,correct,
video020_temporale_04,video020,video020.mp4,video020_temporale,4,temporale,La classe fa casino prima o dopo il botto?,La classe smette di fare casino quando il professore scoppia il petardo.,La classe smette di fare casino prima che il professore scoppia il petardo.,La classe smette di fare casino prima che il professore scoppia il petardo.,La classe smette di fare casino quando il professore scoppia il petardo.,1,gemma,video_audio,1,1,1,correct,
video021_causale_01,video021,video021.mp4,video021_causale,1,causale,Perché la donna si arrabbia con Italo?,La donna si arrabbia con Italo perché deve riportare a casa i figli.,La donna si arrabbia con Italo perché ha perso le chiavi di casa.,La donna si arrabbia con Italo perché deve riportare a casa i figli.,La donna si arrabbia con Italo perché ha perso le chiavi di casa.,0,gemma,video_audio,0,0,1,correct,
video021_causale_02,video021,video021.mp4,video021_causale,2,causale,Perché la donna si arrabbia con Italo?,La donna si arrabbia con Italo perché lui deve riportarli a casa.,La donna si arrabbia con Italo perché lui ha dimenticato il loro anniversario.,La donna si arrabbia con Italo perché lui deve riportarli a casa.,La donna si arrabbia con Italo perché lui ha dimenticato il loro anniversario.,0,gemma,video_audio,0,0,1,correct,
video021_causale_03,video021,video021.mp4,video021_causale,3,causale,Perché la donna si arrabbia con Italo?,La donna si arrabbia con Italo perché alla donna sono stati portati via i figli e lui deve riportarli a casa.,La donna si arrabbia con Italo perché Italo ha deciso di non riportare a casa i figli.,La donna si arrabbia con Italo perché Italo ha deciso di non riportare a casa i figli.,La donna si arrabbia con Italo perché alla donna sono stati portati via i figli e lui deve riportarli a casa.,1,gemma,video_audio,1,1,1,correct,
video021_causale_04,video021,video021.mp4,video021_causale,4,causale,Perché la donna si arrabbia con Italo?,La donna si arrabbia con Italo perché le sono stati portati via i figli.,La donna si arrabbia con Italo perché lui è arrivato in ritardo.,La donna si arrabbia con Italo perché lui è arrivato in ritardo.,La donna si arrabbia con Italo perché le sono stati portati via i figli.,1,gemma,video_audio,1,1,1,correct,
video021_spaziale_01,video021,video021.mp4,video021_spaziale,1,spaziale,Dove è rivolto lo sguardo di Italo quando la donna lo rimprovera di guardarla?,"Quando la donna lo rimprovera, lo sguardo di Italo è rivolto verso il basso.","Quando la donna lo rimprovera, lo sguardo di Italo è rivolto verso l'alto.","Quando la donna lo rimprovera, lo sguardo di Italo è rivolto verso l'alto.","Quando la donna lo rimprovera, lo sguardo di Italo è rivolto verso il basso.",1,gemma,video_audio,1,1,1,correct,
video021_spaziale_02,video021,video021.mp4,video021_spaziale,2,spaziale,Dove è rivolto lo sguardo di Italo quando la donna lo rimprovera di guardarla?,Lo sguardo di Italo è rivolto in basso quando la donna lo rimprovera di guardarla.,Lo sguardo di Italo è rivolto in alto quando la donna lo rimprovera di guardarla.,Lo sguardo di Italo è rivolto in basso quando la donna lo rimprovera di guardarla.,Lo sguardo di Italo è rivolto in alto quando la donna lo rimprovera di guardarla.,0,gemma,video_audio,0,0,1,correct,
video021_spaziale_03,video021,video021.mp4,video021_spaziale,3,spaziale,Dove è rivolto lo sguardo di Italo quando la donna lo rimprovera di guardarla?,"Lo sguardo di Italo è rivolto in una posizione più in basso, e non sopra la donna.","Lo sguardo di Italo è rivolto in una posizione più in alto, e non sotto la donna.","Lo sguardo di Italo è rivolto in una posizione più in basso, e non sopra la donna.","Lo sguardo di Italo è rivolto in una posizione più in alto, e non sotto la donna.",0,gemma,video_audio,0,0,1,correct,
video021_spaziale_04,video021,video021.mp4,video021_spaziale,4,spaziale,Dove è rivolto lo sguardo di Italo quando la donna lo rimprovera di guardarla?,Lo sguardo di Italo non è rivolto sulla donna quando viene rimproverato.,Lo sguardo di Italo è rivolto sulla donna quando viene rimproverato.,Lo sguardo di Italo è rivolto sulla donna quando viene rimproverato.,Lo sguardo di Italo non è rivolto sulla donna quando viene rimproverato.,1,gemma,video_audio,0,0,0,wrong,
video021_temporale_01,video021,video021.mp4,video021_temporale,1,temporale,Cosa deve fare Italo prima di 'rimettere piede' in casa?,Prima di 'rimettere piede' in casa Italo deve riportare a casa i figli.,Dopo essere 'rientrato' in casa Italo deve riportare a casa i figli.,Prima di 'rimettere piede' in casa Italo deve riportare a casa i figli.,Dopo essere 'rientrato' in casa Italo deve riportare a casa i figli.,0,gemma,video_audio,0,0,1,correct,
video021_temporale_02,video021,video021.mp4,video021_temporale,2,temporale,Cosa deve fare Italo prima di 'rimettere piede' in casa?,Italo deve riportare a casa i due ragazzi prima di rimettere piede in casa.,Italo deve riportare a casa i due ragazzi dopo aver rimesso piede in casa.,Italo deve riportare a casa i due ragazzi dopo aver rimesso piede in casa.,Italo deve riportare a casa i due ragazzi prima di rimettere piede in casa.,1,gemma,video_audio,1,1,1,correct,
video021_temporale_03,video021,video021.mp4,video021_temporale,3,temporale,Cosa deve fare Italo prima di 'rimettere piede' in casa?,"Prima di ""rimettere piede"" in casa, Italo deve riportare a casa i due ragazzi, cioè i figli della donna.","Dopo ""aver preso le chiavi"" della macchina, Italo deve riportare a casa i due ragazzi, cioè i figli della donna.","Prima di ""rimettere piede"" in casa, Italo deve riportare a casa i due ragazzi, cioè i figli della donna.","Dopo ""aver preso le chiavi"" della macchina, Italo deve riportare a casa i due ragazzi, cioè i figli della donna.",0,gemma,video_audio,0,0,1,correct,
video021_temporale_04,video021,video021.mp4,video021_temporale,4,temporale,Cosa deve fare Italo prima di 'rimettere piede' in casa?,"Prima di 'rimettere piede' in casa, Italo deve riportare i figli a casa come richiesto dalla donna.","Dopo aver 'rimesso piede' in casa, Italo deve riportare i figli a casa come richiesto dalla donna.","Dopo aver 'rimesso piede' in casa, Italo deve riportare i figli a casa come richiesto dalla donna.","Prima di 'rimettere piede' in casa, Italo deve riportare i figli a casa come richiesto dalla donna.",1,gemma,video_audio,1,1,1,correct,
video022_causale_01,video022,video022.mp4,video022_causale,1,causale,Perché Scott è triste mentre guarda i fogli in prigione?,Scott è triste mentre guarda i fogli in prigione probabilmente perché sono i fogli del divorzio.,Scott è triste mentre guarda i fogli in prigione probabilmente perché non può uscire.,Scott è triste mentre guarda i fogli in prigione probabilmente perché non può uscire.,Scott è triste mentre guarda i fogli in prigione probabilmente perché sono i fogli del divorzio.,1,gemma,video_audio,1,1,1,correct,
video022_causale_02,video022,video022.mp4,video022_causale,2,causale,Perché Scott è triste mentre guarda i fogli in prigione?,Scott è triste in prigione perché sta guardando i fogli del divorzio.,Scott è triste in prigione perché ha ricevuto una lettera dalla famiglia.,Scott è triste in prigione perché sta guardando i fogli del divorzio.,Scott è triste in prigione perché ha ricevuto una lettera dalla famiglia.,0,gemma,video_audio,1,1,0,wrong,
video022_causale_03,video022,video022.mp4,video022_causale,3,causale,Perché Scott è triste mentre guarda i fogli in prigione?,"Scott è triste mentre guarda i fogli in prigione perché si tratta dei documenti inviati dalla moglie, che intende divorziare.","Scott è triste mentre guarda i fogli in prigione perché si tratta dei documenti del suo processo, che è andato male.","Scott è triste mentre guarda i fogli in prigione perché si tratta dei documenti inviati dalla moglie, che intende divorziare.","Scott è triste mentre guarda i fogli in prigione perché si tratta dei documenti del suo processo, che è andato male.",0,gemma,video_audio,0,0,1,correct,
video022_causale_04,video022,video022.mp4,video022_causale,4,causale,Perché Scott è triste mentre guarda i fogli in prigione?,Scott è triste mentre guarda i fogli in prigione perché sono i documenti che gli ha mandato la moglie che vuole divorziare.,Scott è triste mentre guarda i fogli in prigione perché sono i documenti che gli annunciano una condanna più lunga.,Scott è triste mentre guarda i fogli in prigione perché sono i documenti che gli annunciano una condanna più lunga.,Scott è triste mentre guarda i fogli in prigione perché sono i documenti che gli ha mandato la moglie che vuole divorziare.,1,gemma,video_audio,0,0,0,wrong,
video022_spaziale_01,video022,video022.mp4,video022_spaziale,1,spaziale,Dove si sono incontrati Scott e Luis per la prima volta?,Scott e Luis si sono incontrati per la prima volta in prigione.,Scott e Luis si sono incontrati per la prima volta in un parco.,Scott e Luis si sono incontrati per la prima volta in prigione.,Scott e Luis si sono incontrati per la prima volta in un parco.,0,gemma,video_audio,0,0,1,correct,
video022_spaziale_02,video022,video022.mp4,video022_spaziale,2,spaziale,Dove si sono incontrati Scott e Luis per la prima volta?,Scott e Luis si sono incontrati per la prima volta in prigione.,Scott e Luis si sono incontrati per la prima volta in un parco.,Scott e Luis si sono incontrati per la prima volta in prigione.,Scott e Luis si sono incontrati per la prima volta in un parco.,0,gemma,video_audio,0,0,1,correct,
video022_spaziale_03,video022,video022.mp4,video022_spaziale,3,spaziale,Dove si sono incontrati Scott e Luis per la prima volta?,Scott e Luis si sono incontrati per la prima volta nella cella della prigione in cui sono finiti entrambi.,Scott e Luis si sono incontrati per la prima volta nella palestra della prigione in cui sono finiti entrambi.,Scott e Luis si sono incontrati per la prima volta nella cella della prigione in cui sono finiti entrambi.,Scott e Luis si sono incontrati per la prima volta nella palestra della prigione in cui sono finiti entrambi.,0,gemma,video_audio,0,0,1,correct,
video022_spaziale_04,video022,video022.mp4,video022_spaziale,4,spaziale,Dove si sono incontrati Scott e Luis per la prima volta?,Scott e Luis si sono incontrati per la prima volta nella cella di prigione dove sono finiti entrambi.,Scott e Luis si sono incontrati per la prima volta al caffè dove sono finiti entrambi.,Scott e Luis si sono incontrati per la prima volta nella cella di prigione dove sono finiti entrambi.,Scott e Luis si sono incontrati per la prima volta al caffè dove sono finiti entrambi.,0,gemma,video_audio,0,0,1,correct,
video022_temporale_01,video022,video022.mp4,video022_temporale,1,temporale,La moglie di Scott lo ha lasciato prima o dopo che Scott incontrasse Luis per la prima volta?,La moglie di Scott lo ha lasciato prima che Scott incontrasse Luis per la prima volta.,La moglie di Scott lo ha lasciato dopo che Scott ha incontrato Luis per la prima volta.,La moglie di Scott lo ha lasciato dopo che Scott ha incontrato Luis per la prima volta.,La moglie di Scott lo ha lasciato prima che Scott incontrasse Luis per la prima volta.,1,gemma,video_audio,1,1,1,correct,
video022_temporale_02,video022,video022.mp4,video022_temporale,2,temporale,La moglie di Scott lo ha lasciato prima o dopo che Scott incontrasse Luis per la prima volta?,La moglie di Scott lo ha lasciato prima che incontrasse Luis per la prima volta.,La moglie di Scott lo ha lasciato dopo che ha incontrato Luis per la prima volta.,La moglie di Scott lo ha lasciato prima che incontrasse Luis per la prima volta.,La moglie di Scott lo ha lasciato dopo che ha incontrato Luis per la prima volta.,0,gemma,video_audio,0,0,1,correct,
video022_temporale_03,video022,video022.mp4,video022_temporale,3,temporale,La moglie di Scott lo ha lasciato prima o dopo che Scott incontrasse Luis per la prima volta?,"La moglie di Scott lo ha lasciato in precedenza, quando gli ha fatto recapitare i documenti del divorzio da firmare.","La moglie di Scott lo ha lasciato in seguito, quando gli ha fatto recapitare i documenti del divorzio da firmare.","La moglie di Scott lo ha lasciato in precedenza, quando gli ha fatto recapitare i documenti del divorzio da firmare.","La moglie di Scott lo ha lasciato in seguito, quando gli ha fatto recapitare i documenti del divorzio da firmare.",0,gemma,video_audio,0,0,1,correct,
video022_temporale_04,video022,video022.mp4,video022_temporale,4,temporale,La moglie di Scott lo ha lasciato prima o dopo che Scott incontrasse Luis per la prima volta?,La moglie di Scott gli ha fatto avere i fogli del divorzio da firmare.,"Prima che Scott incontrasse sua moglie, lei gli ha fatto avere i fogli del divorzio da firmare.","Prima che Scott incontrasse sua moglie, lei gli ha fatto avere i fogli del divorzio da firmare.",La moglie di Scott gli ha fatto avere i fogli del divorzio da firmare.,1,gemma,video_audio,1,1,1,correct,
video023_causale_01,video023,video023.mp4,video023_causale,1,causale,Perché la donna ringrazia Anastasia?,La donna ringrazia Anastasia ironicamente per averla bagnata.,La donna ringrazia Anastasia ironicamente per averla aiutata.,La donna ringrazia Anastasia ironicamente per averla bagnata.,La donna ringrazia Anastasia ironicamente per averla aiutata.,0,gemma,video_audio,0,0,1,correct,
video023_causale_02,video023,video023.mp4,video023_causale,2,causale,Perché la donna ringrazia Anastasia?,La donna ringrazia Anastasia per averla bagnata.,La donna ringrazia Anastasia per averle regalato un ombrello.,La donna ringrazia Anastasia per averle regalato un ombrello.,La donna ringrazia Anastasia per averla bagnata.,1,gemma,video_audio,1,1,1,correct,
video023_causale_03,video023,video023.mp4,video023_causale,3,causale,Perché la donna ringrazia Anastasia?,"La donna ringrazia Anastasia perché la bambina, salendo sul gonfiabile, l'ha bagnata.","La donna ringrazia Anastasia perché la bambina, salendo sul gonfiabile, le ha pulito le scarpe.","La donna ringrazia Anastasia perché la bambina, salendo sul gonfiabile, le ha pulito le scarpe.","La donna ringrazia Anastasia perché la bambina, salendo sul gonfiabile, l'ha bagnata.",1,gemma,video_audio,1,1,1,correct,
video023_causale_04,video023,video023.mp4,video023_causale,4,causale,Perché la donna ringrazia Anastasia?,La donna ringrazia Anastasia perchè la bambina l'ha bagnata salendo sul gonfiabile.,La donna ringrazia Anastasia perchè la bambina l'ha fatta ridere con una battuta.,La donna ringrazia Anastasia perchè la bambina l'ha fatta ridere con una battuta.,La donna ringrazia Anastasia perchè la bambina l'ha bagnata salendo sul gonfiabile.,1,gemma,video_audio,1,1,1,correct,
video023_spaziale_01,video023,video023.mp4,video023_spaziale,1,spaziale,Da dove cade la bambina?,La bambina cade in acqua.,La bambina cade su un prato.,La bambina cade su un prato.,La bambina cade in acqua.,1,gemma,video_audio,1,1,1,correct,
video023_spaziale_02,video023,video023.mp4,video023_spaziale,2,spaziale,Da dove cade la bambina?,La bambina cade dal bordo della piscina.,La bambina cade dal bordo del letto.,La bambina cade dal bordo della piscina.,La bambina cade dal bordo del letto.,0,gemma,video_audio,0,0,1,correct,
video023_spaziale_03,video023,video023.mp4,video023_spaziale,3,spaziale,Da dove cade la bambina?,"La bambina cade dal gonfiabile a forma di coda di sirena, posto vicino al bordo della piscina.","La bambina cade dal gonfiabile a forma di coda di sirena, posto al centro del giardino.","La bambina cade dal gonfiabile a forma di coda di sirena, posto vicino al bordo della piscina.","La bambina cade dal gonfiabile a forma di coda di sirena, posto al centro del giardino.",0,gemma,video_audio,0,0,1,correct,
video023_spaziale_04,video023,video023.mp4,video023_spaziale,4,spaziale,Da dove cade la bambina?,La bambina cade dal gonfiabile fatto a forma di coda di sirena.,La bambina cade dallo scivolo fatto a forma di coda di sirena.,La bambina cade dallo scivolo fatto a forma di coda di sirena.,La bambina cade dal gonfiabile fatto a forma di coda di sirena.,1,gemma,video_audio,1,1,1,correct,
video023_temporale_01,video023,video023.mp4,video023_temporale,1,temporale,La donna dice ad 'Ani' di salire prima o dopo essere scesa nell'acqua?,La donna dice ad 'Ani' di salire dopo essere scesa nell'acqua.,La donna dice ad 'Ani' di salire prima di scendere nell'acqua.,La donna dice ad 'Ani' di salire prima di scendere nell'acqua.,La donna dice ad 'Ani' di salire dopo essere scesa nell'acqua.,1,gemma,video_audio,0,0,0,wrong,
video023_temporale_02,video023,video023.mp4,video023_temporale,2,temporale,La donna dice ad 'Ani' di salire prima o dopo essere scesa nell'acqua?,La donna dice ad 'Ani' di scendere nell'acqua.,Dopo che la donna dice ad 'Ani' di scendere nell'acqua.,Dopo che la donna dice ad 'Ani' di scendere nell'acqua.,La donna dice ad 'Ani' di scendere nell'acqua.,1,gemma,video_audio,1,1,1,correct,
video023_temporale_03,video023,video023.mp4,video023_temporale,3,temporale,La donna dice ad 'Ani' di salire prima o dopo essere scesa nell'acqua?,"La donna dice ad 'Ani' di salire prima di entrare in acqua, nel momento in cui deve scendere.","La donna dice ad 'Ani' di salire dopo essere entrata in acqua, nel momento in cui deve scendere.","La donna dice ad 'Ani' di salire prima di entrare in acqua, nel momento in cui deve scendere.","La donna dice ad 'Ani' di salire dopo essere entrata in acqua, nel momento in cui deve scendere.",0,gemma,video_audio,0,0,1,correct,
video023_temporale_04,video023,video023.mp4,video023_temporale,4,temporale,La donna dice ad 'Ani' di salire prima o dopo essere scesa nell'acqua?,La donna dice ad 'Ani' di salire prima che lei entri nell'acqua.,La donna dice ad 'Ani' di salire dopo che lei è uscita dall'acqua.,La donna dice ad 'Ani' di salire prima che lei entri nell'acqua.,La donna dice ad 'Ani' di salire dopo che lei è uscita dall'acqua.,0,gemma,video_audio,0,0,1,correct,
video024_causale_01,video024,video024.mp4,video024_causale,1,causale,Perché la nonna porta la mascherina sugli occhi?,La nonna porta la mascherina sugli occhi perchè stanno giocando a moscacieca.,La nonna porta la mascherina sugli occhi perchè la luce del sole è troppo forte.,La nonna porta la mascherina sugli occhi perchè la luce del sole è troppo forte.,La nonna porta la mascherina sugli occhi perchè stanno giocando a moscacieca.,1,gemma,video_audio,1,1,1,correct,
video024_causale_02,video024,video024.mp4,video024_causale,2,causale,Perché la nonna porta la mascherina sugli occhi?,La nonna porta la mascherina sugli occhi per bendarsi.,La nonna porta la mascherina sugli occhi per proteggersi dal sole.,La nonna porta la mascherina sugli occhi per bendarsi.,La nonna porta la mascherina sugli occhi per proteggersi dal sole.,0,gemma,video_audio,0,0,1,correct,
video024_causale_03,video024,video024.mp4,video024_causale,3,causale,Perché la nonna porta la mascherina sugli occhi?,La nonna porta la mascherina sugli occhi perché deve bendarsi per fare la mosca e cercare di prendere le altre bambine.,La nonna porta la mascherina sugli occhi perché ha dimenticato gli occhiali a casa.,La nonna porta la mascherina sugli occhi perché deve bendarsi per fare la mosca e cercare di prendere le altre bambine.,La nonna porta la mascherina sugli occhi perché ha dimenticato gli occhiali a casa.,0,gemma,video_audio,0,0,1,correct,
video024_causale_04,video024,video024.mp4,video024_causale,4,causale,Perché la nonna porta la mascherina sugli occhi?,La nonna porta la mascherina sugli occhi perché è la mosca che deve acchiappare le bambine.,La nonna porta la mascherina sugli occhi perché c'è troppo sole.,La nonna porta la mascherina sugli occhi perché è la mosca che deve acchiappare le bambine.,La nonna porta la mascherina sugli occhi perché c'è troppo sole.,0,gemma,video_audio,0,0,1,correct,
video024_spaziale_01,video024,video024.mp4,video024_spaziale,1,spaziale,Le bambine e la nonna stanno giocando dentro casa o fuori in giardino?,Le bambine e la nonna stanno giocando dentro casa.,Le bambine e la nonna stanno giocando fuori casa.,Le bambine e la nonna stanno giocando fuori casa.,Le bambine e la nonna stanno giocando dentro casa.,1,gemma,video_audio,1,1,1,correct,
video024_spaziale_02,video024,video024.mp4,video024_spaziale,2,spaziale,Le bambine e la nonna stanno giocando dentro casa o fuori in giardino?,Le bambine e la nonna stanno giocando dentro casa.,Le bambine e la nonna stanno giocando fuori casa.,Le bambine e la nonna stanno giocando dentro casa.,Le bambine e la nonna stanno giocando fuori casa.,0,gemma,video_audio,0,0,1,correct,
video024_spaziale_03,video024,video024.mp4,video024_spaziale,3,spaziale,Le bambine e la nonna stanno giocando dentro casa o fuori in giardino?,"Le bambine e la nonna stanno giocando all'interno della casa, nella zona in cui le bambine stanno giocando a mosca cieca.","Le bambine e la nonna stanno giocando nel giardino, nella zona in cui le bambine stanno giocando a mosca cieca.","Le bambine e la nonna stanno giocando all'interno della casa, nella zona in cui le bambine stanno giocando a mosca cieca.","Le bambine e la nonna stanno giocando nel giardino, nella zona in cui le bambine stanno giocando a mosca cieca.",0,gemma,video_audio,0,0,1,correct,
video024_spaziale_04,video024,video024.mp4,video024_spaziale,4,spaziale,Le bambine e la nonna stanno giocando dentro casa o fuori in giardino?,Le bambine stanno giocando a mosca cieca.,Le bambine stanno giocando nel parco giochi.,Le bambine stanno giocando nel parco giochi.,Le bambine stanno giocando a mosca cieca.,1,gemma,video_audio,1,1,1,correct,
video024_temporale_01,video024,video024.mp4,video024_temporale,1,temporale,Alla nonna gira la testa prima o dopo essersi coperta gli occhi?,Alla nonna gira la testa dopo essersi coperta gli occhi.,"Prima che alla nonna girasse la testa, si è coperta gli occhi.","Prima che alla nonna girasse la testa, si è coperta gli occhi.",Alla nonna gira la testa dopo essersi coperta gli occhi.,1,gemma,video_audio,1,1,1,correct,
video024_temporale_02,video024,video024.mp4,video024_temporale,2,temporale,Alla nonna gira la testa prima o dopo essersi coperta gli occhi?,Alla nonna gira la testa dopo essersi coperta gli occhi.,Alla nonna gira la testa prima di coprirsi gli occhi.,Alla nonna gira la testa dopo essersi coperta gli occhi.,Alla nonna gira la testa prima di coprirsi gli occhi.,0,gemma,video_audio,0,0,1,correct,
video024_temporale_03,video024,video024.mp4,video024_temporale,3,temporale,Alla nonna gira la testa prima o dopo essersi coperta gli occhi?,Alla nonna gira la testa successivamente all'inizio del gioco della mosca cieca.,Alla nonna gira la testa prima dell'inizio del gioco della mosca cieca.,Alla nonna gira la testa successivamente all'inizio del gioco della mosca cieca.,Alla nonna gira la testa prima dell'inizio del gioco della mosca cieca.,0,gemma,video_audio,0,0,1,correct,
video024_temporale_04,video024,video024.mp4,video024_temporale,4,temporale,Alla nonna gira la testa prima o dopo essersi coperta gli occhi?,Alla nonna gira la testa dopo che hanno iniziato a giocare a mosca cieca.,Alla nonna gira la testa prima che abbiano iniziato a giocare a mosca cieca.,Alla nonna gira la testa dopo che hanno iniziato a giocare a mosca cieca.,Alla nonna gira la testa prima che abbiano iniziato a giocare a mosca cieca.,0,gemma,video_audio,0,0,1,correct,
video025_causale_01,video025,video025.mp4,video025_causale,1,causale,Perché la mamma fa i complimenti alla bambina?,La mamma fa i complimenti alla bambina per la buca che ha costruito.,La mamma fa i complimenti alla bambina per il castello che ha costruito.,La mamma fa i complimenti alla bambina per la buca che ha costruito.,La mamma fa i complimenti alla bambina per il castello che ha costruito.,0,gemma,video_audio,0,0,1,correct,
video025_causale_02,video025,video025.mp4,video025_causale,2,causale,Perché la mamma fa i complimenti alla bambina?,La mamma fa i complimenti alla bambina per la grande e bella buca fatta.,La mamma fa i complimenti alla bambina per il bel disegno fatto.,La mamma fa i complimenti alla bambina per il bel disegno fatto.,La mamma fa i complimenti alla bambina per la grande e bella buca fatta.,1,gemma,video_audio,1,1,1,correct,
video025_causale_03,video025,video025.mp4,video025_causale,3,causale,Perché la mamma fa i complimenti alla bambina?,"La mamma fa i complimenti alla bambina perché ha scavato nella sabbia una buca enorme e molto bella, grande quasi quanto una piscina.","La mamma fa i complimenti alla bambina perché ha costruito un castello di sabbia enorme e molto bello, grande quasi quanto una piscina.","La mamma fa i complimenti alla bambina perché ha costruito un castello di sabbia enorme e molto bello, grande quasi quanto una piscina.","La mamma fa i complimenti alla bambina perché ha scavato nella sabbia una buca enorme e molto bella, grande quasi quanto una piscina.",1,gemma,video_audio,1,1,1,correct,
video025_causale_04,video025,video025.mp4,video025_causale,4,causale,Perché la mamma fa i complimenti alla bambina?,"La mamma fa i complimenti alla bambina perché ha fatto un buco enorme nella sabbia, grande quanto una piscina.",La mamma fa i complimenti alla bambina perché ha costruito un bellissimo castello di sabbia.,"La mamma fa i complimenti alla bambina perché ha fatto un buco enorme nella sabbia, grande quanto una piscina.",La mamma fa i complimenti alla bambina perché ha costruito un bellissimo castello di sabbia.,0,gemma,video_audio,0,0,1,correct,
video025_spaziale_01,video025,video025.mp4,video025_spaziale,1,spaziale,Dove si trova lo scivolo?,Lo scivolo si trova tra la buca e il mare.,Lo scivolo si trova sopra una collina.,Lo scivolo si trova sopra una collina.,Lo scivolo si trova tra la buca e il mare.,1,gemma,video_audio,1,1,1,correct,
video025_spaziale_02,video025,video025.mp4,video025_spaziale,2,spaziale,Dove si trova lo scivolo?,Lo scivolo si trova davanti alla buca verso il mare.,Lo scivolo si trova dietro alla buca verso il mare.,Lo scivolo si trova davanti alla buca verso il mare.,Lo scivolo si trova dietro alla buca verso il mare.,0,gemma,video_audio,0,0,1,correct,
video025_spaziale_03,video025,video025.mp4,video025_spaziale,3,spaziale,Dove si trova lo scivolo?,"Lo scivolo si trova sul bagnasciuga, davanti alla grande buca scavata verso il mare.","Lo scivolo si trova nel parco giochi, lontano dalla grande buca scavata verso il mare.","Lo scivolo si trova sul bagnasciuga, davanti alla grande buca scavata verso il mare.","Lo scivolo si trova nel parco giochi, lontano dalla grande buca scavata verso il mare.",0,gemma,video_audio,0,0,1,correct,
video025_spaziale_04,video025,video025.mp4,video025_spaziale,4,spaziale,Dove si trova lo scivolo?,"Lo scivolo si trova sul bagnasciuga, inventato dalla bambina.","Lo scivolo si trova nel parco giochi, inventato dalla bambina.","Lo scivolo si trova nel parco giochi, inventato dalla bambina.","Lo scivolo si trova sul bagnasciuga, inventato dalla bambina.",1,gemma,video_audio,1,1,1,correct,
video025_temporale_01,video025,video025.mp4,video025_temporale,1,temporale,La bambina con il costume azzurro va sullo scivolo prima o dopo che Aria saluti la donna?,La bambina con il costume azzurro va sullo scivolo dopo che Aria saluta la donna.,La bambina con il costume azzurro va sullo scivolo prima che Aria saluti la donna.,La bambina con il costume azzurro va sullo scivolo prima che Aria saluti la donna.,La bambina con il costume azzurro va sullo scivolo dopo che Aria saluta la donna.,1,gemma,video_audio,1,1,1,correct,
video025_temporale_02,video025,video025.mp4,video025_temporale,2,temporale,La bambina con il costume azzurro va sullo scivolo prima o dopo che Aria saluti la donna?,La bambina con il costume azzurro va sullo scivolo dopo che Aria saluta la donna.,La bambina con il costume azzurro va sullo scivolo prima che Aria saluti la donna.,La bambina con il costume azzurro va sullo scivolo dopo che Aria saluta la donna.,La bambina con il costume azzurro va sullo scivolo prima che Aria saluti la donna.,0,gemma,video_audio,0,0,1,correct,
video025_temporale_03,video025,video025.mp4,video025_temporale,3,temporale,La bambina con il costume azzurro va sullo scivolo prima o dopo che Aria saluti la donna?,La bambina con il costume azzurro va sullo scivolo dopo che la persona che riprende ha salutato le bambine.,La bambina con il costume azzurro va sullo scivolo prima che la persona che riprende saluti le bambine.,La bambina con il costume azzurro va sullo scivolo dopo che la persona che riprende ha salutato le bambine.,La bambina con il costume azzurro va sullo scivolo prima che la persona che riprende saluti le bambine.,0,gemma,video_audio,1,1,0,wrong,
video025_temporale_04,video025,video025.mp4,video025_temporale,4,temporale,La bambina con il costume azzurro va sullo scivolo prima o dopo che Aria saluti la donna?,La bambina con il costume azzurro va sullo scivolo dopo che la cameramen ha salutato le bambine.,La bambina con il costume azzurro va sullo scivolo prima che la cameramen ha salutato le bambine.,La bambina con il costume azzurro va sullo scivolo prima che la cameramen ha salutato le bambine.,La bambina con il costume azzurro va sullo scivolo dopo che la cameramen ha salutato le bambine.,1,gemma,video_audio,1,1,1,correct,
video026_causale_01,video026,video026.mp4,video026_causale,1,causale,Perché l'uomo in piedi dice che 'ora è bello per lo spotter'?,L'uomo dice che 'ora è bello per lo spotter' perché gli può dare una mano.,L'uomo dice che 'ora è bello per lo spotter' perché può vincere un premio.,L'uomo dice che 'ora è bello per lo spotter' perché gli può dare una mano.,L'uomo dice che 'ora è bello per lo spotter' perché può vincere un premio.,0,gemma,video_audio,0,0,1,correct,
video026_causale_02,video026,video026.mp4,video026_causale,2,causale,Perché l'uomo in piedi dice che 'ora è bello per lo spotter'?,"L'uomo in piedi dice che ""ora è bello per lo spotter"" perché dà un aiuto.","L'uomo in piedi dice che ""ora è bello per lo spotter"" perché crea confusione.","L'uomo in piedi dice che ""ora è bello per lo spotter"" perché dà un aiuto.","L'uomo in piedi dice che ""ora è bello per lo spotter"" perché crea confusione.",0,gemma,video_audio,0,0,1,correct,
video026_causale_03,video026,video026.mp4,video026_causale,3,causale,Perché l'uomo in piedi dice che 'ora è bello per lo spotter'?,"In quel momento, lo spotter può intervenire e fornire assistenza all'uomo durante l'esercizio sul macchinario.","In quel momento, lo spotter non può intervenire e fornire assistenza all'uomo durante l'esercizio sul macchinario.","In quel momento, lo spotter non può intervenire e fornire assistenza all'uomo durante l'esercizio sul macchinario.","In quel momento, lo spotter può intervenire e fornire assistenza all'uomo durante l'esercizio sul macchinario.",1,gemma,video_audio,1,1,1,correct,
video026_causale_04,video026,video026.mp4,video026_causale,4,causale,Perché l'uomo in piedi dice che 'ora è bello per lo spotter'?,"L'uomo in piedi dice che ""ora è bello per lo spotter"" perché può finalmente dare assistenza aiutando accarezzando il macchinario.","L'uomo in piedi dice che ""ora è bello per lo spotter"" perché il macchinario si è finalmente fermato e non richiede più assistenza.","L'uomo in piedi dice che ""ora è bello per lo spotter"" perché il macchinario si è finalmente fermato e non richiede più assistenza.","L'uomo in piedi dice che ""ora è bello per lo spotter"" perché può finalmente dare assistenza aiutando accarezzando il macchinario.",1,gemma,video_audio,1,1,1,correct,
video026_spaziale_01,video026,video026.mp4,video026_spaziale,1,spaziale,Dove deve rilasciare liberi i pesi l'uomo sull'attrezzo?,L'uomo deve rilasciare liberi i pesi a fine corsa dell'ultima ripetizione.,L'uomo deve rilasciare liberi i pesi all'inizio dell'ultima ripetizione.,L'uomo deve rilasciare liberi i pesi all'inizio dell'ultima ripetizione.,L'uomo deve rilasciare liberi i pesi a fine corsa dell'ultima ripetizione.,1,gemma,video_audio,1,1,1,correct,
video026_spaziale_02,video026,video026.mp4,video026_spaziale,2,spaziale,Dove deve rilasciare liberi i pesi l'uomo sull'attrezzo?,L'uomo deve rilasciare liberi i pesi quando sono giù.,L'uomo deve rilasciare liberi i pesi quando sono su.,L'uomo deve rilasciare liberi i pesi quando sono giù.,L'uomo deve rilasciare liberi i pesi quando sono su.,0,gemma,video_audio,0,0,1,correct,
video026_spaziale_03,video026,video026.mp4,video026_spaziale,3,spaziale,Dove deve rilasciare liberi i pesi l'uomo sull'attrezzo?,"L'uomo sull'attrezzo deve rilasciare i pesi verso il basso, seguendo la discesa del macchinario.","L'uomo sull'attrezzo deve rilasciare i pesi verso l'alto, seguendo la salita del macchinario.","L'uomo sull'attrezzo deve rilasciare i pesi verso l'alto, seguendo la salita del macchinario.","L'uomo sull'attrezzo deve rilasciare i pesi verso il basso, seguendo la discesa del macchinario.",1,gemma,video_audio,1,1,1,correct,
video026_spaziale_04,video026,video026.mp4,video026_spaziale,4,spaziale,Dove deve rilasciare liberi i pesi l'uomo sull'attrezzo?,L'uomo deve rilasciare liberi i pesi verso il basso seguendo il movimento del macchinario.,L'uomo deve rilasciare liberi i pesi verso l'alto seguendo il movimento del macchinario.,L'uomo deve rilasciare liberi i pesi verso l'alto seguendo il movimento del macchinario.,L'uomo deve rilasciare liberi i pesi verso il basso seguendo il movimento del macchinario.,1,gemma,video_audio,1,1,1,correct,
video026_temporale_01,video026,video026.mp4,video026_temporale,1,temporale,Dopo quale ripetizione il pelato dà assistenza?,L'assistenza viene data dal pelato dopo la 4^ ripetizione.,L'assistenza viene data dal pelato prima della 4^ ripetizione.,L'assistenza viene data dal pelato prima della 4^ ripetizione.,L'assistenza viene data dal pelato dopo la 4^ ripetizione.,1,gemma,video_audio,0,0,0,wrong,
video026_temporale_02,video026,video026.mp4,video026_temporale,2,temporale,Dopo quale ripetizione il pelato dà assistenza?,L'assistenza viene data dopo la quinta ripetizione.,L'assistenza viene data prima della quinta ripetizione.,L'assistenza viene data prima della quinta ripetizione.,L'assistenza viene data dopo la quinta ripetizione.,1,gemma,video_audio,0,0,0,wrong,
video026_temporale_03,video026,video026.mp4,video026_temporale,3,temporale,Dopo quale ripetizione il pelato dà assistenza?,"Il pelato fornisce assistenza immediatamente dopo la quarta ripetizione, alla quinta.","Il pelato fornisce assistenza immediatamente prima della quarta ripetizione, alla terza.","Il pelato fornisce assistenza immediatamente dopo la quarta ripetizione, alla quinta.","Il pelato fornisce assistenza immediatamente prima della quarta ripetizione, alla terza.",0,gemma,video_audio,0,0,1,correct,
video026_temporale_04,video026,video026.mp4,video026_temporale,4,temporale,Dopo quale ripetizione il pelato dà assistenza?,Il pelato dà assistenza dopo la quarta ripetizione.,Il pelato dà assistenza prima della quarta ripetizione.,Il pelato dà assistenza dopo la quarta ripetizione.,Il pelato dà assistenza prima della quarta ripetizione.,0,gemma,video_audio,0,0,1,correct,
video027_causale_01,video027,video027.mp4,video027_causale,1,causale,Perché la ragazza trova la situazione divertente?,La ragazza trova la situazione divertente perché al posto di una camera da letto c'è la cucina.,La ragazza trova la situazione divertente perché al posto di una cucina c'è la camera da letto.,La ragazza trova la situazione divertente perché al posto di una cucina c'è la camera da letto.,La ragazza trova la situazione divertente perché al posto di una camera da letto c'è la cucina.,1,gemma,video_audio,1,1,1,correct,
video027_causale_02,video027,video027.mp4,video027_causale,2,causale,Perché la ragazza trova la situazione divertente?,La ragazza trova la situazione divertente perché l'uomo dice di dormire in cucina.,La ragazza trova la situazione divertente perché l'uomo dice di dormire in giardino.,La ragazza trova la situazione divertente perché l'uomo dice di dormire in cucina.,La ragazza trova la situazione divertente perché l'uomo dice di dormire in giardino.,0,gemma,video_audio,0,0,1,correct,
video027_causale_03,video027,video027.mp4,video027_causale,3,causale,Perché la ragazza trova la situazione divertente?,La ragazza trova la situazione divertente perché lo zio dice di dormire in cucina.,La ragazza trova la situazione divertente perché lo zio racconta una barzelletta.,La ragazza trova la situazione divertente perché lo zio dice di dormire in cucina.,La ragazza trova la situazione divertente perché lo zio racconta una barzelletta.,0,gemma,video_audio,0,0,1,correct,
video027_causale_04,video027,video027.mp4,video027_causale,4,causale,Perché la ragazza trova la situazione divertente?,La ragazza trova la situazione divertente perché lo zio dice che dorme in cucina.,La ragazza trova la situazione divertente perché lo zio dice che cucina mentre dorme.,La ragazza trova la situazione divertente perché lo zio dice che cucina mentre dorme.,La ragazza trova la situazione divertente perché lo zio dice che dorme in cucina.,1,gemma,video_audio,1,1,1,correct,
video027_spaziale_01,video027,video027.mp4,video027_spaziale,1,spaziale,Dove indica di dormire l'uomo?,L'uomo indica di dormire in cucina.,L'uomo indica di dormire in giardino.,L'uomo indica di dormire in cucina.,L'uomo indica di dormire in giardino.,0,gemma,video_audio,0,0,1,correct,
video027_spaziale_02,video027,video027.mp4,video027_spaziale,2,spaziale,Dove indica di dormire l'uomo?,L'uomo indica di dormire in cucina.,L'uomo indica di dormire in salotto.,L'uomo indica di dormire in salotto.,L'uomo indica di dormire in cucina.,1,gemma,video_audio,1,1,1,correct,
video027_spaziale_03,video027,video027.mp4,video027_spaziale,3,spaziale,Dove indica di dormire l'uomo?,"L'uomo indica di dormire in cucina, vicino alla porta alle spalle della ragazza con il maglione blu.","L'uomo indica di dormire in soggiorno, vicino alla finestra alle spalle della ragazza con il maglione blu.","L'uomo indica di dormire in cucina, vicino alla porta alle spalle della ragazza con il maglione blu.","L'uomo indica di dormire in soggiorno, vicino alla finestra alle spalle della ragazza con il maglione blu.",0,gemma,video_audio,0,0,1,correct,
video027_spaziale_04,video027,video027.mp4,video027_spaziale,4,spaziale,Dove indica di dormire l'uomo?,L'uomo indica di dormire nella porta dietro la ragazza con il maglione blu.,L'uomo indica di dormire nella porta davanti alla ragazza con il maglione blu.,L'uomo indica di dormire nella porta dietro la ragazza con il maglione blu.,L'uomo indica di dormire nella porta davanti alla ragazza con il maglione blu.,0,gemma,video_audio,1,1,0,wrong,
video027_temporale_01,video027,video027.mp4,video027_temporale,1,temporale,La ragazza ride prima o dopo aver aperto la porta?,La ragazza ride dopo aver aperto la porta.,La ragazza ride prima di aprire la porta.,La ragazza ride dopo aver aperto la porta.,La ragazza ride prima di aprire la porta.,0,gemma,video_audio,0,0,1,correct,
video027_temporale_02,video027,video027.mp4,video027_temporale,2,temporale,La ragazza ride prima o dopo aver aperto la porta?,La ragazza ride dopo aver aperto la porta.,La ragazza ride prima di aprire la porta.,La ragazza ride dopo aver aperto la porta.,La ragazza ride prima di aprire la porta.,0,gemma,video_audio,0,0,1,correct,
video027_temporale_03,video027,video027.mp4,video027_temporale,3,temporale,La ragazza ride prima o dopo aver aperto la porta?,La ragazza comincia a ridere dopo aver aperto la porta.,La ragazza comincia a ridere prima di aprire la porta.,La ragazza comincia a ridere prima di aprire la porta.,La ragazza comincia a ridere dopo aver aperto la porta.,1,gemma,video_audio,0,0,0,wrong,
video027_temporale_04,video027,video027.mp4,video027_temporale,4,temporale,La ragazza ride prima o dopo aver aperto la porta?,La ragazza inizia a ridere dopo aver aperto la porta.,La ragazza inizia a ridere prima di aprire la porta.,La ragazza inizia a ridere dopo aver aperto la porta.,La ragazza inizia a ridere prima di aprire la porta.,0,gemma,video_audio,1,1,0,wrong,
video028_causale_01,video028,video028.mp4,video028_causale,1,causale,Perché l'uomo con gli occhiali chiede le banane all'uomo con il grembiule giallo?,L'uomo con gli occhiali chiede le banane perché l'uomo con il grembiule giallo è l'addetto del negozio che si occupa di servire i clienti.,L'uomo con gli occhiali chiede le banane perché l'uomo con il grembiule giallo è un cliente abituale del negozio.,L'uomo con gli occhiali chiede le banane perché l'uomo con il grembiule giallo è l'addetto del negozio che si occupa di servire i clienti.,L'uomo con gli occhiali chiede le banane perché l'uomo con il grembiule giallo è un cliente abituale del negozio.,0,gemma,video_audio,0,0,1,correct,
video028_causale_02,video028,video028.mp4,video028_causale,2,causale,Perché l'uomo con gli occhiali chiede le banane all'uomo con il grembiule giallo?,L'uomo con gli occhiali chiede le banane all'uomo con il grembiule giallo perché è il commesso.,L'uomo con gli occhiali chiede le banane all'uomo con il grembiule giallo perché è un cliente.,L'uomo con gli occhiali chiede le banane all'uomo con il grembiule giallo perché è un cliente.,L'uomo con gli occhiali chiede le banane all'uomo con il grembiule giallo perché è il commesso.,1,gemma,video_audio,1,1,1,correct,
video028_causale_03,video028,video028.mp4,video028_causale,3,causale,Perché l'uomo con gli occhiali chiede le banane all'uomo con il grembiule giallo?,"L'uomo con gli occhiali chiede le banane all'uomo con il grembiule giallo perché il negoziante, in qualità di commesso, imbusta i prodotti che hanno deciso di acquistare, comprese le banane.",L'uomo con gli occhiali chiede le banane all'uomo con il grembiule giallo perché è appena arrivato un nuovo carico di frutta fresca.,L'uomo con gli occhiali chiede le banane all'uomo con il grembiule giallo perché è appena arrivato un nuovo carico di frutta fresca.,"L'uomo con gli occhiali chiede le banane all'uomo con il grembiule giallo perché il negoziante, in qualità di commesso, imbusta i prodotti che hanno deciso di acquistare, comprese le banane.",1,gemma,video_audio,1,1,1,correct,
video028_causale_04,video028,video028.mp4,video028_causale,4,causale,Perché l'uomo con gli occhiali chiede le banane all'uomo con il grembiule giallo?,L'uomo con gli occhiali chiede le banane all'uomo con il grembiule giallo perché è il commerciante del negozio che si occupa di imbustare i prodotti e loro vogliono comprare le banane.,L'uomo con gli occhiali chiede le banane all'uomo con il grembiule giallo perché è un amico di vecchia data e vogliono fare una macedonia insieme.,L'uomo con gli occhiali chiede le banane all'uomo con il grembiule giallo perché è un amico di vecchia data e vogliono fare una macedonia insieme.,L'uomo con gli occhiali chiede le banane all'uomo con il grembiule giallo perché è il commerciante del negozio che si occupa di imbustare i prodotti e loro vogliono comprare le banane.,1,gemma,video_audio,1,1,1,correct,
video028_spaziale_01,video028,video028.mp4,video028_spaziale,1,spaziale,Dove vengono messe le banane?,Le banane vengono messe in una busta alimentare.,Le banane vengono messe in una scatola di cartone.,Le banane vengono messe in una busta alimentare.,Le banane vengono messe in una scatola di cartone.,0,gemma,video_audio,0,0,1,correct,
video028_spaziale_02,video028,video028.mp4,video028_spaziale,2,spaziale,Dove vengono messe le banane?,Le banane vengono messe in un sacchetto di carta.,Le banane vengono messe in una ciotola di vetro.,Le banane vengono messe in una ciotola di vetro.,Le banane vengono messe in un sacchetto di carta.,1,gemma,video_audio,1,1,1,correct,
video028_spaziale_03,video028,video028.mp4,video028_spaziale,3,spaziale,Dove vengono messe le banane?,Le banane vengono messe all'interno di un sacchetto di carta.,Le banane vengono messe all'interno di una scatola di plastica.,Le banane vengono messe all'interno di un sacchetto di carta.,Le banane vengono messe all'interno di una scatola di plastica.,0,gemma,video_audio,0,0,1,correct,
video028_spaziale_04,video028,video028.mp4,video028_spaziale,4,spaziale,Dove vengono messe le banane?,Le banane vengono messe in un sacchetto di carta.,Le banane vengono messe in un cestino di plastica.,Le banane vengono messe in un sacchetto di carta.,Le banane vengono messe in un cestino di plastica.,0,gemma,video_audio,0,0,1,correct,
video028_temporale_01,video028,video028.mp4,video028_temporale,1,temporale,I due uomini con gli occhiali si accordano su cosa prendere prima o dopo aver salutato l'uomo con il grembiule giallo?,I due uomini con gli occhiali si accordano su cosa prendere prima di salutare l'uomo con il grembiule giallo.,"Dopo aver salutato l'uomo con il grembiule giallo, i due uomini con gli occhiali si accordano su cosa prendere.","Dopo aver salutato l'uomo con il grembiule giallo, i due uomini con gli occhiali si accordano su cosa prendere.",I due uomini con gli occhiali si accordano su cosa prendere prima di salutare l'uomo con il grembiule giallo.,1,gemma,video_audio,0,0,0,wrong,
video028_temporale_02,video028,video028.mp4,video028_temporale,2,temporale,I due uomini con gli occhiali si accordano su cosa prendere prima o dopo aver salutato l'uomo con il grembiule giallo?,I due uomini con gli occhiali si accordano su cosa prendere prima di salutare l'uomo con il grembiule giallo.,I due uomini con gli occhiali si accordano su cosa prendere dopo aver salutato l'uomo con il grembiule giallo.,I due uomini con gli occhiali si accordano su cosa prendere dopo aver salutato l'uomo con il grembiule giallo.,I due uomini con gli occhiali si accordano su cosa prendere prima di salutare l'uomo con il grembiule giallo.,1,gemma,video_audio,0,0,0,wrong,
video028_temporale_03,video028,video028.mp4,video028_temporale,3,temporale,I due uomini con gli occhiali si accordano su cosa prendere prima o dopo aver salutato l'uomo con il grembiule giallo?,I due uomini con gli occhiali decidono di acquistare le banane prima di salutare il fruttivendolo.,I due uomini con gli occhiali decidono di acquistare le banane dopo aver salutato il fruttivendolo.,I due uomini con gli occhiali decidono di acquistare le banane prima di salutare il fruttivendolo.,I due uomini con gli occhiali decidono di acquistare le banane dopo aver salutato il fruttivendolo.,0,gemma,video_audio,1,1,0,wrong,
video028_temporale_04,video028,video028.mp4,video028_temporale,4,temporale,I due uomini con gli occhiali si accordano su cosa prendere prima o dopo aver salutato l'uomo con il grembiule giallo?,I due uomini decidono di comprare le banane prima di salutare l'uomo con il grembiule giallo.,I due uomini decidono di comprare le banane dopo aver salutato l'uomo con il grembiule giallo.,I due uomini decidono di comprare le banane dopo aver salutato l'uomo con il grembiule giallo.,I due uomini decidono di comprare le banane prima di salutare l'uomo con il grembiule giallo.,1,gemma,video_audio,0,0,0,wrong,
video029_causale_01,video029,video029.mp4,video029_causale,1,causale,Perché il signore con la camicia bianca urla al tabaccaio?,Il signore con la camicia bianca urla al tabaccaio perché gli è stato detto che era sordo.,Il signore con la camicia bianca urla al tabaccaio perché si è arrabbiato per il prezzo delle sigarette.,Il signore con la camicia bianca urla al tabaccaio perché si è arrabbiato per il prezzo delle sigarette.,Il signore con la camicia bianca urla al tabaccaio perché gli è stato detto che era sordo.,1,gemma,video_audio,1,1,1,correct,
video029_causale_02,video029,video029.mp4,video029_causale,2,causale,Perché il signore con la camicia bianca urla al tabaccaio?,Il signore urla al tabaccaio perché gli dice che è sordo.,Il signore urla al tabaccaio perché gli ha dato il resto sbagliato.,Il signore urla al tabaccaio perché gli ha dato il resto sbagliato.,Il signore urla al tabaccaio perché gli dice che è sordo.,1,gemma,video_audio,1,1,1,correct,
video029_causale_03,video029,video029.mp4,video029_causale,3,causale,Perché il signore con la camicia bianca urla al tabaccaio?,Il signore con la camicia bianca urla al tabaccaio perché gli era stato detto che fosse sordo o sentisse poco.,Il signore con la camicia bianca urla al tabaccaio perché era arrabbiato.,Il signore con la camicia bianca urla al tabaccaio perché gli era stato detto che fosse sordo o sentisse poco.,Il signore con la camicia bianca urla al tabaccaio perché era arrabbiato.,0,gemma,video_audio,1,1,0,wrong,
video029_causale_04,video029,video029.mp4,video029_causale,4,causale,Perché il signore con la camicia bianca urla al tabaccaio?,Urla al tabaccaio perché gli era stato detto che ci sentisse poco.,Urla al tabaccaio perché aveva perso il portafoglio.,Urla al tabaccaio perché gli era stato detto che ci sentisse poco.,Urla al tabaccaio perché aveva perso il portafoglio.,0,gemma,video_audio,1,1,0,wrong,
video029_spaziale_01,video029,video029.mp4,video029_spaziale,1,spaziale,Dove si trova il tabaccaio?,Il tabaccaio si trova dietro il muretto dove è appoggiato l'uomo che dà indicazioni.,Il tabaccaio si trova di fronte al muretto dove è appoggiato l'uomo che dà indicazioni.,Il tabaccaio si trova dietro il muretto dove è appoggiato l'uomo che dà indicazioni.,Il tabaccaio si trova di fronte al muretto dove è appoggiato l'uomo che dà indicazioni.,0,gemma,video_audio,1,1,0,wrong,
video029_spaziale_02,video029,video029.mp4,video029_spaziale,2,spaziale,Dove si trova il tabaccaio?,"Nel video, il tabaccaio si trova dietro.","Nel video, il tabaccaio si trova davanti.","Nel video, il tabaccaio si trova dietro.","Nel video, il tabaccaio si trova davanti.",0,gemma,video_audio,1,1,0,wrong,
video029_spaziale_03,video029,video029.mp4,video029_spaziale,3,spaziale,Dove si trova il tabaccaio?,"Il tabaccaio si trova dietro l'angolo, nella zona in cui si trova l'anziano con il maglione a righe.","Il tabaccaio si trova di fronte alla piazza, nella zona in cui si trova l'anziano con il maglione a righe.","Il tabaccaio si trova di fronte alla piazza, nella zona in cui si trova l'anziano con il maglione a righe.","Il tabaccaio si trova dietro l'angolo, nella zona in cui si trova l'anziano con il maglione a righe.",1,gemma,video_audio,1,1,1,correct,
video029_spaziale_04,video029,video029.mp4,video029_spaziale,4,spaziale,Dove si trova il tabaccaio?,Il tabaccaio si trova dietro l'angolo dove si trova l'anziano con il maglione a righe.,Il tabaccaio si trova di fronte all'angolo dove si trova l'anziano con il maglione a righe.,Il tabaccaio si trova di fronte all'angolo dove si trova l'anziano con il maglione a righe.,Il tabaccaio si trova dietro l'angolo dove si trova l'anziano con il maglione a righe.,1,gemma,video_audio,1,1,1,correct,
video029_temporale_01,video029,video029.mp4,video029_temporale,1,temporale,Il tabaccaio si arrabbia prima o dopo che il signore con la maglia a righe dia indicazioni?,Il tabaccaio si arrabbia durante il momento in cui il signore con la maglia a righe dà indicazioni.,"Dopo che il signore con la maglia a righe ha dato indicazioni, il tabaccaio si arrabbia.","Dopo che il signore con la maglia a righe ha dato indicazioni, il tabaccaio si arrabbia.",Il tabaccaio si arrabbia durante il momento in cui il signore con la maglia a righe dà indicazioni.,1,gemma,video_audio,1,1,1,correct,
video029_temporale_02,video029,video029.mp4,video029_temporale,2,temporale,Il tabaccaio si arrabbia prima o dopo che il signore con la maglia a righe dia indicazioni?,Il tabaccaio si arrabbia dopo che il signore con la maglia a righe dà indicazioni.,Il tabaccaio si arrabbia prima che il signore con la maglia a righe dia indicazioni.,Il tabaccaio si arrabbia dopo che il signore con la maglia a righe dà indicazioni.,Il tabaccaio si arrabbia prima che il signore con la maglia a righe dia indicazioni.,0,gemma,video_audio,0,0,1,correct,
video029_temporale_03,video029,video029.mp4,video029_temporale,3,temporale,Il tabaccaio si arrabbia prima o dopo che il signore con la maglia a righe dia indicazioni?,Il tabaccaio si arrabbia dopo che l'uomo in camicia bianca entra in tabaccheria seguendo le indicazioni dell'uomo con il maglione a righe.,Il tabaccaio si arrabbia prima che l'uomo in camicia bianca entri in tabaccheria seguendo le indicazioni dell'uomo con il maglione a righe.,Il tabaccaio si arrabbia dopo che l'uomo in camicia bianca entra in tabaccheria seguendo le indicazioni dell'uomo con il maglione a righe.,Il tabaccaio si arrabbia prima che l'uomo in camicia bianca entri in tabaccheria seguendo le indicazioni dell'uomo con il maglione a righe.,0,gemma,video_audio,1,1,0,wrong,
video029_temporale_04,video029,video029.mp4,video029_temporale,4,temporale,Il tabaccaio si arrabbia prima o dopo che il signore con la maglia a righe dia indicazioni?,Il tabaccaio si arrabbia dopo che l'uomo con la camicia bianca è entrato in tabaccheria seguendo le indicazioni del signore con la maglia a righe.,Il tabaccaio si arrabbia prima che l'uomo con la camicia bianca entri in tabaccheria seguendo le indicazioni del signore con la maglia a righe.,Il tabaccaio si arrabbia dopo che l'uomo con la camicia bianca è entrato in tabaccheria seguendo le indicazioni del signore con la maglia a righe.,Il tabaccaio si arrabbia prima che l'uomo con la camicia bianca entri in tabaccheria seguendo le indicazioni del signore con la maglia a righe.,0,gemma,video_audio,1,1,0,wrong,
video030_causale_01,video030,video030.mp4,video030_causale,1,causale,Perché la bambina con la maglietta bianca urla?,La bambina con la maglietta bianca urla perché l'acqua è freddina.,La bambina con la maglietta bianca urla perché ha visto un insetto.,La bambina con la maglietta bianca urla perché l'acqua è freddina.,La bambina con la maglietta bianca urla perché ha visto un insetto.,0,gemma,video_audio,0,0,1,correct,
video030_causale_02,video030,video030.mp4,video030_causale,2,causale,Perché la bambina con la maglietta bianca urla?,La bambina con la maglietta bianca urla a causa dell'acqua fredda.,La bambina con la maglietta bianca urla a causa del forte vento.,La bambina con la maglietta bianca urla a causa del forte vento.,La bambina con la maglietta bianca urla a causa dell'acqua fredda.,1,gemma,video_audio,1,1,1,correct,
video030_causale_03,video030,video030.mp4,video030_causale,3,causale,Perché la bambina con la maglietta bianca urla?,"La bambina con la maglietta bianca urla perché, dopo aver immerso il piede nella piscina, si accorge che l'acqua è molto fredda.",La bambina con la maglietta bianca urla perché viene improvvisamente bagnata da uno schizzo d'acqua.,La bambina con la maglietta bianca urla perché viene improvvisamente bagnata da uno schizzo d'acqua.,"La bambina con la maglietta bianca urla perché, dopo aver immerso il piede nella piscina, si accorge che l'acqua è molto fredda.",1,gemma,video_audio,1,1,1,correct,
video030_causale_04,video030,video030.mp4,video030_causale,4,causale,Perché la bambina con la maglietta bianca urla?,"La bambina con la maglietta bianca urla perché dopo aver messo il piede nell'acqua della piscina, questa è molto fredda.","La bambina con la maglietta bianca urla perché dopo aver messo il piede nell'acqua della piscina, questa è molto calda.","La bambina con la maglietta bianca urla perché dopo aver messo il piede nell'acqua della piscina, questa è molto fredda.","La bambina con la maglietta bianca urla perché dopo aver messo il piede nell'acqua della piscina, questa è molto calda.",0,gemma,video_audio,0,0,1,correct,
video030_spaziale_01,video030,video030.mp4,video030_spaziale,1,spaziale,Dove vuole mettere i gonfiabili la donna fuori campo?,La donna fuori campo vuole mettere i gonfiabili dentro la piscinetta.,La donna fuori campo vuole mettere i gonfiabili sopra la piscinetta.,La donna fuori campo vuole mettere i gonfiabili dentro la piscinetta.,La donna fuori campo vuole mettere i gonfiabili sopra la piscinetta.,0,gemma,video_audio,0,0,1,correct,
video030_spaziale_02,video030,video030.mp4,video030_spaziale,2,spaziale,Dove vuole mettere i gonfiabili la donna fuori campo?,La donna fuori campo vuole mettere i gonfiabili dentro la piscina.,La donna fuori campo vuole mettere i gonfiabili sopra la piscina.,La donna fuori campo vuole mettere i gonfiabili dentro la piscina.,La donna fuori campo vuole mettere i gonfiabili sopra la piscina.,0,gemma,video_audio,0,0,1,correct,
video030_spaziale_03,video030,video030.mp4,video030_spaziale,3,spaziale,Dove vuole mettere i gonfiabili la donna fuori campo?,La signora fuori campo vorrebbe sistemare i gonfiabili all'interno della piscina.,La signora fuori campo vorrebbe sistemare i gonfiabili all'esterno della piscina.,La signora fuori campo vorrebbe sistemare i gonfiabili all'interno della piscina.,La signora fuori campo vorrebbe sistemare i gonfiabili all'esterno della piscina.,0,gemma,video_audio,1,1,0,wrong,
video030_spaziale_04,video030,video030.mp4,video030_spaziale,4,spaziale,Dove vuole mettere i gonfiabili la donna fuori campo?,La signora vorrebbe mettere i gonfiabili nella piscina.,La signora vorrebbe mettere i gonfiabili nel giardino.,La signora vorrebbe mettere i gonfiabili nella piscina.,La signora vorrebbe mettere i gonfiabili nel giardino.,0,gemma,video_audio,0,0,1,correct,
video030_temporale_01,video030,video030.mp4,video030_temporale,1,temporale,La bambina con la maglia rosa ha cenato prima di mettere il piede in piscina o ha messo il piede in piscina prima di cenare?,La bambina con la maglia rosa ha cenato dopo aver messo il piede in piscina.,La bambina con la maglia rosa ha cenato prima di mettere il piede in piscina.,La bambina con la maglia rosa ha cenato dopo aver messo il piede in piscina.,La bambina con la maglia rosa ha cenato prima di mettere il piede in piscina.,0,gemma,video_audio,0,0,1,correct,
video030_temporale_02,video030,video030.mp4,video030_temporale,2,temporale,La bambina con la maglia rosa ha cenato prima di mettere il piede in piscina o ha messo il piede in piscina prima di cenare?,"Nel video, la bambina con la maglia rosa mette i piedi in piscina prima di cenare.","Nel video, la bambina con la maglia rosa mette i piedi in piscina dopo aver cenato.","Nel video, la bambina con la maglia rosa mette i piedi in piscina dopo aver cenato.","Nel video, la bambina con la maglia rosa mette i piedi in piscina prima di cenare.",1,gemma,video_audio,0,0,0,wrong,
video030_temporale_03,video030,video030.mp4,video030_temporale,3,temporale,La bambina con la maglia rosa ha cenato prima di mettere il piede in piscina o ha messo il piede in piscina prima di cenare?,La bambina con la maglia rosa mette il piede nell'acqua prima di cenare.,La bambina con la maglia rosa mette il piede nell'acqua dopo cena.,La bambina con la maglia rosa mette il piede nell'acqua prima di cenare.,La bambina con la maglia rosa mette il piede nell'acqua dopo cena.,0,gemma,video_audio,0,0,1,correct,
video030_temporale_04,video030,video030.mp4,video030_temporale,4,temporale,La bambina con la maglia rosa ha cenato prima di mettere il piede in piscina o ha messo il piede in piscina prima di cenare?,"La bambina con la maglia rosa non ha ancora cenato, per questo può mettere il piede in acqua.","La bambina con la maglia rosa ha già cenato, per questo può mettere il piede in acqua.","La bambina con la maglia rosa non ha ancora cenato, per questo può mettere il piede in acqua.","La bambina con la maglia rosa ha già cenato, per questo può mettere il piede in acqua.",0,gemma,video_audio,0,0,1,correct,
video031_causale_01,video031,video031.mp4,video031_causale,1,causale,Perché la bambina urla?,La bambina urla perché le fa schifo l'avocado.,La bambina urla perché le è caduto l'avocado.,La bambina urla perché le è caduto l'avocado.,La bambina urla perché le fa schifo l'avocado.,1,gemma,video_audio,1,1,1,correct,
video031_causale_02,video031,video031.mp4,video031_causale,2,causale,Perché la bambina urla?,La bambina urla perché non le piace.,La bambina urla perché è felice.,La bambina urla perché non le piace.,La bambina urla perché è felice.,0,gemma,video_audio,0,0,1,correct,
video031_causale_03,video031,video031.mp4,video031_causale,3,causale,Perché la bambina urla?,La bambina urla perché il cibo che le è stato messo in bocca non le piace affatto.,La bambina urla perché il cibo che le è stato messo in bocca è troppo caldo.,La bambina urla perché il cibo che le è stato messo in bocca è troppo caldo.,La bambina urla perché il cibo che le è stato messo in bocca non le piace affatto.,1,gemma,video_audio,1,1,1,correct,
video031_causale_04,video031,video031.mp4,video031_causale,4,causale,Perché la bambina urla?,La bambina urla perché non le piace affatto il cibo che la donna le ha messo in bocca.,La bambina urla perché vuole mangiare di più il cibo che la donna le ha messo in bocca.,La bambina urla perché vuole mangiare di più il cibo che la donna le ha messo in bocca.,La bambina urla perché non le piace affatto il cibo che la donna le ha messo in bocca.,1,gemma,video_audio,1,1,1,correct,
video031_spaziale_01,video031,video031.mp4,video031_spaziale,1,spaziale,Dove mette la donna fuori campo l'avocado per farlo assaggiare alla bambina?,La donna fuori campo mette l'avocado in un piatto e poi in bocca alla bambina.,La donna fuori campo mette l'avocado su un tavolo e poi in bocca alla bambina.,La donna fuori campo mette l'avocado su un tavolo e poi in bocca alla bambina.,La donna fuori campo mette l'avocado in un piatto e poi in bocca alla bambina.,1,gemma,video_audio,1,1,1,correct,
video031_spaziale_02,video031,video031.mp4,video031_spaziale,2,spaziale,Dove mette la donna fuori campo l'avocado per farlo assaggiare alla bambina?,La donna fuori campo mette l'avocado in mano alla bambina per farlo assaggiare.,La donna fuori campo mette l'avocado sul piatto davanti alla bambina per farlo assaggiare.,La donna fuori campo mette l'avocado sul piatto davanti alla bambina per farlo assaggiare.,La donna fuori campo mette l'avocado in mano alla bambina per farlo assaggiare.,1,gemma,video_audio,1,1,1,correct,
video031_spaziale_03,video031,video031.mp4,video031_spaziale,3,spaziale,Dove mette la donna fuori campo l'avocado per farlo assaggiare alla bambina?,La donna fuori campo mette l'avocado direttamente nella bocca della bambina usando la mano.,La donna fuori campo mette l'avocado direttamente nella bocca della bambina usando un cucchiaio.,La donna fuori campo mette l'avocado direttamente nella bocca della bambina usando un cucchiaio.,La donna fuori campo mette l'avocado direttamente nella bocca della bambina usando la mano.,1,gemma,video_audio,1,1,1,correct,
video031_spaziale_04,video031,video031.mp4,video031_spaziale,4,spaziale,Dove mette la donna fuori campo l'avocado per farlo assaggiare alla bambina?,La donna fuori campo mette l'avocado con la mano direttamente nella bocca della bambina.,La donna fuori campo mette l'avocado con la mano direttamente nel piatto della bambina.,La donna fuori campo mette l'avocado con la mano direttamente nella bocca della bambina.,La donna fuori campo mette l'avocado con la mano direttamente nel piatto della bambina.,0,gemma,video_audio,1,1,0,wrong,
video031_temporale_01,video031,video031.mp4,video031_temporale,1,temporale,La bambina acconsente a mangiare il frutto prima o dopo che la donna dica 'dai prova amore'?,"La bambina acconsente a mangiare il frutto dopo che la donna dice ""dai prova amore"".","La bambina acconsente a mangiare il frutto prima che la donna dica ""dai prova amore"".","La bambina acconsente a mangiare il frutto dopo che la donna dice ""dai prova amore"".","La bambina acconsente a mangiare il frutto prima che la donna dica ""dai prova amore"".",0,gemma,video_audio,0,0,1,correct,
video031_temporale_02,video031,video031.mp4,video031_temporale,2,temporale,La bambina acconsente a mangiare il frutto prima o dopo che la donna dica 'dai prova amore'?,La bambina acconsente a mangiare il frutto dopo che la donna dice 'dai prova amore'.,La bambina acconsente a mangiare il frutto prima che la donna dica 'dai prova amore'.,La bambina acconsente a mangiare il frutto prima che la donna dica 'dai prova amore'.,La bambina acconsente a mangiare il frutto dopo che la donna dice 'dai prova amore'.,1,gemma,video_audio,1,1,1,correct,
video031_temporale_03,video031,video031.mp4,video031_temporale,3,temporale,La bambina acconsente a mangiare il frutto prima o dopo che la donna dica 'dai prova amore'?,"La bambina acconsente a mangiare il frutto dopo che l'avocado è già stato messo in bocca, quando la donna la incoraggia a provarlo.","La bambina acconsente a mangiare il frutto prima che l'avocado sia messo in bocca, quando la donna la incoraggia a provarlo.","La bambina acconsente a mangiare il frutto dopo che l'avocado è già stato messo in bocca, quando la donna la incoraggia a provarlo.","La bambina acconsente a mangiare il frutto prima che l'avocado sia messo in bocca, quando la donna la incoraggia a provarlo.",0,gemma,video_audio,1,1,0,wrong,
video031_temporale_04,video031,video031.mp4,video031_temporale,4,temporale,La bambina acconsente a mangiare il frutto prima o dopo che la donna dica 'dai prova amore'?,"La bambina aveva l'avocado già in bocca quando la donna le dice ""dai prova amore"".","Prima che la bambina avesse l'avocado in bocca, la donna le dice ""dai prova amore"".","Prima che la bambina avesse l'avocado in bocca, la donna le dice ""dai prova amore"".","La bambina aveva l'avocado già in bocca quando la donna le dice ""dai prova amore"".",1,gemma,video_audio,1,1,1,correct,
video032_causale_01,video032,video032.mp4,video032_causale,1,causale,Perché la bambina con la maglietta rosa dice di 'no'?,La bambina con la maglietta rosa dice di 'no' perché l'altra bambina con la maglietta rossa e bianca ha avuto la sua occasione di prendere il cibo prima.,La bambina con la maglietta rosa dice di 'no' perché non aveva più fame.,La bambina con la maglietta rosa dice di 'no' perché l'altra bambina con la maglietta rossa e bianca ha avuto la sua occasione di prendere il cibo prima.,La bambina con la maglietta rosa dice di 'no' perché non aveva più fame.,0,gemma,video_audio,0,0,1,correct,
video032_causale_02,video032,video032.mp4,video032_causale,2,causale,Perché la bambina con la maglietta rosa dice di 'no'?,La bambina con la maglietta rosa dice di 'no' perché l'altra bimba se la poteva prendere prima la pasta.,La bambina con la maglietta rosa dice di 'no' perché non aveva più fame.,La bambina con la maglietta rosa dice di 'no' perché l'altra bimba se la poteva prendere prima la pasta.,La bambina con la maglietta rosa dice di 'no' perché non aveva più fame.,0,gemma,video_audio,0,0,1,correct,
video032_causale_03,video032,video032.mp4,video032_causale,3,causale,Perché la bambina con la maglietta rosa dice di 'no'?,La bambina con la maglietta rosa dice di 'no' perché non vuole condividere la pasta e teme che l'altra bambina possa prenderla prima.,La bambina con la maglietta rosa dice di 'no' perché è stanca e vuole andare a dormire.,La bambina con la maglietta rosa dice di 'no' perché non vuole condividere la pasta e teme che l'altra bambina possa prenderla prima.,La bambina con la maglietta rosa dice di 'no' perché è stanca e vuole andare a dormire.,0,gemma,video_audio,0,0,1,correct,
video032_causale_04,video032,video032.mp4,video032_causale,4,causale,Perché la bambina con la maglietta rosa dice di 'no'?,La bambina con la maglietta rosa dice di 'no' perché non vuole condividere la pasta.,La bambina con la maglietta rosa dice di 'no' perché non le piace la pasta.,La bambina con la maglietta rosa dice di 'no' perché non vuole condividere la pasta.,La bambina con la maglietta rosa dice di 'no' perché non le piace la pasta.,0,gemma,video_audio,0,0,1,correct,
video032_spaziale_01,video032,video032.mp4,video032_spaziale,1,spaziale,Dove si trova l'oggetto che vuole la bambina con la maglietta rossa e bianca?,"L'oggetto desiderato dalla bambina con la maglietta rossa e bianca è nel piatto, ma si tratta di cibo.","L'oggetto desiderato dalla bambina con la maglietta rossa e bianca è nel bicchiere, ma si tratta di cibo.","L'oggetto desiderato dalla bambina con la maglietta rossa e bianca è nel piatto, ma si tratta di cibo.","L'oggetto desiderato dalla bambina con la maglietta rossa e bianca è nel bicchiere, ma si tratta di cibo.",0,gemma,video_audio,0,0,1,correct,
video032_spaziale_02,video032,video032.mp4,video032_spaziale,2,spaziale,Dove si trova l'oggetto che vuole la bambina con la maglietta rossa e bianca?,L'oggetto che la bambina con la maglietta rossa e bianca vuole si trova nel piatto.,L'oggetto che la bambina con la maglietta rossa e bianca vuole si trova sotto il tavolo.,L'oggetto che la bambina con la maglietta rossa e bianca vuole si trova sotto il tavolo.,L'oggetto che la bambina con la maglietta rossa e bianca vuole si trova nel piatto.,1,gemma,video_audio,1,1,1,correct,
video032_spaziale_03,video032,video032.mp4,video032_spaziale,3,spaziale,Dove si trova l'oggetto che vuole la bambina con la maglietta rossa e bianca?,L'oggetto che la bambina con la maglietta rossa e bianca vuole si trova nel piatto appoggiato sul tavolo.,L'oggetto che la bambina con la maglietta rossa e bianca vuole si trova nella credenza.,L'oggetto che la bambina con la maglietta rossa e bianca vuole si trova nel piatto appoggiato sul tavolo.,L'oggetto che la bambina con la maglietta rossa e bianca vuole si trova nella credenza.,0,gemma,video_audio,0,0,1,correct,
video032_spaziale_04,video032,video032.mp4,video032_spaziale,4,spaziale,Dove si trova l'oggetto che vuole la bambina con la maglietta rossa e bianca?,L'oggetto che la bambina con la maglietta rossa e bianca vuole si trova nel piatto sul tavolo.,L'oggetto che la bambina con la maglietta rossa e bianca vuole si trova sulla mensola in cucina.,L'oggetto che la bambina con la maglietta rossa e bianca vuole si trova nel piatto sul tavolo.,L'oggetto che la bambina con la maglietta rossa e bianca vuole si trova sulla mensola in cucina.,0,gemma,video_audio,0,0,1,correct,
video032_temporale_01,video032,video032.mp4,video032_temporale,1,temporale,La bambina con la maglietta rossa e bianca prende la forchetta in mano prima o dopo che la bambina con la maglia rosa dica 'no'?,La bambina con la maglietta rossa e bianca prende la forchetta in mano dopo che la bambina con la maglia rosa dica 'no'.,La bambina con la maglietta rossa e bianca prende la forchetta in mano prima che la bambina con la maglia rosa dica 'no'.,La bambina con la maglietta rossa e bianca prende la forchetta in mano prima che la bambina con la maglia rosa dica 'no'.,La bambina con la maglietta rossa e bianca prende la forchetta in mano dopo che la bambina con la maglia rosa dica 'no'.,1,gemma,video_audio,0,0,0,wrong,
video032_temporale_02,video032,video032.mp4,video032_temporale,2,temporale,La bambina con la maglietta rossa e bianca prende la forchetta in mano prima o dopo che la bambina con la maglia rosa dica 'no'?,La bambina con la maglietta rossa e bianca prende la forchetta in mano dopo che la bambina con la maglia rosa dice 'no'.,La bambina con la maglietta rossa e bianca prende la forchetta in mano prima che la bambina con la maglia rosa dica 'no'.,La bambina con la maglietta rossa e bianca prende la forchetta in mano prima che la bambina con la maglia rosa dica 'no'.,La bambina con la maglietta rossa e bianca prende la forchetta in mano dopo che la bambina con la maglia rosa dice 'no'.,1,gemma,video_audio,1,1,1,correct,
video032_temporale_03,video032,video032.mp4,video032_temporale,3,temporale,La bambina con la maglietta rossa e bianca prende la forchetta in mano prima o dopo che la bambina con la maglia rosa dica 'no'?,"La bambina con la maglietta rossa e bianca prende la forchetta in mano successivamente, quando l'altra bambina non sta guardando.","La bambina con la maglietta rossa e bianca prende la forchetta in mano contemporaneamente, mentre l'altra bambina non sta guardando.","La bambina con la maglietta rossa e bianca prende la forchetta in mano successivamente, quando l'altra bambina non sta guardando.","La bambina con la maglietta rossa e bianca prende la forchetta in mano contemporaneamente, mentre l'altra bambina non sta guardando.",0,gemma,video_audio,0,0,1,correct,
video032_temporale_04,video032,video032.mp4,video032_temporale,4,temporale,La bambina con la maglietta rossa e bianca prende la forchetta in mano prima o dopo che la bambina con la maglia rosa dica 'no'?,La bambina con la maglietta rossa e bianca prende la forchetta in mano dopo che la bambina con la maglia rosa dice 'no' quando lei non guarda.,La bambina con la maglietta rossa e bianca prende la forchetta in mano prima che la bambina con la maglia rosa dice 'no' quando lei non guarda.,La bambina con la maglietta rossa e bianca prende la forchetta in mano prima che la bambina con la maglia rosa dice 'no' quando lei non guarda.,La bambina con la maglietta rossa e bianca prende la forchetta in mano dopo che la bambina con la maglia rosa dice 'no' quando lei non guarda.,1,gemma,video_audio,1,1,1,correct,
video033_causale_01,video033,video033.mp4,video033_causale,1,causale,Perché la donna in sottofondo è preoccupata?,La donna in sottofondo è preoccupata perché ha paura che ci siano dei sassi non visibili dove si tuffano gli uomini.,La donna in sottofondo è preoccupata perché teme che l'acqua sia troppo fredda dove si tuffano gli uomini.,La donna in sottofondo è preoccupata perché ha paura che ci siano dei sassi non visibili dove si tuffano gli uomini.,La donna in sottofondo è preoccupata perché teme che l'acqua sia troppo fredda dove si tuffano gli uomini.,0,gemma,video_audio,1,1,0,wrong,
video033_causale_02,video033,video033.mp4,video033_causale,2,causale,Perché la donna in sottofondo è preoccupata?,La donna in sottofondo è preoccupata per i sassi.,La donna in sottofondo è preoccupata per il vento.,La donna in sottofondo è preoccupata per il vento.,La donna in sottofondo è preoccupata per i sassi.,1,gemma,video_audio,1,1,1,correct,
video033_causale_03,video033,video033.mp4,video033_causale,3,causale,Perché la donna in sottofondo è preoccupata?,"La donna è preoccupata perché temono che sotto la neve ci siano dei sassi e che, saltandoci sopra, possano farsi male.","La donna è preoccupata perché temono che sotto la neve ci sia ghiaccio e che, camminandoci sopra, possano scivolare.","La donna è preoccupata perché temono che sotto la neve ci siano dei sassi e che, saltandoci sopra, possano farsi male.","La donna è preoccupata perché temono che sotto la neve ci sia ghiaccio e che, camminandoci sopra, possano scivolare.",0,gemma,video_audio,1,1,0,wrong,
video033_causale_04,video033,video033.mp4,video033_causale,4,causale,Perché la donna in sottofondo è preoccupata?,La donna in sottofondo è preoccupata perché teme che ci siano dei sassi sotto la neve e che i due uomini possano farsi male saltando.,La donna in sottofondo è preoccupata perché teme che ci sia del ghiaccio sulla neve e che i due uomini possano scivolare.,La donna in sottofondo è preoccupata perché teme che ci sia del ghiaccio sulla neve e che i due uomini possano scivolare.,La donna in sottofondo è preoccupata perché teme che ci siano dei sassi sotto la neve e che i due uomini possano farsi male saltando.,1,gemma,video_audio,1,1,1,correct,
video033_spaziale_01,video033,video033.mp4,video033_spaziale,1,spaziale,Dove si tuffano i due uomini in costume?,I due uomini si tuffano nella neve fresca.,I due uomini si tuffano in piscina.,I due uomini si tuffano in piscina.,I due uomini si tuffano nella neve fresca.,1,gemma,video_audio,1,1,1,correct,
video033_spaziale_02,video033,video033.mp4,video033_spaziale,2,spaziale,Dove si tuffano i due uomini in costume?,I due uomini in costume si tuffano nella neve.,I due uomini in costume si tuffano nella piscina.,I due uomini in costume si tuffano nella neve.,I due uomini in costume si tuffano nella piscina.,0,gemma,video_audio,0,0,1,correct,
video033_spaziale_03,video033,video033.mp4,video033_spaziale,3,spaziale,Dove si tuffano i due uomini in costume?,I due uomini in costume si tuffano nella distesa di neve davanti a loro.,I due uomini in costume si tuffano nella piscina davanti a loro.,I due uomini in costume si tuffano nella distesa di neve davanti a loro.,I due uomini in costume si tuffano nella piscina davanti a loro.,0,gemma,video_audio,0,0,1,correct,
video033_spaziale_04,video033,video033.mp4,video033_spaziale,4,spaziale,Dove si tuffano i due uomini in costume?,I due uomini in costume si tuffano nella distesa di neve davanti a loro.,I due uomini in costume si tuffano nella piscina davanti a loro.,I due uomini in costume si tuffano nella piscina davanti a loro.,I due uomini in costume si tuffano nella distesa di neve davanti a loro.,1,gemma,video_audio,1,1,1,correct,
video033_temporale_01,video033,video033.mp4,video033_temporale,1,temporale,Chi si trova in vantaggio per primo tra 'Bobo' e 'Massi'?,Massi si trova in vantaggio per primo tra 'Bobo' e 'Massi'.,Massi si trova in vantaggio per ultimo tra 'Bobo' e 'Massi'.,Massi si trova in vantaggio per ultimo tra 'Bobo' e 'Massi'.,Massi si trova in vantaggio per primo tra 'Bobo' e 'Massi'.,1,gemma,video_audio,1,1,1,correct,
video033_temporale_02,video033,video033.mp4,video033_temporale,2,temporale,Chi si trova in vantaggio per primo tra 'Bobo' e 'Massi'?,Per primo si trova in vantaggio Bobo.,Alla fine si trova in vantaggio Bobo.,Alla fine si trova in vantaggio Bobo.,Per primo si trova in vantaggio Bobo.,1,gemma,video_audio,1,1,1,correct,
video033_temporale_03,video033,video033.mp4,video033_temporale,3,temporale,Chi si trova in vantaggio per primo tra 'Bobo' e 'Massi'?,"Bobo, noto anche come Nassi, è il primo a trovarsi in vantaggio su Massi.","Bobo, noto anche come Nassi, è stato l'ultimo a trovarsi in vantaggio su Massi.","Bobo, noto anche come Nassi, è il primo a trovarsi in vantaggio su Massi.","Bobo, noto anche come Nassi, è stato l'ultimo a trovarsi in vantaggio su Massi.",0,gemma,video_audio,0,0,1,correct,
video033_temporale_04,video033,video033.mp4,video033_temporale,4,temporale,Chi si trova in vantaggio per primo tra 'Bobo' e 'Massi'?,'Massi' è il primo ad essere in vantaggio tra i due uomini.,'Massi' è l'ultimo ad essere in vantaggio tra i due uomini.,'Massi' è l'ultimo ad essere in vantaggio tra i due uomini.,'Massi' è il primo ad essere in vantaggio tra i due uomini.,1,gemma,video_audio,1,1,1,correct,
video034_causale_01,video034,video034.mp4,video034_causale,1,causale,Perché la donna rimprovera Vanessa?,La donna rimprovera Vanessa perché ha fatto un passaggio fuori dalla portata dell'altezza di Anastasia.,La donna rimprovera Vanessa perché ha lanciato la palla troppo lentamente.,La donna rimprovera Vanessa perché ha lanciato la palla troppo lentamente.,La donna rimprovera Vanessa perché ha fatto un passaggio fuori dalla portata dell'altezza di Anastasia.,1,gemma,video_audio,1,1,1,correct,
video034_causale_02,video034,video034.mp4,video034_causale,2,causale,Perché la donna rimprovera Vanessa?,La donna rimprovera Vanessa per come ha tirato la palla.,La donna rimprovera Vanessa per come ha parlato durante il gioco.,La donna rimprovera Vanessa per come ha tirato la palla.,La donna rimprovera Vanessa per come ha parlato durante il gioco.,0,gemma,video_audio,0,0,1,correct,
video034_causale_03,video034,video034.mp4,video034_causale,3,causale,Perché la donna rimprovera Vanessa?,La donna rimprovera Vanessa perché ha lanciato la palla troppo forte verso Anastasia senza considerare che è più piccola.,La donna rimprovera Vanessa perché ha rifiutato di passare la palla ad Anastasia che è più piccola.,La donna rimprovera Vanessa perché ha rifiutato di passare la palla ad Anastasia che è più piccola.,La donna rimprovera Vanessa perché ha lanciato la palla troppo forte verso Anastasia senza considerare che è più piccola.,1,gemma,video_audio,0,0,0,wrong,
video034_causale_04,video034,video034.mp4,video034_causale,4,causale,Perché la donna rimprovera Vanessa?,"La donna rimprovera Vanessa perché ha tirato la palla troppo forte ad Anastasia, non curandosi del fatto che lei è piccola.","La donna rimprovera Vanessa perché non ha passato la palla ad Anastasia, non curandosi del fatto che lei è piccola.","La donna rimprovera Vanessa perché non ha passato la palla ad Anastasia, non curandosi del fatto che lei è piccola.","La donna rimprovera Vanessa perché ha tirato la palla troppo forte ad Anastasia, non curandosi del fatto che lei è piccola.",1,gemma,video_audio,0,0,0,wrong,
video034_spaziale_01,video034,video034.mp4,video034_spaziale,1,spaziale,"Dove si trova la palla all'inizio, nelle mani di Anastasia o nelle mani di Vanessa?",All'inizio la palla si trova nelle mani di Anastasia.,All'inizio la palla si trova nelle mani di Giorgio.,All'inizio la palla si trova nelle mani di Giorgio.,All'inizio la palla si trova nelle mani di Anastasia.,1,gemma,video_audio,1,1,1,correct,
video034_spaziale_02,video034,video034.mp4,video034_spaziale,2,spaziale,"Dove si trova la palla all'inizio, nelle mani di Anastasia o nelle mani di Vanessa?",All'inizio la palla si trova nelle mani di Anastasia.,All'inizio la palla si trova sul tavolo accanto ad Anastasia.,All'inizio la palla si trova nelle mani di Anastasia.,All'inizio la palla si trova sul tavolo accanto ad Anastasia.,0,gemma,video_audio,0,0,1,correct,
video034_spaziale_03,video034,video034.mp4,video034_spaziale,3,spaziale,"Dove si trova la palla all'inizio, nelle mani di Anastasia o nelle mani di Vanessa?","All'inizio, la palla si trova vicino alla siepe, dove Anastasia è la prima a prenderla.","All'inizio, la palla si trova sotto l'albero, dove Anastasia è la prima a prenderla.","All'inizio, la palla si trova sotto l'albero, dove Anastasia è la prima a prenderla.","All'inizio, la palla si trova vicino alla siepe, dove Anastasia è la prima a prenderla.",1,gemma,video_audio,1,1,1,correct,
video034_spaziale_04,video034,video034.mp4,video034_spaziale,4,spaziale,"Dove si trova la palla all'inizio, nelle mani di Anastasia o nelle mani di Vanessa?","All'inizio, Anastasia prende la palla e si mette vicino la siepe.","All'inizio, Anastasia prende la palla e si mette vicino il cancello.","All'inizio, Anastasia prende la palla e si mette vicino la siepe.","All'inizio, Anastasia prende la palla e si mette vicino il cancello.",0,gemma,video_audio,1,1,0,wrong,
video034_temporale_01,video034,video034.mp4,video034_temporale,1,temporale,Anastasia fa le flessioni prima o dopo che Vanessa venga rimproverata?,Anastasia fa le flessioni dopo che Vanessa viene rimproverata.,Anastasia fa le flessioni mentre Vanessa viene rimproverata.,Anastasia fa le flessioni dopo che Vanessa viene rimproverata.,Anastasia fa le flessioni mentre Vanessa viene rimproverata.,0,gemma,video_audio,0,0,1,correct,
video034_temporale_02,video034,video034.mp4,video034_temporale,2,temporale,Anastasia fa le flessioni prima o dopo che Vanessa venga rimproverata?,Anastasia fa le flessioni dopo che Vanessa è stata rimproverata.,Anastasia fa le flessioni prima che Vanessa venga rimproverata.,Anastasia fa le flessioni prima che Vanessa venga rimproverata.,Anastasia fa le flessioni dopo che Vanessa è stata rimproverata.,1,gemma,video_audio,1,1,1,correct,
video034_temporale_03,video034,video034.mp4,video034_temporale,3,temporale,Anastasia fa le flessioni prima o dopo che Vanessa venga rimproverata?,Anastasia fa le flessioni dopo che Vanessa viene rimproverata.,Anastasia fa le flessioni prima che Vanessa venga rimproverata.,Anastasia fa le flessioni dopo che Vanessa viene rimproverata.,Anastasia fa le flessioni prima che Vanessa venga rimproverata.,0,gemma,video_audio,0,0,1,correct,
video034_temporale_04,video034,video034.mp4,video034_temporale,4,temporale,Anastasia fa le flessioni prima o dopo che Vanessa venga rimproverata?,Anastasia inizia a fare le flessioni dopo che Vanessa viene rimproverata.,Anastasia inizia a fare le flessioni prima che Vanessa venga rimproverata.,Anastasia inizia a fare le flessioni prima che Vanessa venga rimproverata.,Anastasia inizia a fare le flessioni dopo che Vanessa viene rimproverata.,1,gemma,video_audio,1,1,1,correct,
video035_causale_01,video035,video035.mp4,video035_causale,1,causale,Perché il contatore in rosso apparso a video aumenta?,Il contatore in rosso aumenta perché è il contatore delle non-risposte al saluto.,Il contatore in rosso aumenta perché è il contatore delle risposte corrette al saluto.,Il contatore in rosso aumenta perché è il contatore delle non-risposte al saluto.,Il contatore in rosso aumenta perché è il contatore delle risposte corrette al saluto.,0,gemma,video_audio,1,1,0,wrong,
video035_causale_02,video035,video035.mp4,video035_causale,2,causale,Perché il contatore in rosso apparso a video aumenta?,Il contatore in rosso aumenta per i ciao.,Il contatore in rosso diminuisce per i ciao.,Il contatore in rosso diminuisce per i ciao.,Il contatore in rosso aumenta per i ciao.,1,gemma,video_audio,1,1,1,correct,
video035_causale_03,video035,video035.mp4,video035_causale,3,causale,Perché il contatore in rosso apparso a video aumenta?,Il contatore in rosso aumenta ogni volta che un cliente non dice ciao o non saluta il barista.,Il contatore in rosso aumenta ogni volta che un cliente dice ciao o saluta il barista.,Il contatore in rosso aumenta ogni volta che un cliente non dice ciao o non saluta il barista.,Il contatore in rosso aumenta ogni volta che un cliente dice ciao o saluta il barista.,0,gemma,video_audio,1,1,0,wrong,
video035_causale_04,video035,video035.mp4,video035_causale,4,causale,Perché il contatore in rosso apparso a video aumenta?,Il contatore rosso aumenta ogni volta che un cliente non saluta il barista.,Il contatore rosso aumenta ogni volta che un cliente saluta il barista.,Il contatore rosso aumenta ogni volta che un cliente saluta il barista.,Il contatore rosso aumenta ogni volta che un cliente non saluta il barista.,1,gemma,video_audio,0,0,0,wrong,
video035_spaziale_01,video035,video035.mp4,video035_spaziale,1,spaziale,Dove si trova il cliente che non saluta?,Il cliente che non saluta si trova al di là del bancone.,Il cliente che non saluta si trova davanti al bancone.,Il cliente che non saluta si trova al di là del bancone.,Il cliente che non saluta si trova davanti al bancone.,0,gemma,video_audio,1,1,0,wrong,
video035_spaziale_02,video035,video035.mp4,video035_spaziale,2,spaziale,Dove si trova il cliente che non saluta?,Il cliente che non saluta si trova davanti al bancone.,Il cliente che non saluta si trova seduto a un tavolo.,Il cliente che non saluta si trova davanti al bancone.,Il cliente che non saluta si trova seduto a un tavolo.,0,gemma,video_audio,0,0,1,correct,
video035_spaziale_03,video035,video035.mp4,video035_spaziale,3,spaziale,Dove si trova il cliente che non saluta?,Il cliente che non saluta si trova di fronte al bancone del bar.,Il cliente che non saluta si trova in fondo alla sala del bar.,Il cliente che non saluta si trova in fondo alla sala del bar.,Il cliente che non saluta si trova di fronte al bancone del bar.,1,gemma,video_audio,1,1,1,correct,
video035_spaziale_04,video035,video035.mp4,video035_spaziale,4,spaziale,Dove si trova il cliente che non saluta?,Il cliente che non saluta si trova davanti al bancone del bar.,Il cliente che non saluta si trova nel parcheggio del bar.,Il cliente che non saluta si trova nel parcheggio del bar.,Il cliente che non saluta si trova davanti al bancone del bar.,1,gemma,video_audio,1,1,1,correct,
video035_temporale_01,video035,video035.mp4,video035_temporale,1,temporale,Il cliente che risponde al saluto si presenta prima o dopo il cliente che non saluta?,Il cliente che risponde al saluto si presenta dopo il cliente che non saluta.,Il cliente che risponde al saluto si presenta prima del cliente che non saluta.,Il cliente che risponde al saluto si presenta prima del cliente che non saluta.,Il cliente che risponde al saluto si presenta dopo il cliente che non saluta.,1,gemma,video_audio,1,1,1,correct,
video035_temporale_02,video035,video035.mp4,video035_temporale,2,temporale,Il cliente che risponde al saluto si presenta prima o dopo il cliente che non saluta?,Il cliente che risponde al saluto si presenta dopo il cliente che non saluta.,Il cliente che risponde al saluto si presenta prima del cliente che non saluta.,Il cliente che risponde al saluto si presenta prima del cliente che non saluta.,Il cliente che risponde al saluto si presenta dopo il cliente che non saluta.,1,gemma,video_audio,1,1,1,correct,
video035_temporale_03,video035,video035.mp4,video035_temporale,3,temporale,Il cliente che risponde al saluto si presenta prima o dopo il cliente che non saluta?,Il primo cliente che si presenta è quello che non saluta il barista.,L'ultimo cliente che si presenta è quello che non saluta il barista.,Il primo cliente che si presenta è quello che non saluta il barista.,L'ultimo cliente che si presenta è quello che non saluta il barista.,0,gemma,video_audio,1,1,0,wrong,
video035_temporale_04,video035,video035.mp4,video035_temporale,4,temporale,Il cliente che risponde al saluto si presenta prima o dopo il cliente che non saluta?,"Nel video, il primo cliente che si presenta è quello che non saluta.","Alla fine del video, il primo cliente che si presenta è quello che non saluta.","Nel video, il primo cliente che si presenta è quello che non saluta.","Alla fine del video, il primo cliente che si presenta è quello che non saluta.",0,gemma,video_audio,1,1,0,wrong,
video036_causale_01,video036,video036.mp4,video036_causale,1,causale,Perché il ragazzo che finge di essere cieco non attraversa la strada?,"Il ragazzo che finge di essere cieco non attraversa la strada, assolutamente no.",Il ragazzo che finge di essere cieco attraversa la strada con sicurezza.,Il ragazzo che finge di essere cieco attraversa la strada con sicurezza.,"Il ragazzo che finge di essere cieco non attraversa la strada, assolutamente no.",1,gemma,video_audio,1,1,1,correct,
video036_causale_02,video036,video036.mp4,video036_causale,2,causale,Perché il ragazzo che finge di essere cieco non attraversa la strada?,Il ragazzo che finge di essere cieco non attraversa la strada perché nessuno si ferma.,Il ragazzo che finge di essere cieco non attraversa la strada perché ha paura di cadere.,Il ragazzo che finge di essere cieco non attraversa la strada perché nessuno si ferma.,Il ragazzo che finge di essere cieco non attraversa la strada perché ha paura di cadere.,0,gemma,video_audio,0,0,1,correct,
video036_causale_03,video036,video036.mp4,video036_causale,3,causale,Perché il ragazzo che finge di essere cieco non attraversa la strada?,"Il ragazzo che finge di essere cieco non attraversa la strada perché aspetta che le automobili si fermino, ma nessuna si arresta.","Il ragazzo che finge di essere cieco non attraversa la strada perché ha dimenticato dove si trova, ma nessuna si arresta.","Il ragazzo che finge di essere cieco non attraversa la strada perché aspetta che le automobili si fermino, ma nessuna si arresta.","Il ragazzo che finge di essere cieco non attraversa la strada perché ha dimenticato dove si trova, ma nessuna si arresta.",0,gemma,video_audio,0,0,1,correct,
video036_causale_04,video036,video036.mp4,video036_causale,4,causale,Perché il ragazzo che finge di essere cieco non attraversa la strada?,"Il ragazzo che finge di essere cieco non attraversa la strada perché aspetta che le macchine si fermino, ma nessuno lo fa.",Il ragazzo che finge di essere cieco non attraversa la strada perché non ci sono macchine che passano.,"Il ragazzo che finge di essere cieco non attraversa la strada perché aspetta che le macchine si fermino, ma nessuno lo fa.",Il ragazzo che finge di essere cieco non attraversa la strada perché non ci sono macchine che passano.,0,gemma,video_audio,0,0,1,correct,
video036_spaziale_01,video036,video036.mp4,video036_spaziale,1,spaziale,Dove si trova il finto cieco?,Il finto cieco si trova sul marciapiede e poi sulle strisce pedonali.,Il finto cieco si trova nel parcheggio e poi nell'ascensore.,Il finto cieco si trova sul marciapiede e poi sulle strisce pedonali.,Il finto cieco si trova nel parcheggio e poi nell'ascensore.,0,gemma,video_audio,0,0,1,correct,
video036_spaziale_02,video036,video036.mp4,video036_spaziale,2,spaziale,Dove si trova il finto cieco?,Il finto cieco si trova all'istituto dei ciechi di Milano.,Il finto cieco si trova al museo d'arte di Milano.,Il finto cieco si trova all'istituto dei ciechi di Milano.,Il finto cieco si trova al museo d'arte di Milano.,0,gemma,video_audio,0,0,1,correct,
video036_spaziale_03,video036,video036.mp4,video036_spaziale,3,spaziale,Dove si trova il finto cieco?,Il finto cieco si trova davanti alle strisce pedonali nei pressi dell'Istituto dei Ciechi di Milano.,Il finto cieco si trova nel parco vicino all'Istituto dei Ciechi di Milano.,Il finto cieco si trova nel parco vicino all'Istituto dei Ciechi di Milano.,Il finto cieco si trova davanti alle strisce pedonali nei pressi dell'Istituto dei Ciechi di Milano.,1,gemma,video_audio,1,1,1,correct,
video036_spaziale_04,video036,video036.mp4,video036_spaziale,4,spaziale,Dove si trova il finto cieco?,Il finto cieco si trova davanti le strisce pedonali.,Il finto cieco si trova dietro le strisce pedonali.,Il finto cieco si trova dietro le strisce pedonali.,Il finto cieco si trova davanti le strisce pedonali.,1,gemma,video_audio,1,1,1,correct,
video036_temporale_01,video036,video036.mp4,video036_temporale,1,temporale,Il ragazzo si abbassa gli occhiali da sole prima o dopo aver detto che si fingerà cieco?,Il ragazzo si abbassa gli occhiali da sole dopo aver detto che si fingerà cieco.,Il ragazzo si abbassa gli occhiali da sole prima di dire che si fingerà cieco.,Il ragazzo si abbassa gli occhiali da sole dopo aver detto che si fingerà cieco.,Il ragazzo si abbassa gli occhiali da sole prima di dire che si fingerà cieco.,0,gemma,video_audio,1,1,0,wrong,
video036_temporale_02,video036,video036.mp4,video036_temporale,2,temporale,Il ragazzo si abbassa gli occhiali da sole prima o dopo aver detto che si fingerà cieco?,Il ragazzo si abbassa gli occhiali da sole dopo aver detto che si fingerà cieco.,Il ragazzo si abbassa gli occhiali da sole prima di dire che si fingerà cieco.,Il ragazzo si abbassa gli occhiali da sole dopo aver detto che si fingerà cieco.,Il ragazzo si abbassa gli occhiali da sole prima di dire che si fingerà cieco.,0,gemma,video_audio,1,1,0,wrong,
video036_temporale_03,video036,video036.mp4,video036_temporale,3,temporale,Il ragazzo si abbassa gli occhiali da sole prima o dopo aver detto che si fingerà cieco?,Il ragazzo si abbassa gli occhiali da sole dopo aver detto che si fingerà cieco per immedesimarsi nella parte.,Il ragazzo si abbassa gli occhiali da sole prima di dire che si fingerà cieco per immedesimarsi nella parte.,Il ragazzo si abbassa gli occhiali da sole prima di dire che si fingerà cieco per immedesimarsi nella parte.,Il ragazzo si abbassa gli occhiali da sole dopo aver detto che si fingerà cieco per immedesimarsi nella parte.,1,gemma,video_audio,1,1,1,correct,
video036_temporale_04,video036,video036.mp4,video036_temporale,4,temporale,Il ragazzo si abbassa gli occhiali da sole prima o dopo aver detto che si fingerà cieco?,Il ragazzo si abbassa gli occhiali da sole dopo aver detto che si fingerà cieco.,Il ragazzo si abbassa gli occhiali da sole prima di dire che si fingerà cieco.,Il ragazzo si abbassa gli occhiali da sole prima di dire che si fingerà cieco.,Il ragazzo si abbassa gli occhiali da sole dopo aver detto che si fingerà cieco.,1,gemma,video_audio,1,1,1,correct,
video037_causale_01,video037,video037.mp4,video037_causale,1,causale,Perché il ragazzo con il cappellino a punta suona la trombetta?,Il ragazzo con il cappellino a punta suona la trombetta perché è contento che la donna abbia fatto un'opera per il sociale.,Il ragazzo con il cappellino a punta suona la trombetta perché è contento che la donna sia tornata da un viaggio.,Il ragazzo con il cappellino a punta suona la trombetta perché è contento che la donna sia tornata da un viaggio.,Il ragazzo con il cappellino a punta suona la trombetta perché è contento che la donna abbia fatto un'opera per il sociale.,1,gemma,video_audio,0,0,0,wrong,
video037_causale_02,video037,video037.mp4,video037_causale,2,causale,Perché il ragazzo con il cappellino a punta suona la trombetta?,Il ragazzo con il cappellino a punta suona la trombetta ogni volta che qualcuno raccoglie un rifiuto da terra e lo getta.,Il ragazzo con il cappellino a punta suona la trombetta ogni volta che qualcuno calpesta un rifiuto a terra.,Il ragazzo con il cappellino a punta suona la trombetta ogni volta che qualcuno calpesta un rifiuto a terra.,Il ragazzo con il cappellino a punta suona la trombetta ogni volta che qualcuno raccoglie un rifiuto da terra e lo getta.,1,gemma,video_audio,1,1,1,correct,
video037_causale_03,video037,video037.mp4,video037_causale,3,causale,Perché il ragazzo con il cappellino a punta suona la trombetta?,"Il ragazzo con il cappellino a punta suona la trombetta per celebrare ogni gesto civico, suonando quando qualcuno raccoglie un rifiuto da terra e lo getta nel cestino.","Il ragazzo con il cappellino a punta suona la trombetta per infastidire le persone, suonando quando qualcuno raccoglie un rifiuto da terra e lo getta nel cestino.","Il ragazzo con il cappellino a punta suona la trombetta per celebrare ogni gesto civico, suonando quando qualcuno raccoglie un rifiuto da terra e lo getta nel cestino.","Il ragazzo con il cappellino a punta suona la trombetta per infastidire le persone, suonando quando qualcuno raccoglie un rifiuto da terra e lo getta nel cestino.",0,gemma,video_audio,0,0,1,correct,
video037_causale_04,video037,video037.mp4,video037_causale,4,causale,Perché il ragazzo con il cappellino a punta suona la trombetta?,Il ragazzo con il cappellino a punta suona la trombetta per festeggiare chi compie il gesto educato e civile di buttare la spazzatura in terra.,Il ragazzo con il cappellino a punta suona la trombetta per festeggiare chi compie il gesto educato e civile di buttare la spazzatura nel cestino.,Il ragazzo con il cappellino a punta suona la trombetta per festeggiare chi compie il gesto educato e civile di buttare la spazzatura nel cestino.,Il ragazzo con il cappellino a punta suona la trombetta per festeggiare chi compie il gesto educato e civile di buttare la spazzatura in terra.,1,gemma,video_audio,0,0,0,wrong,
video037_spaziale_01,video037,video037.mp4,video037_spaziale,1,spaziale,Dove si trovano i rifiuti?,I rifiuti si trovano in terra in prossimità del cestino della spazzatura.,I rifiuti si trovano nel cestino della spazzatura.,I rifiuti si trovano nel cestino della spazzatura.,I rifiuti si trovano in terra in prossimità del cestino della spazzatura.,1,gemma,video_audio,1,1,1,correct,
video037_spaziale_02,video037,video037.mp4,video037_spaziale,2,spaziale,Dove si trovano i rifiuti?,I rifiuti si trovano per terra davanti al cestino di raccolta.,I rifiuti si trovano dentro il cestino di raccolta.,I rifiuti si trovano dentro il cestino di raccolta.,I rifiuti si trovano per terra davanti al cestino di raccolta.,1,gemma,video_audio,1,1,1,correct,
video037_spaziale_03,video037,video037.mp4,video037_spaziale,3,spaziale,Dove si trovano i rifiuti?,"I rifiuti si trovano a terra, sulla strada del parco e davanti al cestino dei rifiuti.","I rifiuti si trovano sopra la panchina, al centro del parco e accanto al laghetto.","I rifiuti si trovano sopra la panchina, al centro del parco e accanto al laghetto.","I rifiuti si trovano a terra, sulla strada del parco e davanti al cestino dei rifiuti.",1,gemma,video_audio,1,1,1,correct,
video037_spaziale_04,video037,video037.mp4,video037_spaziale,4,spaziale,Dove si trovano i rifiuti?,I rifiuti si trovano per terra sulla strada in un parco.,I rifiuti si trovano per terra sul marciapiede in un parco.,I rifiuti si trovano per terra sulla strada in un parco.,I rifiuti si trovano per terra sul marciapiede in un parco.,0,gemma,video_audio,1,1,0,wrong,
video037_temporale_01,video037,video037.mp4,video037_temporale,1,temporale,Le trombette vengono suonate prima o dopo che la donna vestita di nero si pieghi?,Le trombette vengono suonate dopo che la donna vestita di nero si piega.,Le trombette vengono suonate prima che la donna vestita di nero si pieghi.,Le trombette vengono suonate prima che la donna vestita di nero si pieghi.,Le trombette vengono suonate dopo che la donna vestita di nero si piega.,1,gemma,video_audio,0,0,0,wrong,
video037_temporale_02,video037,video037.mp4,video037_temporale,2,temporale,Le trombette vengono suonate prima o dopo che la donna vestita di nero si pieghi?,Le trombette vengono suonate dopo che la donna vestita di nero si piega.,Le trombette vengono suonate prima che la donna vestita di nero si piega.,Le trombette vengono suonate prima che la donna vestita di nero si piega.,Le trombette vengono suonate dopo che la donna vestita di nero si piega.,1,gemma,video_audio,0,0,0,wrong,
video037_temporale_03,video037,video037.mp4,video037_temporale,3,temporale,Le trombette vengono suonate prima o dopo che la donna vestita di nero si pieghi?,"Le trombette vengono suonate dopo il gesto civile compiuto dalla donna, come modo per celebrarlo.","Le trombette vengono suonate prima del gesto civile compiuto dalla donna, come modo per celebrarlo.","Le trombette vengono suonate prima del gesto civile compiuto dalla donna, come modo per celebrarlo.","Le trombette vengono suonate dopo il gesto civile compiuto dalla donna, come modo per celebrarlo.",1,gemma,video_audio,1,1,1,correct,
video037_temporale_04,video037,video037.mp4,video037_temporale,4,temporale,Le trombette vengono suonate prima o dopo che la donna vestita di nero si pieghi?,"Le trombette vengono suonate dopo che la donna vestita di nero si piega, per festeggiare l'atto di civilismo fatto dalla donna.","Le trombette vengono suonate mentre la donna vestita di nero si piega, per festeggiare l'atto di civilismo fatto dalla donna.","Le trombette vengono suonate dopo che la donna vestita di nero si piega, per festeggiare l'atto di civilismo fatto dalla donna.","Le trombette vengono suonate mentre la donna vestita di nero si piega, per festeggiare l'atto di civilismo fatto dalla donna.",0,gemma,video_audio,1,1,0,wrong,
video038_causale_01,video038,video038.mp4,video038_causale,1,causale,Perché l'uomo con la tuta blu definisce la situazione inquietante?,"L'uomo con la tuta blu definisce la situazione inquietante perché l'osso, essendo di mucca, fa presagire che le cane possano mangiare anche Nandina.","L'uomo con la tuta blu definisce la situazione inquietante perché l'osso, essendo di mucca, fa presagire un imminente terremoto.","L'uomo con la tuta blu definisce la situazione inquietante perché l'osso, essendo di mucca, fa presagire che le cane possano mangiare anche Nandina.","L'uomo con la tuta blu definisce la situazione inquietante perché l'osso, essendo di mucca, fa presagire un imminente terremoto.",0,gemma,video_audio,0,0,1,correct,
video038_causale_02,video038,video038.mp4,video038_causale,2,causale,Perché l'uomo con la tuta blu definisce la situazione inquietante?,L'uomo con la tuta blu definisce la situazione inquietante perché Nandina è una mucca e quello è un osso di mucca.,L'uomo con la tuta blu definisce la situazione inquietante perché Nandina è una mucca e quello è un giocattolo.,L'uomo con la tuta blu definisce la situazione inquietante perché Nandina è una mucca e quello è un giocattolo.,L'uomo con la tuta blu definisce la situazione inquietante perché Nandina è una mucca e quello è un osso di mucca.,1,gemma,video_audio,1,1,1,correct,
video038_causale_03,video038,video038.mp4,video038_causale,3,causale,Perché l'uomo con la tuta blu definisce la situazione inquietante?,"La situazione è definita inquietante perché riguarda un osso di mucca mostrato davanti alle mucche e poi dato ai cani, con Nandina presente.","La situazione è definita inquietante perché riguarda un osso di mucca lasciato nel campo, con Nandina assente.","La situazione è definita inquietante perché riguarda un osso di mucca mostrato davanti alle mucche e poi dato ai cani, con Nandina presente.","La situazione è definita inquietante perché riguarda un osso di mucca lasciato nel campo, con Nandina assente.",0,gemma,video_audio,0,0,1,correct,
video038_causale_04,video038,video038.mp4,video038_causale,4,causale,Perché l'uomo con la tuta blu definisce la situazione inquietante?,La situazione è definita inquietante perché l'uomo con la tuta blu tiene in mano un osso di mucca davanti alle mucche e lo dà ai cani.,La situazione è definita inquietante perché l'uomo con la tuta blu tiene in mano un osso di mucca davanti ai cani e lo dà alle mucche.,La situazione è definita inquietante perché l'uomo con la tuta blu tiene in mano un osso di mucca davanti ai cani e lo dà alle mucche.,La situazione è definita inquietante perché l'uomo con la tuta blu tiene in mano un osso di mucca davanti alle mucche e lo dà ai cani.,1,gemma,video_audio,1,1,1,correct,
video038_spaziale_01,video038,video038.mp4,video038_spaziale,1,spaziale,Dove si trovano le 'ragazze'?,Le 'ragazze' si trovano in prossimità del protagonista del video.,Le 'ragazze' si trovano lontano dal protagonista del video.,Le 'ragazze' si trovano lontano dal protagonista del video.,Le 'ragazze' si trovano in prossimità del protagonista del video.,1,gemma,video_audio,1,1,1,correct,
video038_spaziale_02,video038,video038.mp4,video038_spaziale,2,spaziale,Dove si trovano le 'ragazze'?,Le 'ragazze' si trovano davanti a Nandina.,Le 'ragazze' si trovano dietro a Nandina.,Le 'ragazze' si trovano dietro a Nandina.,Le 'ragazze' si trovano davanti a Nandina.,1,gemma,video_audio,1,1,1,correct,
video038_spaziale_03,video038,video038.mp4,video038_spaziale,3,spaziale,Dove si trovano le 'ragazze'?,"Le 'ragazze' si trovano sul prato, davanti a Nandina.","Le 'ragazze' si trovano sulla terrazza, accanto a Nandina.","Le 'ragazze' si trovano sul prato, davanti a Nandina.","Le 'ragazze' si trovano sulla terrazza, accanto a Nandina.",0,gemma,video_audio,0,0,1,correct,
video038_spaziale_04,video038,video038.mp4,video038_spaziale,4,spaziale,Dove si trovano le 'ragazze'?,Le ragazze si trovano sul prato.,Le ragazze si trovano sul tetto.,Le ragazze si trovano sul prato.,Le ragazze si trovano sul tetto.,0,gemma,video_audio,0,0,1,correct,
video038_temporale_01,video038,video038.mp4,video038_temporale,1,temporale,L'osso viene fatto annusare prima a 'Nandina' o a 'Giulietta'?,L'osso viene fatto annusare prima a Nandina.,L'osso viene fatto annusare dopo a Nandina.,L'osso viene fatto annusare dopo a Nandina.,L'osso viene fatto annusare prima a Nandina.,1,gemma,video_audio,1,1,1,correct,
video038_temporale_02,video038,video038.mp4,video038_temporale,2,temporale,L'osso viene fatto annusare prima a 'Nandina' o a 'Giulietta'?,L'osso viene fatto annusare prima a Nandina.,L'osso viene fatto annusare dopo a Nandina.,L'osso viene fatto annusare dopo a Nandina.,L'osso viene fatto annusare prima a Nandina.,1,gemma,video_audio,1,1,1,correct,
video038_temporale_03,video038,video038.mp4,video038_temporale,3,temporale,L'osso viene fatto annusare prima a 'Nandina' o a 'Giulietta'?,"Nel video, Nandina, la mucca, è la prima ad avvicinarsi e ad annusare l'osso.","Prima che Nandina, la mucca, si avvicini e annusi l'osso, un'altra mucca si avvicina.","Prima che Nandina, la mucca, si avvicini e annusi l'osso, un'altra mucca si avvicina.","Nel video, Nandina, la mucca, è la prima ad avvicinarsi e ad annusare l'osso.",1,gemma,video_audio,1,1,1,correct,
video038_temporale_04,video038,video038.mp4,video038_temporale,4,temporale,L'osso viene fatto annusare prima a 'Nandina' o a 'Giulietta'?,"L'osso viene fatto annusare prima a Nandina, la mucca.","L'osso viene fatto annusare dopo a Nandina, la mucca.","L'osso viene fatto annusare dopo a Nandina, la mucca.","L'osso viene fatto annusare prima a Nandina, la mucca.",1,gemma,video_audio,1,1,1,correct,
video039_causale_01,video039,video039.mp4,video039_causale,1,causale,Perché l'uomo con la maglietta grigia vuole pagare il conto?,L'uomo con la maglietta grigia vuole pagare il conto perché l'uomo con la camicia blu è suo ospite.,L'uomo con la maglietta grigia vuole pagare il conto perché l'uomo con la camicia blu ha dimenticato il portafoglio.,L'uomo con la maglietta grigia vuole pagare il conto perché l'uomo con la camicia blu è suo ospite.,L'uomo con la maglietta grigia vuole pagare il conto perché l'uomo con la camicia blu ha dimenticato il portafoglio.,0,gemma,video_audio,0,0,1,correct,
video039_causale_02,video039,video039.mp4,video039_causale,2,causale,Perché l'uomo con la maglietta grigia vuole pagare il conto?,L'uomo con la maglietta grigia vuole pagare il conto perché l'amico è suo ospite.,L'uomo con la maglietta grigia vuole pagare il conto perché ha dimenticato il portafoglio.,L'uomo con la maglietta grigia vuole pagare il conto perché l'amico è suo ospite.,L'uomo con la maglietta grigia vuole pagare il conto perché ha dimenticato il portafoglio.,0,gemma,video_audio,0,0,1,correct,
video039_causale_03,video039,video039.mp4,video039_causale,3,causale,Perché l'uomo con la maglietta grigia vuole pagare il conto?,"L'uomo con la maglietta grigia vuole pagare il conto per fare una cortesia all'amico, che considera suo ospite.",L'uomo con la maglietta grigia vuole pagare il conto perché ha vinto una scommessa con l'amico.,"L'uomo con la maglietta grigia vuole pagare il conto per fare una cortesia all'amico, che considera suo ospite.",L'uomo con la maglietta grigia vuole pagare il conto perché ha vinto una scommessa con l'amico.,0,gemma,video_audio,0,0,1,correct,
video039_causale_04,video039,video039.mp4,video039_causale,4,causale,Perché l'uomo con la maglietta grigia vuole pagare il conto?,L'uomo con la maglietta grigia vuole pagare il conto per fare una cortesia all'uomo suo ospite.,L'uomo con la maglietta grigia vuole pagare il conto perchè ha perso una scommessa.,L'uomo con la maglietta grigia vuole pagare il conto per fare una cortesia all'uomo suo ospite.,L'uomo con la maglietta grigia vuole pagare il conto perchè ha perso una scommessa.,0,gemma,video_audio,0,0,1,correct,
video039_spaziale_01,video039,video039.mp4,video039_spaziale,1,spaziale,Dove guarda l'uomo con la camicia azzurra quando fa un verso di sorpresa?,L'uomo con la camicia azzurra guarda a sedere al tavolo quando fa un verso di sorpresa.,L'uomo con la camicia azzurra guarda in piedi accanto al tavolo quando fa un verso di sorpresa.,L'uomo con la camicia azzurra guarda a sedere al tavolo quando fa un verso di sorpresa.,L'uomo con la camicia azzurra guarda in piedi accanto al tavolo quando fa un verso di sorpresa.,0,gemma,video_audio,1,1,0,wrong,
video039_spaziale_02,video039,video039.mp4,video039_spaziale,2,spaziale,Dove guarda l'uomo con la camicia azzurra quando fa un verso di sorpresa?,L'uomo con la camicia azzurra guarda nel menu quando fa un verso di sorpresa.,L'uomo con la camicia azzurra guarda fuori dalla finestra quando fa un verso di sorpresa.,L'uomo con la camicia azzurra guarda fuori dalla finestra quando fa un verso di sorpresa.,L'uomo con la camicia azzurra guarda nel menu quando fa un verso di sorpresa.,1,gemma,video_audio,1,1,1,correct,
video039_spaziale_03,video039,video039.mp4,video039_spaziale,3,spaziale,Dove guarda l'uomo con la camicia azzurra quando fa un verso di sorpresa?,L'uomo con la camicia azzurra guarda il menu che tiene davanti a sé quando fa un verso di sorpresa.,L'uomo con la camicia azzurra guarda il menu che tiene sulla sua destra quando fa un verso di sorpresa.,L'uomo con la camicia azzurra guarda il menu che tiene sulla sua destra quando fa un verso di sorpresa.,L'uomo con la camicia azzurra guarda il menu che tiene davanti a sé quando fa un verso di sorpresa.,1,gemma,video_audio,1,1,1,correct,
video039_spaziale_04,video039,video039.mp4,video039_spaziale,4,spaziale,Dove guarda l'uomo con la camicia azzurra quando fa un verso di sorpresa?,L'uomo con la camicia azzurra guarda davanti a sé sul menu che ha in mano quando fa un verso di sorpresa.,L'uomo con la camicia azzurra guarda in basso sul menu che ha in mano quando fa un verso di sorpresa.,L'uomo con la camicia azzurra guarda davanti a sé sul menu che ha in mano quando fa un verso di sorpresa.,L'uomo con la camicia azzurra guarda in basso sul menu che ha in mano quando fa un verso di sorpresa.,0,gemma,video_audio,1,1,0,wrong,
video039_temporale_01,video039,video039.mp4,video039_temporale,1,temporale,L'uomo con la maglia grigia intima all'uomo in camicia che pagherà lui prima o dopo che si sono seduti?,L'uomo con la maglia grigia intima che pagherà lui prima di sedersi.,"Dopo che l'uomo con la maglia grigia si è seduto, intima che pagherà lui.",L'uomo con la maglia grigia intima che pagherà lui prima di sedersi.,"Dopo che l'uomo con la maglia grigia si è seduto, intima che pagherà lui.",0,gemma,video_audio,1,1,0,wrong,
video039_temporale_02,video039,video039.mp4,video039_temporale,2,temporale,L'uomo con la maglia grigia intima all'uomo in camicia che pagherà lui prima o dopo che si sono seduti?,L'uomo con la maglia grigia intima di pagare prima di sedersi.,"Dopo essersi seduti, l'uomo con la maglia grigia intima di pagare.","Dopo essersi seduti, l'uomo con la maglia grigia intima di pagare.",L'uomo con la maglia grigia intima di pagare prima di sedersi.,1,gemma,video_audio,0,0,0,wrong,
video039_temporale_03,video039,video039.mp4,video039_temporale,3,temporale,L'uomo con la maglia grigia intima all'uomo in camicia che pagherà lui prima o dopo che si sono seduti?,L'uomo con la maglia grigia comunica all'uomo in camicia che pagherà lui prima di sedersi.,L'uomo con la maglia grigia comunica all'uomo in camicia che pagherà lui dopo essersi seduto.,L'uomo con la maglia grigia comunica all'uomo in camicia che pagherà lui dopo essersi seduto.,L'uomo con la maglia grigia comunica all'uomo in camicia che pagherà lui prima di sedersi.,1,gemma,video_audio,0,0,0,wrong,
video039_temporale_04,video039,video039.mp4,video039_temporale,4,temporale,L'uomo con la maglia grigia intima all'uomo in camicia che pagherà lui prima o dopo che si sono seduti?,L'uomo con la maglia grigia avvisa che è suo ospite prima di sedersi.,L'uomo con la maglia grigia avvisa che è suo ospite dopo essersi seduto.,L'uomo con la maglia grigia avvisa che è suo ospite prima di sedersi.,L'uomo con la maglia grigia avvisa che è suo ospite dopo essersi seduto.,0,gemma,video_audio,0,0,1,correct,
video040_causale_01,video040,video040.mp4,video040_causale,1,causale,Perché la voce fuori campo chiede ad Anastasia 'come va?'?,La voce fuori campo chiede ad Anastasia 'come va?' per sapere come sta andando la preparazione dell'acconciatura delle treccine.,La voce fuori campo chiede ad Anastasia 'come va?' per sapere come sta andando la preparazione dei costumi.,La voce fuori campo chiede ad Anastasia 'come va?' per sapere come sta andando la preparazione dei costumi.,La voce fuori campo chiede ad Anastasia 'come va?' per sapere come sta andando la preparazione dell'acconciatura delle treccine.,1,gemma,video_audio,1,1,1,correct,
video040_causale_02,video040,video040.mp4,video040_causale,2,causale,Perché la voce fuori campo chiede ad Anastasia 'come va?'?,"La voce fuori campo chiede ad Anastasia ""come va?"" perché ad Anastasia brucia un piede.","La voce fuori campo chiede ad Anastasia ""come va?"" perché Anastasia è felice.","La voce fuori campo chiede ad Anastasia ""come va?"" perché ad Anastasia brucia un piede.","La voce fuori campo chiede ad Anastasia ""come va?"" perché Anastasia è felice.",0,gemma,video_audio,0,0,1,correct,
video040_causale_03,video040,video040.mp4,video040_causale,3,causale,Perché la voce fuori campo chiede ad Anastasia 'come va?'?,"La voce fuori campo chiede ad Anastasia 'come va?' perché la vede in sofferenza, con il piede che brucia, e teme anche che possano tirarle i capelli.",La voce fuori campo chiede ad Anastasia 'come va?' perché vuole sapere se è pronta e rischia di inciampare.,"La voce fuori campo chiede ad Anastasia 'come va?' perché la vede in sofferenza, con il piede che brucia, e teme anche che possano tirarle i capelli.",La voce fuori campo chiede ad Anastasia 'come va?' perché vuole sapere se è pronta e rischia di inciampare.,0,gemma,video_audio,0,0,1,correct,
video040_causale_04,video040,video040.mp4,video040_causale,4,causale,Perché la voce fuori campo chiede ad Anastasia 'come va?'?,La voce fuori campo chiede ad Anastasia 'come va?' perché la vede in sofferenza e ha paura che le tirino i capelli.,La voce fuori campo chiede ad Anastasia 'come va?' perché la vede sorridere e vuole sapere perché è felice.,La voce fuori campo chiede ad Anastasia 'come va?' perché la vede sorridere e vuole sapere perché è felice.,La voce fuori campo chiede ad Anastasia 'come va?' perché la vede in sofferenza e ha paura che le tirino i capelli.,1,gemma,video_audio,0,0,0,wrong,
video040_spaziale_01,video040,video040.mp4,video040_spaziale,1,spaziale,"Dove sente bruciore Vanessa, secondo la voce fuori campo?","Secondo la voce fuori campo, Vanessa sente bruciore al piedino.","Secondo la voce fuori campo, Vanessa sente bruciore alla schiena.","Secondo la voce fuori campo, Vanessa sente bruciore alla schiena.","Secondo la voce fuori campo, Vanessa sente bruciore al piedino.",1,gemma,video_audio,1,1,1,correct,
video040_spaziale_02,video040,video040.mp4,video040_spaziale,2,spaziale,"Dove sente bruciore Vanessa, secondo la voce fuori campo?","Secondo la voce fuori campo, Vanessa sente bruciore al piede.","Secondo la voce fuori campo, Vanessa sente bruciore alla mano.","Secondo la voce fuori campo, Vanessa sente bruciore al piede.","Secondo la voce fuori campo, Vanessa sente bruciore alla mano.",0,gemma,video_audio,1,1,0,wrong,
video040_spaziale_03,video040,video040.mp4,video040_spaziale,3,spaziale,"Dove sente bruciore Vanessa, secondo la voce fuori campo?","Secondo la voce fuori campo, Vanessa sente bruciore nella zona immediatamente sotto il piede.","Secondo la voce fuori campo, Vanessa sente bruciore nella zona immediatamente sopra il piede.","Secondo la voce fuori campo, Vanessa sente bruciore nella zona immediatamente sopra il piede.","Secondo la voce fuori campo, Vanessa sente bruciore nella zona immediatamente sotto il piede.",1,gemma,video_audio,1,1,1,correct,
video040_spaziale_04,video040,video040.mp4,video040_spaziale,4,spaziale,"Dove sente bruciore Vanessa, secondo la voce fuori campo?","Secondo la voce fuori campo, Vanessa sente bruciore sotto il piede.","Secondo la voce fuori campo, Vanessa sente bruciore sopra il piede.","Secondo la voce fuori campo, Vanessa sente bruciore sotto il piede.","Secondo la voce fuori campo, Vanessa sente bruciore sopra il piede.",0,gemma,video_audio,1,1,0,wrong,
video040_temporale_01,video040,video040.mp4,video040_temporale,1,temporale,Quando dice la voce fuori campo che disinfetterà il piedino di Vanessa?,La voce fuori campo dice che disinfetterà il piedino di Vanessa quando torneranno a casa.,La voce fuori campo dice che disinfetterà il piedino di Vanessa prima di andare a casa.,La voce fuori campo dice che disinfetterà il piedino di Vanessa quando torneranno a casa.,La voce fuori campo dice che disinfetterà il piedino di Vanessa prima di andare a casa.,0,gemma,video_audio,0,0,1,correct,
video040_temporale_02,video040,video040.mp4,video040_temporale,2,temporale,Quando dice la voce fuori campo che disinfetterà il piedino di Vanessa?,La voce fuori campo dice che disinfetterà il piedino di Vanessa quando vanno a casa.,La voce fuori campo dice che disinfetterà il piedino di Vanessa prima di andare a casa.,La voce fuori campo dice che disinfetterà il piedino di Vanessa quando vanno a casa.,La voce fuori campo dice che disinfetterà il piedino di Vanessa prima di andare a casa.,0,gemma,video_audio,0,0,1,correct,
video040_temporale_03,video040,video040.mp4,video040_temporale,3,temporale,Quando dice la voce fuori campo che disinfetterà il piedino di Vanessa?,La voce fuori campo dice che il piedino di Vanessa verrà disinfettato dopo essere tornati a casa.,La voce fuori campo dice che il piedino di Vanessa verrà disinfettato prima di tornare a casa.,La voce fuori campo dice che il piedino di Vanessa verrà disinfettato dopo essere tornati a casa.,La voce fuori campo dice che il piedino di Vanessa verrà disinfettato prima di tornare a casa.,0,gemma,video_audio,0,0,1,correct,
video040_temporale_04,video040,video040.mp4,video040_temporale,4,temporale,Quando dice la voce fuori campo che disinfetterà il piedino di Vanessa?,La voce fuori campo dice che disinfetterà il piedino di Vanessa dopo che sono andati a casa.,La voce fuori campo dice che disinfetterà il piedino di Vanessa prima che siano andati a casa.,La voce fuori campo dice che disinfetterà il piedino di Vanessa dopo che sono andati a casa.,La voce fuori campo dice che disinfetterà il piedino di Vanessa prima che siano andati a casa.,0,gemma,video_audio,0,0,1,correct,
video041_causale_01,video041,video041.mp4,video041_causale,1,causale,Perché le persone portano il cappello di babbo natale al mare?,"Le persone portano il cappello di babbo natale al mare perché è Capodanno, una festività natalizia.","Le persone portano il cappello di babbo natale al mare perché è Carnevale, una festività di primavera.","Le persone portano il cappello di babbo natale al mare perché è Carnevale, una festività di primavera.","Le persone portano il cappello di babbo natale al mare perché è Capodanno, una festività natalizia.",1,gemma,video_audio,1,1,1,correct,
video041_causale_02,video041,video041.mp4,video041_causale,2,causale,Perché le persone portano il cappello di babbo natale al mare?,Le persone portano il cappello di Babbo Natale al mare perché sono le feste natalizie.,Le persone portano il cappello di Babbo Natale al mare perché c'è una sfilata in costume.,Le persone portano il cappello di Babbo Natale al mare perché c'è una sfilata in costume.,Le persone portano il cappello di Babbo Natale al mare perché sono le feste natalizie.,1,gemma,video_audio,1,1,1,correct,
video041_causale_03,video041,video041.mp4,video041_causale,3,causale,Perché le persone portano il cappello di babbo natale al mare?,Le persone portano il cappello di Babbo Natale al mare perché è il periodo delle feste natalizie e la tradizione prevede di fare il bagno in mare.,Le persone portano il cappello di Babbo Natale al mare perché è una giornata soleggiata e vogliono proteggersi dal sole.,Le persone portano il cappello di Babbo Natale al mare perché è una giornata soleggiata e vogliono proteggersi dal sole.,Le persone portano il cappello di Babbo Natale al mare perché è il periodo delle feste natalizie e la tradizione prevede di fare il bagno in mare.,1,gemma,video_audio,1,1,1,correct,
video041_causale_04,video041,video041.mp4,video041_causale,4,causale,Perché le persone portano il cappello di babbo natale al mare?,Le persone portano il cappello di Babbo Natale al mare perché è il periodo natalizio e la tradizione vuole che si faccia il bagno a mare.,Le persone portano il cappello di Babbo Natale al mare perché è una nuova moda estiva.,Le persone portano il cappello di Babbo Natale al mare perché è una nuova moda estiva.,Le persone portano il cappello di Babbo Natale al mare perché è il periodo natalizio e la tradizione vuole che si faccia il bagno a mare.,1,gemma,video_audio,1,1,1,correct,
video041_spaziale_01,video041,video041.mp4,video041_spaziale,1,spaziale,Dove sono andate le circa 60 persone secondo la tradizione?,"Secondo la tradizione, le circa 60 persone sono andate a Pesaro.","Secondo la tradizione, le circa 60 persone sono andate a Torino.","Secondo la tradizione, le circa 60 persone sono andate a Pesaro.","Secondo la tradizione, le circa 60 persone sono andate a Torino.",0,gemma,video_audio,0,0,1,correct,
video041_spaziale_02,video041,video041.mp4,video041_spaziale,2,spaziale,Dove sono andate le circa 60 persone secondo la tradizione?,"Le circa 60 persone, secondo la tradizione, sono andate al mare a fare il bagno.","Le circa 60 persone, secondo la tradizione, sono andate in montagna a fare il bagno.","Le circa 60 persone, secondo la tradizione, sono andate in montagna a fare il bagno.","Le circa 60 persone, secondo la tradizione, sono andate al mare a fare il bagno.",1,gemma,video_audio,1,1,1,correct,
video041_spaziale_03,video041,video041.mp4,video041_spaziale,3,spaziale,Dove sono andate le circa 60 persone secondo la tradizione?,"Secondo la tradizione, circa 60 persone sono andate a fare il bagno in mare nonostante sia inverno.","Secondo la tradizione, circa 60 persone sono andate a fare il bagno in piscina nonostante sia inverno.","Secondo la tradizione, circa 60 persone sono andate a fare il bagno in mare nonostante sia inverno.","Secondo la tradizione, circa 60 persone sono andate a fare il bagno in piscina nonostante sia inverno.",0,gemma,video_audio,0,0,1,correct,
video041_spaziale_04,video041,video041.mp4,video041_spaziale,4,spaziale,Dove sono andate le circa 60 persone secondo la tradizione?,"Secondo la tradizione, le circa 60 persone sono andate a buttarsi a mare in inverno.","Secondo la tradizione, le circa 60 persone sono andate a buttarsi in un lago in inverno.","Secondo la tradizione, le circa 60 persone sono andate a buttarsi a mare in inverno.","Secondo la tradizione, le circa 60 persone sono andate a buttarsi in un lago in inverno.",0,gemma,video_audio,0,0,1,correct,
video041_temporale_01,video041,video041.mp4,video041_temporale,1,temporale,Quando si è aperto il 'Capodanno pesarese' secondo la voce narrante?,"Secondo la voce narrante, il 'Capodanno pesarese' si è aperto alle 12 del 31 dicembre.","Secondo la voce narrante, il 'Capodanno pesarese' si è aperto alle 18 del 31 dicembre.","Secondo la voce narrante, il 'Capodanno pesarese' si è aperto alle 18 del 31 dicembre.","Secondo la voce narrante, il 'Capodanno pesarese' si è aperto alle 12 del 31 dicembre.",1,gemma,video_audio,1,1,1,correct,
video041_temporale_02,video041,video041.mp4,video041_temporale,2,temporale,Quando si è aperto il 'Capodanno pesarese' secondo la voce narrante?,"Secondo la voce narrante, il 'Capodanno pesarese' si è aperto alle dodici di ieri.","Secondo la voce narrante, il 'Capodanno pesarese' si aprirà alle undici di domani.","Secondo la voce narrante, il 'Capodanno pesarese' si aprirà alle undici di domani.","Secondo la voce narrante, il 'Capodanno pesarese' si è aperto alle dodici di ieri.",1,gemma,video_audio,1,1,1,correct,
video041_temporale_03,video041,video041.mp4,video041_temporale,3,temporale,Quando si è aperto il 'Capodanno pesarese' secondo la voce narrante?,"Secondo la voce narrante, il 'Capodanno pesarese' si è aperto a mezzogiorno del giorno precedente.","Secondo la voce narrante, il 'Capodanno pesarese' si è aperto a mezzanotte del giorno successivo.","Secondo la voce narrante, il 'Capodanno pesarese' si è aperto a mezzogiorno del giorno precedente.","Secondo la voce narrante, il 'Capodanno pesarese' si è aperto a mezzanotte del giorno successivo.",0,gemma,video_audio,1,1,0,wrong,
video041_temporale_04,video041,video041.mp4,video041_temporale,4,temporale,Quando si è aperto il 'Capodanno pesarese' secondo la voce narrante?,Il 'Capodanno pesarese' si è aperto alle 12 di ieri secondo la voce narrante.,Il 'Capodanno pesarese' si è aperto alle 12 di oggi secondo la voce narrante.,Il 'Capodanno pesarese' si è aperto alle 12 di ieri secondo la voce narrante.,Il 'Capodanno pesarese' si è aperto alle 12 di oggi secondo la voce narrante.,0,gemma,video_audio,0,0,1,correct,
video042_causale_01,video042,video042.mp4,video042_causale,1,causale,Perché la bambina con la maglietta gialla torna correndo sull'asciugamano?,La bambina con la maglietta gialla torna correndo sull'asciugamano perché la sabbia scotta.,La bambina con la maglietta gialla torna correndo sull'asciugamano perché sta iniziando a piovere.,La bambina con la maglietta gialla torna correndo sull'asciugamano perché la sabbia scotta.,La bambina con la maglietta gialla torna correndo sull'asciugamano perché sta iniziando a piovere.,0,gemma,video_audio,0,0,1,correct,
video042_causale_02,video042,video042.mp4,video042_causale,2,causale,Perché la bambina con la maglietta gialla torna correndo sull'asciugamano?,La bambina con la maglietta gialla torna correndo sull'asciugamano perché la sabbia brucia.,La bambina con la maglietta gialla torna correndo sull'asciugamano perché sta piovendo.,La bambina con la maglietta gialla torna correndo sull'asciugamano perché la sabbia brucia.,La bambina con la maglietta gialla torna correndo sull'asciugamano perché sta piovendo.,0,gemma,video_audio,0,0,1,correct,
video042_causale_03,video042,video042.mp4,video042_causale,3,causale,Perché la bambina con la maglietta gialla torna correndo sull'asciugamano?,La bambina torna correndo sull'asciugamano perché la sabbia era troppo calda e le bruciava i piedi.,La bambina torna correndo sull'asciugamano perché si stava facendo tardi.,La bambina torna correndo sull'asciugamano perché la sabbia era troppo calda e le bruciava i piedi.,La bambina torna correndo sull'asciugamano perché si stava facendo tardi.,0,gemma,video_audio,0,0,1,correct,
video042_causale_04,video042,video042.mp4,video042_causale,4,causale,Perché la bambina con la maglietta gialla torna correndo sull'asciugamano?,La bambina con la maglietta gialla torna correndo sull'asciugamano perché la sabbia scottava troppo per i suoi piedi.,La bambina con la maglietta gialla torna correndo sull'asciugamano perché ha visto una medusa.,La bambina con la maglietta gialla torna correndo sull'asciugamano perché la sabbia scottava troppo per i suoi piedi.,La bambina con la maglietta gialla torna correndo sull'asciugamano perché ha visto una medusa.,0,gemma,video_audio,0,0,1,correct,
video042_spaziale_01,video042,video042.mp4,video042_spaziale,1,spaziale,Dove hanno lavato le mani il bambino con la maglietta blu e la bambina con il vestito rosa?,Il bambino con la maglietta blu e la bambina con il vestito rosa hanno lavato le mani in mare.,Il bambino con la maglietta blu e la bambina con il vestito rosa hanno lavato le mani in piscina.,Il bambino con la maglietta blu e la bambina con il vestito rosa hanno lavato le mani in mare.,Il bambino con la maglietta blu e la bambina con il vestito rosa hanno lavato le mani in piscina.,0,gemma,video_audio,0,0,1,correct,
video042_spaziale_02,video042,video042.mp4,video042_spaziale,2,spaziale,Dove hanno lavato le mani il bambino con la maglietta blu e la bambina con il vestito rosa?,Il bambino con la maglietta blu e la bambina con il vestito rosa hanno lavato le mani al mare.,Il bambino con la maglietta blu e la bambina con il vestito rosa hanno lavato le mani in cucina.,Il bambino con la maglietta blu e la bambina con il vestito rosa hanno lavato le mani in cucina.,Il bambino con la maglietta blu e la bambina con il vestito rosa hanno lavato le mani al mare.,1,gemma,video_audio,1,1,1,correct,
video042_spaziale_03,video042,video042.mp4,video042_spaziale,3,spaziale,Dove hanno lavato le mani il bambino con la maglietta blu e la bambina con il vestito rosa?,"Il bambino con la maglietta blu e la bambina con il vestito rosa hanno lavato le mani sul bagnasciuga, in riva al mare.","Il bambino con la maglietta blu e la bambina con il vestito rosa hanno lavato le mani nel giardino, vicino a casa.","Il bambino con la maglietta blu e la bambina con il vestito rosa hanno lavato le mani nel giardino, vicino a casa.","Il bambino con la maglietta blu e la bambina con il vestito rosa hanno lavato le mani sul bagnasciuga, in riva al mare.",1,gemma,video_audio,1,1,1,correct,
video042_spaziale_04,video042,video042.mp4,video042_spaziale,4,spaziale,Dove hanno lavato le mani il bambino con la maglietta blu e la bambina con il vestito rosa?,Il bambino con la maglietta blu e la bambina con il vestito rosa hanno lavato le mani in riva al mare sul bagnasciuga.,Il bambino con la maglietta blu e la bambina con il vestito rosa hanno lavato le mani in un lavandino in cucina.,Il bambino con la maglietta blu e la bambina con il vestito rosa hanno lavato le mani in un lavandino in cucina.,Il bambino con la maglietta blu e la bambina con il vestito rosa hanno lavato le mani in riva al mare sul bagnasciuga.,1,gemma,video_audio,1,1,1,correct,
video042_temporale_01,video042,video042.mp4,video042_temporale,1,temporale,Sami si mette la crema solare prima o dopo essere andata a riva?,Sami si mette la crema solare dopo essere andata a riva.,Sami si mette la crema solare prima di andare a riva.,Sami si mette la crema solare prima di andare a riva.,Sami si mette la crema solare dopo essere andata a riva.,1,gemma,video_audio,0,0,0,wrong,
video042_temporale_02,video042,video042.mp4,video042_temporale,2,temporale,Sami si mette la crema solare prima o dopo essere andata a riva?,Sami si mette la crema solare dopo essere andata a riva.,Sami si mette la crema solare prima di andare a riva.,Sami si mette la crema solare prima di andare a riva.,Sami si mette la crema solare dopo essere andata a riva.,1,gemma,video_audio,0,0,0,wrong,
video042_temporale_03,video042,video042.mp4,video042_temporale,3,temporale,Sami si mette la crema solare prima o dopo essere andata a riva?,"Sami si mette la crema solare in seguito, dato che all'inizio indossava ancora il vestito.","Sami si mette la crema solare prima, dato che in seguito indossava ancora il vestito.","Sami si mette la crema solare in seguito, dato che all'inizio indossava ancora il vestito.","Sami si mette la crema solare prima, dato che in seguito indossava ancora il vestito.",0,gemma,video_audio,0,0,1,correct,
video042_temporale_04,video042,video042.mp4,video042_temporale,4,temporale,Sami si mette la crema solare prima o dopo essere andata a riva?,Sami si mette la crema solare dopo essere andata a riva perché all'inizio aveva ancora il vestito.,Sami si mette la crema solare prima di essere andata a riva perché all'inizio aveva ancora il vestito.,Sami si mette la crema solare prima di essere andata a riva perché all'inizio aveva ancora il vestito.,Sami si mette la crema solare dopo essere andata a riva perché all'inizio aveva ancora il vestito.,1,gemma,video_audio,0,0,0,wrong,
video043_causale_01,video043,video043.mp4,video043_causale,1,causale,Perché Sara Luconi porta gli occhiali?,Sara Luconi porta gli occhiali perché è ipovedente.,Sara Luconi porta gli occhiali perché è di moda.,Sara Luconi porta gli occhiali perché è ipovedente.,Sara Luconi porta gli occhiali perché è di moda.,0,gemma,video_audio,0,0,1,correct,
video043_causale_02,video043,video043.mp4,video043_causale,2,causale,Perché Sara Luconi porta gli occhiali?,Sara Luconi porta gli occhiali perché è cieca.,Sara Luconi porta gli occhiali perché le piacciono come accessorio.,Sara Luconi porta gli occhiali perché le piacciono come accessorio.,Sara Luconi porta gli occhiali perché è cieca.,1,gemma,video_audio,1,1,1,correct,
video043_causale_03,video043,video043.mp4,video043_causale,3,causale,Perché Sara Luconi porta gli occhiali?,Sara Luconi porta gli occhiali perché è cieca o ipovedente e necessita di indicazioni specifiche.,Sara Luconi porta gli occhiali perché sono un accessorio di moda e desidera migliorare il suo look.,Sara Luconi porta gli occhiali perché è cieca o ipovedente e necessita di indicazioni specifiche.,Sara Luconi porta gli occhiali perché sono un accessorio di moda e desidera migliorare il suo look.,0,gemma,video_audio,0,0,1,correct,
video043_causale_04,video043,video043.mp4,video043_causale,4,causale,Perché Sara Luconi porta gli occhiali?,Sara Luconi porta gli occhiali perché è ipovedente.,Sara Luconi porta gli occhiali perché li trova alla moda.,Sara Luconi porta gli occhiali perché li trova alla moda.,Sara Luconi porta gli occhiali perché è ipovedente.,1,gemma,video_audio,1,1,1,correct,
video043_spaziale_01,video043,video043.mp4,video043_spaziale,1,spaziale,Dove si allena la ragazza?,La ragazza si allena alla palestra aretina di Taekwondo.,La ragazza si allena in un parco cittadino.,La ragazza si allena in un parco cittadino.,La ragazza si allena alla palestra aretina di Taekwondo.,1,gemma,video_audio,1,1,1,correct,
video043_spaziale_02,video043,video043.mp4,video043_spaziale,2,spaziale,Dove si allena la ragazza?,La ragazza si allena in palestra.,La ragazza si allena al parco.,La ragazza si allena al parco.,La ragazza si allena in palestra.,1,gemma,video_audio,1,1,1,correct,
video043_spaziale_03,video043,video043.mp4,video043_spaziale,3,spaziale,Dove si allena la ragazza?,La ragazza si allena sul tatami della palestra.,La ragazza si allena nel parco giochi.,La ragazza si allena sul tatami della palestra.,La ragazza si allena nel parco giochi.,0,gemma,video_audio,0,0,1,correct,
video043_spaziale_04,video043,video043.mp4,video043_spaziale,4,spaziale,Dove si allena la ragazza?,La ragazza si allena sul tatami.,La ragazza si allena in piscina.,La ragazza si allena sul tatami.,La ragazza si allena in piscina.,0,gemma,video_audio,0,0,1,correct,
video043_temporale_01,video043,video043.mp4,video043_temporale,1,temporale,La ragazza con gli occhiali tira un calcio posteriore prima o dopo che l'uomo con la felpa rossa e blu le parli?,La ragazza con gli occhiali tira un calcio posteriore prima che l'uomo con la felpa rossa e blu le parli.,La ragazza con gli occhiali tira un calcio posteriore dopo che l'uomo con la felpa rossa e blu le parla.,La ragazza con gli occhiali tira un calcio posteriore dopo che l'uomo con la felpa rossa e blu le parla.,La ragazza con gli occhiali tira un calcio posteriore prima che l'uomo con la felpa rossa e blu le parli.,1,gemma,video_audio,1,1,1,correct,
video043_temporale_02,video043,video043.mp4,video043_temporale,2,temporale,La ragazza con gli occhiali tira un calcio posteriore prima o dopo che l'uomo con la felpa rossa e blu le parli?,La ragazza con gli occhiali tira un calcio posteriore dopo che l'uomo con la felpa rossa e blu le parli.,La ragazza con gli occhiali tira un calcio posteriore prima che l'uomo con la felpa rossa e blu le parli.,La ragazza con gli occhiali tira un calcio posteriore dopo che l'uomo con la felpa rossa e blu le parli.,La ragazza con gli occhiali tira un calcio posteriore prima che l'uomo con la felpa rossa e blu le parli.,0,gemma,video_audio,1,1,0,wrong,
video043_temporale_03,video043,video043.mp4,video043_temporale,3,temporale,La ragazza con gli occhiali tira un calcio posteriore prima o dopo che l'uomo con la felpa rossa e blu le parli?,"La ragazza con gli occhiali tira un calcio posteriore successivamente, quando riceve le indicazioni per la mossa seguente.",La ragazza con gli occhiali tira un calcio posteriore prima di ricevere le indicazioni per la mossa seguente.,La ragazza con gli occhiali tira un calcio posteriore prima di ricevere le indicazioni per la mossa seguente.,"La ragazza con gli occhiali tira un calcio posteriore successivamente, quando riceve le indicazioni per la mossa seguente.",1,gemma,video_audio,1,1,1,correct,
video043_temporale_04,video043,video043.mp4,video043_temporale,4,temporale,La ragazza con gli occhiali tira un calcio posteriore prima o dopo che l'uomo con la felpa rossa e blu le parli?,La ragazza con gli occhiali tira un calcio posteriore dopo che l'uomo con la felpa rossa e blu le dà istruzioni sulla prossima mossa da fare.,La ragazza con gli occhiali tira un calcio posteriore prima che l'uomo con la felpa rossa e blu le dia istruzioni sulla prossima mossa da fare.,La ragazza con gli occhiali tira un calcio posteriore dopo che l'uomo con la felpa rossa e blu le dà istruzioni sulla prossima mossa da fare.,La ragazza con gli occhiali tira un calcio posteriore prima che l'uomo con la felpa rossa e blu le dia istruzioni sulla prossima mossa da fare.,0,gemma,video_audio,1,1,0,wrong,
video044_causale_01,video044,video044.mp4,video044_causale,1,causale,Perché in questo spezzone di film la donna alla fine scappa?,Nello spezzone di film la donna scappa perché riesce a salvarsi dai malviventi.,Nello spezzone di film la donna scappa perché deve raggiungere i malviventi.,Nello spezzone di film la donna scappa perché deve raggiungere i malviventi.,Nello spezzone di film la donna scappa perché riesce a salvarsi dai malviventi.,1,gemma,video_audio,1,1,1,correct,
video044_causale_02,video044,video044.mp4,video044_causale,2,causale,Perché in questo spezzone di film la donna alla fine scappa?,"Alla fine dello spezzone di film, la donna scappa perché è inseguita.","Alla fine dello spezzone di film, la donna scappa perché ha fretta.","Alla fine dello spezzone di film, la donna scappa perché è inseguita.","Alla fine dello spezzone di film, la donna scappa perché ha fretta.",0,gemma,video_audio,0,0,1,correct,
video044_causale_03,video044,video044.mp4,video044_causale,3,causale,Perché in questo spezzone di film la donna alla fine scappa?,"Alla fine dello spezzone di film, la donna scappa perché, dopo essere stata inseguita e aver reagito ai due malviventi, ha paura.","Alla fine dello spezzone di film, la donna scappa perché doveva incontrare qualcuno.","Alla fine dello spezzone di film, la donna scappa perché doveva incontrare qualcuno.","Alla fine dello spezzone di film, la donna scappa perché, dopo essere stata inseguita e aver reagito ai due malviventi, ha paura.",1,gemma,video_audio,1,1,1,correct,
video044_causale_04,video044,video044.mp4,video044_causale,4,causale,Perché in questo spezzone di film la donna alla fine scappa?,"Alla fine dello spezzone di film, la donna scappa perché ha paura dopo essersi ribellata ai due malviventi.","Alla fine dello spezzone di film, la donna scappa perché ha bisogno di trovare aiuto dopo essersi ribellata ai due malviventi.","Alla fine dello spezzone di film, la donna scappa perché ha bisogno di trovare aiuto dopo essersi ribellata ai due malviventi.","Alla fine dello spezzone di film, la donna scappa perché ha paura dopo essersi ribellata ai due malviventi.",1,gemma,video_audio,0,0,0,wrong,
video044_spaziale_01,video044,video044.mp4,video044_spaziale,1,spaziale,"In questa scena tratta da un film, da dove viene afferrata la ragazza?",Nella scena del film la ragazza viene afferrata da dietro.,Nella scena del film la ragazza viene afferrata da davanti.,Nella scena del film la ragazza viene afferrata da dietro.,Nella scena del film la ragazza viene afferrata da davanti.,0,gemma,video_audio,0,0,1,correct,
video044_spaziale_02,video044,video044.mp4,video044_spaziale,2,spaziale,"In questa scena tratta da un film, da dove viene afferrata la ragazza?",Nella scena la ragazza viene afferrata da dietro.,Nella scena la ragazza viene afferrata da davanti.,Nella scena la ragazza viene afferrata da dietro.,Nella scena la ragazza viene afferrata da davanti.,0,gemma,video_audio,0,0,1,correct,
video044_spaziale_03,video044,video044.mp4,video044_spaziale,3,spaziale,"In questa scena tratta da un film, da dove viene afferrata la ragazza?","Nella scena, la ragazza viene afferrata e trattenuta da dietro.","Nella scena, la ragazza viene afferrata e trattenuta di fronte.","Nella scena, la ragazza viene afferrata e trattenuta di fronte.","Nella scena, la ragazza viene afferrata e trattenuta da dietro.",1,gemma,video_audio,1,1,1,correct,
video044_spaziale_04,video044,video044.mp4,video044_spaziale,4,spaziale,"In questa scena tratta da un film, da dove viene afferrata la ragazza?",Nella scena la ragazza viene afferrata da dietro e trattenuta.,Nella scena la ragazza viene afferrata da davanti e trattenuta.,Nella scena la ragazza viene afferrata da dietro e trattenuta.,Nella scena la ragazza viene afferrata da davanti e trattenuta.,0,gemma,video_audio,0,0,1,correct,
video044_temporale_01,video044,video044.mp4,video044_temporale,1,temporale,"In questa scena tratta da un film, la donna colpisce il malvivente prima o dopo aver detto: 'Io i soldi me li fatico'?","Nella scena, la donna colpisce il malvivente prima di dire: 'Io i soldi me li fatico'.","Nella scena, la donna colpisce il malvivente dopo aver detto: 'Io i soldi me li fatico'.","Nella scena, la donna colpisce il malvivente dopo aver detto: 'Io i soldi me li fatico'.","Nella scena, la donna colpisce il malvivente prima di dire: 'Io i soldi me li fatico'.",1,gemma,video_audio,1,1,1,correct,
video044_temporale_02,video044,video044.mp4,video044_temporale,2,temporale,"In questa scena tratta da un film, la donna colpisce il malvivente prima o dopo aver detto: 'Io i soldi me li fatico'?","Nella scena del film, la donna colpisce il malvivente prima di aver detto: ""Io i soldi me li fatico"".","Nella scena del film, la donna colpisce il malvivente dopo aver detto: ""Io i soldi me li fatico"".","Nella scena del film, la donna colpisce il malvivente prima di aver detto: ""Io i soldi me li fatico"".","Nella scena del film, la donna colpisce il malvivente dopo aver detto: ""Io i soldi me li fatico"".",0,gemma,video_audio,1,1,0,wrong,
video044_temporale_03,video044,video044.mp4,video044_temporale,3,temporale,"In questa scena tratta da un film, la donna colpisce il malvivente prima o dopo aver detto: 'Io i soldi me li fatico'?",Nel filmato la donna urla prima di colpire il malvivente.,Nel filmato la donna urla dopo aver colpito il malvivente.,Nel filmato la donna urla dopo aver colpito il malvivente.,Nel filmato la donna urla prima di colpire il malvivente.,1,gemma,video_audio,0,0,0,wrong,
video044_temporale_04,video044,video044.mp4,video044_temporale,4,temporale,"In questa scena tratta da un film, la donna colpisce il malvivente prima o dopo aver detto: 'Io i soldi me li fatico'?","Nella scena del film, la donna colpisce il malvivente dopo avergli urlato.","Nella scena del film, la donna colpisce il malvivente prima di avergli urlato.","Nella scena del film, la donna colpisce il malvivente prima di avergli urlato.","Nella scena del film, la donna colpisce il malvivente dopo avergli urlato.",1,gemma,video_audio,1,1,1,correct,
video045_causale_01,video045,video045.mp4,video045_causale,1,causale,Perché le forze dell'ordine reclamano i rinforzi per aiutarli a sedare la folla?,Le forze dell'ordine reclamano i rinforzi perché sono in inferiorità numerica.,Le forze dell'ordine reclamano i rinforzi perché vogliono aumentare la loro presenza.,Le forze dell'ordine reclamano i rinforzi perché sono in inferiorità numerica.,Le forze dell'ordine reclamano i rinforzi perché vogliono aumentare la loro presenza.,0,gemma,video_audio,0,0,1,correct,
video045_causale_02,video045,video045.mp4,video045_causale,2,causale,Perché le forze dell'ordine reclamano i rinforzi per aiutarli a sedare la folla?,Le forze dell'ordine reclamano i rinforzi perché erano solo in due per contenere la folla.,Le forze dell'ordine reclamano i rinforzi perché la folla era pacifica.,Le forze dell'ordine reclamano i rinforzi perché la folla era pacifica.,Le forze dell'ordine reclamano i rinforzi perché erano solo in due per contenere la folla.,1,gemma,video_audio,1,1,1,correct,
video045_causale_03,video045,video045.mp4,video045_causale,3,causale,Perché le forze dell'ordine reclamano i rinforzi per aiutarli a sedare la folla?,Le forze dell'ordine reclamano i rinforzi perché erano impreparate e soltanto in due a contenere la folla.,Le forze dell'ordine reclamano i rinforzi perché la folla era particolarmente violenta e minacciosa.,Le forze dell'ordine reclamano i rinforzi perché erano impreparate e soltanto in due a contenere la folla.,Le forze dell'ordine reclamano i rinforzi perché la folla era particolarmente violenta e minacciosa.,0,gemma,video_audio,0,0,1,correct,
video045_causale_04,video045,video045.mp4,video045_causale,4,causale,Perché le forze dell'ordine reclamano i rinforzi per aiutarli a sedare la folla?,Le forze dell'ordine reclamano i rinforzi perché quelle che sono intervenute per interrompere la rissa erano impreparate.,Le forze dell'ordine reclamano i rinforzi perché quelle che sono intervenute per interrompere la rissa erano in numero insufficiente.,Le forze dell'ordine reclamano i rinforzi perché quelle che sono intervenute per interrompere la rissa erano in numero insufficiente.,Le forze dell'ordine reclamano i rinforzi perché quelle che sono intervenute per interrompere la rissa erano impreparate.,1,gemma,video_audio,0,0,0,wrong,
video045_spaziale_01,video045,video045.mp4,video045_spaziale,1,spaziale,Dove sono stati postati i video dei fatti raccontati al telegiornale?,I video dei fatti raccontati al telegiornale sono stati postati in rete tramite gli smartphone.,I video dei fatti raccontati al telegiornale sono stati postati in rete tramite i computer.,I video dei fatti raccontati al telegiornale sono stati postati in rete tramite i computer.,I video dei fatti raccontati al telegiornale sono stati postati in rete tramite gli smartphone.,1,gemma,video_audio,1,1,1,correct,
video045_spaziale_02,video045,video045.mp4,video045_spaziale,2,spaziale,Dove sono stati postati i video dei fatti raccontati al telegiornale?,I video dei fatti raccontati al telegiornale sono stati postati in rete.,I video dei fatti raccontati al telegiornale sono stati postati su un blog.,I video dei fatti raccontati al telegiornale sono stati postati in rete.,I video dei fatti raccontati al telegiornale sono stati postati su un blog.,0,gemma,video_audio,1,1,0,wrong,
video045_spaziale_03,video045,video045.mp4,video045_spaziale,3,spaziale,Dove sono stati postati i video dei fatti raccontati al telegiornale?,I video dei fatti raccontati al telegiornale sarebbero stati postati a Marotta nei pressi del locale New Disco Dinner.,I video dei fatti raccontati al telegiornale sarebbero stati postati a Roma nei pressi del Colosseo.,I video dei fatti raccontati al telegiornale sarebbero stati postati a Roma nei pressi del Colosseo.,I video dei fatti raccontati al telegiornale sarebbero stati postati a Marotta nei pressi del locale New Disco Dinner.,1,gemma,video_audio,1,1,1,correct,
video045_spaziale_04,video045,video045.mp4,video045_spaziale,4,spaziale,Dove sono stati postati i video dei fatti raccontati al telegiornale?,"I video dei fatti raccontati al telegiornale sono stati postati a Marotta, non lontano dal locale New Disco Dinner.","I video dei fatti raccontati al telegiornale sono stati postati a Napoli, non lontano dalla stazione centrale.","I video dei fatti raccontati al telegiornale sono stati postati a Marotta, non lontano dal locale New Disco Dinner.","I video dei fatti raccontati al telegiornale sono stati postati a Napoli, non lontano dalla stazione centrale.",0,gemma,video_audio,0,0,1,correct,
video045_temporale_01,video045,video045.mp4,video045_temporale,1,temporale,I fatti si sono svolti prima o dopo mezzogiorno?,I fatti si sono svolti prima di mezzogiorno.,I fatti si sono svolti dopo mezzogiorno.,I fatti si sono svolti dopo mezzogiorno.,I fatti si sono svolti prima di mezzogiorno.,1,gemma,video_audio,0,0,0,wrong,
video045_temporale_02,video045,video045.mp4,video045_temporale,2,temporale,I fatti si sono svolti prima o dopo mezzogiorno?,I fatti si sono svolti prima di mezzogiorno.,I fatti si sono svolti dopo mezzogiorno.,I fatti si sono svolti prima di mezzogiorno.,I fatti si sono svolti dopo mezzogiorno.,0,gemma,video_audio,1,1,0,wrong,
video045_temporale_03,video045,video045.mp4,video045_temporale,3,temporale,I fatti si sono svolti prima o dopo mezzogiorno?,"I fatti si sono verificati durante la mattina, prima di mezzogiorno.","I fatti si sono verificati nel pomeriggio, dopo mezzogiorno.","I fatti si sono verificati durante la mattina, prima di mezzogiorno.","I fatti si sono verificati nel pomeriggio, dopo mezzogiorno.",0,gemma,video_audio,1,1,0,wrong,
video045_temporale_04,video045,video045.mp4,video045_temporale,4,temporale,I fatti si sono svolti prima o dopo mezzogiorno?,"I fatti si sono svolti di mattina, quindi prima di mezzogiorno.","I fatti si sono svolti nel pomeriggio, quindi dopo mezzogiorno.","I fatti si sono svolti di mattina, quindi prima di mezzogiorno.","I fatti si sono svolti nel pomeriggio, quindi dopo mezzogiorno.",0,gemma,video_audio,1,1,0,wrong,
video046_causale_01,video046,video046.mp4,video046_causale,1,causale,Perché l'uomo dice che le 23:47 sono l'orario giusto?,L'uomo afferma che le 23:47 sono l'orario giusto perché lo conferma la schermata di blocco dell'iPhone.,L'uomo afferma che le 23:47 sono l'orario giusto perché lo conferma il suo orologio da polso.,L'uomo afferma che le 23:47 sono l'orario giusto perché lo conferma il suo orologio da polso.,L'uomo afferma che le 23:47 sono l'orario giusto perché lo conferma la schermata di blocco dell'iPhone.,1,gemma,video_audio,1,1,1,correct,
video046_causale_02,video046,video046.mp4,video046_causale,2,causale,Perché l'uomo dice che le 23:47 sono l'orario giusto?,L'uomo afferma che le 23:47 sono l'orario giusto perché lo verifica dal telefono.,L'uomo afferma che le 23:47 sono l'orario giusto perché lo verifica dall'orologio da polso.,L'uomo afferma che le 23:47 sono l'orario giusto perché lo verifica dal telefono.,L'uomo afferma che le 23:47 sono l'orario giusto perché lo verifica dall'orologio da polso.,0,gemma,video_audio,0,0,1,correct,
video046_causale_03,video046,video046.mp4,video046_causale,3,causale,Perché l'uomo dice che le 23:47 sono l'orario giusto?,L'uomo dice che le 23:47 sono l'orario giusto perché vuole verificare sul telefono l'ora esatta del momento in cui interroga l'assistente.,L'uomo dice che le 23:47 sono l'orario giusto perché è l'ora in cui solitamente va a dormire.,L'uomo dice che le 23:47 sono l'orario giusto perché è l'ora in cui solitamente va a dormire.,L'uomo dice che le 23:47 sono l'orario giusto perché vuole verificare sul telefono l'ora esatta del momento in cui interroga l'assistente.,1,gemma,video_audio,1,1,1,correct,
video046_causale_04,video046,video046.mp4,video046_causale,4,causale,Perché l'uomo dice che le 23:47 sono l'orario giusto?,L'uomo dice che le 23:47 sono l'orario giusto perché è l'orario esatto nel momento in cui lo chiede all'assistente vocale.,L'uomo dice che le 23:47 sono l'orario giusto perché è l'orario in cui va a dormire ogni sera.,L'uomo dice che le 23:47 sono l'orario giusto perché è l'orario in cui va a dormire ogni sera.,L'uomo dice che le 23:47 sono l'orario giusto perché è l'orario esatto nel momento in cui lo chiede all'assistente vocale.,1,gemma,video_audio,1,1,1,correct,
video046_spaziale_01,video046,video046.mp4,video046_spaziale,1,spaziale,Dove possiamo vedere che la prima risposta al comando vocale è giusta?,La prima risposta al comando vocale è visibile dalla schermata di blocco dell'iPhone.,La prima risposta al comando vocale è visibile dalla schermata iniziale dell'iPhone.,La prima risposta al comando vocale è visibile dalla schermata iniziale dell'iPhone.,La prima risposta al comando vocale è visibile dalla schermata di blocco dell'iPhone.,1,gemma,video_audio,0,0,0,wrong,
video046_spaziale_02,video046,video046.mp4,video046_spaziale,2,spaziale,Dove possiamo vedere che la prima risposta al comando vocale è giusta?,La prima risposta al comando vocale è visibile sullo schermo del telefono.,La prima risposta al comando vocale è visibile sulla parete.,La prima risposta al comando vocale è visibile sullo schermo del telefono.,La prima risposta al comando vocale è visibile sulla parete.,0,gemma,video_audio,0,0,1,correct,
video046_spaziale_03,video046,video046.mp4,video046_spaziale,3,spaziale,Dove possiamo vedere che la prima risposta al comando vocale è giusta?,La prima risposta al comando vocale è visibile sullo schermo del telefono del ragazzo che sta parlando.,La prima risposta al comando vocale è visibile su un tablet accanto al ragazzo che sta parlando.,La prima risposta al comando vocale è visibile su un tablet accanto al ragazzo che sta parlando.,La prima risposta al comando vocale è visibile sullo schermo del telefono del ragazzo che sta parlando.,1,gemma,video_audio,1,1,1,correct,
video046_spaziale_04,video046,video046.mp4,video046_spaziale,4,spaziale,Dove possiamo vedere che la prima risposta al comando vocale è giusta?,La prima risposta al comando vocale si può vedere sul telefono del ragazzo che parla.,La prima risposta al comando vocale si può vedere sul computer del ragazzo che parla.,La prima risposta al comando vocale si può vedere sul telefono del ragazzo che parla.,La prima risposta al comando vocale si può vedere sul computer del ragazzo che parla.,0,gemma,video_audio,0,0,1,correct,
video046_temporale_01,video046,video046.mp4,video046_temporale,1,temporale,Il ragazzo chiede prima 'Chi ti ha programmato?' o l'orario?,Il ragazzo chiede prima l'orario.,Il ragazzo chiede l'orario dopo.,Il ragazzo chiede l'orario dopo.,Il ragazzo chiede prima l'orario.,1,gemma,video_audio,1,1,1,correct,
video046_temporale_02,video046,video046.mp4,video046_temporale,2,temporale,Il ragazzo chiede prima 'Chi ti ha programmato?' o l'orario?,"Dal video, si vede che il ragazzo chiede prima l'orario.","Dal video, si vede che il ragazzo chiede l'orario solo dopo.","Dal video, si vede che il ragazzo chiede l'orario solo dopo.","Dal video, si vede che il ragazzo chiede prima l'orario.",1,gemma,video_audio,1,1,1,correct,
video046_temporale_03,video046,video046.mp4,video046_temporale,3,temporale,Il ragazzo chiede prima 'Chi ti ha programmato?' o l'orario?,La prima informazione richiesta dal ragazzo all'assistente vocale è l'orario.,L'ultima informazione richiesta dal ragazzo all'assistente vocale è l'orario.,La prima informazione richiesta dal ragazzo all'assistente vocale è l'orario.,L'ultima informazione richiesta dal ragazzo all'assistente vocale è l'orario.,0,gemma,video_audio,0,0,1,correct,
video046_temporale_04,video046,video046.mp4,video046_temporale,4,temporale,Il ragazzo chiede prima 'Chi ti ha programmato?' o l'orario?,"Nel video, la prima cosa che il ragazzo chiede all'assistente è l'orario.","Nel video, l'ultima cosa che il ragazzo chiede all'assistente è l'orario.","Nel video, l'ultima cosa che il ragazzo chiede all'assistente è l'orario.","Nel video, la prima cosa che il ragazzo chiede all'assistente è l'orario.",1,gemma,video_audio,1,1,1,correct,
video047_causale_01,video047,video047.mp4,video047_causale,1,causale,Perché la donna anziana è preoccupata?,La donna anziana è preoccupata perché pensa che un suo parente abbia fatto un incidente stradale.,La donna anziana è preoccupata perché pensa che un ladro abbia tentato di entrare in casa sua.,La donna anziana è preoccupata perché pensa che un ladro abbia tentato di entrare in casa sua.,La donna anziana è preoccupata perché pensa che un suo parente abbia fatto un incidente stradale.,1,gemma,video_audio,1,1,1,correct,
video047_causale_02,video047,video047.mp4,video047_causale,2,causale,Perché la donna anziana è preoccupata?,La donna anziana è preoccupata perché gli viene comunicato che un suo parente ha avuto un incidente.,La donna anziana è preoccupata perché non riesce a trovare i suoi occhiali.,La donna anziana è preoccupata perché gli viene comunicato che un suo parente ha avuto un incidente.,La donna anziana è preoccupata perché non riesce a trovare i suoi occhiali.,0,gemma,video_audio,0,0,1,correct,
video047_causale_03,video047,video047.mp4,video047_causale,3,causale,Perché la donna anziana è preoccupata?,La donna anziana è preoccupata perché nella truffa telefonica le viene comunicato che un suo parente è rimasto coinvolto in un incidente stradale.,La donna anziana è preoccupata perché nella truffa telefonica le viene comunicato che le sue finanze sono in pericolo.,La donna anziana è preoccupata perché nella truffa telefonica le viene comunicato che un suo parente è rimasto coinvolto in un incidente stradale.,La donna anziana è preoccupata perché nella truffa telefonica le viene comunicato che le sue finanze sono in pericolo.,0,gemma,video_audio,0,0,1,correct,
video047_causale_04,video047,video047.mp4,video047_causale,4,causale,Perché la donna anziana è preoccupata?,La donna anziana è preoccupata perché tramite la truffa telefonica viene detto che è successo un incidente stradale che coinvolge un parente.,La donna anziana è preoccupata perché tramite la truffa telefonica viene detto che ha perso il portafoglio.,La donna anziana è preoccupata perché tramite la truffa telefonica viene detto che è successo un incidente stradale che coinvolge un parente.,La donna anziana è preoccupata perché tramite la truffa telefonica viene detto che ha perso il portafoglio.,0,gemma,video_audio,0,0,1,correct,
video047_spaziale_01,video047,video047.mp4,video047_spaziale,1,spaziale,Dove si trovava il telefono prima che la donna rispondesse?,Il telefono si trovava sul tavolo prima che la donna rispondesse.,Il telefono si trovava sul divano prima che la donna rispondesse.,Il telefono si trovava sul tavolo prima che la donna rispondesse.,Il telefono si trovava sul divano prima che la donna rispondesse.,0,gemma,video_audio,0,0,1,correct,
video047_spaziale_02,video047,video047.mp4,video047_spaziale,2,spaziale,Dove si trovava il telefono prima che la donna rispondesse?,Il telefono si trovava sul tavolo prima che la donna rispondesse.,Il telefono si trovava nella borsa prima che la donna rispondesse.,Il telefono si trovava nella borsa prima che la donna rispondesse.,Il telefono si trovava sul tavolo prima che la donna rispondesse.,1,gemma,video_audio,1,1,1,correct,
video047_spaziale_03,video047,video047.mp4,video047_spaziale,3,spaziale,Dove si trovava il telefono prima che la donna rispondesse?,"Il telefono si trovava sul tavolo, appoggiato davanti alla donna.","Il telefono si trovava nella borsa, appoggiato accanto alla donna.","Il telefono si trovava nella borsa, appoggiato accanto alla donna.","Il telefono si trovava sul tavolo, appoggiato davanti alla donna.",1,gemma,video_audio,1,1,1,correct,
video047_spaziale_04,video047,video047.mp4,video047_spaziale,4,spaziale,Dove si trovava il telefono prima che la donna rispondesse?,Il telefono si trovava appoggiato davanti a lei prima che la donna rispondesse.,Il telefono si trovava appoggiato dietro di lei prima che la donna rispondesse.,Il telefono si trovava appoggiato davanti a lei prima che la donna rispondesse.,Il telefono si trovava appoggiato dietro di lei prima che la donna rispondesse.,0,gemma,video_audio,0,0,1,correct,
video047_temporale_01,video047,video047.mp4,video047_temporale,1,temporale,La signora anziana grida 'Oddio! Cosa posso fare?' prima o dopo aver detto di essere sola?,La signora anziana grida 'Oddio! Cosa posso fare?' prima di dire di essere sola.,La signora anziana grida 'Oddio! Cosa posso fare?' dopo aver detto di essere sola.,La signora anziana grida 'Oddio! Cosa posso fare?' prima di dire di essere sola.,La signora anziana grida 'Oddio! Cosa posso fare?' dopo aver detto di essere sola.,0,gemma,video_audio,1,1,0,wrong,
video047_temporale_02,video047,video047.mp4,video047_temporale,2,temporale,La signora anziana grida 'Oddio! Cosa posso fare?' prima o dopo aver detto di essere sola?,"Nel video, la signora anziana grida 'Oddio! Cosa posso fare?' prima di dire di essere sola.","Nel video, la signora anziana grida 'Oddio! Cosa posso fare?' dopo aver detto di essere sola.","Nel video, la signora anziana grida 'Oddio! Cosa posso fare?' prima di dire di essere sola.","Nel video, la signora anziana grida 'Oddio! Cosa posso fare?' dopo aver detto di essere sola.",0,gemma,video_audio,1,1,0,wrong,
video047_temporale_03,video047,video047.mp4,video047_temporale,3,temporale,La signora anziana grida 'Oddio! Cosa posso fare?' prima o dopo aver detto di essere sola?,La signora anziana grida 'Oddio! Cosa posso fare?' prima di dire di essere sola.,La signora anziana grida 'Oddio! Cosa posso fare?' dopo aver detto di essere sola.,La signora anziana grida 'Oddio! Cosa posso fare?' prima di dire di essere sola.,La signora anziana grida 'Oddio! Cosa posso fare?' dopo aver detto di essere sola.,0,gemma,video_audio,1,1,0,wrong,
video047_temporale_04,video047,video047.mp4,video047_temporale,4,temporale,La signora anziana grida 'Oddio! Cosa posso fare?' prima o dopo aver detto di essere sola?,La signora anziana chiede cosa può fare prima di dire di essere sola.,La signora anziana chiede cosa può fare dopo aver detto di essere sola.,La signora anziana chiede cosa può fare prima di dire di essere sola.,La signora anziana chiede cosa può fare dopo aver detto di essere sola.,0,gemma,video_audio,1,1,0,wrong,
video048_causale_01,video048,video048.mp4,video048_causale,1,causale,Perché i professori iniziano a comportarsi come dei bambini maleducati?,"La magia si è avverata e i ruoli si sono invertiti, portando i professori a comportarsi come dei bambini maleducati.","La magia si è avverata e i ruoli si sono invertiti, portando i bambini a comportarsi come dei professori severi.","La magia si è avverata e i ruoli si sono invertiti, portando i bambini a comportarsi come dei professori severi.","La magia si è avverata e i ruoli si sono invertiti, portando i professori a comportarsi come dei bambini maleducati.",1,gemma,video_audio,0,0,0,wrong,
video048_causale_02,video048,video048.mp4,video048_causale,2,causale,Perché i professori iniziano a comportarsi come dei bambini maleducati?,I professori iniziano a comportarsi come dei bambini maleducati a causa di un incantesimo.,I professori iniziano a comportarsi come dei bambini maleducati a causa di uno scherzo.,I professori iniziano a comportarsi come dei bambini maleducati a causa di uno scherzo.,I professori iniziano a comportarsi come dei bambini maleducati a causa di un incantesimo.,1,gemma,video_audio,0,0,0,wrong,
video048_causale_03,video048,video048.mp4,video048_causale,3,causale,Perché i professori iniziano a comportarsi come dei bambini maleducati?,"La professoressa esprime il desiderio di trovarsi al posto dei bambini, quasi fosse un incantesimo.","La professoressa esprime il desiderio di trovarsi al posto dei bambini, come se fosse obbligata.","La professoressa esprime il desiderio di trovarsi al posto dei bambini, come se fosse obbligata.","La professoressa esprime il desiderio di trovarsi al posto dei bambini, quasi fosse un incantesimo.",1,gemma,video_audio,1,1,1,correct,
video048_causale_04,video048,video048.mp4,video048_causale,4,causale,Perché i professori iniziano a comportarsi come dei bambini maleducati?,I professori iniziano a comportarsi come bambini perché la professoressa esprime il desiderio di stare al posto dei bambini.,I professori iniziano a comportarsi come bambini perché vogliono mostrare solidarietà ai bambini.,I professori iniziano a comportarsi come bambini perché la professoressa esprime il desiderio di stare al posto dei bambini.,I professori iniziano a comportarsi come bambini perché vogliono mostrare solidarietà ai bambini.,0,gemma,video_audio,0,0,1,correct,
video048_spaziale_01,video048,video048.mp4,video048_spaziale,1,spaziale,Dove sbatte la mano la professoressa?,La professoressa sbatte la mano sulla cattedra.,La professoressa sbatte la mano sulla lavagna.,La professoressa sbatte la mano sulla lavagna.,La professoressa sbatte la mano sulla cattedra.,1,gemma,video_audio,1,1,1,correct,
video048_spaziale_02,video048,video048.mp4,video048_spaziale,2,spaziale,Dove sbatte la mano la professoressa?,La professoressa sbatte la mano sulla cattedra.,La professoressa sbatte la mano sulla lavagna.,La professoressa sbatte la mano sulla cattedra.,La professoressa sbatte la mano sulla lavagna.,0,gemma,video_audio,1,1,0,wrong,
video048_spaziale_03,video048,video048.mp4,video048_spaziale,3,spaziale,Dove sbatte la mano la professoressa?,"La professoressa sbatte la mano sulla cattedra, proprio davanti a lei.","La professoressa sbatte la mano contro la lavagna, proprio dietro di lei.","La professoressa sbatte la mano contro la lavagna, proprio dietro di lei.","La professoressa sbatte la mano sulla cattedra, proprio davanti a lei.",1,gemma,video_audio,0,0,0,wrong,
video048_spaziale_04,video048,video048.mp4,video048_spaziale,4,spaziale,Dove sbatte la mano la professoressa?,La professoressa sbatte la mano sulla cattedra davanti a lei.,La professoressa sbatte la mano sulla cattedra dietro di lei.,La professoressa sbatte la mano sulla cattedra davanti a lei.,La professoressa sbatte la mano sulla cattedra dietro di lei.,0,gemma,video_audio,0,0,1,correct,
video048_temporale_01,video048,video048.mp4,video048_temporale,1,temporale,Quale bambino inizia a ridere per primo?,Nel video il bambino con il maglione giallo inizia a ridere per primo.,"Alla fine del video, il bambino con il maglione giallo inizia a ridere per primo.","Alla fine del video, il bambino con il maglione giallo inizia a ridere per primo.",Nel video il bambino con il maglione giallo inizia a ridere per primo.,1,gemma,video_audio,0,0,0,wrong,
video048_temporale_02,video048,video048.mp4,video048_temporale,2,temporale,Quale bambino inizia a ridere per primo?,Nel video il bambino con la maglietta gialla inizia a ridere per primo.,"Dopo un po', il bambino con la maglietta gialla inizia a ridere.",Nel video il bambino con la maglietta gialla inizia a ridere per primo.,"Dopo un po', il bambino con la maglietta gialla inizia a ridere.",0,gemma,video_audio,1,1,0,wrong,
video048_temporale_03,video048,video048.mp4,video048_temporale,3,temporale,Quale bambino inizia a ridere per primo?,Il ragazzo in fondo alla classe con il maglione giallo inizia a ridere per primo.,Il ragazzo in fondo alla classe con il maglione giallo inizia a ridere per ultimo.,Il ragazzo in fondo alla classe con il maglione giallo inizia a ridere per primo.,Il ragazzo in fondo alla classe con il maglione giallo inizia a ridere per ultimo.,0,gemma,video_audio,1,1,0,wrong,
video048_temporale_04,video048,video048.mp4,video048_temporale,4,temporale,Quale bambino inizia a ridere per primo?,Il bambino che inizia a ridere per primo è quello con il maglione giallo in fondo alla classe.,Il bambino che inizia a ridere alla fine è quello con il maglione giallo in fondo alla classe.,Il bambino che inizia a ridere per primo è quello con il maglione giallo in fondo alla classe.,Il bambino che inizia a ridere alla fine è quello con il maglione giallo in fondo alla classe.,0,gemma,video_audio,1,1,0,wrong,
video049_causale_01,video049,video049.mp4,video049_causale,1,causale,Perché gli studenti stanno lavorando come manovali?,Gli studenti lavorano come manovali perché la scuola professionale ha offerto un'esperienza pratica di ristrutturazione di una scuola per far fare esperienza agli alunni.,Gli studenti lavorano come manovali perché la scuola professionale ha avuto bisogno di manodopera gratuita per un progetto di ristrutturazione.,Gli studenti lavorano come manovali perché la scuola professionale ha offerto un'esperienza pratica di ristrutturazione di una scuola per far fare esperienza agli alunni.,Gli studenti lavorano come manovali perché la scuola professionale ha avuto bisogno di manodopera gratuita per un progetto di ristrutturazione.,0,gemma,video_audio,0,0,1,correct,
video049_causale_02,video049,video049.mp4,video049_causale,2,causale,Perché gli studenti stanno lavorando come manovali?,Gli studenti stanno lavorando come manovali per fare esperienza lavorativa.,Gli studenti stanno lavorando come manovali per guadagnare soldi.,Gli studenti stanno lavorando come manovali per guadagnare soldi.,Gli studenti stanno lavorando come manovali per fare esperienza lavorativa.,1,gemma,video_audio,1,1,1,correct,
video049_causale_03,video049,video049.mp4,video049_causale,3,causale,Perché gli studenti stanno lavorando come manovali?,"Gli studenti lavorano come manovali per offrire esperienza lavorativa sul campo, in una collaborazione tra una scuola che insegna il mestiere e un'altra che necessita di riparazioni.","Gli studenti lavorano come manovali per offrire esperienza lavorativa sul campo, in una collaborazione tra una scuola che insegna il mestiere e un'altra che vuole valorizzare il curriculum.","Gli studenti lavorano come manovali per offrire esperienza lavorativa sul campo, in una collaborazione tra una scuola che insegna il mestiere e un'altra che necessita di riparazioni.","Gli studenti lavorano come manovali per offrire esperienza lavorativa sul campo, in una collaborazione tra una scuola che insegna il mestiere e un'altra che vuole valorizzare il curriculum.",0,gemma,video_audio,0,0,1,correct,
video049_causale_04,video049,video049.mp4,video049_causale,4,causale,Perché gli studenti stanno lavorando come manovali?,"Gli studenti stanno lavorando come manovali perché è un progetto condiviso tra due scuole: una insegna il mestiere e l'altra aveva bisogno di riparazioni, così hanno unito le due cose per far fare agli alunni esperienza sul campo.","Gli studenti stanno lavorando come manovali perché è un progetto condiviso tra due scuole: una organizza escursioni e l'altra voleva partecipare, così hanno unito le due cose per far fare agli alunni una gita all'aperto.","Gli studenti stanno lavorando come manovali perché è un progetto condiviso tra due scuole: una organizza escursioni e l'altra voleva partecipare, così hanno unito le due cose per far fare agli alunni una gita all'aperto.","Gli studenti stanno lavorando come manovali perché è un progetto condiviso tra due scuole: una insegna il mestiere e l'altra aveva bisogno di riparazioni, così hanno unito le due cose per far fare agli alunni esperienza sul campo.",1,gemma,video_audio,1,1,1,correct,
video049_spaziale_01,video049,video049.mp4,video049_spaziale,1,spaziale,Dove si trovano gli operai?,Gli operai si trovano a scuola.,Gli operai si trovano al parco.,Gli operai si trovano al parco.,Gli operai si trovano a scuola.,1,gemma,video_audio,1,1,1,correct,
video049_spaziale_02,video049,video049.mp4,video049_spaziale,2,spaziale,Dove si trovano gli operai?,Gli operai si trovano in una scuola che ha bisogno di manutenzione edile.,Gli operai si trovano in un ospedale che ha bisogno di manutenzione edile.,Gli operai si trovano in una scuola che ha bisogno di manutenzione edile.,Gli operai si trovano in un ospedale che ha bisogno di manutenzione edile.,0,gemma,video_audio,0,0,1,correct,
video049_spaziale_03,video049,video049.mp4,video049_spaziale,3,spaziale,Dove si trovano gli operai?,"Gli operai si trovano all'interno di una scuola che necessita di manutenzione, dove gli studenti stanno svolgendo lavori.","Gli operai si trovano all'interno di un ospedale che necessita di manutenzione, dove gli studenti stanno svolgendo lavori.","Gli operai si trovano all'interno di una scuola che necessita di manutenzione, dove gli studenti stanno svolgendo lavori.","Gli operai si trovano all'interno di un ospedale che necessita di manutenzione, dove gli studenti stanno svolgendo lavori.",0,gemma,video_audio,0,0,1,correct,
video049_spaziale_04,video049,video049.mp4,video049_spaziale,4,spaziale,Dove si trovano gli operai?,Gli operai si trovano in una scuola a lavorare.,Gli operai si trovano in un cantiere a lavorare.,Gli operai si trovano in un cantiere a lavorare.,Gli operai si trovano in una scuola a lavorare.,1,gemma,video_audio,1,1,1,correct,
video049_temporale_01,video049,video049.mp4,video049_temporale,1,temporale,Quanto tempo ci vuole ai ragazzi nel video per ottenere la qualifica di operatore edile?,Nel video i ragazzi impiegano 3 anni per ottenere la qualifica di operatore edile.,Nel video i ragazzi impiegano 2 mesi per ottenere la qualifica di operatore edile.,Nel video i ragazzi impiegano 2 mesi per ottenere la qualifica di operatore edile.,Nel video i ragazzi impiegano 3 anni per ottenere la qualifica di operatore edile.,1,gemma,video_audio,1,1,1,correct,
video049_temporale_02,video049,video049.mp4,video049_temporale,2,temporale,Quanto tempo ci vuole ai ragazzi nel video per ottenere la qualifica di operatore edile?,Nel video i ragazzi ci impiegano tre anni per ottenere la qualifica di operatore edile.,Nel video i ragazzi ci impiegano tre mesi per ottenere la qualifica di operatore edile.,Nel video i ragazzi ci impiegano tre anni per ottenere la qualifica di operatore edile.,Nel video i ragazzi ci impiegano tre mesi per ottenere la qualifica di operatore edile.,0,gemma,video_audio,0,0,1,correct,
video049_temporale_03,video049,video049.mp4,video049_temporale,3,temporale,Quanto tempo ci vuole ai ragazzi nel video per ottenere la qualifica di operatore edile?,Nel video ci vogliono tre anni ai ragazzi per ottenere la qualifica di operatore edile.,Nel video ci vogliono sei mesi ai ragazzi per ottenere la qualifica di operatore edile.,Nel video ci vogliono tre anni ai ragazzi per ottenere la qualifica di operatore edile.,Nel video ci vogliono sei mesi ai ragazzi per ottenere la qualifica di operatore edile.,0,gemma,video_audio,0,0,1,correct,
video049_temporale_04,video049,video049.mp4,video049_temporale,4,temporale,Quanto tempo ci vuole ai ragazzi nel video per ottenere la qualifica di operatore edile?,Nel video ci vogliono tre anni ai ragazzi per ottenere la qualifica di operatore edile.,Nel video ci vogliono tre mesi ai ragazzi per ottenere la qualifica di operatore edile.,Nel video ci vogliono tre mesi ai ragazzi per ottenere la qualifica di operatore edile.,Nel video ci vogliono tre anni ai ragazzi per ottenere la qualifica di operatore edile.,1,gemma,video_audio,1,1,1,correct,
video050_causale_01,video050,video050.mp4,video050_causale,1,causale,Perché il 'Piedibus' è ecologico?,Il 'Piedibus' è ecologico perché non usa veicoli con motore a scoppio e i bambini vanno solo a piedi.,Il 'Piedibus' è ecologico perché utilizza veicoli elettrici privi di emissioni.,Il 'Piedibus' è ecologico perché utilizza veicoli elettrici privi di emissioni.,Il 'Piedibus' è ecologico perché non usa veicoli con motore a scoppio e i bambini vanno solo a piedi.,1,gemma,video_audio,1,1,1,correct,
video050_causale_02,video050,video050.mp4,video050_causale,2,causale,Perché il 'Piedibus' è ecologico?,Il 'Piedibus' è ecologico perché i bambini vanno a piedi e non usano mezzi di trasporto.,Il 'Piedibus' è ecologico perché i bambini viaggiano su un autobus elettrico.,Il 'Piedibus' è ecologico perché i bambini viaggiano su un autobus elettrico.,Il 'Piedibus' è ecologico perché i bambini vanno a piedi e non usano mezzi di trasporto.,1,gemma,video_audio,1,1,1,correct,
video050_causale_03,video050,video050.mp4,video050_causale,3,causale,Perché il 'Piedibus' è ecologico?,"Il 'Piedibus' è ecologico perché i bambini si spostano a piedi, non utilizzando mezzi motorizzati, e quindi non inquina.","Il 'Piedibus' non è ecologico perché i bambini si spostano a piedi, ma utilizzano mezzi motorizzati, e quindi inquina.","Il 'Piedibus' non è ecologico perché i bambini si spostano a piedi, ma utilizzano mezzi motorizzati, e quindi inquina.","Il 'Piedibus' è ecologico perché i bambini si spostano a piedi, non utilizzando mezzi motorizzati, e quindi non inquina.",1,gemma,video_audio,1,1,1,correct,
video050_causale_04,video050,video050.mp4,video050_causale,4,causale,Perché il 'Piedibus' è ecologico?,Il 'Piedibus' è ecologico perché non è un vero autobus e non inquina.,Il 'Piedibus' non è ecologico perché consuma molto carburante.,Il 'Piedibus' non è ecologico perché consuma molto carburante.,Il 'Piedibus' è ecologico perché non è un vero autobus e non inquina.,1,gemma,video_audio,1,1,1,correct,
video050_spaziale_01,video050,video050.mp4,video050_spaziale,1,spaziale,I bambini si trovano dentro un autobus o per strada?,I bambini si trovano per strada.,I bambini si trovano al parco.,I bambini si trovano al parco.,I bambini si trovano per strada.,1,gemma,video_audio,1,1,1,correct,
video050_spaziale_02,video050,video050.mp4,video050_spaziale,2,spaziale,I bambini si trovano dentro un autobus o per strada?,I bambini si trovano per strada.,I bambini si trovano in un parco.,I bambini si trovano per strada.,I bambini si trovano in un parco.,0,gemma,video_audio,0,0,1,correct,
video050_spaziale_03,video050,video050.mp4,video050_spaziale,3,spaziale,I bambini si trovano dentro un autobus o per strada?,I bambini si trovano per strada nel luogo indicato.,I bambini si trovano in un parco nel luogo indicato.,I bambini si trovano in un parco nel luogo indicato.,I bambini si trovano per strada nel luogo indicato.,1,gemma,video_audio,1,1,1,correct,
video050_spaziale_04,video050,video050.mp4,video050_spaziale,4,spaziale,I bambini si trovano dentro un autobus o per strada?,I bambini si trovano per strada.,I bambini si trovano in un parco.,I bambini si trovano per strada.,I bambini si trovano in un parco.,0,gemma,video_audio,0,0,1,correct,
video050_temporale_01,video050,video050.mp4,video050_temporale,1,temporale,L'app del 'Piedibus' è stata sviluppata alla nascita del progetto o dopo?,L'app del 'Piedibus' è stata sviluppata dopo la nascita del progetto.,L'app del 'Piedibus' è stata sviluppata prima della nascita del progetto.,L'app del 'Piedibus' è stata sviluppata prima della nascita del progetto.,L'app del 'Piedibus' è stata sviluppata dopo la nascita del progetto.,1,gemma,video_audio,1,1,1,correct,
video050_temporale_02,video050,video050.mp4,video050_temporale,2,temporale,L'app del 'Piedibus' è stata sviluppata alla nascita del progetto o dopo?,L'app del 'Piedibus' è stata sviluppata dopo la nascita del progetto.,L'app del 'Piedibus' è stata sviluppata prima della nascita del progetto.,L'app del 'Piedibus' è stata sviluppata prima della nascita del progetto.,L'app del 'Piedibus' è stata sviluppata dopo la nascita del progetto.,1,gemma,video_audio,1,1,1,correct,
video050_temporale_03,video050,video050.mp4,video050_temporale,3,temporale,L'app del 'Piedibus' è stata sviluppata alla nascita del progetto o dopo?,L'app del 'Piedibus' è stata sviluppata in un momento successivo alla nascita del progetto.,L'app del 'Piedibus' è stata sviluppata in un momento precedente alla nascita del progetto.,L'app del 'Piedibus' è stata sviluppata in un momento successivo alla nascita del progetto.,L'app del 'Piedibus' è stata sviluppata in un momento precedente alla nascita del progetto.,0,gemma,video_audio,0,0,1,correct,
video050_temporale_04,video050,video050.mp4,video050_temporale,4,temporale,L'app del 'Piedibus' è stata sviluppata alla nascita del progetto o dopo?,L'app del progetto è stata sviluppata dopo la nascita del progetto.,L'app del progetto è stata sviluppata prima della nascita del progetto.,L'app del progetto è stata sviluppata dopo la nascita del progetto.,L'app del progetto è stata sviluppata prima della nascita del progetto.,0,gemma,video_audio,0,0,1,correct,
video051_causale_01,video051,video051.mp4,video051_causale,1,causale,Perché la donna fuori campo è contenta della bambina che si muove indietro?,La donna fuori campo è contenta perché la bambina sta rispondendo alle istruzioni del bambino che pesca le carte.,La donna fuori campo è contenta perché la bambina sta ignorando le istruzioni del bambino che pesca le carte.,La donna fuori campo è contenta perché la bambina sta rispondendo alle istruzioni del bambino che pesca le carte.,La donna fuori campo è contenta perché la bambina sta ignorando le istruzioni del bambino che pesca le carte.,0,gemma,video_audio,0,0,1,correct,
video051_causale_02,video051,video051.mp4,video051_causale,2,causale,Perché la donna fuori campo è contenta della bambina che si muove indietro?,La donna fuori campo è contenta della bambina perché ha capito il comando.,La donna fuori campo è contenta della bambina perché ha visto un bel dipinto.,La donna fuori campo è contenta della bambina perché ha visto un bel dipinto.,La donna fuori campo è contenta della bambina perché ha capito il comando.,1,gemma,video_audio,1,1,1,correct,
video051_causale_03,video051,video051.mp4,video051_causale,3,causale,Perché la donna fuori campo è contenta della bambina che si muove indietro?,La donna fuori campo è contenta perché la bambina ha compreso un comando mai utilizzato prima per far tornare indietro qualcuno.,La donna fuori campo è contenta perché la bambina ha raccontato una barzelletta che ha fatto ridere tutti.,La donna fuori campo è contenta perché la bambina ha raccontato una barzelletta che ha fatto ridere tutti.,La donna fuori campo è contenta perché la bambina ha compreso un comando mai utilizzato prima per far tornare indietro qualcuno.,1,gemma,video_audio,1,1,1,correct,
video051_causale_04,video051,video051.mp4,video051_causale,4,causale,Perché la donna fuori campo è contenta della bambina che si muove indietro?,La donna fuori campo è contenta perché nessuno aveva usato mai prima quel comando per far tornare indietro qualcuno.,La donna fuori campo è contenta perché il comando aveva riportato indietro molte persone in passato.,La donna fuori campo è contenta perché il comando aveva riportato indietro molte persone in passato.,La donna fuori campo è contenta perché nessuno aveva usato mai prima quel comando per far tornare indietro qualcuno.,1,gemma,video_audio,1,1,1,correct,
video051_spaziale_01,video051,video051.mp4,video051_spaziale,1,spaziale,Dove si trova la freccia per tornare indietro?,La freccia per tornare indietro si trova nelle carte che pesca il bambino in fondo.,La freccia per tornare indietro si trova nelle carte che pesca il bambino davanti.,La freccia per tornare indietro si trova nelle carte che pesca il bambino in fondo.,La freccia per tornare indietro si trova nelle carte che pesca il bambino davanti.,0,gemma,video_audio,1,1,0,wrong,
video051_spaziale_02,video051,video051.mp4,video051_spaziale,2,spaziale,Dove si trova la freccia per tornare indietro?,La freccia per tornare indietro si trova sul tavolo.,La freccia per tornare indietro si trova sotto il tavolo.,La freccia per tornare indietro si trova sotto il tavolo.,La freccia per tornare indietro si trova sul tavolo.,1,gemma,video_audio,1,1,1,correct,
video051_spaziale_03,video051,video051.mp4,video051_spaziale,3,spaziale,Dove si trova la freccia per tornare indietro?,La freccia per tornare indietro si trova sul tavolo blu collocato in fondo alla classe.,La freccia per tornare indietro si trova sul tavolo rosso collocato all'ingresso della classe.,La freccia per tornare indietro si trova sul tavolo rosso collocato all'ingresso della classe.,La freccia per tornare indietro si trova sul tavolo blu collocato in fondo alla classe.,1,gemma,video_audio,1,1,1,correct,
video051_spaziale_04,video051,video051.mp4,video051_spaziale,4,spaziale,Dove si trova la freccia per tornare indietro?,La freccia per tornare indietro si trova sul tavolo blu in fondo alla classe.,La freccia per tornare indietro si trova sulla scrivania rossa vicino alla lavagna.,La freccia per tornare indietro si trova sulla scrivania rossa vicino alla lavagna.,La freccia per tornare indietro si trova sul tavolo blu in fondo alla classe.,1,gemma,video_audio,1,1,1,correct,
video051_temporale_01,video051,video051.mp4,video051_temporale,1,temporale,La bambina si muove prima o dopo che le voci fuori campo elogino il bambino?,La bambina si muove dopo che le voci fuori campo elogiano il bambino.,La bambina si muove prima che le voci fuori campo elogino il bambino.,La bambina si muove dopo che le voci fuori campo elogiano il bambino.,La bambina si muove prima che le voci fuori campo elogino il bambino.,0,gemma,video_audio,0,0,1,correct,
video051_temporale_02,video051,video051.mp4,video051_temporale,2,temporale,La bambina si muove prima o dopo che le voci fuori campo elogino il bambino?,La bambina si muove dopo che le voci fuori campo elogiano il bambino.,La bambina si muove prima che le voci fuori campo elogino il bambino.,La bambina si muove prima che le voci fuori campo elogino il bambino.,La bambina si muove dopo che le voci fuori campo elogiano il bambino.,1,gemma,video_audio,0,0,0,wrong,
video051_temporale_03,video051,video051.mp4,video051_temporale,3,temporale,La bambina si muove prima o dopo che le voci fuori campo elogino il bambino?,La bambina si muove prima che le voci fuori campo elogino il bambino.,La bambina si muove dopo che le voci fuori campo elogiano il bambino.,La bambina si muove dopo che le voci fuori campo elogiano il bambino.,La bambina si muove prima che le voci fuori campo elogino il bambino.,1,gemma,video_audio,0,0,0,wrong,
video051_temporale_04,video051,video051.mp4,video051_temporale,4,temporale,La bambina si muove prima o dopo che le voci fuori campo elogino il bambino?,La bambina si muove prima che le voci fuori campo elogino il bambino.,La bambina si muove dopo che le voci fuori campo elogiano il bambino.,La bambina si muove dopo che le voci fuori campo elogiano il bambino.,La bambina si muove prima che le voci fuori campo elogino il bambino.,1,gemma,video_audio,0,0,0,wrong,
video052_causale_01,video052,video052.mp4,video052_causale,1,causale,Perché l'uomo con il cappello dà la bambola all'uomo con il sigaro?,L'uomo con il cappello dà la bambola all'uomo con il sigaro perché è un presente per la bambina.,L'uomo con il cappello dà la bambola all'uomo con il sigaro perché si è sbagliato di regalo.,L'uomo con il cappello dà la bambola all'uomo con il sigaro perché è un presente per la bambina.,L'uomo con il cappello dà la bambola all'uomo con il sigaro perché si è sbagliato di regalo.,0,gemma,video_audio,1,1,0,wrong,
video052_causale_02,video052,video052.mp4,video052_causale,2,causale,Perché l'uomo con il cappello dà la bambola all'uomo con il sigaro?,L'uomo con il cappello dà la bambola all'uomo con il sigaro per fare un regalo.,L'uomo con il cappello dà la bambola all'uomo con il sigaro per fare uno scambio.,L'uomo con il cappello dà la bambola all'uomo con il sigaro per fare un regalo.,L'uomo con il cappello dà la bambola all'uomo con il sigaro per fare uno scambio.,0,gemma,video_audio,1,1,0,wrong,
video052_causale_03,video052,video052.mp4,video052_causale,3,causale,Perché l'uomo con il cappello dà la bambola all'uomo con il sigaro?,L'uomo con il cappello dà la bambola perché sta andando a prendere una bambina e vuole portarle un regalo per non presentarsi a mani vuote.,L'uomo con il cappello dà la bambola perché sta andando a prendere una bambina e vuole confortarla dopo un brutto sogno.,L'uomo con il cappello dà la bambola perché sta andando a prendere una bambina e vuole confortarla dopo un brutto sogno.,L'uomo con il cappello dà la bambola perché sta andando a prendere una bambina e vuole portarle un regalo per non presentarsi a mani vuote.,1,gemma,video_audio,1,1,1,correct,
video052_causale_04,video052,video052.mp4,video052_causale,4,causale,Perché l'uomo con il cappello dà la bambola all'uomo con il sigaro?,L'uomo con il cappello dà la bambola all'uomo con il sigaro perché deve prendere una bambina e vuole avere un regalo per non presentarsi a mani vuote.,L'uomo con il cappello dà la bambola all'uomo con il sigaro perché quest'ultimo ama collezionare bambole rare.,L'uomo con il cappello dà la bambola all'uomo con il sigaro perché deve prendere una bambina e vuole avere un regalo per non presentarsi a mani vuote.,L'uomo con il cappello dà la bambola all'uomo con il sigaro perché quest'ultimo ama collezionare bambole rare.,0,gemma,video_audio,0,0,1,correct,
video052_spaziale_01,video052,video052.mp4,video052_spaziale,1,spaziale,Dove si trovava l'oggetto che pesa un quintale prima che l'uomo lo prendesse in mano?,L'oggetto che pesa un quintale si trovava in macchina.,L'oggetto che pesa un quintale si trovava in garage.,L'oggetto che pesa un quintale si trovava in macchina.,L'oggetto che pesa un quintale si trovava in garage.,0,gemma,video_audio,0,0,1,correct,
video052_spaziale_02,video052,video052.mp4,video052_spaziale,2,spaziale,Dove si trovava l'oggetto che pesa un quintale prima che l'uomo lo prendesse in mano?,L'oggetto che pesa un quintale si trovava nella macchina prima che l'uomo lo prendesse in mano.,L'oggetto che pesa un quintale si trovava in un magazzino prima che l'uomo lo prendesse in mano.,L'oggetto che pesa un quintale si trovava in un magazzino prima che l'uomo lo prendesse in mano.,L'oggetto che pesa un quintale si trovava nella macchina prima che l'uomo lo prendesse in mano.,1,gemma,video_audio,1,1,1,correct,
video052_spaziale_03,video052,video052.mp4,video052_spaziale,3,spaziale,Dove si trovava l'oggetto che pesa un quintale prima che l'uomo lo prendesse in mano?,L'oggetto si trovava sui sedili posteriori dell'automobile prima che l'uomo lo prendesse in mano.,L'oggetto si trovava nel bagagliaio dell'automobile prima che l'uomo lo prendesse in mano.,L'oggetto si trovava sui sedili posteriori dell'automobile prima che l'uomo lo prendesse in mano.,L'oggetto si trovava nel bagagliaio dell'automobile prima che l'uomo lo prendesse in mano.,0,gemma,video_audio,0,0,1,correct,
video052_spaziale_04,video052,video052.mp4,video052_spaziale,4,spaziale,Dove si trovava l'oggetto che pesa un quintale prima che l'uomo lo prendesse in mano?,L'oggetto che pesa un quintale si trovava sui sedili posteriori della macchina prima che l'uomo lo prendesse in mano.,L'oggetto che pesa un quintale si trovava sul marciapiede prima che l'uomo lo prendesse in mano.,L'oggetto che pesa un quintale si trovava sul marciapiede prima che l'uomo lo prendesse in mano.,L'oggetto che pesa un quintale si trovava sui sedili posteriori della macchina prima che l'uomo lo prendesse in mano.,1,gemma,video_audio,1,1,1,correct,
video052_temporale_01,video052,video052.mp4,video052_temporale,1,temporale,L'uomo con la pelliccia tossisce prima o dopo aver preso la bambola in mano?,L'uomo con la pelliccia tossisce molto prima di prendere la bambola in mano.,L'uomo con la pelliccia tossisce molto dopo aver preso la bambola in mano.,L'uomo con la pelliccia tossisce molto dopo aver preso la bambola in mano.,L'uomo con la pelliccia tossisce molto prima di prendere la bambola in mano.,1,gemma,video_audio,0,0,0,wrong,
video052_temporale_02,video052,video052.mp4,video052_temporale,2,temporale,L'uomo con la pelliccia tossisce prima o dopo aver preso la bambola in mano?,L'uomo con la pelliccia tossisce prima di prendere la bambola in mano.,L'uomo con la pelliccia tossisce dopo aver preso la bambola in mano.,L'uomo con la pelliccia tossisce dopo aver preso la bambola in mano.,L'uomo con la pelliccia tossisce prima di prendere la bambola in mano.,1,gemma,video_audio,0,0,0,wrong,
video052_temporale_03,video052,video052.mp4,video052_temporale,3,temporale,L'uomo con la pelliccia tossisce prima o dopo aver preso la bambola in mano?,"L'uomo con la pelliccia tossisce in precedenza, subito dopo aver fumato il sigaro, quando comincia a tossire.","L'uomo con la pelliccia tossisce successivamente, molto tempo dopo aver fumato il sigaro, quando comincia a tossire.","L'uomo con la pelliccia tossisce in precedenza, subito dopo aver fumato il sigaro, quando comincia a tossire.","L'uomo con la pelliccia tossisce successivamente, molto tempo dopo aver fumato il sigaro, quando comincia a tossire.",0,gemma,video_audio,0,0,1,correct,
video052_temporale_04,video052,video052.mp4,video052_temporale,4,temporale,L'uomo con la pelliccia tossisce prima o dopo aver preso la bambola in mano?,"L'uomo con la pelliccia tossisce prima di prendere la bambola in mano, subito dopo aver fumato il sigaro.","L'uomo con la pelliccia tossisce dopo aver preso la bambola in mano, subito prima di fumare il sigaro.","L'uomo con la pelliccia tossisce dopo aver preso la bambola in mano, subito prima di fumare il sigaro.","L'uomo con la pelliccia tossisce prima di prendere la bambola in mano, subito dopo aver fumato il sigaro.",1,gemma,video_audio,1,1,1,correct,
video053_causale_01,video053,video053.mp4,video053_causale,1,causale,Perché il receptionist non dà la chiave all'uomo con la pelliccia?,Il receptionist non dà la chiave all'uomo con la pelliccia perché è di competenza del fattorino.,Il receptionist non dà la chiave all'uomo con la pelliccia perché è in manutenzione.,Il receptionist non dà la chiave all'uomo con la pelliccia perché è di competenza del fattorino.,Il receptionist non dà la chiave all'uomo con la pelliccia perché è in manutenzione.,0,gemma,video_audio,0,0,1,correct,
video053_causale_02,video053,video053.mp4,video053_causale,2,causale,Perché il receptionist non dà la chiave all'uomo con la pelliccia?,Il receptionist consegna la chiave al facchino.,Il receptionist consegna la chiave all'ospite.,Il receptionist consegna la chiave all'ospite.,Il receptionist consegna la chiave al facchino.,1,gemma,video_audio,1,1,1,correct,
video053_causale_03,video053,video053.mp4,video053_causale,3,causale,Perché il receptionist non dà la chiave all'uomo con la pelliccia?,"Il receptionist non dà la chiave all'uomo con la pelliccia perché la consegna al facchino, che si occuperà di accompagnarli in camera.",Il receptionist non dà la chiave all'uomo con la pelliccia perché non c'è nessuna stanza disponibile.,Il receptionist non dà la chiave all'uomo con la pelliccia perché non c'è nessuna stanza disponibile.,"Il receptionist non dà la chiave all'uomo con la pelliccia perché la consegna al facchino, che si occuperà di accompagnarli in camera.",1,gemma,video_audio,1,1,1,correct,
video053_causale_04,video053,video053.mp4,video053_causale,4,causale,Perché il receptionist non dà la chiave all'uomo con la pelliccia?,La chiave non viene data all'uomo con la pelliccia perché ci pensa il facchino ad accompagnarli in camera.,La chiave non viene data all'uomo con la pelliccia perché la stanza non è ancora pronta.,La chiave non viene data all'uomo con la pelliccia perché ci pensa il facchino ad accompagnarli in camera.,La chiave non viene data all'uomo con la pelliccia perché la stanza non è ancora pronta.,0,gemma,video_audio,0,0,1,correct,
video053_spaziale_01,video053,video053.mp4,video053_spaziale,1,spaziale,Dove si mette la mano il facchino quando il receptionist gli dice: 'Hai visto che sventola?',"Il facchino si mette la mano in bocca come per dire ""accipicchia"" quando il receptionist gli dice: ""Hai visto che sventola?""","Il facchino si mette la mano in bocca come per dire ""accipicchia"" quando il receptionist gli dice: ""Hai visto che sventola?"" mentre si trovano nell'atrio.","Il facchino si mette la mano in bocca come per dire ""accipicchia"" quando il receptionist gli dice: ""Hai visto che sventola?"" mentre si trovano nell'atrio.","Il facchino si mette la mano in bocca come per dire ""accipicchia"" quando il receptionist gli dice: ""Hai visto che sventola?""",1,gemma,video_audio,1,1,1,correct,
video053_spaziale_02,video053,video053.mp4,video053_spaziale,2,spaziale,Dove si mette la mano il facchino quando il receptionist gli dice: 'Hai visto che sventola?',Il facchino si mette la mano tra i denti quando il receptionist gli dice: 'Hai visto che sventola?',Il facchino si mette la mano tra i denti quando il receptionist gli dice: 'Hai visto che sventola?' mentre stanno per strada.,Il facchino si mette la mano tra i denti quando il receptionist gli dice: 'Hai visto che sventola?' mentre stanno per strada.,Il facchino si mette la mano tra i denti quando il receptionist gli dice: 'Hai visto che sventola?',1,gemma,video_audio,0,0,0,wrong,
video053_spaziale_03,video053,video053.mp4,video053_spaziale,3,spaziale,Dove si mette la mano il facchino quando il receptionist gli dice: 'Hai visto che sventola?',"Il facchino si mette la mano in bocca, stretto tra i denti, quando il receptionist gli dice: 'Hai visto che sventola?'.","Il facchino si mette la mano in bocca, stretto tra i denti, quando il receptionist gli dice: 'Hai visto che sventola?' davanti al bancone dell'hotel.","Il facchino si mette la mano in bocca, stretto tra i denti, quando il receptionist gli dice: 'Hai visto che sventola?'.","Il facchino si mette la mano in bocca, stretto tra i denti, quando il receptionist gli dice: 'Hai visto che sventola?' davanti al bancone dell'hotel.",0,gemma,video_audio,1,1,0,wrong,
video053_spaziale_04,video053,video053.mp4,video053_spaziale,4,spaziale,Dove si mette la mano il facchino quando il receptionist gli dice: 'Hai visto che sventola?',Il facchino si mette la mano in bocca quando il receptionist gli dice: 'Hai visto che sventola?',Il facchino si mette la mano in bocca quando il receptionist gli dice: 'Hai visto che sventola?' mentre sta in corridoio.,Il facchino si mette la mano in bocca quando il receptionist gli dice: 'Hai visto che sventola?',Il facchino si mette la mano in bocca quando il receptionist gli dice: 'Hai visto che sventola?' mentre sta in corridoio.,0,gemma,video_audio,1,1,0,wrong,
video053_temporale_01,video053,video053.mp4,video053_temporale,1,temporale,La donna con la pelliccia bianca si tappa le orecchie prima o dopo che il receptionist prema il campanello?,La donna con la pelliccia bianca si tappa le orecchie prima che il receptionist prema il campanello.,La donna con la pelliccia bianca si tappa le orecchie dopo che il receptionist preme il campanello.,La donna con la pelliccia bianca si tappa le orecchie dopo che il receptionist preme il campanello.,La donna con la pelliccia bianca si tappa le orecchie prima che il receptionist prema il campanello.,1,gemma,video_audio,1,1,1,correct,
video053_temporale_02,video053,video053.mp4,video053_temporale,2,temporale,La donna con la pelliccia bianca si tappa le orecchie prima o dopo che il receptionist prema il campanello?,La donna con la pelliccia bianca si tappa le orecchie prima che il receptionist prema il campanello.,La donna con la pelliccia bianca si tappa le orecchie dopo che il receptionist ha premuto il campanello.,La donna con la pelliccia bianca si tappa le orecchie dopo che il receptionist ha premuto il campanello.,La donna con la pelliccia bianca si tappa le orecchie prima che il receptionist prema il campanello.,1,gemma,video_audio,1,1,1,correct,
video053_temporale_03,video053,video053.mp4,video053_temporale,3,temporale,La donna con la pelliccia bianca si tappa le orecchie prima o dopo che il receptionist prema il campanello?,La donna con la pelliccia bianca aveva già tappato le orecchie in un momento precedente rispetto al suono del campanello.,La donna con la pelliccia bianca tappò le orecchie nello stesso istante in cui suonò il campanello.,La donna con la pelliccia bianca aveva già tappato le orecchie in un momento precedente rispetto al suono del campanello.,La donna con la pelliccia bianca tappò le orecchie nello stesso istante in cui suonò il campanello.,0,gemma,video_audio,0,0,1,correct,
video053_temporale_04,video053,video053.mp4,video053_temporale,4,temporale,La donna con la pelliccia bianca si tappa le orecchie prima o dopo che il receptionist prema il campanello?,La donna con la pelliccia bianca aveva già tappato le orecchie prima che il receptionist premesse il campanello.,"Dopo che il receptionist ha premuto il campanello, la donna con la pelliccia bianca ha tappato le orecchie.","Dopo che il receptionist ha premuto il campanello, la donna con la pelliccia bianca ha tappato le orecchie.",La donna con la pelliccia bianca aveva già tappato le orecchie prima che il receptionist premesse il campanello.,1,gemma,video_audio,1,1,1,correct,
video054_causale_01,video054,video054.mp4,video054_causale,1,causale,Perché la bambina con la maglia azzurra crede che non troveranno più la macchina?,La bambina con la maglia azzurra crede che non troveranno più la macchina perché nel parcheggio ce ne sono veramente tante.,La bambina con la maglia azzurra crede che non troveranno più la macchina perché hanno perso le chiavi.,La bambina con la maglia azzurra crede che non troveranno più la macchina perché hanno perso le chiavi.,La bambina con la maglia azzurra crede che non troveranno più la macchina perché nel parcheggio ce ne sono veramente tante.,1,gemma,video_audio,1,1,1,correct,
video054_causale_02,video054,video054.mp4,video054_causale,2,causale,Perché la bambina con la maglia azzurra crede che non troveranno più la macchina?,La bambina con la maglia azzurra crede che non troveranno più la macchina perché il parcheggio è pieno.,La bambina con la maglia azzurra crede che non troveranno più la macchina perché si sono persi.,La bambina con la maglia azzurra crede che non troveranno più la macchina perché si sono persi.,La bambina con la maglia azzurra crede che non troveranno più la macchina perché il parcheggio è pieno.,1,gemma,video_audio,1,1,1,correct,
video054_causale_03,video054,video054.mp4,video054_causale,3,causale,Perché la bambina con la maglia azzurra crede che non troveranno più la macchina?,"La bambina con la maglia azzurra crede che non troveranno più la macchina perché il parcheggio è completamente pieno, con moltissime automobili presenti.",La bambina con la maglia azzurra crede che non troveranno più la macchina perché non ricordano dove l'hanno parcheggiata.,"La bambina con la maglia azzurra crede che non troveranno più la macchina perché il parcheggio è completamente pieno, con moltissime automobili presenti.",La bambina con la maglia azzurra crede che non troveranno più la macchina perché non ricordano dove l'hanno parcheggiata.,0,gemma,video_audio,0,0,1,correct,
video054_causale_04,video054,video054.mp4,video054_causale,4,causale,Perché la bambina con la maglia azzurra crede che non troveranno più la macchina?,La bambina con la maglia azzurra crede che non troveranno più la macchina perché ci sono tantissime macchine e il parcheggio è pieno.,La bambina con la maglia azzurra crede che non troveranno più la macchina perché è buio e non riescono a vedere nulla.,La bambina con la maglia azzurra crede che non troveranno più la macchina perché è buio e non riescono a vedere nulla.,La bambina con la maglia azzurra crede che non troveranno più la macchina perché ci sono tantissime macchine e il parcheggio è pieno.,1,gemma,video_audio,1,1,1,correct,
video054_spaziale_01,video054,video054.mp4,video054_spaziale,1,spaziale,Dove stanno passando per andare al mare?,Per andare al mare stanno passando da un parcheggio pieno di macchine.,Per andare al mare stanno passando attraverso un bosco fitto di alberi.,Per andare al mare stanno passando attraverso un bosco fitto di alberi.,Per andare al mare stanno passando da un parcheggio pieno di macchine.,1,gemma,video_audio,1,1,1,correct,
video054_spaziale_02,video054,video054.mp4,video054_spaziale,2,spaziale,Dove stanno passando per andare al mare?,Stanno passando per il parcheggio per andare al mare.,Stanno passando per il parcheggio per andare alla montagna.,Stanno passando per il parcheggio per andare alla montagna.,Stanno passando per il parcheggio per andare al mare.,1,gemma,video_audio,1,1,1,correct,
video054_spaziale_03,video054,video054.mp4,video054_spaziale,3,spaziale,Dove stanno passando per andare al mare?,Stanno passando nel parcheggio lungo una strada sterrata per andare al mare.,Stanno passando lungo un sentiero nel bosco per andare al mare.,Stanno passando nel parcheggio lungo una strada sterrata per andare al mare.,Stanno passando lungo un sentiero nel bosco per andare al mare.,0,gemma,video_audio,0,0,1,correct,
video054_spaziale_04,video054,video054.mp4,video054_spaziale,4,spaziale,Dove stanno passando per andare al mare?,Per andare al mare stanno passando su una strada sterrata.,Per andare al mare stanno passando su un ponte di legno.,Per andare al mare stanno passando su una strada sterrata.,Per andare al mare stanno passando su un ponte di legno.,0,gemma,video_audio,0,0,1,correct,
video054_temporale_01,video054,video054.mp4,video054_temporale,1,temporale,Hanno appena visto quindici Cinquecento grigie o è successo prima?,Le quindici Cinquecento grigie sono state viste in un'occasione passata.,Le quindici Cinquecento grigie saranno viste in un'occasione futura.,Le quindici Cinquecento grigie saranno viste in un'occasione futura.,Le quindici Cinquecento grigie sono state viste in un'occasione passata.,1,gemma,video_audio,0,0,0,wrong,
video054_temporale_02,video054,video054.mp4,video054_temporale,2,temporale,Hanno appena visto quindici Cinquecento grigie o è successo prima?,Hanno visto quindici Cinquecento grigie prima.,Vedranno quindici Cinquecento grigie dopo.,Vedranno quindici Cinquecento grigie dopo.,Hanno visto quindici Cinquecento grigie prima.,1,gemma,video_audio,1,1,1,correct,
video054_temporale_03,video054,video054.mp4,video054_temporale,3,temporale,Hanno appena visto quindici Cinquecento grigie o è successo prima?,"Secondo il racconto, è accaduto in precedenza che abbiano visto quindici Cinquecento grigie.","Secondo il racconto, accadrà in seguito che vedranno quindici Cinquecento grigie.","Secondo il racconto, accadrà in seguito che vedranno quindici Cinquecento grigie.","Secondo il racconto, è accaduto in precedenza che abbiano visto quindici Cinquecento grigie.",1,gemma,video_audio,0,0,0,wrong,
video054_temporale_04,video054,video054.mp4,video054_temporale,4,temporale,Hanno appena visto quindici Cinquecento grigie o è successo prima?,È successo prima in base al racconto del video.,"C: Quando il sole è tramontato, abbiamo acceso il fuoco.  
F: Dopo che è sorto il sole, abbiamo acceso il fuoco.","C: Quando il sole è tramontato, abbiamo acceso il fuoco.  
F: Dopo che è sorto il sole, abbiamo acceso il fuoco.",È successo prima in base al racconto del video.,1,gemma,video_audio,1,1,1,correct,
video055_causale_01,video055,video055.mp4,video055_causale,1,causale,Perché Vane corre subito indietro quando tocca l'acqua?,Vane corre subito indietro quando tocca l'acqua perché è fredda.,Vane corre subito indietro quando tocca l'acqua perché è profonda.,Vane corre subito indietro quando tocca l'acqua perché è fredda.,Vane corre subito indietro quando tocca l'acqua perché è profonda.,0,gemma,video_audio,0,0,1,correct,
video055_causale_02,video055,video055.mp4,video055_causale,2,causale,Perché Vane corre subito indietro quando tocca l'acqua?,Vane corre subito indietro quando tocca l'acqua perché è fredda.,Vane corre subito indietro quando tocca l'acqua perché è calda.,Vane corre subito indietro quando tocca l'acqua perché è fredda.,Vane corre subito indietro quando tocca l'acqua perché è calda.,0,gemma,video_audio,0,0,1,correct,
video055_causale_03,video055,video055.mp4,video055_causale,3,causale,Perché Vane corre subito indietro quando tocca l'acqua?,Vane corre subito indietro quando tocca l'acqua perché l'acqua del mare è particolarmente fredda.,Vane corre subito indietro quando tocca l'acqua perché l'acqua del mare è particolarmente salata.,Vane corre subito indietro quando tocca l'acqua perché l'acqua del mare è particolarmente fredda.,Vane corre subito indietro quando tocca l'acqua perché l'acqua del mare è particolarmente salata.,0,gemma,video_audio,0,0,1,correct,
video055_causale_04,video055,video055.mp4,video055_causale,4,causale,Perché Vane corre subito indietro quando tocca l'acqua?,Vane corre indietro subito dopo aver toccato l'acqua perché l'acqua del mare è molto fredda.,Vane corre indietro subito dopo aver toccato l'acqua perché ha dimenticato qualcosa sulla spiaggia.,Vane corre indietro subito dopo aver toccato l'acqua perché l'acqua del mare è molto fredda.,Vane corre indietro subito dopo aver toccato l'acqua perché ha dimenticato qualcosa sulla spiaggia.,0,gemma,video_audio,0,0,1,correct,
video055_spaziale_01,video055,video055.mp4,video055_spaziale,1,spaziale,Dove si svolge la scena?,La scena si svolge sulla battigia.,La scena si svolge in una foresta.,La scena si svolge sulla battigia.,La scena si svolge in una foresta.,0,gemma,video_audio,0,0,1,correct,
video055_spaziale_02,video055,video055.mp4,video055_spaziale,2,spaziale,Dove si svolge la scena?,La scena si svolge al mare.,La scena si svolge in una foresta.,La scena si svolge al mare.,La scena si svolge in una foresta.,0,gemma,video_audio,0,0,1,correct,
video055_spaziale_03,video055,video055.mp4,video055_spaziale,3,spaziale,Dove si svolge la scena?,"La scena si svolge a riva, presso il mare.","La scena si svolge in montagna, lontano dal mare.","La scena si svolge a riva, presso il mare.","La scena si svolge in montagna, lontano dal mare.",0,gemma,video_audio,0,0,1,correct,
video055_spaziale_04,video055,video055.mp4,video055_spaziale,4,spaziale,Dove si svolge la scena?,La scena si svolge a riva.,La scena si svolge in montagna.,La scena si svolge in montagna.,La scena si svolge a riva.,1,gemma,video_audio,1,1,1,correct,
video055_temporale_01,video055,video055.mp4,video055_temporale,1,temporale,Il padre è andato a farsi il bagno prima o dopo le bambine?,Il padre è andato a farsi il bagno prima delle bambine.,Il padre è andato a farsi il bagno dopo le bambine.,Il padre è andato a farsi il bagno prima delle bambine.,Il padre è andato a farsi il bagno dopo le bambine.,0,gemma,video_audio,0,0,1,correct,
video055_temporale_02,video055,video055.mp4,video055_temporale,2,temporale,Il padre è andato a farsi il bagno prima o dopo le bambine?,Il padre è andato a farsi il bagno prima delle bambine.,Il padre è andato a farsi il bagno dopo delle bambine.,Il padre è andato a farsi il bagno dopo delle bambine.,Il padre è andato a farsi il bagno prima delle bambine.,1,gemma,video_audio,0,0,0,wrong,
video055_temporale_03,video055,video055.mp4,video055_temporale,3,temporale,Il padre è andato a farsi il bagno prima o dopo le bambine?,Il padre è entrato in acqua prima di tutti gli altri.,Il padre è entrato in acqua dopo tutti gli altri.,Il padre è entrato in acqua dopo tutti gli altri.,Il padre è entrato in acqua prima di tutti gli altri.,1,gemma,video_audio,0,0,0,wrong,
video055_temporale_04,video055,video055.mp4,video055_temporale,4,temporale,Il padre è andato a farsi il bagno prima o dopo le bambine?,Il padre è andato a farsi il bagno prima di tutti.,Il padre è andato a farsi il bagno dopo tutti.,Il padre è andato a farsi il bagno prima di tutti.,Il padre è andato a farsi il bagno dopo tutti.,0,gemma,video_audio,0,0,1,correct,
video056_causale_01,video056,video056.mp4,video056_causale,1,causale,Perché la bambina butta via l'insetto?,La bambina butta via l'insetto perché ha la fobia degli insetti.,La bambina butta via l'insetto perché è annoiata.,La bambina butta via l'insetto perché ha la fobia degli insetti.,La bambina butta via l'insetto perché è annoiata.,0,gemma,video_audio,0,0,1,correct,
video056_causale_02,video056,video056.mp4,video056_causale,2,causale,Perché la bambina butta via l'insetto?,La bambina butta via l'insetto perché ha la fobia degli insetti.,La bambina butta via l'insetto perché è allergica agli insetti.,La bambina butta via l'insetto perché è allergica agli insetti.,La bambina butta via l'insetto perché ha la fobia degli insetti.,1,gemma,video_audio,1,1,1,correct,
video056_causale_03,video056,video056.mp4,video056_causale,3,causale,Perché la bambina butta via l'insetto?,La bambina butta via l'insetto perché ha una vera fobia degli insetti e ne è molto spaventata.,La bambina butta via l'insetto perché crede che sia velenoso.,La bambina butta via l'insetto perché ha una vera fobia degli insetti e ne è molto spaventata.,La bambina butta via l'insetto perché crede che sia velenoso.,0,gemma,video_audio,0,0,1,correct,
video056_causale_04,video056,video056.mp4,video056_causale,4,causale,Perché la bambina butta via l'insetto?,La bambina butta via l'insetto perché è spaventata dagli insetti.,La bambina butta via l'insetto perché non è interessata a collezionarli.,La bambina butta via l'insetto perché è spaventata dagli insetti.,La bambina butta via l'insetto perché non è interessata a collezionarli.,0,gemma,video_audio,0,0,1,correct,
video056_spaziale_01,video056,video056.mp4,video056_spaziale,1,spaziale,Dove si trova il pecorino in crema?,Il pecorino in crema si trova in un vasetto.,Il pecorino in crema si trova in un piatto.,Il pecorino in crema si trova in un piatto.,Il pecorino in crema si trova in un vasetto.,1,gemma,video_audio,1,1,1,correct,
video056_spaziale_02,video056,video056.mp4,video056_spaziale,2,spaziale,Dove si trova il pecorino in crema?,Il pecorino in crema si trova nel barattolo di vetro.,Il pecorino in crema si trova nel sacchetto di plastica.,Il pecorino in crema si trova nel sacchetto di plastica.,Il pecorino in crema si trova nel barattolo di vetro.,1,gemma,video_audio,1,1,1,correct,
video056_spaziale_03,video056,video056.mp4,video056_spaziale,3,spaziale,Dove si trova il pecorino in crema?,Il pecorino in crema si trova nel barattolo di vetro che contiene anche un cucchiaino.,Il pecorino in crema si trova in un piatto bianco.,Il pecorino in crema si trova in un piatto bianco.,Il pecorino in crema si trova nel barattolo di vetro che contiene anche un cucchiaino.,1,gemma,video_audio,1,1,1,correct,
video056_spaziale_04,video056,video056.mp4,video056_spaziale,4,spaziale,Dove si trova il pecorino in crema?,Il pecorino in crema si trova nel barattolo con il cucchiaino dentro.,Il pecorino in crema si trova sulla tavola accanto al barattolo con il cucchiaino dentro.,Il pecorino in crema si trova sulla tavola accanto al barattolo con il cucchiaino dentro.,Il pecorino in crema si trova nel barattolo con il cucchiaino dentro.,1,gemma,video_audio,1,1,1,correct,
video056_temporale_01,video056,video056.mp4,video056_temporale,1,temporale,La bambina mangia prima o dopo che venga buttato via l'insetto?,La bambina mangia dopo che venga buttato via l'insetto.,La bambina mangia prima che venga buttato via l'insetto.,La bambina mangia dopo che venga buttato via l'insetto.,La bambina mangia prima che venga buttato via l'insetto.,0,gemma,video_audio,0,0,1,correct,
video056_temporale_02,video056,video056.mp4,video056_temporale,2,temporale,La bambina mangia prima o dopo che venga buttato via l'insetto?,La bambina mangia dopo che venga buttato via l'insetto.,La bambina mangia prima che venga buttato via l'insetto.,La bambina mangia dopo che venga buttato via l'insetto.,La bambina mangia prima che venga buttato via l'insetto.,0,gemma,video_audio,0,0,1,correct,
video056_temporale_03,video056,video056.mp4,video056_temporale,3,temporale,La bambina mangia prima o dopo che venga buttato via l'insetto?,La bambina mangia a tavola dopo che l'insetto è stato raccolto nel tovagliolo.,La bambina mangia a tavola prima che l'insetto sia stato raccolto nel tovagliolo.,La bambina mangia a tavola prima che l'insetto sia stato raccolto nel tovagliolo.,La bambina mangia a tavola dopo che l'insetto è stato raccolto nel tovagliolo.,1,gemma,video_audio,1,1,1,correct,
video056_temporale_04,video056,video056.mp4,video056_temporale,4,temporale,La bambina mangia prima o dopo che venga buttato via l'insetto?,La bambina mangia a tavola dopo che l'insetto venga messo nel tovagliolo.,La bambina mangia a tavola prima che l'insetto venga messo nel tovagliolo.,La bambina mangia a tavola dopo che l'insetto venga messo nel tovagliolo.,La bambina mangia a tavola prima che l'insetto venga messo nel tovagliolo.,0,gemma,video_audio,0,0,1,correct,
video057_causale_01,video057,video057.mp4,video057_causale,1,causale,Perché la donna fuori campo dice che c'è un profumo buonissimo?,La donna fuori campo dice che c'è un profumo buonissimo per le cozze che ha preso il padre.,La donna fuori campo dice che c'è un profumo buonissimo per il vino che ha preso il padre.,La donna fuori campo dice che c'è un profumo buonissimo per il vino che ha preso il padre.,La donna fuori campo dice che c'è un profumo buonissimo per le cozze che ha preso il padre.,1,gemma,video_audio,1,1,1,correct,
video057_causale_02,video057,video057.mp4,video057_causale,2,causale,Perché la donna fuori campo dice che c'è un profumo buonissimo?,"Dal video non si può desumere un profumo, quindi non è chiaro perché la donna fuori campo lo dica.","Dal video non si può desumere un profumo, quindi è chiaro che la donna fuori campo lo dica solo per creare suspense.","Dal video non si può desumere un profumo, quindi è chiaro che la donna fuori campo lo dica solo per creare suspense.","Dal video non si può desumere un profumo, quindi non è chiaro perché la donna fuori campo lo dica.",1,gemma,video_audio,0,0,0,wrong,
video057_causale_03,video057,video057.mp4,video057_causale,3,causale,Perché la donna fuori campo dice che c'è un profumo buonissimo?,"La donna fuori campo dice che c'è un profumo buonissimo perché qualcuno ha preso le cozze e viene detto che hanno un buon odore, anche se dal video il profumo non può essere verificato direttamente.","La donna fuori campo dice che c'è un profumo buonissimo perché qualcuno ha cucinato delle erbe aromatiche, anche se dal video il profumo non può essere verificato direttamente.","La donna fuori campo dice che c'è un profumo buonissimo perché qualcuno ha cucinato delle erbe aromatiche, anche se dal video il profumo non può essere verificato direttamente.","La donna fuori campo dice che c'è un profumo buonissimo perché qualcuno ha preso le cozze e viene detto che hanno un buon odore, anche se dal video il profumo non può essere verificato direttamente.",1,gemma,video_audio,1,1,1,correct,
video057_causale_04,video057,video057.mp4,video057_causale,4,causale,Perché la donna fuori campo dice che c'è un profumo buonissimo?,La donna fuori campo dice che c'è un profumo buonissimo perché qualcuno ha preso le cozze che fanno un buon odore.,La donna fuori campo dice che c'è un profumo buonissimo perché qualcuno ha preso dei fiori che fanno un buon odore.,La donna fuori campo dice che c'è un profumo buonissimo perché qualcuno ha preso dei fiori che fanno un buon odore.,La donna fuori campo dice che c'è un profumo buonissimo perché qualcuno ha preso le cozze che fanno un buon odore.,1,gemma,video_audio,1,1,1,correct,
video057_spaziale_01,video057,video057.mp4,video057_spaziale,1,spaziale,I 'malloreddus alla campidanese' sono nel piatto di Anastasia o in quello di un'altra bambina?,I 'malloreddus alla campidanese' sono nel piatto di Vanessa.,I 'malloreddus alla campidanese' sono nel piatto di Marco.,I 'malloreddus alla campidanese' sono nel piatto di Marco.,I 'malloreddus alla campidanese' sono nel piatto di Vanessa.,1,gemma,video_audio,1,1,1,correct,
video057_spaziale_02,video057,video057.mp4,video057_spaziale,2,spaziale,I 'malloreddus alla campidanese' sono nel piatto di Anastasia o in quello di un'altra bambina?,"I ""malloreddus alla campidanese"" sono nel piatto di un'altra bambina.","I ""malloreddus alla campidanese"" sono nel piatto di un altro bambino.","I ""malloreddus alla campidanese"" sono nel piatto di un altro bambino.","I ""malloreddus alla campidanese"" sono nel piatto di un'altra bambina.",1,gemma,video_audio,1,1,1,correct,
video057_spaziale_03,video057,video057.mp4,video057_spaziale,3,spaziale,I 'malloreddus alla campidanese' sono nel piatto di Anastasia o in quello di un'altra bambina?,"Nel video i 'malloreddus alla campidanese' sono nel piatto dell'altra bambina, mentre Anastasia ha il piatto con la pizza davanti a lei.","Nel video i 'malloreddus alla campidanese' sono nel piatto di Anastasia, mentre l'altra bambina ha il piatto con la pizza davanti a lei.","Nel video i 'malloreddus alla campidanese' sono nel piatto di Anastasia, mentre l'altra bambina ha il piatto con la pizza davanti a lei.","Nel video i 'malloreddus alla campidanese' sono nel piatto dell'altra bambina, mentre Anastasia ha il piatto con la pizza davanti a lei.",1,gemma,video_audio,1,1,1,correct,
video057_spaziale_04,video057,video057.mp4,video057_spaziale,4,spaziale,I 'malloreddus alla campidanese' sono nel piatto di Anastasia o in quello di un'altra bambina?,"I 'malloreddus alla campidanese' sono nel piatto dell'altra bambina, mentre Anastasia ha davanti a sé un piatto di pizza.","I 'malloreddus alla campidanese' sono nel piatto dell'altra bambina, mentre Anastasia ha davanti a sé una ciotola di insalata.","I 'malloreddus alla campidanese' sono nel piatto dell'altra bambina, mentre Anastasia ha davanti a sé un piatto di pizza.","I 'malloreddus alla campidanese' sono nel piatto dell'altra bambina, mentre Anastasia ha davanti a sé una ciotola di insalata.",0,gemma,video_audio,0,0,1,correct,
video057_temporale_01,video057,video057.mp4,video057_temporale,1,temporale,Anastasia inizia a masticare dopo che la voce le chiede se è buona o stava già masticando?,Anastasia stava già masticando quando la voce le ha chiesto se è buona.,Anastasia ha iniziato a masticare dopo che la voce le ha chiesto se è buona.,Anastasia ha iniziato a masticare dopo che la voce le ha chiesto se è buona.,Anastasia stava già masticando quando la voce le ha chiesto se è buona.,1,gemma,video_audio,1,1,1,correct,
video057_temporale_02,video057,video057.mp4,video057_temporale,2,temporale,Anastasia inizia a masticare dopo che la voce le chiede se è buona o stava già masticando?,Anastasia stava già masticando quando la voce le chiede se è buona.,Anastasia ha iniziato a masticare dopo che la voce le chiede se è buona.,Anastasia ha iniziato a masticare dopo che la voce le chiede se è buona.,Anastasia stava già masticando quando la voce le chiede se è buona.,1,gemma,video_audio,1,1,1,correct,
video057_temporale_03,video057,video057.mp4,video057_temporale,3,temporale,Anastasia inizia a masticare dopo che la voce le chiede se è buona o stava già masticando?,Anastasia stava già masticando quando la voce le ha chiesto se è buona.,Anastasia ha iniziato a masticare dopo che la voce le ha chiesto se è buona.,Anastasia stava già masticando quando la voce le ha chiesto se è buona.,Anastasia ha iniziato a masticare dopo che la voce le ha chiesto se è buona.,0,gemma,video_audio,0,0,1,correct,
video057_temporale_04,video057,video057.mp4,video057_temporale,4,temporale,Anastasia inizia a masticare dopo che la voce le chiede se è buona o stava già masticando?,Anastasia stava già masticando prima che la voce le chiedesse se è buona.,Anastasia stava già masticando dopo che la voce le ha chiesto se è buona.,Anastasia stava già masticando prima che la voce le chiedesse se è buona.,Anastasia stava già masticando dopo che la voce le ha chiesto se è buona.,0,gemma,video_audio,0,0,1,correct,
video058_causale_01,video058,video058.mp4,video058_causale,1,causale,Perché la donna crede che la bambina abbia preso un pugno?,"La donna crede che la bambina abbia preso un pugno perché è rossa nel viso, come un livido.","La donna crede che la bambina abbia preso un pugno perché è rossa nel viso, dopo essersi sforzata di ridere.","La donna crede che la bambina abbia preso un pugno perché è rossa nel viso, come un livido.","La donna crede che la bambina abbia preso un pugno perché è rossa nel viso, dopo essersi sforzata di ridere.",0,gemma,video_audio,1,1,0,wrong,
video058_causale_02,video058,video058.mp4,video058_causale,2,causale,Perché la donna crede che la bambina abbia preso un pugno?,La donna crede che la bambina abbia preso un pugno perché ha una macchia in faccia.,La donna crede che la bambina abbia preso un pugno perché si è messa a piangere improvvisamente.,La donna crede che la bambina abbia preso un pugno perché si è messa a piangere improvvisamente.,La donna crede che la bambina abbia preso un pugno perché ha una macchia in faccia.,1,gemma,video_audio,0,0,0,wrong,
video058_causale_03,video058,video058.mp4,video058_causale,3,causale,Perché la donna crede che la bambina abbia preso un pugno?,La donna crede che la bambina abbia preso un pugno perché sulla guancia presenta una macchia che appare simile a un livido.,La donna crede che la bambina abbia preso un pugno perché la sua amica l'ha vista cadere mentre giocava.,La donna crede che la bambina abbia preso un pugno perché sulla guancia presenta una macchia che appare simile a un livido.,La donna crede che la bambina abbia preso un pugno perché la sua amica l'ha vista cadere mentre giocava.,0,gemma,video_audio,0,0,1,correct,
video058_causale_04,video058,video058.mp4,video058_causale,4,causale,Perché la donna crede che la bambina abbia preso un pugno?,La donna crede che la bambina abbia preso un pugno perché ha una macchia sulla guancia che sembra un livido.,La donna crede che la bambina abbia preso un pugno perché ha il labbro gonfio.,La donna crede che la bambina abbia preso un pugno perché ha il labbro gonfio.,La donna crede che la bambina abbia preso un pugno perché ha una macchia sulla guancia che sembra un livido.,1,gemma,video_audio,0,0,0,wrong,
video058_spaziale_01,video058,video058.mp4,video058_spaziale,1,spaziale,Dove si trova la macchia che sembra un livido?,La macchia che sembra un livido si trova sulla guancia e sugli zigomi.,La macchia che sembra un livido si trova sul mento e sul naso.,La macchia che sembra un livido si trova sul mento e sul naso.,La macchia che sembra un livido si trova sulla guancia e sugli zigomi.,1,gemma,video_audio,0,0,0,wrong,
video058_spaziale_02,video058,video058.mp4,video058_spaziale,2,spaziale,Dove si trova la macchia che sembra un livido?,La macchia che sembra un livido si trova in faccia.,La macchia che sembra un livido si trova sulla gamba.,La macchia che sembra un livido si trova in faccia.,La macchia che sembra un livido si trova sulla gamba.,0,gemma,video_audio,0,0,1,correct,
video058_spaziale_03,video058,video058.mp4,video058_spaziale,3,spaziale,Dove si trova la macchia che sembra un livido?,"La macchia che sembra un livido si trova sul volto della bambina, in particolare sulla guancia.","La macchia che sembra un livido si trova sul volto della bambina, in particolare sulla fronte.","La macchia che sembra un livido si trova sul volto della bambina, in particolare sulla fronte.","La macchia che sembra un livido si trova sul volto della bambina, in particolare sulla guancia.",1,gemma,video_audio,0,0,0,wrong,
video058_spaziale_04,video058,video058.mp4,video058_spaziale,4,spaziale,Dove si trova la macchia che sembra un livido?,La macchia che sembra un livido si trova sulla faccia della bambina.,La macchia che sembra un livido si trova sul braccio della bambina.,La macchia che sembra un livido si trova sulla faccia della bambina.,La macchia che sembra un livido si trova sul braccio della bambina.,0,gemma,video_audio,0,0,1,correct,
video058_temporale_01,video058,video058.mp4,video058_temporale,1,temporale,Anastasia fa un balletto mentre è sul treno o dopo che è scesa?,Anastasia fa un balletto mentre è sul treno.,Anastasia fa un balletto dopo essere scesa dal treno.,Anastasia fa un balletto mentre è sul treno.,Anastasia fa un balletto dopo essere scesa dal treno.,0,gemma,video_audio,0,0,1,correct,
video058_temporale_02,video058,video058.mp4,video058_temporale,2,temporale,Anastasia fa un balletto mentre è sul treno o dopo che è scesa?,Nel video Anastasia fa un balletto mentre è in treno.,Nel video Anastasia fa un balletto dopo essere scesa dal treno.,Nel video Anastasia fa un balletto dopo essere scesa dal treno.,Nel video Anastasia fa un balletto mentre è in treno.,1,gemma,video_audio,1,1,1,correct,
video058_temporale_03,video058,video058.mp4,video058_temporale,3,temporale,Anastasia fa un balletto mentre è sul treno o dopo che è scesa?,Anastasia esegue un balletto durante il viaggio in treno.,Anastasia esegue un balletto dopo il viaggio in treno.,Anastasia esegue un balletto dopo il viaggio in treno.,Anastasia esegue un balletto durante il viaggio in treno.,1,gemma,video_audio,1,1,1,correct,
video058_temporale_04,video058,video058.mp4,video058_temporale,4,temporale,Anastasia fa un balletto mentre è sul treno o dopo che è scesa?,Anastasia fa un balletto mentre è sul treno.,Anastasia fa un balletto dopo essere scesa dal treno.,Anastasia fa un balletto dopo essere scesa dal treno.,Anastasia fa un balletto mentre è sul treno.,1,gemma,video_audio,1,1,1,correct,
video059_causale_01,video059,video059.mp4,video059_causale,1,causale,Perché la bambina con la canottiera verde/azzurra sorride?,La bambina con la canottiera verde/azzurra sorride perché la gondola rolla.,La bambina con la canottiera verde/azzurra sorride perché il sole splende.,La bambina con la canottiera verde/azzurra sorride perché la gondola rolla.,La bambina con la canottiera verde/azzurra sorride perché il sole splende.,0,gemma,video_audio,0,0,1,correct,
video059_causale_02,video059,video059.mp4,video059_causale,2,causale,Perché la bambina con la canottiera verde/azzurra sorride?,La bambina con la canottiera verde/azzurra sorride perché si sta rilassando.,La bambina con la canottiera verde/azzurra sorride perché le hanno raccontato una barzelletta.,La bambina con la canottiera verde/azzurra sorride perché si sta rilassando.,La bambina con la canottiera verde/azzurra sorride perché le hanno raccontato una barzelletta.,0,gemma,video_audio,0,0,1,correct,
video059_causale_03,video059,video059.mp4,video059_causale,3,causale,Perché la bambina con la canottiera verde/azzurra sorride?,La bambina con la canottiera verde/azzurra sorride perché si sta rilassando ed è felice di vivere per la prima volta l'esperienza della gondola.,La bambina con la canottiera verde/azzurra sorride perché ha visto qualcosa di divertente lungo il percorso in gondola.,La bambina con la canottiera verde/azzurra sorride perché si sta rilassando ed è felice di vivere per la prima volta l'esperienza della gondola.,La bambina con la canottiera verde/azzurra sorride perché ha visto qualcosa di divertente lungo il percorso in gondola.,0,gemma,video_audio,0,0,1,correct,
video059_causale_04,video059,video059.mp4,video059_causale,4,causale,Perché la bambina con la canottiera verde/azzurra sorride?,La bambina con la canottiera verde/azzurra sorride perché è felice di essere andata in gondola per la prima volta.,La bambina con la canottiera verde/azzurra sorride perché ha visto un bel tramonto.,La bambina con la canottiera verde/azzurra sorride perché ha visto un bel tramonto.,La bambina con la canottiera verde/azzurra sorride perché è felice di essere andata in gondola per la prima volta.,1,gemma,video_audio,1,1,1,correct,
video059_spaziale_01,video059,video059.mp4,video059_spaziale,1,spaziale,Dove sono seduti?,Sono seduti sulle poltroncine della gondola.,Sono seduti sulla terrazza del ristorante.,Sono seduti sulle poltroncine della gondola.,Sono seduti sulla terrazza del ristorante.,0,gemma,video_audio,0,0,1,correct,
video059_spaziale_02,video059,video059.mp4,video059_spaziale,2,spaziale,Dove sono seduti?,Sono seduti in gondola.,Sono seduti in un giardino.,Sono seduti in gondola.,Sono seduti in un giardino.,0,gemma,video_audio,0,0,1,correct,
video059_spaziale_03,video059,video059.mp4,video059_spaziale,3,spaziale,Dove sono seduti?,Sono seduti su una gondola lungo un canale di Venezia.,Sono seduti su una barca in un lago di montagna.,Sono seduti su una barca in un lago di montagna.,Sono seduti su una gondola lungo un canale di Venezia.,1,gemma,video_audio,1,1,1,correct,
video059_spaziale_04,video059,video059.mp4,video059_spaziale,4,spaziale,Dove sono seduti?,Sono seduti sulla gondola nel canale a Venezia.,Sono seduti su una panchina nel parco a Venezia.,Sono seduti sulla gondola nel canale a Venezia.,Sono seduti su una panchina nel parco a Venezia.,0,gemma,video_audio,0,0,1,correct,
video059_temporale_01,video059,video059.mp4,video059_temporale,1,temporale,"La bambina dice prima che, quando sono saliti, la gondola dondolava oppure che è rilassante?","La bambina dice prima che, quando sono saliti, la gondola dondolava.","La bambina dice che, dopo essere scesi, la gondola dondolava.","La bambina dice prima che, quando sono saliti, la gondola dondolava.","La bambina dice che, dopo essere scesi, la gondola dondolava.",0,gemma,video_audio,0,0,1,correct,
video059_temporale_02,video059,video059.mp4,video059_temporale,2,temporale,"La bambina dice prima che, quando sono saliti, la gondola dondolava oppure che è rilassante?","La bambina dice prima che, quando sono saliti, la gondola dondolava.","La bambina dice prima che, quando sono scesi, la gondola dondolava.","La bambina dice prima che, quando sono saliti, la gondola dondolava.","La bambina dice prima che, quando sono scesi, la gondola dondolava.",0,gemma,video_audio,0,0,1,correct,
video059_temporale_03,video059,video059.mp4,video059_temporale,3,temporale,"La bambina dice prima che, quando sono saliti, la gondola dondolava oppure che è rilassante?","Durante il giro, la bambina commenta che andare in gondola è rilassante dopo aver spiegato come sono saliti.","Dopo il giro, la bambina commenta che andare in gondola è rilassante dopo aver spiegato come sono saliti.","Durante il giro, la bambina commenta che andare in gondola è rilassante dopo aver spiegato come sono saliti.","Dopo il giro, la bambina commenta che andare in gondola è rilassante dopo aver spiegato come sono saliti.",0,gemma,video_audio,0,0,1,correct,
video059_temporale_04,video059,video059.mp4,video059_temporale,4,temporale,"La bambina dice prima che, quando sono saliti, la gondola dondolava oppure che è rilassante?",La bambina dice che andare in gondola è rilassante dopo aver spiegato come sono saliti.,La bambina dice che andare in gondola è rilassante prima di spiegare come sono saliti.,La bambina dice che andare in gondola è rilassante prima di spiegare come sono saliti.,La bambina dice che andare in gondola è rilassante dopo aver spiegato come sono saliti.,1,gemma,video_audio,1,1,1,correct,
video060_causale_01,video060,video060.mp4,video060_causale,1,causale,"Perché, dopo che la bambina tocca l'asciugamano, la sabbia le si attacca alla mano?",La sabbia si attacca alla mano della bambina perché è sempre bagnata.,La sabbia si attacca alla mano della bambina perché è arrugginita.,La sabbia si attacca alla mano della bambina perché è arrugginita.,La sabbia si attacca alla mano della bambina perché è sempre bagnata.,1,gemma,video_audio,1,1,1,correct,
video060_causale_02,video060,video060.mp4,video060_causale,2,causale,"Perché, dopo che la bambina tocca l'asciugamano, la sabbia le si attacca alla mano?",La sabbia si attacca alla mano della bambina perché ha le mani ancora bagnate.,La sabbia si attacca alla mano della bambina perché è molto ventoso.,La sabbia si attacca alla mano della bambina perché è molto ventoso.,La sabbia si attacca alla mano della bambina perché ha le mani ancora bagnate.,1,gemma,video_audio,1,1,1,correct,
video060_causale_03,video060,video060.mp4,video060_causale,3,causale,"Perché, dopo che la bambina tocca l'asciugamano, la sabbia le si attacca alla mano?","La sabbia si attacca alla mano della bambina perché, non essendosi asciugata bene, la pelle resta umida.",La sabbia si attacca alla mano della bambina perché ha usato della colla.,"La sabbia si attacca alla mano della bambina perché, non essendosi asciugata bene, la pelle resta umida.",La sabbia si attacca alla mano della bambina perché ha usato della colla.,0,gemma,video_audio,0,0,1,correct,
video060_causale_04,video060,video060.mp4,video060_causale,4,causale,"Perché, dopo che la bambina tocca l'asciugamano, la sabbia le si attacca alla mano?",La sabbia si attacca alla mano perché la bambina non si è asciugata bene ed è rimasta umida.,La sabbia si attacca alla mano perché la bambina ci ha messo della colla.,La sabbia si attacca alla mano perché la bambina ci ha messo della colla.,La sabbia si attacca alla mano perché la bambina non si è asciugata bene ed è rimasta umida.,1,gemma,video_audio,1,1,1,correct,
video060_spaziale_01,video060,video060.mp4,video060_spaziale,1,spaziale,Dove si attacca la sabbia alla bambina dopo essersi asciugata?,"Dopo essersi asciugata, la sabbia si attacca sul piede della bambina.","Dopo essersi asciugata, l'acqua si attacca sul piede della bambina.","Dopo essersi asciugata, l'acqua si attacca sul piede della bambina.","Dopo essersi asciugata, la sabbia si attacca sul piede della bambina.",1,gemma,video_audio,1,1,1,correct,
video060_spaziale_02,video060,video060.mp4,video060_spaziale,2,spaziale,Dove si attacca la sabbia alla bambina dopo essersi asciugata?,"Dopo essersi asciugata, la sabbia si attacca ai piedi della bambina.","Dopo essersi asciugata, la sabbia si attacca alle mani della bambina.","Dopo essersi asciugata, la sabbia si attacca alle mani della bambina.","Dopo essersi asciugata, la sabbia si attacca ai piedi della bambina.",1,gemma,video_audio,0,0,0,wrong,
video060_spaziale_03,video060,video060.mp4,video060_spaziale,3,spaziale,Dove si attacca la sabbia alla bambina dopo essersi asciugata?,"La sabbia si attacca alla mano e al piede della bambina, soprattutto nella zona dei piedi.","La sabbia si attacca alla mano e al piede della bambina, soprattutto nella zona delle mani.","La sabbia si attacca alla mano e al piede della bambina, soprattutto nella zona dei piedi.","La sabbia si attacca alla mano e al piede della bambina, soprattutto nella zona delle mani.",0,gemma,video_audio,0,0,1,correct,
video060_spaziale_04,video060,video060.mp4,video060_spaziale,4,spaziale,Dove si attacca la sabbia alla bambina dopo essersi asciugata?,"Dopo essersi asciugata, la sabbia si attacca alla mano e sul piede della bambina.","Dopo essersi asciugata, la sabbia si attacca alla mano e sul braccio della bambina.","Dopo essersi asciugata, la sabbia si attacca alla mano e sul braccio della bambina.","Dopo essersi asciugata, la sabbia si attacca alla mano e sul piede della bambina.",1,gemma,video_audio,1,1,1,correct,
video060_temporale_01,video060,video060.mp4,video060_temporale,1,temporale,La bambina indica col dito la sabbia prima o dopo che le si è attaccata alla mano?,La bambina indica col dito la sabbia prima che le si attacchi alla mano.,La bambina indica col dito la sabbia dopo che le si è attaccata alla mano.,La bambina indica col dito la sabbia dopo che le si è attaccata alla mano.,La bambina indica col dito la sabbia prima che le si attacchi alla mano.,1,gemma,video_audio,1,1,1,correct,
video060_temporale_02,video060,video060.mp4,video060_temporale,2,temporale,La bambina indica col dito la sabbia prima o dopo che le si è attaccata alla mano?,La bambina indica col dito la sabbia dopo che le si è attaccata alla mano.,La bambina indica col dito la sabbia prima che le si attacchi alla mano.,La bambina indica col dito la sabbia prima che le si attacchi alla mano.,La bambina indica col dito la sabbia dopo che le si è attaccata alla mano.,1,gemma,video_audio,0,0,0,wrong,
video060_temporale_03,video060,video060.mp4,video060_temporale,3,temporale,La bambina indica col dito la sabbia prima o dopo che le si è attaccata alla mano?,"La bambina indica col dito la sabbia in precedenza, mentre corre per asciugarsi le mani.","La bambina corre per asciugarsi le mani, mentre in seguito indica col dito la sabbia.","La bambina indica col dito la sabbia in precedenza, mentre corre per asciugarsi le mani.","La bambina corre per asciugarsi le mani, mentre in seguito indica col dito la sabbia.",0,gemma,video_audio,1,1,0,wrong,
video060_temporale_04,video060,video060.mp4,video060_temporale,4,temporale,La bambina indica col dito la sabbia prima o dopo che le si è attaccata alla mano?,"La bambina indica col dito la sabbia prima, mentre corre per asciugarsi le mani.","La bambina indica col dito la sabbia dopo, mentre corre per asciugarsi le mani.","La bambina indica col dito la sabbia dopo, mentre corre per asciugarsi le mani.","La bambina indica col dito la sabbia prima, mentre corre per asciugarsi le mani.",1,gemma,video_audio,1,1,1,correct,
video061_causale_01,video061,video061.mp4,video061_causale,1,causale,Perché la mamma rimprovera le bambine?,La mamma rimprovera le bambine perché hanno rotto lo schermo di un iPhone 13 Pro.,La mamma rimprovera le bambine perché non hanno finito i compiti.,La mamma rimprovera le bambine perché hanno rotto lo schermo di un iPhone 13 Pro.,La mamma rimprovera le bambine perché non hanno finito i compiti.,0,gemma,video_audio,0,0,1,correct,
video061_causale_02,video061,video061.mp4,video061_causale,2,causale,Perché la mamma rimprovera le bambine?,La mamma rimprovera le bambine perchè si è rotto il telefono.,La mamma rimprovera le bambine perchè hanno urtato il tavolo.,La mamma rimprovera le bambine perchè hanno urtato il tavolo.,La mamma rimprovera le bambine perchè si è rotto il telefono.,1,gemma,video_audio,1,1,1,correct,
video061_causale_03,video061,video061.mp4,video061_causale,3,causale,Perché la mamma rimprovera le bambine?,La mamma rimprovera le bambine perché litigano per il telefono e durante la lite il dispositivo si rompe.,La mamma rimprovera le bambine perché litigano per il telefono e durante la lite la mamma si arrabbia.,La mamma rimprovera le bambine perché litigano per il telefono e durante la lite il dispositivo si rompe.,La mamma rimprovera le bambine perché litigano per il telefono e durante la lite la mamma si arrabbia.,0,gemma,video_audio,0,0,1,correct,
video061_causale_04,video061,video061.mp4,video061_causale,4,causale,Perché la mamma rimprovera le bambine?,La mamma rimprovera le bambine perché litigano per il telefono e lo rompono.,La mamma rimprovera le bambine perché non vogliono mangiare le verdure.,La mamma rimprovera le bambine perché litigano per il telefono e lo rompono.,La mamma rimprovera le bambine perché non vogliono mangiare le verdure.,0,gemma,video_audio,0,0,1,correct,
video061_spaziale_01,video061,video061.mp4,video061_spaziale,1,spaziale,Dove è caduto il telefono?,Il telefono è caduto in terrà rompendosi lo schermo.,Il telefono è caduto nel mare rompendosi lo schermo.,Il telefono è caduto nel mare rompendosi lo schermo.,Il telefono è caduto in terrà rompendosi lo schermo.,1,gemma,video_audio,1,1,1,correct,
video061_spaziale_02,video061,video061.mp4,video061_spaziale,2,spaziale,Dove è caduto il telefono?,Il telefono è caduto per terra.,Il telefono è caduto in acqua.,Il telefono è caduto in acqua.,Il telefono è caduto per terra.,1,gemma,video_audio,1,1,1,correct,
video061_spaziale_03,video061,video061.mp4,video061_spaziale,3,spaziale,Dove è caduto il telefono?,"Il telefono è caduto a terra, davanti al divano.","Il telefono è caduto a terra, dietro al divano.","Il telefono è caduto a terra, davanti al divano.","Il telefono è caduto a terra, dietro al divano.",0,gemma,video_audio,0,0,1,correct,
video061_spaziale_04,video061,video061.mp4,video061_spaziale,4,spaziale,Dove è caduto il telefono?,Il telefono è caduto davanti al divano.,Il telefono è caduto dietro al divano.,Il telefono è caduto davanti al divano.,Il telefono è caduto dietro al divano.,0,gemma,video_audio,0,0,1,correct,
video061_temporale_01,video061,video061.mp4,video061_temporale,1,temporale,Il telefono cade a terra prima che la donna entri nella stanza o dopo?,Il telefono cade a terra dopo che la donna entra nella stanza.,Il telefono cade a terra prima che la donna entri nella stanza.,Il telefono cade a terra dopo che la donna entra nella stanza.,Il telefono cade a terra prima che la donna entri nella stanza.,0,gemma,video_audio,1,1,0,wrong,
video061_temporale_02,video061,video061.mp4,video061_temporale,2,temporale,Il telefono cade a terra prima che la donna entri nella stanza o dopo?,Il telefono cade a terra dopo che la donna entra nella stanza.,Il telefono cade a terra prima che la donna entra nella stanza.,Il telefono cade a terra prima che la donna entra nella stanza.,Il telefono cade a terra dopo che la donna entra nella stanza.,1,gemma,video_audio,1,1,1,correct,
video061_temporale_03,video061,video061.mp4,video061_temporale,3,temporale,Il telefono cade a terra prima che la donna entri nella stanza o dopo?,Il telefono cade a terra dopo che la donna entra nella stanza e vede le bambine litigare.,Il telefono cade a terra prima che la donna entra nella stanza e vede le bambine litigare.,Il telefono cade a terra dopo che la donna entra nella stanza e vede le bambine litigare.,Il telefono cade a terra prima che la donna entra nella stanza e vede le bambine litigare.,0,gemma,video_audio,1,1,0,wrong,
video061_temporale_04,video061,video061.mp4,video061_temporale,4,temporale,Il telefono cade a terra prima che la donna entri nella stanza o dopo?,Il telefono cade a terra dopo che la donna entra nella stanza e vede le bambine litigare.,Il telefono cade a terra mentre la donna entra nella stanza e vede le bambine litigare.,Il telefono cade a terra dopo che la donna entra nella stanza e vede le bambine litigare.,Il telefono cade a terra mentre la donna entra nella stanza e vede le bambine litigare.,0,gemma,video_audio,1,1,0,wrong,
video062_causale_01,video062,video062.mp4,video062_causale,1,causale,Perché la donna scarta la prima gonna?,La donna scarta la prima gonna perché non le piace.,La donna scarta la prima gonna perché è troppo grande.,La donna scarta la prima gonna perché non le piace.,La donna scarta la prima gonna perché è troppo grande.,0,gemma,video_audio,0,0,1,correct,
video062_causale_02,video062,video062.mp4,video062_causale,2,causale,Perché la donna scarta la prima gonna?,La donna scarta la prima gonna perché non va bene.,La donna scarta la prima gonna perché è troppo costosa.,La donna scarta la prima gonna perché non va bene.,La donna scarta la prima gonna perché è troppo costosa.,0,gemma,video_audio,0,0,1,correct,
video062_causale_03,video062,video062.mp4,video062_causale,3,causale,Perché la donna scarta la prima gonna?,La donna scarta la prima gonna perché quella provata non le convince e preferisce la seconda gonna vista sul bancone.,La donna scarta la prima gonna perché era troppo costosa e preferisce la seconda gonna vista sul bancone.,La donna scarta la prima gonna perché era troppo costosa e preferisce la seconda gonna vista sul bancone.,La donna scarta la prima gonna perché quella provata non le convince e preferisce la seconda gonna vista sul bancone.,1,gemma,video_audio,1,1,1,correct,
video062_causale_04,video062,video062.mp4,video062_causale,4,causale,Perché la donna scarta la prima gonna?,La donna scarta la prima gonna perché la seconda vista sul bancone le piaceva di più.,La donna scarta la prima gonna perché era troppo cara.,La donna scarta la prima gonna perché la seconda vista sul bancone le piaceva di più.,La donna scarta la prima gonna perché era troppo cara.,0,gemma,video_audio,0,0,1,correct,
video062_spaziale_01,video062,video062.mp4,video062_spaziale,1,spaziale,Dove appoggia la gonna la signora per controllare che le stia bene?,La signora appoggia la gonna sul bacino per controllare che le stia bene.,La signora appoggia la gonna sulla spalla per controllare che le stia bene.,La signora appoggia la gonna sul bacino per controllare che le stia bene.,La signora appoggia la gonna sulla spalla per controllare che le stia bene.,0,gemma,video_audio,0,0,1,correct,
video062_spaziale_02,video062,video062.mp4,video062_spaziale,2,spaziale,Dove appoggia la gonna la signora per controllare che le stia bene?,La signora appoggia la gonna sulla vita per controllare che le stia bene.,La signora appoggia la gonna sulle spalle per controllare che le stia bene.,La signora appoggia la gonna sulla vita per controllare che le stia bene.,La signora appoggia la gonna sulle spalle per controllare che le stia bene.,0,gemma,video_audio,0,0,1,correct,
video062_spaziale_03,video062,video062.mp4,video062_spaziale,3,spaziale,Dove appoggia la gonna la signora per controllare che le stia bene?,La signora appoggia la gonna sui fianchi e intorno alla vita per prendere le misure.,La signora appoggia la gonna sulle spalle e intorno al collo per prendere le misure.,La signora appoggia la gonna sui fianchi e intorno alla vita per prendere le misure.,La signora appoggia la gonna sulle spalle e intorno al collo per prendere le misure.,0,gemma,video_audio,0,0,1,correct,
video062_spaziale_04,video062,video062.mp4,video062_spaziale,4,spaziale,Dove appoggia la gonna la signora per controllare che le stia bene?,La signora appoggia la gonna sui fianchi per prendere le misure.,La signora appoggia la gonna sulle spalle per prendere le misure.,La signora appoggia la gonna sulle spalle per prendere le misure.,La signora appoggia la gonna sui fianchi per prendere le misure.,1,gemma,video_audio,1,1,1,correct,
video062_temporale_01,video062,video062.mp4,video062_temporale,1,temporale,"Dopo la gonna, la signora vuole vedere un'altra gonna o un pantalone?","Nel video, la signora vuole vedere le mutande dopo la gonna.","Nel video, la signora vuole vedere le mutande prima della gonna.","Nel video, la signora vuole vedere le mutande dopo la gonna.","Nel video, la signora vuole vedere le mutande prima della gonna.",0,gemma,video_audio,0,0,1,correct,
video062_temporale_02,video062,video062.mp4,video062_temporale,2,temporale,"Dopo la gonna, la signora vuole vedere un'altra gonna o un pantalone?",La signora vuole vedere un'altra gonna.,"Ieri, la signora voleva vedere un'altra gonna.","Ieri, la signora voleva vedere un'altra gonna.",La signora vuole vedere un'altra gonna.,1,gemma,video_audio,1,1,1,correct,
video062_temporale_03,video062,video062.mp4,video062_temporale,3,temporale,"Dopo la gonna, la signora vuole vedere un'altra gonna o un pantalone?",La signora vuole vedere un'altra gonna e anche una scatola di mutande.,La signora ha visto una gonna e una scatola di mutande poco fa.,La signora ha visto una gonna e una scatola di mutande poco fa.,La signora vuole vedere un'altra gonna e anche una scatola di mutande.,1,gemma,video_audio,1,1,1,correct,
video062_temporale_04,video062,video062.mp4,video062_temporale,4,temporale,"Dopo la gonna, la signora vuole vedere un'altra gonna o un pantalone?",La signora vuole vedere un'altra gonna e una scatola di mutande.,La signora voleva vedere un'altra gonna ieri e una scatola di mutande.,La signora vuole vedere un'altra gonna e una scatola di mutande.,La signora voleva vedere un'altra gonna ieri e una scatola di mutande.,0,gemma,video_audio,0,0,1,correct,
video063_causale_01,video063,video063.mp4,video063_causale,1,causale,Perché Gigi canta?,Gigi canta perché era il doppiatore del Genio della Lampada in Aladin.,Gigi canta perché il suo cantante preferito era il Genio della Lampada in Aladin.,Gigi canta perché il suo cantante preferito era il Genio della Lampada in Aladin.,Gigi canta perché era il doppiatore del Genio della Lampada in Aladin.,1,gemma,video_audio,1,1,1,correct,
video063_causale_02,video063,video063.mp4,video063_causale,2,causale,Perché Gigi canta?,Gigi canta su richiesta di una bambina.,Gigi canta su richiesta di un uomo anziano.,Gigi canta su richiesta di una bambina.,Gigi canta su richiesta di un uomo anziano.,0,gemma,video_audio,1,1,0,wrong,
video063_causale_03,video063,video063.mp4,video063_causale,3,causale,Perché Gigi canta?,Gigi canta perché una bambina gli chiede espressamente di imitare la voce del Genio di Aladdin.,Gigi canta perché vuole provare il nuovo microfono che ha appena comprato.,Gigi canta perché una bambina gli chiede espressamente di imitare la voce del Genio di Aladdin.,Gigi canta perché vuole provare il nuovo microfono che ha appena comprato.,0,gemma,video_audio,0,0,1,correct,
video063_causale_04,video063,video063.mp4,video063_causale,4,causale,Perché Gigi canta?,Gigi canta perché la bambina gli ha chiesto di fare la voce del genio di Aladdin.,Gigi canta perché sta partecipando a un concorso canoro.,Gigi canta perché sta partecipando a un concorso canoro.,Gigi canta perché la bambina gli ha chiesto di fare la voce del genio di Aladdin.,1,gemma,video_audio,1,1,1,correct,
video063_spaziale_01,video063,video063.mp4,video063_spaziale,1,spaziale,Dove si trova Gigi?,Gigi è a sedere su una sedia.,Gigi è a sedere su un divano.,Gigi è a sedere su un divano.,Gigi è a sedere su una sedia.,1,gemma,video_audio,1,1,1,correct,
video063_spaziale_02,video063,video063.mp4,video063_spaziale,2,spaziale,Dove si trova Gigi?,Gigi si trova a teatro.,Gigi si trova al parco.,Gigi si trova al parco.,Gigi si trova a teatro.,1,gemma,video_audio,1,1,1,correct,
video063_spaziale_03,video063,video063.mp4,video063_spaziale,3,spaziale,Dove si trova Gigi?,"Gigi si trova sul palco del teatro, accanto al conduttore.","Gigi si trova nel pubblico del teatro, lontano dal conduttore.","Gigi si trova sul palco del teatro, accanto al conduttore.","Gigi si trova nel pubblico del teatro, lontano dal conduttore.",0,gemma,video_audio,0,0,1,correct,
video063_spaziale_04,video063,video063.mp4,video063_spaziale,4,spaziale,Dove si trova Gigi?,Gigi si trova affianco al conduttore.,Gigi si trova di fronte al conduttore.,Gigi si trova affianco al conduttore.,Gigi si trova di fronte al conduttore.,0,gemma,video_audio,1,1,0,wrong,
video063_temporale_01,video063,video063.mp4,video063_temporale,1,temporale,Gigi inizia a cantare prima o dopo che la bambina parli?,Gigi inizia a cantare dopo che la bambina parla.,Gigi inizia a cantare prima che la bambina parla.,Gigi inizia a cantare prima che la bambina parla.,Gigi inizia a cantare dopo che la bambina parla.,1,gemma,video_audio,1,1,1,correct,
video063_temporale_02,video063,video063.mp4,video063_temporale,2,temporale,Gigi inizia a cantare prima o dopo che la bambina parli?,Gigi inizia a cantare dopo che la bambina parla.,Gigi inizia a cantare prima che la bambina parli.,Gigi inizia a cantare prima che la bambina parli.,Gigi inizia a cantare dopo che la bambina parla.,1,gemma,video_audio,0,0,0,wrong,
video063_temporale_03,video063,video063.mp4,video063_temporale,3,temporale,Gigi inizia a cantare prima o dopo che la bambina parli?,Gigi inizia a cantare successivamente alla domanda posta dalla bambina.,Gigi inizia a cantare prima della domanda posta dalla bambina.,Gigi inizia a cantare successivamente alla domanda posta dalla bambina.,Gigi inizia a cantare prima della domanda posta dalla bambina.,0,gemma,video_audio,0,0,1,correct,
video063_temporale_04,video063,video063.mp4,video063_temporale,4,temporale,Gigi inizia a cantare prima o dopo che la bambina parli?,Gigi inizia a cantare dopo che la bambina faccia la domanda.,Gigi inizia a cantare prima che la bambina faccia la domanda.,Gigi inizia a cantare dopo che la bambina faccia la domanda.,Gigi inizia a cantare prima che la bambina faccia la domanda.,0,gemma,video_audio,0,0,1,correct,
video064_causale_01,video064,video064.mp4,video064_causale,1,causale,Perché la ragazza sdraiata sul divano si agita?,La ragazza sdraiata sul divano si agita perché il cuscino non ci sta benissimo.,La ragazza sdraiata sul divano si agita perché ha ricevuto una telefonata inaspettata.,La ragazza sdraiata sul divano si agita perché il cuscino non ci sta benissimo.,La ragazza sdraiata sul divano si agita perché ha ricevuto una telefonata inaspettata.,0,gemma,video_audio,0,0,1,correct,
video064_causale_02,video064,video064.mp4,video064_causale,2,causale,Perché la ragazza sdraiata sul divano si agita?,Nel video non c'è nessuna ragazza sdraiata sul divano che si agita.,Nel video c'è una ragazza sdraiata sul divano che si agita.,Nel video c'è una ragazza sdraiata sul divano che si agita.,Nel video non c'è nessuna ragazza sdraiata sul divano che si agita.,1,gemma,video_audio,1,1,1,correct,
video064_causale_03,video064,video064.mp4,video064_causale,3,causale,Perché la ragazza sdraiata sul divano si agita?,La ragazza sdraiata sul divano si agita perché il cuscino non entra correttamente nel divano e questo la rende scomoda.,La ragazza sdraiata sul divano si agita perché la televisione è troppo rumorosa e questo la disturba.,La ragazza sdraiata sul divano si agita perché il cuscino non entra correttamente nel divano e questo la rende scomoda.,La ragazza sdraiata sul divano si agita perché la televisione è troppo rumorosa e questo la disturba.,0,gemma,video_audio,0,0,1,correct,
video064_causale_04,video064,video064.mp4,video064_causale,4,causale,Perché la ragazza sdraiata sul divano si agita?,La ragazza sdraiata sul divano si agita perché il cuscino non entra nel divano e lei sta scomoda.,La ragazza sdraiata sul divano si agita perché sta guardando un film spaventoso.,La ragazza sdraiata sul divano si agita perché il cuscino non entra nel divano e lei sta scomoda.,La ragazza sdraiata sul divano si agita perché sta guardando un film spaventoso.,0,gemma,video_audio,0,0,1,correct,
video064_spaziale_01,video064,video064.mp4,video064_spaziale,1,spaziale,Da dove viene il cuscino?,Il cuscino proviene da una camera del piano di sopra.,Il cuscino proviene da una camera del piano di sotto.,Il cuscino proviene da una camera del piano di sopra.,Il cuscino proviene da una camera del piano di sotto.,0,gemma,video_audio,0,0,1,correct,
video064_spaziale_02,video064,video064.mp4,video064_spaziale,2,spaziale,Da dove viene il cuscino?,Il cuscino viene dal piano di sopra.,Il cuscino viene dal piano di sotto.,Il cuscino viene dal piano di sotto.,Il cuscino viene dal piano di sopra.,1,gemma,video_audio,1,1,1,correct,
video064_spaziale_03,video064,video064.mp4,video064_spaziale,3,spaziale,Da dove viene il cuscino?,"Il cuscino viene dal piano superiore, sopra le scale.","Il cuscino viene dal piano inferiore, sotto le scale.","Il cuscino viene dal piano inferiore, sotto le scale.","Il cuscino viene dal piano superiore, sopra le scale.",1,gemma,video_audio,1,1,1,correct,
video064_spaziale_04,video064,video064.mp4,video064_spaziale,4,spaziale,Da dove viene il cuscino?,Il cuscino viene da sopra le scale.,Il cuscino viene da sotto le scale.,Il cuscino viene da sotto le scale.,Il cuscino viene da sopra le scale.,1,gemma,video_audio,1,1,1,correct,
video064_temporale_01,video064,video064.mp4,video064_temporale,1,temporale,Le due bambine sistemano il cuscino sul divano prima o dopo che la bambina con il pigiama rosa scenda le scale?,Le due bambine sistemano il cuscino sul divano dopo che la bambina con il pigiama rosa scende le scale.,Le due bambine sistemano il cuscino sul divano prima che la bambina con il pigiama rosa scenda le scale.,Le due bambine sistemano il cuscino sul divano dopo che la bambina con il pigiama rosa scende le scale.,Le due bambine sistemano il cuscino sul divano prima che la bambina con il pigiama rosa scenda le scale.,0,gemma,video_audio,0,0,1,correct,
video064_temporale_02,video064,video064.mp4,video064_temporale,2,temporale,Le due bambine sistemano il cuscino sul divano prima o dopo che la bambina con il pigiama rosa scenda le scale?,Le due bambine sistemano il cuscino sul divano dopo che la bambina con il pigiama rosa scende le scale.,Le due bambine sistemano il cuscino sul divano prima che la bambina con il pigiama rosa scenda le scale.,Le due bambine sistemano il cuscino sul divano dopo che la bambina con il pigiama rosa scende le scale.,Le due bambine sistemano il cuscino sul divano prima che la bambina con il pigiama rosa scenda le scale.,0,gemma,video_audio,0,0,1,correct,
video064_temporale_03,video064,video064.mp4,video064_temporale,3,temporale,Le due bambine sistemano il cuscino sul divano prima o dopo che la bambina con il pigiama rosa scenda le scale?,Le due bambine sistemano il cuscino sul divano in un momento successivo alla discesa della bambina con il pigiama rosa.,Le due bambine sistemano il cuscino sul divano contemporaneamente alla discesa della bambina con il pigiama rosa.,Le due bambine sistemano il cuscino sul divano contemporaneamente alla discesa della bambina con il pigiama rosa.,Le due bambine sistemano il cuscino sul divano in un momento successivo alla discesa della bambina con il pigiama rosa.,1,gemma,video_audio,1,1,1,correct,
video064_temporale_04,video064,video064.mp4,video064_temporale,4,temporale,Le due bambine sistemano il cuscino sul divano prima o dopo che la bambina con il pigiama rosa scenda le scale?,Le due bambine sistemano il cuscino sul divano dopo che la bambina con il pigiama rosa scende le scale.,Le due bambine sistemano il cuscino sul divano prima che la bambina con il pigiama rosa scenda le scale.,Le due bambine sistemano il cuscino sul divano dopo che la bambina con il pigiama rosa scende le scale.,Le due bambine sistemano il cuscino sul divano prima che la bambina con il pigiama rosa scenda le scale.,0,gemma,video_audio,0,0,1,correct,
video065_causale_01,video065,video065.mp4,video065_causale,1,causale,Perché il ragazzo con la giacca grigia riceve un premio?,Il ragazzo con la giacca grigia riceve un premio perché ha preso il massimo dei voti.,Il ragazzo con la giacca grigia riceve un premio perché ha vinto una competizione sportiva.,Il ragazzo con la giacca grigia riceve un premio perché ha vinto una competizione sportiva.,Il ragazzo con la giacca grigia riceve un premio perché ha preso il massimo dei voti.,1,gemma,video_audio,1,1,1,correct,
video065_causale_02,video065,video065.mp4,video065_causale,2,causale,Perché il ragazzo con la giacca grigia riceve un premio?,Il ragazzo con la giacca grigia riceve un premio perché è meritevole.,Il ragazzo con la giacca grigia riceve un premio perché è l'unico partecipante.,Il ragazzo con la giacca grigia riceve un premio perché è l'unico partecipante.,Il ragazzo con la giacca grigia riceve un premio perché è meritevole.,1,gemma,video_audio,1,1,1,correct,
video065_causale_03,video065,video065.mp4,video065_causale,3,causale,Perché il ragazzo con la giacca grigia riceve un premio?,"Il ragazzo con la giacca grigia riceve un premio perché è considerato meritevole, essendo uno degli studenti del Comune di Napoli diplomati con cento e lode.",Il ragazzo con la giacca grigia riceve un premio perché è il parente di un importante politico locale.,"Il ragazzo con la giacca grigia riceve un premio perché è considerato meritevole, essendo uno degli studenti del Comune di Napoli diplomati con cento e lode.",Il ragazzo con la giacca grigia riceve un premio perché è il parente di un importante politico locale.,0,gemma,video_audio,0,0,1,correct,
video065_causale_04,video065,video065.mp4,video065_causale,4,causale,Perché il ragazzo con la giacca grigia riceve un premio?,"Nel video, il ragazzo con la giacca grigia riceve un premio perché hanno preso 100 e lode al comune di Napoli, quindi si presume che lui abbia ottenuto 100 e lode alla maturità.","Nel video, il ragazzo con la giacca grigia riceve un premio perché ha vinto una gara di atletica, quindi si presume che lui sia un atleta di talento.","Nel video, il ragazzo con la giacca grigia riceve un premio perché ha vinto una gara di atletica, quindi si presume che lui sia un atleta di talento.","Nel video, il ragazzo con la giacca grigia riceve un premio perché hanno preso 100 e lode al comune di Napoli, quindi si presume che lui abbia ottenuto 100 e lode alla maturità.",1,gemma,video_audio,1,1,1,correct,
video065_spaziale_01,video065,video065.mp4,video065_spaziale,1,spaziale,Dove si svolge la premiazione?,La premiazione si svolge nella sala giunta di palazzo San Giacomo.,La premiazione si svolge nel cortile di palazzo San Giacomo.,La premiazione si svolge nella sala giunta di palazzo San Giacomo.,La premiazione si svolge nel cortile di palazzo San Giacomo.,0,gemma,video_audio,0,0,1,correct,
video065_spaziale_02,video065,video065.mp4,video065_spaziale,2,spaziale,Dove si svolge la premiazione?,La premiazione si svolge nella sala giunta di Palazzo San Giacomo.,La premiazione si svolge nell'auditorium di Palazzo San Giacomo.,La premiazione si svolge nella sala giunta di Palazzo San Giacomo.,La premiazione si svolge nell'auditorium di Palazzo San Giacomo.,0,gemma,video_audio,0,0,1,correct,
video065_spaziale_03,video065,video065.mp4,video065_spaziale,3,spaziale,Dove si svolge la premiazione?,"La premiazione si svolge nella sala della Giunta di Palazzo San Giacomo, all'interno di un edificio di Napoli.","La premiazione si svolge in un giardino pubblico, all'interno di un parco di Napoli.","La premiazione si svolge nella sala della Giunta di Palazzo San Giacomo, all'interno di un edificio di Napoli.","La premiazione si svolge in un giardino pubblico, all'interno di un parco di Napoli.",0,gemma,video_audio,0,0,1,correct,
video065_spaziale_04,video065,video065.mp4,video065_spaziale,4,spaziale,Dove si svolge la premiazione?,La premiazione si svolge in una sala in un palazzo a Napoli.,La premiazione si svolge in un giardino in un palazzo a Napoli.,La premiazione si svolge in una sala in un palazzo a Napoli.,La premiazione si svolge in un giardino in un palazzo a Napoli.,0,gemma,video_audio,0,0,1,correct,
video065_temporale_01,video065,video065.mp4,video065_temporale,1,temporale,I ragazzi che ricevono la premiazione hanno già conseguito il diploma di maturità o lo stanno ricevendo ora?,I ragazzi ricevono la premiazione dopo aver conseguito il diploma di maturità.,I ragazzi ricevono la premiazione prima di conseguire il diploma di maturità.,I ragazzi ricevono la premiazione prima di conseguire il diploma di maturità.,I ragazzi ricevono la premiazione dopo aver conseguito il diploma di maturità.,1,gemma,video_audio,1,1,1,correct,
video065_temporale_02,video065,video065.mp4,video065_temporale,2,temporale,I ragazzi che ricevono la premiazione hanno già conseguito il diploma di maturità o lo stanno ricevendo ora?,I ragazzi che ricevono la premiazione hanno già conseguito il diploma di maturità.,I ragazzi che ricevono la premiazione stanno per conseguire il diploma di maturità.,I ragazzi che ricevono la premiazione hanno già conseguito il diploma di maturità.,I ragazzi che ricevono la premiazione stanno per conseguire il diploma di maturità.,0,gemma,video_audio,0,0,1,correct,
video065_temporale_03,video065,video065.mp4,video065_temporale,3,temporale,I ragazzi che ricevono la premiazione hanno già conseguito il diploma di maturità o lo stanno ricevendo ora?,I ragazzi che ricevono la premiazione hanno già conseguito il diploma di maturità.,I ragazzi che ricevono la premiazione stanno per conseguire il diploma di maturità.,I ragazzi che ricevono la premiazione hanno già conseguito il diploma di maturità.,I ragazzi che ricevono la premiazione stanno per conseguire il diploma di maturità.,0,gemma,video_audio,0,0,1,correct,
video065_temporale_04,video065,video065.mp4,video065_temporale,4,temporale,I ragazzi che ricevono la premiazione hanno già conseguito il diploma di maturità o lo stanno ricevendo ora?,I ragazzi che ricevono la premiazione hanno già conseguito il diploma di maturità.,I ragazzi che ricevono la premiazione non hanno ancora conseguito il diploma di maturità.,I ragazzi che ricevono la premiazione non hanno ancora conseguito il diploma di maturità.,I ragazzi che ricevono la premiazione hanno già conseguito il diploma di maturità.,1,gemma,video_audio,1,1,1,correct,
video066_causale_01,video066,video066.mp4,video066_causale,1,causale,Perché Peppino chiede a Lietta di togliere il quadro?,Peppino chiede a Lietta di togliere il quadro perché il soggetto lo fissa sempre in diversi momenti del giorno.,Peppino chiede a Lietta di togliere il quadro perché i colori sono troppo vivaci.,Peppino chiede a Lietta di togliere il quadro perché il soggetto lo fissa sempre in diversi momenti del giorno.,Peppino chiede a Lietta di togliere il quadro perché i colori sono troppo vivaci.,0,gemma,video_audio,0,0,1,correct,
video066_causale_02,video066,video066.mp4,video066_causale,2,causale,Perché Peppino chiede a Lietta di togliere il quadro?,Peppino chiede a Lietta di togliere il quadro perché lo guarda sempre e gli sta sullo stomaco.,Peppino chiede a Lietta di togliere il quadro perché lo trova noioso e non gli piace.,Peppino chiede a Lietta di togliere il quadro perché lo trova noioso e non gli piace.,Peppino chiede a Lietta di togliere il quadro perché lo guarda sempre e gli sta sullo stomaco.,1,gemma,video_audio,1,1,1,correct,
video066_causale_03,video066,video066.mp4,video066_causale,3,causale,Perché Peppino chiede a Lietta di togliere il quadro?,Peppino chiede a Lietta di togliere il quadro perché lo mette a disagio: sente di essere osservato e l'espressione raffigurata lo inquieta e gli sta sullo stomaco.,Peppino chiede a Lietta di togliere il quadro perché è troppo grande e non c'è abbastanza spazio sulla parete.,Peppino chiede a Lietta di togliere il quadro perché è troppo grande e non c'è abbastanza spazio sulla parete.,Peppino chiede a Lietta di togliere il quadro perché lo mette a disagio: sente di essere osservato e l'espressione raffigurata lo inquieta e gli sta sullo stomaco.,1,gemma,video_audio,1,1,1,correct,
video066_causale_04,video066,video066.mp4,video066_causale,4,causale,Perché Peppino chiede a Lietta di togliere il quadro?,Peppino chiede a Lietta di togliere il quadro perché si sente osservato e inquietato dalla sua presenza e dalla sua espressione.,Peppino chiede a Lietta di togliere il quadro perché non gli piace il colore della cornice.,Peppino chiede a Lietta di togliere il quadro perché non gli piace il colore della cornice.,Peppino chiede a Lietta di togliere il quadro perché si sente osservato e inquietato dalla sua presenza e dalla sua espressione.,1,gemma,video_audio,1,1,1,correct,
video066_spaziale_01,video066,video066.mp4,video066_spaziale,1,spaziale,Dove si trova il quadro di Antonio?,Il quadro di Antonio si trova in un punto della casa dove si vede molto spesso.,Il quadro di Antonio si trova in una galleria d'arte fuori città.,Il quadro di Antonio si trova in una galleria d'arte fuori città.,Il quadro di Antonio si trova in un punto della casa dove si vede molto spesso.,1,gemma,video_audio,1,1,1,correct,
video066_spaziale_02,video066,video066.mp4,video066_spaziale,2,spaziale,Dove si trova il quadro di Antonio?,Il quadro di Antonio si trova sul muro.,Il quadro di Antonio si trova sul pavimento.,Il quadro di Antonio si trova sul muro.,Il quadro di Antonio si trova sul pavimento.,0,gemma,video_audio,0,0,1,correct,
video066_spaziale_03,video066,video066.mp4,video066_spaziale,3,spaziale,Dove si trova il quadro di Antonio?,"Il quadro di Antonio è appeso al muro, sopra le decorazioni.","Il quadro di Antonio è appeso al muro, sotto le decorazioni.","Il quadro di Antonio è appeso al muro, sotto le decorazioni.","Il quadro di Antonio è appeso al muro, sopra le decorazioni.",1,gemma,video_audio,1,1,1,correct,
video066_spaziale_04,video066,video066.mp4,video066_spaziale,4,spaziale,Dove si trova il quadro di Antonio?,Il quadro di Antonio si trova attaccato al muro sopra le decorazioni.,Il quadro di Antonio si trova appoggiato sul pavimento accanto alle decorazioni.,Il quadro di Antonio si trova appoggiato sul pavimento accanto alle decorazioni.,Il quadro di Antonio si trova attaccato al muro sopra le decorazioni.,1,gemma,video_audio,1,1,1,correct,
video066_temporale_01,video066,video066.mp4,video066_temporale,1,temporale,La donna dice che l'uomo ha una fissazione prima o dopo aver ricevuto il suo regalo?,La donna dice che l'uomo ha una fissazione dopo aver ricevuto il suo regalo.,La donna dice che l'uomo ha una fissazione prima di ricevere il suo regalo.,La donna dice che l'uomo ha una fissazione prima di ricevere il suo regalo.,La donna dice che l'uomo ha una fissazione dopo aver ricevuto il suo regalo.,1,gemma,video_audio,1,1,1,correct,
video066_temporale_02,video066,video066.mp4,video066_temporale,2,temporale,La donna dice che l'uomo ha una fissazione prima o dopo aver ricevuto il suo regalo?,La donna dice che l'uomo ha una fissazione dopo aver ricevuto il suo regalo.,La donna dice che l'uomo ha una fissazione prima di ricevere il suo regalo.,La donna dice che l'uomo ha una fissazione dopo aver ricevuto il suo regalo.,La donna dice che l'uomo ha una fissazione prima di ricevere il suo regalo.,0,gemma,video_audio,0,0,1,correct,
video066_temporale_03,video066,video066.mp4,video066_temporale,3,temporale,La donna dice che l'uomo ha una fissazione prima o dopo aver ricevuto il suo regalo?,Peppino consegna il regalo alla moglie prima di chiederle di togliere il quadro.,Peppino consegna il regalo alla moglie dopo averle chiesto di togliere il quadro.,Peppino consegna il regalo alla moglie dopo averle chiesto di togliere il quadro.,Peppino consegna il regalo alla moglie prima di chiederle di togliere il quadro.,1,gemma,video_audio,1,1,1,correct,
video066_temporale_04,video066,video066.mp4,video066_temporale,4,temporale,La donna dice che l'uomo ha una fissazione prima o dopo aver ricevuto il suo regalo?,Peppino consegna il regalo alla moglie prima di chiederle di tirare giù il quadro.,Peppino consegna il regalo alla moglie dopo averle chiesto di tirare giù il quadro.,Peppino consegna il regalo alla moglie prima di chiederle di tirare giù il quadro.,Peppino consegna il regalo alla moglie dopo averle chiesto di tirare giù il quadro.,0,gemma,video_audio,1,1,0,wrong,
video067_causale_01,video067,video067.mp4,video067_causale,1,causale,Perché l'uomo senza cappello continua a spostare le mani dell'uomo col cappello?,L'uomo senza cappello sposta le mani dell'uomo col cappello perché è infastidito da tale atteggiamento espansivo.,L'uomo senza cappello sposta le mani dell'uomo col cappello perché vuole attirare la sua attenzione.,L'uomo senza cappello sposta le mani dell'uomo col cappello perché vuole attirare la sua attenzione.,L'uomo senza cappello sposta le mani dell'uomo col cappello perché è infastidito da tale atteggiamento espansivo.,1,gemma,video_audio,1,1,1,correct,
video067_causale_02,video067,video067.mp4,video067_causale,2,causale,Perché l'uomo senza cappello continua a spostare le mani dell'uomo col cappello?,L'uomo continua a spostare le mani perché non vuole essere toccato.,L'uomo continua a spostare le mani perché ha prurito.,L'uomo continua a spostare le mani perché ha prurito.,L'uomo continua a spostare le mani perché non vuole essere toccato.,1,gemma,video_audio,1,1,1,correct,
video067_causale_03,video067,video067.mp4,video067_causale,3,causale,Perché l'uomo senza cappello continua a spostare le mani dell'uomo col cappello?,"L'uomo senza cappello continua a spostare le mani dell'uomo col cappello perché quest'ultimo dice chiaramente di non voler essere toccato né trattato con troppa confidenza, ma l'altro continua a importunarlo.",L'uomo senza cappello continua a spostare le mani dell'uomo col cappello perché quest'ultimo ride e lo incoraggia a farlo.,"L'uomo senza cappello continua a spostare le mani dell'uomo col cappello perché quest'ultimo dice chiaramente di non voler essere toccato né trattato con troppa confidenza, ma l'altro continua a importunarlo.",L'uomo senza cappello continua a spostare le mani dell'uomo col cappello perché quest'ultimo ride e lo incoraggia a farlo.,0,gemma,video_audio,0,0,1,correct,
video067_causale_04,video067,video067.mp4,video067_causale,4,causale,Perché l'uomo senza cappello continua a spostare le mani dell'uomo col cappello?,"Nel video l'uomo senza cappello continua a spostare le mani dell'uomo col cappello perché dice chiaramente che non gli piace essere toccato o dare troppa confidenza, ma l'uomo con il cappello continua ad importunarlo.","Nel video l'uomo senza cappello continua a spostare le mani dell'uomo col cappello perché sta cercando di attirare la sua attenzione, ma l'uomo con il cappello continua a ignorarlo.","Nel video l'uomo senza cappello continua a spostare le mani dell'uomo col cappello perché dice chiaramente che non gli piace essere toccato o dare troppa confidenza, ma l'uomo con il cappello continua ad importunarlo.","Nel video l'uomo senza cappello continua a spostare le mani dell'uomo col cappello perché sta cercando di attirare la sua attenzione, ma l'uomo con il cappello continua a ignorarlo.",0,gemma,video_audio,0,0,1,correct,
video067_spaziale_01,video067,video067.mp4,video067_spaziale,1,spaziale,Dove mette le mani l'uomo col cappello?,L'uomo col cappello mette le mani sulle braccia dell'altro uomo.,L'uomo col cappello mette le mani sulle spalle dell'altro uomo.,L'uomo col cappello mette le mani sulle spalle dell'altro uomo.,L'uomo col cappello mette le mani sulle braccia dell'altro uomo.,1,gemma,video_audio,1,1,1,correct,
video067_spaziale_02,video067,video067.mp4,video067_spaziale,2,spaziale,Dove mette le mani l'uomo col cappello?,L'uomo col cappello mette le mani addosso all'altro uomo.,L'uomo col cappello mette le mani sopra il tavolo.,L'uomo col cappello mette le mani addosso all'altro uomo.,L'uomo col cappello mette le mani sopra il tavolo.,0,gemma,video_audio,0,0,1,correct,
video067_spaziale_03,video067,video067.mp4,video067_spaziale,3,spaziale,Dove mette le mani l'uomo col cappello?,"L'uomo col cappello mette le mani sulla giacca e sulle mani dell'uomo con il completo grigio, quindi addosso a lui.","L'uomo col cappello mette le mani sulla giacca e sulle mani dell'uomo con il completo grigio, quindi al suo fianco.","L'uomo col cappello mette le mani sulla giacca e sulle mani dell'uomo con il completo grigio, quindi al suo fianco.","L'uomo col cappello mette le mani sulla giacca e sulle mani dell'uomo con il completo grigio, quindi addosso a lui.",1,gemma,video_audio,0,0,0,wrong,
video067_spaziale_04,video067,video067.mp4,video067_spaziale,4,spaziale,Dove mette le mani l'uomo col cappello?,L'uomo col cappello mette le mani sulla giacca e sulle mani dell'uomo con il completo grigio.,L'uomo col cappello mette le mani su un tavolo accanto all'uomo con il completo grigio.,L'uomo col cappello mette le mani su un tavolo accanto all'uomo con il completo grigio.,L'uomo col cappello mette le mani sulla giacca e sulle mani dell'uomo con il completo grigio.,1,gemma,video_audio,1,1,1,correct,
video067_temporale_01,video067,video067.mp4,video067_temporale,1,temporale,L'uomo con il cappello ride prima o dopo che l'uomo in grigio scansi le sue mani?,L'uomo con il cappello ride prima che l'uomo in grigio scansi le sue mani.,L'uomo con il cappello ride dopo che l'uomo in grigio scansi le sue mani.,L'uomo con il cappello ride dopo che l'uomo in grigio scansi le sue mani.,L'uomo con il cappello ride prima che l'uomo in grigio scansi le sue mani.,1,gemma,video_audio,1,1,1,correct,
video067_temporale_02,video067,video067.mp4,video067_temporale,2,temporale,L'uomo con il cappello ride prima o dopo che l'uomo in grigio scansi le sue mani?,L'uomo con il cappello ride dopo che l'uomo in grigio scansi le sue mani.,L'uomo con il cappello ride mentre l'uomo in grigio scansi le sue mani.,L'uomo con il cappello ride mentre l'uomo in grigio scansi le sue mani.,L'uomo con il cappello ride dopo che l'uomo in grigio scansi le sue mani.,1,gemma,video_audio,1,1,1,correct,
video067_temporale_03,video067,video067.mp4,video067_temporale,3,temporale,L'uomo con il cappello ride prima o dopo che l'uomo in grigio scansi le sue mani?,L'uomo con il cappello ride dopo aver iniziato a importunare l'altro uomo.,L'uomo con il cappello ride mentre inizia a importunare l'altro uomo.,L'uomo con il cappello ride mentre inizia a importunare l'altro uomo.,L'uomo con il cappello ride dopo aver iniziato a importunare l'altro uomo.,1,gemma,video_audio,1,1,1,correct,
video067_temporale_04,video067,video067.mp4,video067_temporale,4,temporale,L'uomo con il cappello ride prima o dopo che l'uomo in grigio scansi le sue mani?,L'uomo con il cappello ride dopo aver iniziato ad importunare l'uomo in grigio.,L'uomo con il cappello ride mentre sta importunando l'uomo in grigio.,L'uomo con il cappello ride mentre sta importunando l'uomo in grigio.,L'uomo con il cappello ride dopo aver iniziato ad importunare l'uomo in grigio.,1,gemma,video_audio,1,1,1,correct,
video068_causale_01,video068,video068.mp4,video068_causale,1,causale,Perché la ragazza tira fuori un foglio da mostrare al ragazzo?,La ragazza tira fuori un foglio da mostrare al ragazzo perché è il palinsesto delle attività della palestra.,La ragazza tira fuori un foglio da mostrare al ragazzo perché è la lista della spesa.,La ragazza tira fuori un foglio da mostrare al ragazzo perché è il palinsesto delle attività della palestra.,La ragazza tira fuori un foglio da mostrare al ragazzo perché è la lista della spesa.,0,gemma,video_audio,0,0,1,correct,
video068_causale_02,video068,video068.mp4,video068_causale,2,causale,Perché la ragazza tira fuori un foglio da mostrare al ragazzo?,La ragazza tira fuori un foglio per spiegare cosa si fa nella palestra.,La ragazza tira fuori un foglio per mostrare i compiti di matematica.,La ragazza tira fuori un foglio per mostrare i compiti di matematica.,La ragazza tira fuori un foglio per spiegare cosa si fa nella palestra.,1,gemma,video_audio,1,1,1,correct,
video068_causale_03,video068,video068.mp4,video068_causale,3,causale,Perché la ragazza tira fuori un foglio da mostrare al ragazzo?,La ragazza mostra il volantino al ragazzo perché contiene il programma e gli serve per capire che cosa si fa nella palestra e come funziona la struttura.,La ragazza mostra il volantino al ragazzo perché contiene delle immagini interessanti che vuole condividere con lui.,La ragazza mostra il volantino al ragazzo perché contiene il programma e gli serve per capire che cosa si fa nella palestra e come funziona la struttura.,La ragazza mostra il volantino al ragazzo perché contiene delle immagini interessanti che vuole condividere con lui.,0,gemma,video_audio,0,0,1,correct,
video068_causale_04,video068,video068.mp4,video068_causale,4,causale,Perché la ragazza tira fuori un foglio da mostrare al ragazzo?,La ragazza tira fuori un foglio da mostrare al ragazzo perché lui vuole informazioni su come funziona all'interno della struttura e sul foglio c'è il programma.,La ragazza tira fuori un foglio da mostrare al ragazzo perché lui vuole informazioni su un evento esterno alla struttura e sul foglio c'è la mappa.,La ragazza tira fuori un foglio da mostrare al ragazzo perché lui vuole informazioni su come funziona all'interno della struttura e sul foglio c'è il programma.,La ragazza tira fuori un foglio da mostrare al ragazzo perché lui vuole informazioni su un evento esterno alla struttura e sul foglio c'è la mappa.,0,gemma,video_audio,0,0,1,correct,
video068_spaziale_01,video068,video068.mp4,video068_spaziale,1,spaziale,Dove si trova la reception?,La reception si trova a circa 15/20 metri dall'entrata.,La reception si trova subito accanto all'entrata.,La reception si trova a circa 15/20 metri dall'entrata.,La reception si trova subito accanto all'entrata.,0,gemma,video_audio,1,1,0,wrong,
video068_spaziale_02,video068,video068.mp4,video068_spaziale,2,spaziale,Dove si trova la reception?,La reception si trova alla fine del corridoio.,La reception si trova all'inizio del corridoio.,La reception si trova alla fine del corridoio.,La reception si trova all'inizio del corridoio.,0,gemma,video_audio,1,1,0,wrong,
video068_spaziale_03,video068,video068.mp4,video068_spaziale,3,spaziale,Dove si trova la reception?,La reception si trova in fondo al corridoio.,La reception si trova all'inizio del corridoio.,La reception si trova all'inizio del corridoio.,La reception si trova in fondo al corridoio.,1,gemma,video_audio,1,1,1,correct,
video068_spaziale_04,video068,video068.mp4,video068_spaziale,4,spaziale,Dove si trova la reception?,La reception si trova alla fine del corridoio.,La reception si trova all'inizio del corridoio.,La reception si trova all'inizio del corridoio.,La reception si trova alla fine del corridoio.,1,gemma,video_audio,1,1,1,correct,
video068_temporale_01,video068,video068.mp4,video068_temporale,1,temporale,Il ragazzo trova un volantino prima o dopo essere andato a parlare con la donna?,Il ragazzo trova un volantino prima di andare a parlare con la donna.,Il ragazzo trova un volantino dopo aver parlato con la donna.,Il ragazzo trova un volantino prima di andare a parlare con la donna.,Il ragazzo trova un volantino dopo aver parlato con la donna.,0,gemma,video_audio,0,0,1,correct,
video068_temporale_02,video068,video068.mp4,video068_temporale,2,temporale,Il ragazzo trova un volantino prima o dopo essere andato a parlare con la donna?,Il ragazzo trova un volantino prima di andare a parlare con la donna nel video.,Il ragazzo trova un volantino dopo aver parlato con la donna nel video.,Il ragazzo trova un volantino dopo aver parlato con la donna nel video.,Il ragazzo trova un volantino prima di andare a parlare con la donna nel video.,1,gemma,video_audio,0,0,0,wrong,
video068_temporale_03,video068,video068.mp4,video068_temporale,3,temporale,Il ragazzo trova un volantino prima o dopo essere andato a parlare con la donna?,Il ragazzo ha già il volantino in mano prima di entrare in palestra.,Il ragazzo ha il volantino in mano solo dopo essere entrato in palestra.,Il ragazzo ha già il volantino in mano prima di entrare in palestra.,Il ragazzo ha il volantino in mano solo dopo essere entrato in palestra.,0,gemma,video_audio,0,0,1,correct,
video068_temporale_04,video068,video068.mp4,video068_temporale,4,temporale,Il ragazzo trova un volantino prima o dopo essere andato a parlare con la donna?,Il ragazzo entra in palestra già con il volantino in mano.,Il ragazzo entra in palestra senza il volantino in mano.,Il ragazzo entra in palestra già con il volantino in mano.,Il ragazzo entra in palestra senza il volantino in mano.,0,gemma,video_audio,0,0,1,correct,
video069_causale_01,video069,video069.mp4,video069_causale,1,causale,Perché il ragazzo si trova in terra a fare flessioni?,Il ragazzo si trova in terra a fare flessioni perché l'allenatore gli ha detto di fare così.,Il ragazzo si trova in terra a fare flessioni perché è caduto accidentalmente.,Il ragazzo si trova in terra a fare flessioni perché l'allenatore gli ha detto di fare così.,Il ragazzo si trova in terra a fare flessioni perché è caduto accidentalmente.,0,gemma,video_audio,0,0,1,correct,
video069_causale_02,video069,video069.mp4,video069_causale,2,causale,Perché il ragazzo si trova in terra a fare flessioni?,Il ragazzo si trova in terra a fare flessioni perché l'allenatore voleva vedere come le faceva.,Il ragazzo si trova in terra a fare flessioni perché ha perso una scommessa con l'allenatore.,Il ragazzo si trova in terra a fare flessioni perché ha perso una scommessa con l'allenatore.,Il ragazzo si trova in terra a fare flessioni perché l'allenatore voleva vedere come le faceva.,1,gemma,video_audio,0,0,0,wrong,
video069_causale_03,video069,video069.mp4,video069_causale,3,causale,Perché il ragazzo si trova in terra a fare flessioni?,"Il ragazzo è a terra a fare flessioni perché l'istruttore vuole osservare l'esecuzione degli esercizi e valutarne le capacità fisiche, ma non è soddisfatto del risultato.","Il ragazzo è a terra a fare flessioni perché ha deciso di allenarsi autonomamente, ma è molto soddisfatto del suo progresso.","Il ragazzo è a terra a fare flessioni perché ha deciso di allenarsi autonomamente, ma è molto soddisfatto del suo progresso.","Il ragazzo è a terra a fare flessioni perché l'istruttore vuole osservare l'esecuzione degli esercizi e valutarne le capacità fisiche, ma non è soddisfatto del risultato.",1,gemma,video_audio,1,1,1,correct,
video069_causale_04,video069,video069.mp4,video069_causale,4,causale,Perché il ragazzo si trova in terra a fare flessioni?,"Il ragazzo si trova in terra a fare flessioni perché l'istruttore vuole verificare le sue abilità fisiche, ma non è contento del risultato.","Il ragazzo si trova in terra a fare flessioni perché vuole migliorare la sua resistenza fisica, ed è soddisfatto del risultato.","Il ragazzo si trova in terra a fare flessioni perché l'istruttore vuole verificare le sue abilità fisiche, ma non è contento del risultato.","Il ragazzo si trova in terra a fare flessioni perché vuole migliorare la sua resistenza fisica, ed è soddisfatto del risultato.",0,gemma,video_audio,0,0,1,correct,
video069_spaziale_01,video069,video069.mp4,video069_spaziale,1,spaziale,Dove si trova il ragazzo quando fa l'esercizio?,Il ragazzo si trova in terra quando fa l'esercizio.,Il ragazzo si trova su una sedia quando fa l'esercizio.,Il ragazzo si trova in terra quando fa l'esercizio.,Il ragazzo si trova su una sedia quando fa l'esercizio.,0,gemma,video_audio,0,0,1,correct,
video069_spaziale_02,video069,video069.mp4,video069_spaziale,2,spaziale,Dove si trova il ragazzo quando fa l'esercizio?,Il ragazzo si trova in palestra quando fa l'esercizio.,Il ragazzo si trova in cucina quando fa l'esercizio.,Il ragazzo si trova in palestra quando fa l'esercizio.,Il ragazzo si trova in cucina quando fa l'esercizio.,0,gemma,video_audio,0,0,1,correct,
video069_spaziale_03,video069,video069.mp4,video069_spaziale,3,spaziale,Dove si trova il ragazzo quando fa l'esercizio?,Il ragazzo si trova in palestra accanto all'istruttore che lo sprona mentre fa l'esercizio.,Il ragazzo si trova in un parco accanto all'istruttore che lo sprona mentre fa l'esercizio.,Il ragazzo si trova in palestra accanto all'istruttore che lo sprona mentre fa l'esercizio.,Il ragazzo si trova in un parco accanto all'istruttore che lo sprona mentre fa l'esercizio.,0,gemma,video_audio,0,0,1,correct,
video069_spaziale_04,video069,video069.mp4,video069_spaziale,4,spaziale,Dove si trova il ragazzo quando fa l'esercizio?,Il ragazzo si trova affianco all'istruttore che lo sprona.,Il ragazzo si trova di fronte all'istruttore che lo sprona.,Il ragazzo si trova di fronte all'istruttore che lo sprona.,Il ragazzo si trova affianco all'istruttore che lo sprona.,1,gemma,video_audio,0,0,0,wrong,
video069_temporale_01,video069,video069.mp4,video069_temporale,1,temporale,L'allenatore rimprovera il ragazzo prima o dopo avergli detto che deve fare le flessioni?,L'allenatore rimprovera il ragazzo dopo avergli detto che deve fare le flessioni.,L'allenatore rimprovera il ragazzo prima di avergli detto che deve fare le flessioni.,L'allenatore rimprovera il ragazzo dopo avergli detto che deve fare le flessioni.,L'allenatore rimprovera il ragazzo prima di avergli detto che deve fare le flessioni.,0,gemma,video_audio,0,0,1,correct,
video069_temporale_02,video069,video069.mp4,video069_temporale,2,temporale,L'allenatore rimprovera il ragazzo prima o dopo avergli detto che deve fare le flessioni?,L'allenatore rimprovera il ragazzo dopo avergli detto che deve fare le flessioni.,L'allenatore rimprovera il ragazzo prima di dirgli che deve fare le flessioni.,L'allenatore rimprovera il ragazzo dopo avergli detto che deve fare le flessioni.,L'allenatore rimprovera il ragazzo prima di dirgli che deve fare le flessioni.,0,gemma,video_audio,0,0,1,correct,
video069_temporale_03,video069,video069.mp4,video069_temporale,3,temporale,L'allenatore rimprovera il ragazzo prima o dopo avergli detto che deve fare le flessioni?,L'allenatore rimprovera il ragazzo in un momento seguente a quando gli dice che deve fare le flessioni.,L'allenatore rimprovera il ragazzo mentre gli dice che deve fare le flessioni.,L'allenatore rimprovera il ragazzo in un momento seguente a quando gli dice che deve fare le flessioni.,L'allenatore rimprovera il ragazzo mentre gli dice che deve fare le flessioni.,0,gemma,video_audio,1,1,0,wrong,
video069_temporale_04,video069,video069.mp4,video069_temporale,4,temporale,L'allenatore rimprovera il ragazzo prima o dopo avergli detto che deve fare le flessioni?,L'allenatore rimprovera il ragazzo dopo avergli detto che deve fare le flessioni.,L'allenatore rimprovera il ragazzo mentre gli dice che deve fare le flessioni.,L'allenatore rimprovera il ragazzo dopo avergli detto che deve fare le flessioni.,L'allenatore rimprovera il ragazzo mentre gli dice che deve fare le flessioni.,0,gemma,video_audio,1,1,0,wrong,
video070_causale_01,video070,video070.mp4,video070_causale,1,causale,Perché la donna oppone resistenza all'uomo?,La donna oppone resistenza all'uomo perché non vuole tornare a casa.,La donna oppone resistenza all'uomo perché vuole rimanere al parco.,La donna oppone resistenza all'uomo perché non vuole tornare a casa.,La donna oppone resistenza all'uomo perché vuole rimanere al parco.,0,gemma,video_audio,0,0,1,correct,
video070_causale_02,video070,video070.mp4,video070_causale,2,causale,Perché la donna oppone resistenza all'uomo?,La donna oppone resistenza all'uomo perché vuole essere lasciata.,La donna oppone resistenza all'uomo perché cerca attenzione.,La donna oppone resistenza all'uomo perché vuole essere lasciata.,La donna oppone resistenza all'uomo perché cerca attenzione.,0,gemma,video_audio,0,0,1,correct,
video070_causale_03,video070,video070.mp4,video070_causale,3,causale,Perché la donna oppone resistenza all'uomo?,La donna oppone resistenza perché vuole essere lasciata e non desidera essere presa in braccio dall'uomo.,La donna oppone resistenza perché vuole essere presa in braccio dall'uomo.,La donna oppone resistenza perché vuole essere lasciata e non desidera essere presa in braccio dall'uomo.,La donna oppone resistenza perché vuole essere presa in braccio dall'uomo.,0,gemma,video_audio,1,1,0,wrong,
video070_causale_04,video070,video070.mp4,video070_causale,4,causale,Perché la donna oppone resistenza all'uomo?,La donna oppone resistenza all'uomo perché non vuole essere presa in braccio.,La donna oppone resistenza all'uomo perché vuole essere presa in braccio.,La donna oppone resistenza all'uomo perché vuole essere presa in braccio.,La donna oppone resistenza all'uomo perché non vuole essere presa in braccio.,1,gemma,video_audio,1,1,1,correct,
video070_spaziale_01,video070,video070.mp4,video070_spaziale,1,spaziale,Dove si trova la donna quando inizia a scalciare?,"Quando la donna inizia a scalciare, si trova in braccio all'uomo.","Quando la donna inizia a scalciare, si trova seduta a terra.","Quando la donna inizia a scalciare, si trova seduta a terra.","Quando la donna inizia a scalciare, si trova in braccio all'uomo.",1,gemma,video_audio,1,1,1,correct,
video070_spaziale_02,video070,video070.mp4,video070_spaziale,2,spaziale,Dove si trova la donna quando inizia a scalciare?,La donna è in braccio all'uomo quando inizia a scalciare.,La donna è seduta sulla sedia quando inizia a scalciare.,La donna è seduta sulla sedia quando inizia a scalciare.,La donna è in braccio all'uomo quando inizia a scalciare.,1,gemma,video_audio,1,1,1,correct,
video070_spaziale_03,video070,video070.mp4,video070_spaziale,3,spaziale,Dove si trova la donna quando inizia a scalciare?,"La donna inizia a scalciare sul ponte, mentre si trova in braccio all'uomo.","La donna inizia a scalciare sul ponte, mentre si trova a terra accanto all'uomo.","La donna inizia a scalciare sul ponte, mentre si trova in braccio all'uomo.","La donna inizia a scalciare sul ponte, mentre si trova a terra accanto all'uomo.",0,gemma,video_audio,0,0,1,correct,
video070_spaziale_04,video070,video070.mp4,video070_spaziale,4,spaziale,Dove si trova la donna quando inizia a scalciare?,La donna si trova sul ponte quando inizia a scalciare.,La donna si trova sotto il ponte quando inizia a scalciare.,La donna si trova sotto il ponte quando inizia a scalciare.,La donna si trova sul ponte quando inizia a scalciare.,1,gemma,video_audio,1,1,1,correct,
video070_temporale_01,video070,video070.mp4,video070_temporale,1,temporale,La donna viene presa in braccio prima o dopo essere arrivata alla carrozza?,La donna viene presa in braccio prima di arrivare alla carrozza.,La donna viene presa in braccio dopo essere arrivata alla carrozza.,La donna viene presa in braccio dopo essere arrivata alla carrozza.,La donna viene presa in braccio prima di arrivare alla carrozza.,1,gemma,video_audio,1,1,1,correct,
video070_temporale_02,video070,video070.mp4,video070_temporale,2,temporale,La donna viene presa in braccio prima o dopo essere arrivata alla carrozza?,La donna viene presa in braccio prima di arrivare alla carrozza.,La donna viene presa in braccio dopo essere giunta alla carrozza.,La donna viene presa in braccio prima di arrivare alla carrozza.,La donna viene presa in braccio dopo essere giunta alla carrozza.,0,gemma,video_audio,1,1,0,wrong,
video070_temporale_03,video070,video070.mp4,video070_temporale,3,temporale,La donna viene presa in braccio prima o dopo essere arrivata alla carrozza?,La donna viene presa in braccio in precedenza quando è ancora sul ponte e successivamente viene trascinata con la forza verso la carrozza.,La donna viene presa in braccio in seguito quando è ancora sul ponte e precedentemente viene trascinata con la forza verso la carrozza.,La donna viene presa in braccio in precedenza quando è ancora sul ponte e successivamente viene trascinata con la forza verso la carrozza.,La donna viene presa in braccio in seguito quando è ancora sul ponte e precedentemente viene trascinata con la forza verso la carrozza.,0,gemma,video_audio,1,1,0,wrong,
video070_temporale_04,video070,video070.mp4,video070_temporale,4,temporale,La donna viene presa in braccio prima o dopo essere arrivata alla carrozza?,La donna viene presa in braccio prima di essere trascinata di forza alla carrozza.,La donna viene presa in braccio dopo essere stata trascinata di forza alla carrozza.,La donna viene presa in braccio prima di essere trascinata di forza alla carrozza.,La donna viene presa in braccio dopo essere stata trascinata di forza alla carrozza.,0,gemma,video_audio,1,1,0,wrong,
video071_causale_01,video071,video071.mp4,video071_causale,1,causale,Perché la ragazza con la benda riesce a superare gli ostacoli?,"La ragazza con la benda riesce a superare gli ostacoli grazie alle indicazioni che le vengono fornite, che è l'essenza dell'esercizio.","La ragazza con la benda non riesce a superare gli ostacoli nonostante le indicazioni che le vengono fornite, che è l'essenza dell'esercizio.","La ragazza con la benda non riesce a superare gli ostacoli nonostante le indicazioni che le vengono fornite, che è l'essenza dell'esercizio.","La ragazza con la benda riesce a superare gli ostacoli grazie alle indicazioni che le vengono fornite, che è l'essenza dell'esercizio.",1,gemma,video_audio,1,1,1,correct,
video071_causale_02,video071,video071.mp4,video071_causale,2,causale,Perché la ragazza con la benda riesce a superare gli ostacoli?,La ragazza con la benda riesce a superare gli ostacoli perché l'altra bambina la guida.,La ragazza con la benda riesce a superare gli ostacoli perché si orienta da sola.,La ragazza con la benda riesce a superare gli ostacoli perché l'altra bambina la guida.,La ragazza con la benda riesce a superare gli ostacoli perché si orienta da sola.,0,gemma,video_audio,0,0,1,correct,
video071_causale_03,video071,video071.mp4,video071_causale,3,causale,Perché la ragazza con la benda riesce a superare gli ostacoli?,La ragazza con la benda riesce a superare gli ostacoli perché un'altra bambina la guida fornendole istruzioni dettagliate su come muoversi.,La ragazza con la benda riesce a superare gli ostacoli perché ha memorizzato il percorso in anticipo.,La ragazza con la benda riesce a superare gli ostacoli perché ha memorizzato il percorso in anticipo.,La ragazza con la benda riesce a superare gli ostacoli perché un'altra bambina la guida fornendole istruzioni dettagliate su come muoversi.,1,gemma,video_audio,1,1,1,correct,
video071_causale_04,video071,video071.mp4,video071_causale,4,causale,Perché la ragazza con la benda riesce a superare gli ostacoli?,La ragazza con la benda riesce a superare gli ostacoli perché c'è l'altra bambina che le dà dettagliate indicazioni su come procedere.,La ragazza con la benda riesce a superare gli ostacoli perché è riuscita a vedere attraverso la benda.,La ragazza con la benda riesce a superare gli ostacoli perché è riuscita a vedere attraverso la benda.,La ragazza con la benda riesce a superare gli ostacoli perché c'è l'altra bambina che le dà dettagliate indicazioni su come procedere.,1,gemma,video_audio,1,1,1,correct,
video071_spaziale_01,video071,video071.mp4,video071_spaziale,1,spaziale,Dove si trovano gli ostacoli che la bambina bendata deve superare?,Gli ostacoli che la bambina bendata deve superare si trovano in terra sul tappeto principale.,Gli ostacoli che la bambina bendata deve superare si trovano sul tavolo accanto alla finestra.,Gli ostacoli che la bambina bendata deve superare si trovano in terra sul tappeto principale.,Gli ostacoli che la bambina bendata deve superare si trovano sul tavolo accanto alla finestra.,0,gemma,video_audio,0,0,1,correct,
video071_spaziale_02,video071,video071.mp4,video071_spaziale,2,spaziale,Dove si trovano gli ostacoli che la bambina bendata deve superare?,Gli ostacoli che la bambina bendata deve superare si trovano davanti a lei.,Gli ostacoli che la bambina bendata deve superare si trovano dietro di lei.,Gli ostacoli che la bambina bendata deve superare si trovano dietro di lei.,Gli ostacoli che la bambina bendata deve superare si trovano davanti a lei.,1,gemma,video_audio,1,1,1,correct,
video071_spaziale_03,video071,video071.mp4,video071_spaziale,3,spaziale,Dove si trovano gli ostacoli che la bambina bendata deve superare?,Gli ostacoli che la bambina bendata deve superare si trovano di fronte a lei.,Gli ostacoli che la bambina bendata deve superare si trovano dietro di lei.,Gli ostacoli che la bambina bendata deve superare si trovano di fronte a lei.,Gli ostacoli che la bambina bendata deve superare si trovano dietro di lei.,0,gemma,video_audio,1,1,0,wrong,
video071_spaziale_04,video071,video071.mp4,video071_spaziale,4,spaziale,Dove si trovano gli ostacoli che la bambina bendata deve superare?,Gli ostacoli si trovano davanti alla bambina bendata.,Gli ostacoli si trovano dietro la bambina bendata.,Gli ostacoli si trovano dietro la bambina bendata.,Gli ostacoli si trovano davanti alla bambina bendata.,1,gemma,video_audio,1,1,1,correct,
video071_temporale_01,video071,video071.mp4,video071_temporale,1,temporale,La ragazzina con la benda sugli occhi scavalca lo step prima o dopo aver ruotato?,La ragazzina con la benda sugli occhi scavalca lo step prima di ruotare.,La ragazzina con la benda sugli occhi scavalca lo step dopo aver ruotato.,La ragazzina con la benda sugli occhi scavalca lo step dopo aver ruotato.,La ragazzina con la benda sugli occhi scavalca lo step prima di ruotare.,1,gemma,video_audio,0,0,0,wrong,
video071_temporale_02,video071,video071.mp4,video071_temporale,2,temporale,La ragazzina con la benda sugli occhi scavalca lo step prima o dopo aver ruotato?,La ragazzina con la benda sugli occhi scavalca lo step prima di ruotare.,La ragazzina con la benda sugli occhi scavalca lo step dopo aver ruotato.,La ragazzina con la benda sugli occhi scavalca lo step dopo aver ruotato.,La ragazzina con la benda sugli occhi scavalca lo step prima di ruotare.,1,gemma,video_audio,0,0,0,wrong,
video071_temporale_03,video071,video071.mp4,video071_temporale,3,temporale,La ragazzina con la benda sugli occhi scavalca lo step prima o dopo aver ruotato?,La ragazzina con la benda sugli occhi scavalca lo step prima di ruotare.,La ragazzina con la benda sugli occhi scavalca lo step dopo aver ruotato.,La ragazzina con la benda sugli occhi scavalca lo step prima di ruotare.,La ragazzina con la benda sugli occhi scavalca lo step dopo aver ruotato.,0,gemma,video_audio,0,0,1,correct,
video071_temporale_04,video071,video071.mp4,video071_temporale,4,temporale,La ragazzina con la benda sugli occhi scavalca lo step prima o dopo aver ruotato?,La ragazzina con la benda sugli occhi ruota dopo aver scavalcato lo step.,La ragazzina con la benda sugli occhi ruota prima di scavalcare lo step.,La ragazzina con la benda sugli occhi ruota prima di scavalcare lo step.,La ragazzina con la benda sugli occhi ruota dopo aver scavalcato lo step.,1,gemma,video_audio,0,0,0,wrong,
video072_causale_01,video072,video072.mp4,video072_causale,1,causale,Perché Albi viene rimproverato dal ragazzo con la maglia nera?,"Albi viene rimproverato dal ragazzo con la maglia nera perché lascia in giro le sue cose, di cui alcune sono rifiuti.",Albi viene rimproverato dal ragazzo con la maglia nera perché ha fatto rumore durante la notte.,Albi viene rimproverato dal ragazzo con la maglia nera perché ha fatto rumore durante la notte.,"Albi viene rimproverato dal ragazzo con la maglia nera perché lascia in giro le sue cose, di cui alcune sono rifiuti.",1,gemma,video_audio,1,1,1,correct,
video072_causale_02,video072,video072.mp4,video072_causale,2,causale,Perché Albi viene rimproverato dal ragazzo con la maglia nera?,Albi viene rimproverato dal ragazzo con la maglia nera per il disordine.,Albi viene rimproverato dal ragazzo con la maglia nera per aver fatto troppo rumore.,Albi viene rimproverato dal ragazzo con la maglia nera per aver fatto troppo rumore.,Albi viene rimproverato dal ragazzo con la maglia nera per il disordine.,1,gemma,video_audio,1,1,1,correct,
video072_causale_03,video072,video072.mp4,video072_causale,3,causale,Perché Albi viene rimproverato dal ragazzo con la maglia nera?,"Albi viene rimproverato perché la stanza è molto disordinata e, secondo il ragazzo con la maglia nera, ha lasciato spazzatura e bottiglie ovunque.","Albi viene rimproverato perché ha rotto un vaso e, secondo il ragazzo con la maglia nera, ha fatto cadere acqua ovunque.","Albi viene rimproverato perché la stanza è molto disordinata e, secondo il ragazzo con la maglia nera, ha lasciato spazzatura e bottiglie ovunque.","Albi viene rimproverato perché ha rotto un vaso e, secondo il ragazzo con la maglia nera, ha fatto cadere acqua ovunque.",0,gemma,video_audio,0,0,1,correct,
video072_causale_04,video072,video072.mp4,video072_causale,4,causale,Perché Albi viene rimproverato dal ragazzo con la maglia nera?,"Albi viene rimproverato perché, secondo il ragazzo con la maglia nera, ha lasciato tutta la stanza piena di spazzatura, incluse le bottiglie.","Albi viene rimproverato perché, secondo il ragazzo con la maglia nera, ha parlato durante il film.","Albi viene rimproverato perché, secondo il ragazzo con la maglia nera, ha parlato durante il film.","Albi viene rimproverato perché, secondo il ragazzo con la maglia nera, ha lasciato tutta la stanza piena di spazzatura, incluse le bottiglie.",1,gemma,video_audio,1,1,1,correct,
video072_spaziale_01,video072,video072.mp4,video072_spaziale,1,spaziale,Dove vengono messe le cose lasciate in giro?,Le cose lasciate in giro vengono messe in un cestino.,Le cose lasciate in giro vengono messe su una mensola.,Le cose lasciate in giro vengono messe in un cestino.,Le cose lasciate in giro vengono messe su una mensola.,0,gemma,video_audio,0,0,1,correct,
video072_spaziale_02,video072,video072.mp4,video072_spaziale,2,spaziale,Dove vengono messe le cose lasciate in giro?,Le cose lasciate in giro vengono messe nel bidone.,Le cose lasciate in giro vengono messe sul tavolo.,Le cose lasciate in giro vengono messe nel bidone.,Le cose lasciate in giro vengono messe sul tavolo.,0,gemma,video_audio,0,0,1,correct,
video072_spaziale_03,video072,video072.mp4,video072_spaziale,3,spaziale,Dove vengono messe le cose lasciate in giro?,"Le cose lasciate in giro vengono messe nel cestino rosa, dove vengono buttate le bottiglie.","Le cose lasciate in giro vengono messe nel cestino verde, dove vengono buttate le bottiglie.","Le cose lasciate in giro vengono messe nel cestino verde, dove vengono buttate le bottiglie.","Le cose lasciate in giro vengono messe nel cestino rosa, dove vengono buttate le bottiglie.",1,gemma,video_audio,1,1,1,correct,
video072_spaziale_04,video072,video072.mp4,video072_spaziale,4,spaziale,Dove vengono messe le cose lasciate in giro?,Le cose lasciate in giro vengono buttate nel cestino rosa.,Le cose lasciate in giro vengono buttate nel cestino blu.,Le cose lasciate in giro vengono buttate nel cestino blu.,Le cose lasciate in giro vengono buttate nel cestino rosa.,1,gemma,video_audio,0,0,0,wrong,
video072_temporale_01,video072,video072.mp4,video072_temporale,1,temporale,Cosa succede prima: Albi viene rimproverato o il ragazzo con la maglia nera sistema il disordine?,"Nel video, prima Albi viene rimproverato.","Nel video, dopo Albi viene rimproverato.","Nel video, dopo Albi viene rimproverato.","Nel video, prima Albi viene rimproverato.",1,gemma,video_audio,1,1,1,correct,
video072_temporale_02,video072,video072.mp4,video072_temporale,2,temporale,Cosa succede prima: Albi viene rimproverato o il ragazzo con la maglia nera sistema il disordine?,"Nel video, il ragazzo con la maglia nera sistema il disordine prima che Albi venga rimproverato.","Nel video, il ragazzo con la maglia nera sistema il disordine dopo che Albi viene rimproverato.","Nel video, il ragazzo con la maglia nera sistema il disordine prima che Albi venga rimproverato.","Nel video, il ragazzo con la maglia nera sistema il disordine dopo che Albi viene rimproverato.",0,gemma,video_audio,1,1,0,wrong,
video072_temporale_03,video072,video072.mp4,video072_temporale,3,temporale,Cosa succede prima: Albi viene rimproverato o il ragazzo con la maglia nera sistema il disordine?,"Prima il bambino con la maglietta nera rimprovera Albi, poi comincia a riordinare la stanza.","Prima il bambino con la maglietta nera rimprovera Albi, poi finisce di pranzare.","Prima il bambino con la maglietta nera rimprovera Albi, poi finisce di pranzare.","Prima il bambino con la maglietta nera rimprovera Albi, poi comincia a riordinare la stanza.",1,gemma,video_audio,1,1,1,correct,
video072_temporale_04,video072,video072.mp4,video072_temporale,4,temporale,Cosa succede prima: Albi viene rimproverato o il ragazzo con la maglia nera sistema il disordine?,"Nel video il bambino con la maglietta nera rimprovera ""Albi"" prima di iniziare a ordinare la camera.","Nel video il bambino con la maglietta nera rimprovera ""Albi"" dopo aver finito di ordinare la camera.","Nel video il bambino con la maglietta nera rimprovera ""Albi"" prima di iniziare a ordinare la camera.","Nel video il bambino con la maglietta nera rimprovera ""Albi"" dopo aver finito di ordinare la camera.",0,gemma,video_audio,0,0,1,correct,
video073_causale_01,video073,video073.mp4,video073_causale,1,causale,Perché il ragazzo abbraccia la ragazza?,Il ragazzo abbraccia la ragazza per compatirla e tranquillizzarla riguardo al fatto che la gravidanza andrà bene.,Il ragazzo abbraccia la ragazza per congratularsi con lei riguardo al fatto che la gravidanza andrà bene.,Il ragazzo abbraccia la ragazza per congratularsi con lei riguardo al fatto che la gravidanza andrà bene.,Il ragazzo abbraccia la ragazza per compatirla e tranquillizzarla riguardo al fatto che la gravidanza andrà bene.,1,gemma,video_audio,1,1,1,correct,
video073_causale_02,video073,video073.mp4,video073_causale,2,causale,Perché il ragazzo abbraccia la ragazza?,Il ragazzo abbraccia la ragazza perché lei ha paura.,Il ragazzo abbraccia la ragazza perché lui ha paura.,Il ragazzo abbraccia la ragazza perché lei ha paura.,Il ragazzo abbraccia la ragazza perché lui ha paura.,0,gemma,video_audio,0,0,1,correct,
video073_causale_03,video073,video073.mp4,video073_causale,3,causale,Perché il ragazzo abbraccia la ragazza?,Il ragazzo abbraccia la ragazza perché percepisce che lei è tesa e impaurita e cerca di confortarla.,Il ragazzo abbraccia la ragazza perché è felice di vederla e vuole condividere la sua gioia.,Il ragazzo abbraccia la ragazza perché è felice di vederla e vuole condividere la sua gioia.,Il ragazzo abbraccia la ragazza perché percepisce che lei è tesa e impaurita e cerca di confortarla.,1,gemma,video_audio,1,1,1,correct,
video073_causale_04,video073,video073.mp4,video073_causale,4,causale,Perché il ragazzo abbraccia la ragazza?,Il ragazzo abbraccia la ragazza perché sente che è tesa e vorrebbe confortarla.,Il ragazzo abbraccia la ragazza perché fa freddo e vuole riscaldarla.,Il ragazzo abbraccia la ragazza perché fa freddo e vuole riscaldarla.,Il ragazzo abbraccia la ragazza perché sente che è tesa e vorrebbe confortarla.,1,gemma,video_audio,1,1,1,correct,
video073_spaziale_01,video073,video073.mp4,video073_spaziale,1,spaziale,Dov'è seduta la coppia?,La coppia è seduta sul letto.,La coppia è seduta sul divano.,La coppia è seduta sul divano.,La coppia è seduta sul letto.,1,gemma,video_audio,1,1,1,correct,
video073_spaziale_02,video073,video073.mp4,video073_spaziale,2,spaziale,Dov'è seduta la coppia?,La coppia è seduta sul letto.,La coppia è seduta sul divano.,La coppia è seduta sul divano.,La coppia è seduta sul letto.,1,gemma,video_audio,1,1,1,correct,
video073_spaziale_03,video073,video073.mp4,video073_spaziale,3,spaziale,Dov'è seduta la coppia?,"La coppia è seduta sul letto, davanti al poster di Star Wars.","La coppia è seduta sul divano, davanti al poster di Star Wars.","La coppia è seduta sul divano, davanti al poster di Star Wars.","La coppia è seduta sul letto, davanti al poster di Star Wars.",1,gemma,video_audio,1,1,1,correct,
video073_spaziale_04,video073,video073.mp4,video073_spaziale,4,spaziale,Dov'è seduta la coppia?,La coppia è seduta davanti al poster di Star Wars.,La coppia è seduta dietro al poster di Star Wars.,La coppia è seduta davanti al poster di Star Wars.,La coppia è seduta dietro al poster di Star Wars.,0,gemma,video_audio,1,1,0,wrong,
video073_temporale_01,video073,video073.mp4,video073_temporale,1,temporale,Chi si sveglia prima tra il ragazzo e la ragazza?,Nel video si vede che la ragazza si sveglia prima del ragazzo.,Nel video si vede che la ragazza si sveglia dopo il ragazzo.,Nel video si vede che la ragazza si sveglia dopo il ragazzo.,Nel video si vede che la ragazza si sveglia prima del ragazzo.,1,gemma,video_audio,1,1,1,correct,
video073_temporale_02,video073,video073.mp4,video073_temporale,2,temporale,Chi si sveglia prima tra il ragazzo e la ragazza?,Nel video la ragazza si sveglia prima del ragazzo.,Nel video la ragazza si sveglia dopo il ragazzo.,Nel video la ragazza si sveglia dopo il ragazzo.,Nel video la ragazza si sveglia prima del ragazzo.,1,gemma,video_audio,1,1,1,correct,
video073_temporale_03,video073,video073.mp4,video073_temporale,3,temporale,Chi si sveglia prima tra il ragazzo e la ragazza?,La ragazza è già sveglia nel momento in cui il ragazzo si alza.,La ragazza sta ancora dormendo nel momento in cui il ragazzo si alza.,La ragazza è già sveglia nel momento in cui il ragazzo si alza.,La ragazza sta ancora dormendo nel momento in cui il ragazzo si alza.,0,gemma,video_audio,1,1,0,wrong,
video073_temporale_04,video073,video073.mp4,video073_temporale,4,temporale,Chi si sveglia prima tra il ragazzo e la ragazza?,La ragazza era già sveglia quando il ragazzo si alza.,La ragazza era già sveglia dopo che il ragazzo si è alzato.,La ragazza era già sveglia quando il ragazzo si alza.,La ragazza era già sveglia dopo che il ragazzo si è alzato.,0,gemma,video_audio,1,1,0,wrong,
video074_causale_01,video074,video074.mp4,video074_causale,1,causale,Perché la bambina con lo spazzolino arancione rallenta i movimenti quando spazzola i denti?,La bambina rallenta i movimenti quando spazzola i denti perché la donna fuoricampo le ha detto che devono essere lavati piano.,La bambina rallenta i movimenti quando spazzola i denti perché la donna fuoricampo le ha detto che non ci sono più dentifrici.,La bambina rallenta i movimenti quando spazzola i denti perché la donna fuoricampo le ha detto che devono essere lavati piano.,La bambina rallenta i movimenti quando spazzola i denti perché la donna fuoricampo le ha detto che non ci sono più dentifrici.,0,gemma,video_audio,0,0,1,correct,
video074_causale_02,video074,video074.mp4,video074_causale,2,causale,Perché la bambina con lo spazzolino arancione rallenta i movimenti quando spazzola i denti?,La bambina rallenta i movimenti quando spazzola i denti per lavarli bene.,La bambina rallenta i movimenti quando spazzola i denti perchè è stanca.,La bambina rallenta i movimenti quando spazzola i denti perchè è stanca.,La bambina rallenta i movimenti quando spazzola i denti per lavarli bene.,1,gemma,video_audio,1,1,1,correct,
video074_causale_03,video074,video074.mp4,video074_causale,3,causale,Perché la bambina con lo spazzolino arancione rallenta i movimenti quando spazzola i denti?,"La bambina rallenta i movimenti quando spazzola i denti perché è avvertita che, altrimenti, potrebbe perderli come le vecchiette.",La bambina rallenta i movimenti quando spazzola i denti perché pensa che spazzolando velocemente crescano prima.,La bambina rallenta i movimenti quando spazzola i denti perché pensa che spazzolando velocemente crescano prima.,"La bambina rallenta i movimenti quando spazzola i denti perché è avvertita che, altrimenti, potrebbe perderli come le vecchiette.",1,gemma,video_audio,1,1,1,correct,
video074_causale_04,video074,video074.mp4,video074_causale,4,causale,Perché la bambina con lo spazzolino arancione rallenta i movimenti quando spazzola i denti?,La bambina rallenta i movimenti quando spazzola i denti perché una donna le dice che altrimenti le cadranno tutti i denti come le vecchiette.,La bambina rallenta i movimenti quando spazzola i denti perché una donna le dice che altrimenti diventerà molto stanca.,La bambina rallenta i movimenti quando spazzola i denti perché una donna le dice che altrimenti diventerà molto stanca.,La bambina rallenta i movimenti quando spazzola i denti perché una donna le dice che altrimenti le cadranno tutti i denti come le vecchiette.,1,gemma,video_audio,1,1,1,correct,
video074_spaziale_01,video074,video074.mp4,video074_spaziale,1,spaziale,Dove si trovano le bambine?,Le bambine si trovano in bagno a lavarsi i denti.,Le bambine si trovano in cucina a lavarsi i denti.,Le bambine si trovano in cucina a lavarsi i denti.,Le bambine si trovano in bagno a lavarsi i denti.,1,gemma,video_audio,1,1,1,correct,
video074_spaziale_02,video074,video074.mp4,video074_spaziale,2,spaziale,Dove si trovano le bambine?,Le bambine si trovano in bagno.,Le bambine si trovano in giardino.,Le bambine si trovano in giardino.,Le bambine si trovano in bagno.,1,gemma,video_audio,1,1,1,correct,
video074_spaziale_03,video074,video074.mp4,video074_spaziale,3,spaziale,Dove si trovano le bambine?,Le bambine si trovano in bagno davanti a un lavandino.,Le bambine si trovano in cucina davanti al frigorifero.,Le bambine si trovano in bagno davanti a un lavandino.,Le bambine si trovano in cucina davanti al frigorifero.,0,gemma,video_audio,0,0,1,correct,
video074_spaziale_04,video074,video074.mp4,video074_spaziale,4,spaziale,Dove si trovano le bambine?,Le bambine si trovano davanti ad un lavandino.,Le bambine si trovano dietro ad un lavandino.,Le bambine si trovano dietro ad un lavandino.,Le bambine si trovano davanti ad un lavandino.,1,gemma,video_audio,1,1,1,correct,
video074_temporale_01,video074,video074.mp4,video074_temporale,1,temporale,La bambina con lo spazzolino viola ride prima o dopo aver detto di sì?,Nel video la bambina con lo spazzolino viola ride prima di aver detto di sì.,Nel video la bambina con lo spazzolino viola ride dopo aver detto di sì.,Nel video la bambina con lo spazzolino viola ride dopo aver detto di sì.,Nel video la bambina con lo spazzolino viola ride prima di aver detto di sì.,1,gemma,video_audio,0,0,0,wrong,
video074_temporale_02,video074,video074.mp4,video074_temporale,2,temporale,La bambina con lo spazzolino viola ride prima o dopo aver detto di sì?,La bambina con lo spazzolino viola ride prima di aver detto di sì.,La bambina con lo spazzolino viola ride dopo aver detto di sì.,La bambina con lo spazzolino viola ride prima di aver detto di sì.,La bambina con lo spazzolino viola ride dopo aver detto di sì.,0,gemma,video_audio,1,1,0,wrong,
video074_temporale_03,video074,video074.mp4,video074_temporale,3,temporale,La bambina con lo spazzolino viola ride prima o dopo aver detto di sì?,La bambina con lo spazzolino viola ride in un momento precedente a quando ha detto di sì.,La bambina con lo spazzolino viola ride in un momento successivo a quando ha detto di sì.,La bambina con lo spazzolino viola ride in un momento successivo a quando ha detto di sì.,La bambina con lo spazzolino viola ride in un momento precedente a quando ha detto di sì.,1,gemma,video_audio,0,0,0,wrong,
video074_temporale_04,video074,video074.mp4,video074_temporale,4,temporale,La bambina con lo spazzolino viola ride prima o dopo aver detto di sì?,La bambina con lo spazzolino viola ride prima di aver detto di sì.,La bambina con lo spazzolino viola ride dopo aver detto di sì.,La bambina con lo spazzolino viola ride prima di aver detto di sì.,La bambina con lo spazzolino viola ride dopo aver detto di sì.,0,gemma,video_audio,1,1,0,wrong,
video075_causale_01,video075,video075.mp4,video075_causale,1,causale,Perché i bambini non sono a scuola?,I bambini non sono a scuola a causa di un'ordinanza comunale che ha chiuso le scuole.,I bambini non sono a scuola a causa di una gita scolastica.,I bambini non sono a scuola a causa di una gita scolastica.,I bambini non sono a scuola a causa di un'ordinanza comunale che ha chiuso le scuole.,1,gemma,video_audio,1,1,1,correct,
video075_causale_02,video075,video075.mp4,video075_causale,2,causale,Perché i bambini non sono a scuola?,I bambini non sono a scuola a causa di un'ordinanza del sindaco.,I bambini non sono a scuola perchè sono in vacanza.,I bambini non sono a scuola perchè sono in vacanza.,I bambini non sono a scuola a causa di un'ordinanza del sindaco.,1,gemma,video_audio,1,1,1,correct,
video075_causale_03,video075,video075.mp4,video075_causale,3,causale,Perché i bambini non sono a scuola?,I bambini non sono a scuola perché c'è una consistente coltre di neve e il sindaco ha emesso un'ordinanza di chiusura.,I bambini non sono a scuola perché è vacanza e il sindaco ha emesso un'ordinanza di chiusura.,I bambini non sono a scuola perché è vacanza e il sindaco ha emesso un'ordinanza di chiusura.,I bambini non sono a scuola perché c'è una consistente coltre di neve e il sindaco ha emesso un'ordinanza di chiusura.,1,gemma,video_audio,1,1,1,correct,
video075_causale_04,video075,video075.mp4,video075_causale,4,causale,Perché i bambini non sono a scuola?,I bambini non sono a scuola perché c'è una coltre di neve e il sindaco ha dato l'ordinanza di chiudere.,I bambini non sono a scuola perché c'è stato un guasto elettrico nell'edificio scolastico.,I bambini non sono a scuola perché c'è una coltre di neve e il sindaco ha dato l'ordinanza di chiudere.,I bambini non sono a scuola perché c'è stato un guasto elettrico nell'edificio scolastico.,0,gemma,video_audio,0,0,1,correct,
video075_spaziale_01,video075,video075.mp4,video075_spaziale,1,spaziale,Dove si trova il bambino che tira la palla di neve alla giornalista?,Il bambino che tira la palla di neve alla giornalista è sbucato alla sua sinistra.,Il bambino che tira la palla di neve alla giornalista è sbucato alla sua destra.,Il bambino che tira la palla di neve alla giornalista è sbucato alla sua destra.,Il bambino che tira la palla di neve alla giornalista è sbucato alla sua sinistra.,1,gemma,video_audio,1,1,1,correct,
video075_spaziale_02,video075,video075.mp4,video075_spaziale,2,spaziale,Dove si trova il bambino che tira la palla di neve alla giornalista?,Il bambino che tira la palla di neve alla giornalista si trova vicino a lei.,Il bambino che tira la palla di neve alla giornalista si trova lontano da lei.,Il bambino che tira la palla di neve alla giornalista si trova vicino a lei.,Il bambino che tira la palla di neve alla giornalista si trova lontano da lei.,0,gemma,video_audio,0,0,1,correct,
video075_spaziale_03,video075,video075.mp4,video075_spaziale,3,spaziale,Dove si trova il bambino che tira la palla di neve alla giornalista?,"Il bambino che tira la palla di neve alla giornalista si trova nella Villa Comunale di Chieti, in mezzo alla neve e vicino alla persona intervistata.","Il bambino che tira la palla di neve alla giornalista si trova sulla spiaggia vicino all'oceano, in mezzo alla sabbia e lontano dalla persona intervistata.","Il bambino che tira la palla di neve alla giornalista si trova nella Villa Comunale di Chieti, in mezzo alla neve e vicino alla persona intervistata.","Il bambino che tira la palla di neve alla giornalista si trova sulla spiaggia vicino all'oceano, in mezzo alla sabbia e lontano dalla persona intervistata.",0,gemma,video_audio,0,0,1,correct,
video075_spaziale_04,video075,video075.mp4,video075_spaziale,4,spaziale,Dove si trova il bambino che tira la palla di neve alla giornalista?,"Il bambino che tira la palla di neve alla giornalista si trova nella villa comunale di Chieti, in mezzo alla neve.","Il bambino che tira la palla di neve alla giornalista si trova sulla spiaggia di Chieti, in mezzo alla sabbia.","Il bambino che tira la palla di neve alla giornalista si trova sulla spiaggia di Chieti, in mezzo alla sabbia.","Il bambino che tira la palla di neve alla giornalista si trova nella villa comunale di Chieti, in mezzo alla neve.",1,gemma,video_audio,1,1,1,correct,
video075_temporale_01,video075,video075.mp4,video075_temporale,1,temporale,La giornalista intervista il bambino prima o dopo che venga tirata la palla di neve?,La giornalista intervista il bambino dopo che venga tirata la palla di neve.,La giornalista intervista il bambino prima che venga tirata la palla di neve.,La giornalista intervista il bambino dopo che venga tirata la palla di neve.,La giornalista intervista il bambino prima che venga tirata la palla di neve.,0,gemma,video_audio,1,1,0,wrong,
video075_temporale_02,video075,video075.mp4,video075_temporale,2,temporale,La giornalista intervista il bambino prima o dopo che venga tirata la palla di neve?,La giornalista intervista il bambino dopo che venga tirata la palla di neve.,La giornalista intervista il bambino prima che venga tirata la palla di neve.,La giornalista intervista il bambino prima che venga tirata la palla di neve.,La giornalista intervista il bambino dopo che venga tirata la palla di neve.,1,gemma,video_audio,1,1,1,correct,
video075_temporale_03,video075,video075.mp4,video075_temporale,3,temporale,La giornalista intervista il bambino prima o dopo che venga tirata la palla di neve?,La giornalista intervista il bambino dopo che ha lanciato la palla di neve.,La giornalista intervista il bambino mentre lancia la palla di neve.,La giornalista intervista il bambino mentre lancia la palla di neve.,La giornalista intervista il bambino dopo che ha lanciato la palla di neve.,1,gemma,video_audio,1,1,1,correct,
video075_temporale_04,video075,video075.mp4,video075_temporale,4,temporale,La giornalista intervista il bambino prima o dopo che venga tirata la palla di neve?,L'intervista avviene dopo che il bambino lanci la palla di neve.,L'intervista avviene mentre il bambino lanci la palla di neve.,L'intervista avviene dopo che il bambino lanci la palla di neve.,L'intervista avviene mentre il bambino lanci la palla di neve.,0,gemma,video_audio,1,1,0,wrong,
video076_causale_01,video076,video076.mp4,video076_causale,1,causale,Perché le due ciotole d'acqua si colorano in maniera diversa?,"Le due ciotole d'acqua si colorano in maniera diversa perché gli UFO avevano due colori diversi e, sciogliendosi, hanno rilasciato i propri colori.",Le due ciotole d'acqua si colorano in maniera diversa perché le luci della stanza variavano continuamente e riflettevano colori differenti.,"Le due ciotole d'acqua si colorano in maniera diversa perché gli UFO avevano due colori diversi e, sciogliendosi, hanno rilasciato i propri colori.",Le due ciotole d'acqua si colorano in maniera diversa perché le luci della stanza variavano continuamente e riflettevano colori differenti.,0,gemma,video_audio,0,0,1,correct,
video076_causale_02,video076,video076.mp4,video076_causale,2,causale,Perché le due ciotole d'acqua si colorano in maniera diversa?,Le ciotole d'acqua si colorano in maniera diversa perché una è blu e una verde.,Le ciotole d'acqua si colorano in maniera diversa perché una è grande e una piccola.,Le ciotole d'acqua si colorano in maniera diversa perché una è blu e una verde.,Le ciotole d'acqua si colorano in maniera diversa perché una è grande e una piccola.,0,gemma,video_audio,0,0,1,correct,
video076_causale_03,video076,video076.mp4,video076_causale,3,causale,Perché le due ciotole d'acqua si colorano in maniera diversa?,"Le due ciotole d'acqua si colorano in maniera diversa perché i due UFO hanno colori diversi, uno blu e uno verde, e trasferiscono queste tonalità all'acqua.",Le due ciotole d'acqua si colorano in maniera diversa perché una ciotola contiene inchiostro blu e l'altra contiene colorante verde.,Le due ciotole d'acqua si colorano in maniera diversa perché una ciotola contiene inchiostro blu e l'altra contiene colorante verde.,"Le due ciotole d'acqua si colorano in maniera diversa perché i due UFO hanno colori diversi, uno blu e uno verde, e trasferiscono queste tonalità all'acqua.",1,gemma,video_audio,1,1,1,correct,
video076_causale_04,video076,video076.mp4,video076_causale,4,causale,Perché le due ciotole d'acqua si colorano in maniera diversa?,"Le due ciotole d'acqua si colorano in maniera diversa perché i due ufo sono di colori diversi, uno blu e uno verde.",Le due ciotole d'acqua si colorano in maniera diversa perché contengono sostanze chimiche diverse.,"Le due ciotole d'acqua si colorano in maniera diversa perché i due ufo sono di colori diversi, uno blu e uno verde.",Le due ciotole d'acqua si colorano in maniera diversa perché contengono sostanze chimiche diverse.,0,gemma,video_audio,0,0,1,correct,
video076_spaziale_01,video076,video076.mp4,video076_spaziale,1,spaziale,Dove vengono messi gli UFO?,Gli UFO vengono messi nell'acqua per scioglierli e far comparire gli alieni.,Gli UFO vengono messi nel deserto per scioglierli e far comparire gli alieni.,Gli UFO vengono messi nell'acqua per scioglierli e far comparire gli alieni.,Gli UFO vengono messi nel deserto per scioglierli e far comparire gli alieni.,0,gemma,video_audio,0,0,1,correct,
video076_spaziale_02,video076,video076.mp4,video076_spaziale,2,spaziale,Dove vengono messi gli UFO?,Gli UFO vengono messi in acqua.,Gli UFO vengono messi sotterranei.,Gli UFO vengono messi sotterranei.,Gli UFO vengono messi in acqua.,1,gemma,video_audio,1,1,1,correct,
video076_spaziale_03,video076,video076.mp4,video076_spaziale,3,spaziale,Dove vengono messi gli UFO?,Gli UFO vengono messi nelle bacinelle d'acqua sul tavolo decorato con stelle gialle e bianche.,Gli UFO vengono messi nelle bacinelle d'acqua sul pavimento decorato con stelle gialle e bianche.,Gli UFO vengono messi nelle bacinelle d'acqua sul pavimento decorato con stelle gialle e bianche.,Gli UFO vengono messi nelle bacinelle d'acqua sul tavolo decorato con stelle gialle e bianche.,1,gemma,video_audio,1,1,1,correct,
video076_spaziale_04,video076,video076.mp4,video076_spaziale,4,spaziale,Dove vengono messi gli UFO?,Gli UFO vengono messi nelle bacinelle sul tavolo a stelle giallo e bianche.,Gli UFO vengono messi nelle bacinelle sul tavolo a quadretti rossi e bianchi.,Gli UFO vengono messi nelle bacinelle sul tavolo a quadretti rossi e bianchi.,Gli UFO vengono messi nelle bacinelle sul tavolo a stelle giallo e bianche.,1,gemma,video_audio,1,1,1,correct,
video076_temporale_01,video076,video076.mp4,video076_temporale,1,temporale,Il babbo passa gli UFO ai bambini prima o dopo che l'acqua si colori?,Il babbo passa gli UFO ai bambini molto prima che l'acqua si colori.,Il babbo passa gli UFO ai bambini molto dopo che l'acqua si colori.,Il babbo passa gli UFO ai bambini molto dopo che l'acqua si colori.,Il babbo passa gli UFO ai bambini molto prima che l'acqua si colori.,1,gemma,video_audio,0,0,0,wrong,
video076_temporale_02,video076,video076.mp4,video076_temporale,2,temporale,Il babbo passa gli UFO ai bambini prima o dopo che l'acqua si colori?,Il babbo passa gli UFO ai bambini prima che l'acqua si colori.,Il babbo passa gli UFO ai bambini dopo che l'acqua si è colorata.,Il babbo passa gli UFO ai bambini dopo che l'acqua si è colorata.,Il babbo passa gli UFO ai bambini prima che l'acqua si colori.,1,gemma,video_audio,1,1,1,correct,
video076_temporale_03,video076,video076.mp4,video076_temporale,3,temporale,Il babbo passa gli UFO ai bambini prima o dopo che l'acqua si colori?,"Nel video, all'inizio l'acqua è ancora normale e si colora soltanto dopo che i bambini vi inseriscono gli UFO.","Nel video, l'acqua si colora immediatamente prima che i bambini vi inseriscano gli UFO.","Nel video, all'inizio l'acqua è ancora normale e si colora soltanto dopo che i bambini vi inseriscono gli UFO.","Nel video, l'acqua si colora immediatamente prima che i bambini vi inseriscano gli UFO.",0,gemma,video_audio,0,0,1,correct,
video076_temporale_04,video076,video076.mp4,video076_temporale,4,temporale,Il babbo passa gli UFO ai bambini prima o dopo che l'acqua si colori?,L'acqua si colora solo dopo che i bambini hanno preso gli UFO e li hanno messi dentro.,L'acqua si colora appena i bambini prendono gli UFO e li mettono dentro.,L'acqua si colora solo dopo che i bambini hanno preso gli UFO e li hanno messi dentro.,L'acqua si colora appena i bambini prendono gli UFO e li mettono dentro.,0,gemma,video_audio,0,0,1,correct,
video077_causale_01,video077,video077.mp4,video077_causale,1,causale,Perché il bambino non risponde alla donna?,Il bambino non risponde alla donna perché è senza sensi sul pavimento.,Il bambino non risponde alla donna perché è arrabbiato.,Il bambino non risponde alla donna perché è arrabbiato.,Il bambino non risponde alla donna perché è senza sensi sul pavimento.,1,gemma,video_audio,1,1,1,correct,
video077_causale_02,video077,video077.mp4,video077_causale,2,causale,Perché il bambino non risponde alla donna?,Il bambino non risponde alla donna perché dorme.,Il bambino non risponde alla donna perché è distratto.,Il bambino non risponde alla donna perché dorme.,Il bambino non risponde alla donna perché è distratto.,0,gemma,video_audio,0,0,1,correct,
video077_causale_03,video077,video077.mp4,video077_causale,3,causale,Perché il bambino non risponde alla donna?,Il bambino non risponde alla donna perché si è addormentato nell'altra stanza.,Il bambino non risponde alla donna perché è arrabbiato con lei.,Il bambino non risponde alla donna perché si è addormentato nell'altra stanza.,Il bambino non risponde alla donna perché è arrabbiato con lei.,0,gemma,video_audio,0,0,1,correct,
video077_causale_04,video077,video077.mp4,video077_causale,4,causale,Perché il bambino non risponde alla donna?,Il bambino non risponde alla donna perché si trova addormentato nell'altra stanza.,Il bambino non risponde alla donna perché sta giocando nell'altra stanza.,Il bambino non risponde alla donna perché si trova addormentato nell'altra stanza.,Il bambino non risponde alla donna perché sta giocando nell'altra stanza.,0,gemma,video_audio,1,1,0,wrong,
video077_spaziale_01,video077,video077.mp4,video077_spaziale,1,spaziale,Dove si è addormentato Cristian?,Cristian si è addormentato sul pavimento.,Cristian si è addormentato sul divano.,Cristian si è addormentato sul pavimento.,Cristian si è addormentato sul divano.,0,gemma,video_audio,0,0,1,correct,
video077_spaziale_02,video077,video077.mp4,video077_spaziale,2,spaziale,Dove si è addormentato Cristian?,Cristian si è addormentato sul pavimento.,Cristian si è addormentato sul divano.,Cristian si è addormentato sul pavimento.,Cristian si è addormentato sul divano.,0,gemma,video_audio,0,0,1,correct,
video077_spaziale_03,video077,video077.mp4,video077_spaziale,3,spaziale,Dove si è addormentato Cristian?,"Cristian si è addormentato sul pavimento, all'ingresso della stanza.","Cristian si è addormentato sul pavimento, in fondo alla stanza.","Cristian si è addormentato sul pavimento, in fondo alla stanza.","Cristian si è addormentato sul pavimento, all'ingresso della stanza.",1,gemma,video_audio,1,1,1,correct,
video077_spaziale_04,video077,video077.mp4,video077_spaziale,4,spaziale,Dove si è addormentato Cristian?,Cristian si è addormentato all'ingresso della stanza.,Cristian si è addormentato sul balcone della stanza.,Cristian si è addormentato sul balcone della stanza.,Cristian si è addormentato all'ingresso della stanza.,1,gemma,video_audio,1,1,1,correct,
video077_temporale_01,video077,video077.mp4,video077_temporale,1,temporale,La donna chiama Cristian a mangiare prima o dopo averlo trovato addormentato?,La donna chiama Cristian a mangiare prima di trovarlo addormentato.,"Dopo aver trovato Cristian addormentato, la donna lo chiama a mangiare.","Dopo aver trovato Cristian addormentato, la donna lo chiama a mangiare.",La donna chiama Cristian a mangiare prima di trovarlo addormentato.,1,gemma,video_audio,0,0,0,wrong,
video077_temporale_02,video077,video077.mp4,video077_temporale,2,temporale,La donna chiama Cristian a mangiare prima o dopo averlo trovato addormentato?,La donna chiama Cristian a mangiare prima di trovarlo addormentato.,La donna chiama Cristian a mangiare dopo averlo trovato addormentato.,La donna chiama Cristian a mangiare prima di trovarlo addormentato.,La donna chiama Cristian a mangiare dopo averlo trovato addormentato.,0,gemma,video_audio,1,1,0,wrong,
video077_temporale_03,video077,video077.mp4,video077_temporale,3,temporale,La donna chiama Cristian a mangiare prima o dopo averlo trovato addormentato?,La donna trova Cristian addormentato dopo averlo chiamato più volte per andare a mangiare; il sonno era iniziato in precedenza.,La donna trova Cristian addormentato prima di chiamarlo per andare a mangiare; il sonno era iniziato in precedenza.,La donna trova Cristian addormentato dopo averlo chiamato più volte per andare a mangiare; il sonno era iniziato in precedenza.,La donna trova Cristian addormentato prima di chiamarlo per andare a mangiare; il sonno era iniziato in precedenza.,0,gemma,video_audio,1,1,0,wrong,
video077_temporale_04,video077,video077.mp4,video077_temporale,4,temporale,La donna chiama Cristian a mangiare prima o dopo averlo trovato addormentato?,La donna trova Cristian addormentato dopo averlo chiamato più volte per andare a mangiare.,La donna trova Cristian addormentato prima di chiamarlo per andare a mangiare.,La donna trova Cristian addormentato prima di chiamarlo per andare a mangiare.,La donna trova Cristian addormentato dopo averlo chiamato più volte per andare a mangiare.,1,gemma,video_audio,1,1,1,correct,
video078_causale_01,video078,video078.mp4,video078_causale,1,causale,Perché la donna si arrabbia?,La donna si arrabbia perché la bambina faceva finta di fare i compiti e invece giocava con il cellulare.,La donna si arrabbia perché la bambina faceva rumore mentre studiava.,La donna si arrabbia perché la bambina faceva rumore mentre studiava.,La donna si arrabbia perché la bambina faceva finta di fare i compiti e invece giocava con il cellulare.,1,gemma,video_audio,1,1,1,correct,
video078_causale_02,video078,video078.mp4,video078_causale,2,causale,Perché la donna si arrabbia?,La donna si arrabbia perché non stava facendo i compiti.,La donna si arrabbia perché non era stata invitata.,La donna si arrabbia perché non era stata invitata.,La donna si arrabbia perché non stava facendo i compiti.,1,gemma,video_audio,1,1,1,correct,
video078_causale_03,video078,video078.mp4,video078_causale,3,causale,Perché la donna si arrabbia?,"La donna si arrabbia perché Vanessa, invece di fare i compiti, stava giocando con il telefono.","La donna si arrabbia perché Vanessa, invece di fare i compiti, stava dormendo.","La donna si arrabbia perché Vanessa, invece di fare i compiti, stava giocando con il telefono.","La donna si arrabbia perché Vanessa, invece di fare i compiti, stava dormendo.",0,gemma,video_audio,0,0,1,correct,
video078_causale_04,video078,video078.mp4,video078_causale,4,causale,Perché la donna si arrabbia?,La donna si arrabbia perché Vanessa stava giocando con il telefono.,La donna si arrabbia perché Vanessa stava parlando troppo forte.,La donna si arrabbia perché Vanessa stava parlando troppo forte.,La donna si arrabbia perché Vanessa stava giocando con il telefono.,1,gemma,video_audio,1,1,1,correct,
video078_spaziale_01,video078,video078.mp4,video078_spaziale,1,spaziale,Dove legge 'l'imperfetto del verbo mangiare' la bambina?,"La bambina faceva finta di leggere il quaderno e non leggeva l'imperfetto del verbo ""mangiare"" da nessuna parte.","La bambina faceva finta di leggere il quaderno e leggeva l'imperfetto del verbo ""mangiare"" da qualche parte.","La bambina faceva finta di leggere il quaderno e leggeva l'imperfetto del verbo ""mangiare"" da qualche parte.","La bambina faceva finta di leggere il quaderno e non leggeva l'imperfetto del verbo ""mangiare"" da nessuna parte.",1,gemma,video_audio,0,0,0,wrong,
video078_spaziale_02,video078,video078.mp4,video078_spaziale,2,spaziale,Dove legge 'l'imperfetto del verbo mangiare' la bambina?,La bambina legge 'l'imperfetto del verbo mangiare' nel quaderno.,La bambina legge 'l'imperfetto del verbo mangiare' sul tablet.,La bambina legge 'l'imperfetto del verbo mangiare' sul tablet.,La bambina legge 'l'imperfetto del verbo mangiare' nel quaderno.,1,gemma,video_audio,1,1,1,correct,
video078_spaziale_03,video078,video078.mp4,video078_spaziale,3,spaziale,Dove legge 'l'imperfetto del verbo mangiare' la bambina?,La bambina legge 'l'imperfetto del verbo mangiare' sul quaderno dalla copertina blu.,La bambina legge 'l'imperfetto del verbo mangiare' sul quaderno dalla copertina rossa.,La bambina legge 'l'imperfetto del verbo mangiare' sul quaderno dalla copertina blu.,La bambina legge 'l'imperfetto del verbo mangiare' sul quaderno dalla copertina rossa.,0,gemma,video_audio,1,1,0,wrong,
video078_spaziale_04,video078,video078.mp4,video078_spaziale,4,spaziale,Dove legge 'l'imperfetto del verbo mangiare' la bambina?,"La bambina legge ""l'imperfetto del verbo mangiare"" sul quaderno con la copertina blu.","La bambina legge ""l'imperfetto del verbo mangiare"" sul quaderno con la copertina rossa.","La bambina legge ""l'imperfetto del verbo mangiare"" sul quaderno con la copertina rossa.","La bambina legge ""l'imperfetto del verbo mangiare"" sul quaderno con la copertina blu.",1,gemma,video_audio,1,1,1,correct,
video078_temporale_01,video078,video078.mp4,video078_temporale,1,temporale,La donna si arrabbia prima o dopo aver abbassato il quaderno della bambina?,La donna si arrabbia dopo aver abbassato il quaderno della bambina.,La donna si arrabbia prima di abbassare il quaderno della bambina.,La donna si arrabbia prima di abbassare il quaderno della bambina.,La donna si arrabbia dopo aver abbassato il quaderno della bambina.,1,gemma,video_audio,0,0,0,wrong,
video078_temporale_02,video078,video078.mp4,video078_temporale,2,temporale,La donna si arrabbia prima o dopo aver abbassato il quaderno della bambina?,La donna si arrabbia dopo aver abbassato il quaderno della bambina.,La donna si arrabbia prima di abbassare il quaderno della bambina.,La donna si arrabbia prima di abbassare il quaderno della bambina.,La donna si arrabbia dopo aver abbassato il quaderno della bambina.,1,gemma,video_audio,0,0,0,wrong,
video078_temporale_03,video078,video078.mp4,video078_temporale,3,temporale,La donna si arrabbia prima o dopo aver abbassato il quaderno della bambina?,La donna si arrabbia dopo aver scoperto che la bambina teneva nascosto il telefono dietro il quaderno.,La donna si arrabbia mentre scopre che la bambina teneva nascosto il telefono dietro il quaderno.,La donna si arrabbia mentre scopre che la bambina teneva nascosto il telefono dietro il quaderno.,La donna si arrabbia dopo aver scoperto che la bambina teneva nascosto il telefono dietro il quaderno.,1,gemma,video_audio,1,1,1,correct,
video078_temporale_04,video078,video078.mp4,video078_temporale,4,temporale,La donna si arrabbia prima o dopo aver abbassato il quaderno della bambina?,La donna si arrabbia dopo aver scoperto che la bambina nascondeva il telefono dietro il quaderno.,La donna si arrabbia mentre scopre che la bambina nascondeva il telefono dietro il quaderno.,La donna si arrabbia mentre scopre che la bambina nascondeva il telefono dietro il quaderno.,La donna si arrabbia dopo aver scoperto che la bambina nascondeva il telefono dietro il quaderno.,1,gemma,video_audio,1,1,1,correct,
video079_causale_01,video079,video079.mp4,video079_causale,1,causale,Perché la ragazza crede che l'amico si sia 'impressionato'?,La ragazza crede che l'amico si sia 'impressionato' per la prova di evacuazione.,La ragazza crede che l'amico si sia 'impressionato' per il film horror.,La ragazza crede che l'amico si sia 'impressionato' per il film horror.,La ragazza crede che l'amico si sia 'impressionato' per la prova di evacuazione.,1,gemma,video_audio,1,1,1,correct,
video079_causale_02,video079,video079.mp4,video079_causale,2,causale,Perché la ragazza crede che l'amico si sia 'impressionato'?,La ragazza crede che l'amico si sia 'impressionato' perché ha appreso notizie da uno scienziato giapponese.,La ragazza crede che l'amico si sia 'impressionato' perché ha assistito a un film horror.,La ragazza crede che l'amico si sia 'impressionato' perché ha assistito a un film horror.,La ragazza crede che l'amico si sia 'impressionato' perché ha appreso notizie da uno scienziato giapponese.,1,gemma,video_audio,1,1,1,correct,
video079_causale_03,video079,video079.mp4,video079_causale,3,causale,Perché la ragazza crede che l'amico si sia 'impressionato'?,La ragazza crede che l'amico si sia 'impressionato' perché a scuola si è svolta una prova di evacuazione e lui riferisce anche informazioni apprese da uno scienziato giapponese.,La ragazza crede che l'amico si sia 'impressionato' perché a scuola si è svolta una conferenza interessante e lui riferisce anche informazioni apprese da uno scienziato giapponese.,La ragazza crede che l'amico si sia 'impressionato' perché a scuola si è svolta una conferenza interessante e lui riferisce anche informazioni apprese da uno scienziato giapponese.,La ragazza crede che l'amico si sia 'impressionato' perché a scuola si è svolta una prova di evacuazione e lui riferisce anche informazioni apprese da uno scienziato giapponese.,1,gemma,video_audio,1,1,1,correct,
video079_causale_04,video079,video079.mp4,video079_causale,4,causale,Perché la ragazza crede che l'amico si sia 'impressionato'?,La ragazza crede che l'amico si sia 'impressionato' perché c'è stata la prova di evacuazione a scuola.,La ragazza crede che l'amico si sia 'impressionato' perché ha visto un film horror.,La ragazza crede che l'amico si sia 'impressionato' perché ha visto un film horror.,La ragazza crede che l'amico si sia 'impressionato' perché c'è stata la prova di evacuazione a scuola.,1,gemma,video_audio,1,1,1,correct,
video079_spaziale_01,video079,video079.mp4,video079_spaziale,1,spaziale,Dove si trovano i ragazzi?,I ragazzi si trovano per strada.,I ragazzi si trovano in un parco.,I ragazzi si trovano in un parco.,I ragazzi si trovano per strada.,1,gemma,video_audio,1,1,1,correct,
video079_spaziale_02,video079,video079.mp4,video079_spaziale,2,spaziale,Dove si trovano i ragazzi?,I ragazzi si trovano a scuola.,I ragazzi si trovano al parco.,I ragazzi si trovano a scuola.,I ragazzi si trovano al parco.,0,gemma,video_audio,0,0,1,correct,
video079_spaziale_03,video079,video079.mp4,video079_spaziale,3,spaziale,Dove si trovano i ragazzi?,I ragazzi si trovano all'interno della scuola.,I ragazzi si trovano all'esterno della scuola.,I ragazzi si trovano all'interno della scuola.,I ragazzi si trovano all'esterno della scuola.,0,gemma,video_audio,1,1,0,wrong,
video079_spaziale_04,video079,video079.mp4,video079_spaziale,4,spaziale,Dove si trovano i ragazzi?,I ragazzi si trovano in una scuola.,I ragazzi si trovano in un parco.,I ragazzi si trovano in una scuola.,I ragazzi si trovano in un parco.,0,gemma,video_audio,0,0,1,correct,
video079_temporale_01,video079,video079.mp4,video079_temporale,1,temporale,I due ragazzi parlano prima o dopo le 11:30 di mattina?,I due ragazzi parlano dopo le 11:30 di mattina.,I due ragazzi parlano prima delle 11:30 di mattina.,I due ragazzi parlano dopo le 11:30 di mattina.,I due ragazzi parlano prima delle 11:30 di mattina.,0,gemma,video_audio,0,0,1,correct,
video079_temporale_02,video079,video079.mp4,video079_temporale,2,temporale,I due ragazzi parlano prima o dopo le 11:30 di mattina?,I due ragazzi parlano dopo le 11:30 di mattina.,I due ragazzi parlano prima delle 11:30 di mattina.,I due ragazzi parlano prima delle 11:30 di mattina.,I due ragazzi parlano dopo le 11:30 di mattina.,1,gemma,video_audio,1,1,1,correct,
video079_temporale_03,video079,video079.mp4,video079_temporale,3,temporale,I due ragazzi parlano prima o dopo le 11:30 di mattina?,"I due ragazzi parlano successivamente, quando la prova di evacuazione è già stata effettuata.","I due ragazzi parlano prima, quando la prova di evacuazione non è ancora stata effettuata.","I due ragazzi parlano successivamente, quando la prova di evacuazione è già stata effettuata.","I due ragazzi parlano prima, quando la prova di evacuazione non è ancora stata effettuata.",0,gemma,video_audio,0,0,1,correct,
video079_temporale_04,video079,video079.mp4,video079_temporale,4,temporale,I due ragazzi parlano prima o dopo le 11:30 di mattina?,I due ragazzi parlano dopo le 11:30 di mattina perché l'evacuazione è già avvenuta.,I due ragazzi parlano prima delle 11:30 di mattina perché l'evacuazione è già avvenuta.,I due ragazzi parlano dopo le 11:30 di mattina perché l'evacuazione è già avvenuta.,I due ragazzi parlano prima delle 11:30 di mattina perché l'evacuazione è già avvenuta.,0,gemma,video_audio,0,0,1,correct,
video080_causale_01,video080,video080.mp4,video080_causale,1,causale,Perché le ragazze mandano un video a 'Ele'?,Le ragazze mandano un video a 'Ele' perché lei ha scampato il compito e le compagne hanno trovato il libro che le piaceva e sul quale studiava.,Le ragazze mandano un video a 'Ele' perché lei ha scampato il compito e ha chiesto loro delle informazioni.,Le ragazze mandano un video a 'Ele' perché lei ha scampato il compito e le compagne hanno trovato il libro che le piaceva e sul quale studiava.,Le ragazze mandano un video a 'Ele' perché lei ha scampato il compito e ha chiesto loro delle informazioni.,0,gemma,video_audio,0,0,1,correct,
video080_causale_02,video080,video080.mp4,video080_causale,2,causale,Perché le ragazze mandano un video a 'Ele'?,Le ragazze mandano un video a 'Ele' perché non è lì con loro.,Le ragazze mandano un video a 'Ele' perché vogliono sorprenderla.,Le ragazze mandano un video a 'Ele' perché vogliono sorprenderla.,Le ragazze mandano un video a 'Ele' perché non è lì con loro.,1,gemma,video_audio,1,1,1,correct,
video080_causale_03,video080,video080.mp4,video080_causale,3,causale,Perché le ragazze mandano un video a 'Ele'?,"Le ragazze mandano un video a 'Ele' perché la persona non è presente con loro, ne sentono la mancanza e desiderano sentirla.",Le ragazze mandano un video a 'Ele' perché vogliono condividere un momento di felicità con lei.,"Le ragazze mandano un video a 'Ele' perché la persona non è presente con loro, ne sentono la mancanza e desiderano sentirla.",Le ragazze mandano un video a 'Ele' perché vogliono condividere un momento di felicità con lei.,0,gemma,video_audio,0,0,1,correct,
video080_causale_04,video080,video080.mp4,video080_causale,4,causale,Perché le ragazze mandano un video a 'Ele'?,Le ragazze mandano un video a 'Ele' perché ne sentono la mancanza e vogliono sentirla.,Le ragazze mandano un video a 'Ele' perché hanno una nuova canzone da mostrarle.,Le ragazze mandano un video a 'Ele' perché ne sentono la mancanza e vogliono sentirla.,Le ragazze mandano un video a 'Ele' perché hanno una nuova canzone da mostrarle.,0,gemma,video_audio,0,0,1,correct,
video080_spaziale_01,video080,video080.mp4,video080_spaziale,1,spaziale,Dov'è il libro preferito di 'Ele'?,Il libro preferito di 'Ele' sembra essere in biblioteca.,Il libro preferito di 'Ele' sembra essere a casa.,Il libro preferito di 'Ele' sembra essere in biblioteca.,Il libro preferito di 'Ele' sembra essere a casa.,0,gemma,video_audio,0,0,1,correct,
video080_spaziale_02,video080,video080.mp4,video080_spaziale,2,spaziale,Dov'è il libro preferito di 'Ele'?,Il libro preferito di 'Ele' è in mano ad una ragazza.,Il libro preferito di 'Ele' è su un tavolo.,Il libro preferito di 'Ele' è su un tavolo.,Il libro preferito di 'Ele' è in mano ad una ragazza.,1,gemma,video_audio,1,1,1,correct,
video080_spaziale_03,video080,video080.mp4,video080_spaziale,3,spaziale,Dov'è il libro preferito di 'Ele'?,Il libro preferito di 'Ele' si trova nelle mani della ragazza con la felpa nera e i brillantini sotto gli occhi.,Il libro preferito di 'Ele' si trova sullo scaffale in camera sua.,Il libro preferito di 'Ele' si trova sullo scaffale in camera sua.,Il libro preferito di 'Ele' si trova nelle mani della ragazza con la felpa nera e i brillantini sotto gli occhi.,1,gemma,video_audio,1,1,1,correct,
video080_spaziale_04,video080,video080.mp4,video080_spaziale,4,spaziale,Dov'è il libro preferito di 'Ele'?,Il libro preferito di 'Ele' è nelle mani della ragazza con la felpa nera e i diamantini sotto gli occhi.,Il libro preferito di 'Ele' è nelle mani della ragazza con la giacca rossa e un cappello.,Il libro preferito di 'Ele' è nelle mani della ragazza con la giacca rossa e un cappello.,Il libro preferito di 'Ele' è nelle mani della ragazza con la felpa nera e i diamantini sotto gli occhi.,1,gemma,video_audio,1,1,1,correct,
video080_temporale_01,video080,video080.mp4,video080_temporale,1,temporale,La ragazza con la felpa rosa dice a un'altra di sorridere prima o dopo aver finito di girare il video?,La ragazza con la felpa rosa dice di sorridere dopo aver finito di girare il video.,La ragazza con la felpa rosa dice di sorridere prima di iniziare a girare il video.,La ragazza con la felpa rosa dice di sorridere prima di iniziare a girare il video.,La ragazza con la felpa rosa dice di sorridere dopo aver finito di girare il video.,1,gemma,video_audio,0,0,0,wrong,
video080_temporale_02,video080,video080.mp4,video080_temporale,2,temporale,La ragazza con la felpa rosa dice a un'altra di sorridere prima o dopo aver finito di girare il video?,La ragazza con la felpa rosa dice all'altra di sorridere dopo aver finito di girare il video.,La ragazza con la felpa rosa dice all'altra di sorridere prima di iniziare a girare il video.,La ragazza con la felpa rosa dice all'altra di sorridere prima di iniziare a girare il video.,La ragazza con la felpa rosa dice all'altra di sorridere dopo aver finito di girare il video.,1,gemma,video_audio,0,0,0,wrong,
video080_temporale_03,video080,video080.mp4,video080_temporale,3,temporale,La ragazza con la felpa rosa dice a un'altra di sorridere prima o dopo aver finito di girare il video?,La ragazza con la felpa rosa dice di sorridere in un momento seguente al termine del video.,La ragazza con la felpa rosa dice di sorridere in un momento precedente all'inizio del video.,La ragazza con la felpa rosa dice di sorridere in un momento seguente al termine del video.,La ragazza con la felpa rosa dice di sorridere in un momento precedente all'inizio del video.,0,gemma,video_audio,0,0,1,correct,
video080_temporale_04,video080,video080.mp4,video080_temporale,4,temporale,La ragazza con la felpa rosa dice a un'altra di sorridere prima o dopo aver finito di girare il video?,La ragazza con la felpa rosa dice all'altra di sorridere dopo aver finito di girare il video.,La ragazza con la felpa rosa dice all'altra di sorridere prima di iniziare a girare il video.,La ragazza con la felpa rosa dice all'altra di sorridere prima di iniziare a girare il video.,La ragazza con la felpa rosa dice all'altra di sorridere dopo aver finito di girare il video.,1,gemma,video_audio,0,0,0,wrong,
video081_causale_01,video081,video081.mp4,video081_causale,1,causale,Perché la ragazza con la canottiera verde è sorpresa di sentire che il risultato è '-4'?,La ragazza con la canottiera verde è sorpresa di sentire che il risultato è '-4' perché le è uscito un altro risultato.,La ragazza con la canottiera verde è sorpresa di sentire che il risultato è '-4' perché non si aspettava un risultato negativo.,La ragazza con la canottiera verde è sorpresa di sentire che il risultato è '-4' perché le è uscito un altro risultato.,La ragazza con la canottiera verde è sorpresa di sentire che il risultato è '-4' perché non si aspettava un risultato negativo.,0,gemma,video_audio,1,1,0,wrong,
video081_causale_02,video081,video081.mp4,video081_causale,2,causale,Perché la ragazza con la canottiera verde è sorpresa di sentire che il risultato è '-4'?,La ragazza con la canottiera verde è sorpresa di sentire che il risultato è '-4' perché credeva fosse giusto il suo.,La ragazza con la canottiera verde è sorpresa di sentire che il risultato è '-4' perché non sapeva nulla del test.,La ragazza con la canottiera verde è sorpresa di sentire che il risultato è '-4' perché credeva fosse giusto il suo.,La ragazza con la canottiera verde è sorpresa di sentire che il risultato è '-4' perché non sapeva nulla del test.,0,gemma,video_audio,0,0,1,correct,
video081_causale_03,video081,video081.mp4,video081_causale,3,causale,Perché la ragazza con la canottiera verde è sorpresa di sentire che il risultato è '-4'?,"La ragazza con la canottiera verde è sorpresa perché pensava che il proprio risultato fosse corretto, ma all'altra ragazza viene un risultato differente.","La ragazza con la canottiera verde è sorpresa perché aveva sbagliato un calcolo, ma all'altra ragazza viene lo stesso risultato.","La ragazza con la canottiera verde è sorpresa perché pensava che il proprio risultato fosse corretto, ma all'altra ragazza viene un risultato differente.","La ragazza con la canottiera verde è sorpresa perché aveva sbagliato un calcolo, ma all'altra ragazza viene lo stesso risultato.",0,gemma,video_audio,1,1,0,wrong,
video081_causale_04,video081,video081.mp4,video081_causale,4,causale,Perché la ragazza con la canottiera verde è sorpresa di sentire che il risultato è '-4'?,La ragazza con la canottiera verde è sorpresa di sentire il risultato '-4' perché a lei viene un risultato diverso.,La ragazza con la canottiera verde è sorpresa di sentire il risultato '-4' perché lo aveva ottenuto anche lei.,La ragazza con la canottiera verde è sorpresa di sentire il risultato '-4' perché a lei viene un risultato diverso.,La ragazza con la canottiera verde è sorpresa di sentire il risultato '-4' perché lo aveva ottenuto anche lei.,0,gemma,video_audio,0,0,1,correct,
video081_spaziale_01,video081,video081.mp4,video081_spaziale,1,spaziale,Dov'è il biscotto quando la ragazza con la felpa nera corregge l'esercizio?,Probabilmente il biscotto è preso dalla cartella e l'altra ragazza lo mangia.,Probabilmente il biscotto è preso dal tavolo e l'altra ragazza lo mangia.,Probabilmente il biscotto è preso dal tavolo e l'altra ragazza lo mangia.,Probabilmente il biscotto è preso dalla cartella e l'altra ragazza lo mangia.,1,gemma,video_audio,1,1,1,correct,
video081_spaziale_02,video081,video081.mp4,video081_spaziale,2,spaziale,Dov'è il biscotto quando la ragazza con la felpa nera corregge l'esercizio?,Il biscotto è mangiato dall'altra ragazza quando la ragazza con la felpa nera corregge l'esercizio.,Il biscotto è mangiato dall'altra ragazza quando la ragazza con la felpa nera è in biblioteca.,Il biscotto è mangiato dall'altra ragazza quando la ragazza con la felpa nera è in biblioteca.,Il biscotto è mangiato dall'altra ragazza quando la ragazza con la felpa nera corregge l'esercizio.,1,gemma,video_audio,1,1,1,correct,
video081_spaziale_03,video081,video081.mp4,video081_spaziale,3,spaziale,Dov'è il biscotto quando la ragazza con la felpa nera corregge l'esercizio?,"Il biscotto si trova nelle mani dell'altra ragazza con la canotta verde, che lo sta mangiando.",Il biscotto si trova negli zaini dei ragazzi seduti al parco.,"Il biscotto si trova nelle mani dell'altra ragazza con la canotta verde, che lo sta mangiando.",Il biscotto si trova negli zaini dei ragazzi seduti al parco.,0,gemma,video_audio,0,0,1,correct,
video081_spaziale_04,video081,video081.mp4,video081_spaziale,4,spaziale,Dov'è il biscotto quando la ragazza con la felpa nera corregge l'esercizio?,Il biscotto è in mano alla ragazza con la canotta verde che lo sta mangiando.,Il biscotto è sul tavolo accanto alla ragazza con la canotta verde che lo sta mangiando.,Il biscotto è in mano alla ragazza con la canotta verde che lo sta mangiando.,Il biscotto è sul tavolo accanto alla ragazza con la canotta verde che lo sta mangiando.,0,gemma,video_audio,0,0,1,correct,
video081_temporale_01,video081,video081.mp4,video081_temporale,1,temporale,La ragazza con la felpa nera prende il quaderno dell'altra prima o dopo aver confrontato con lei il risultato?,La ragazza con la felpa nera prende il quaderno dell'altra dopo aver confrontato con lei il risultato.,La ragazza con la felpa nera prende il quaderno dell'altra prima di confrontare con lei il risultato.,La ragazza con la felpa nera prende il quaderno dell'altra dopo aver confrontato con lei il risultato.,La ragazza con la felpa nera prende il quaderno dell'altra prima di confrontare con lei il risultato.,0,gemma,video_audio,0,0,1,correct,
video081_temporale_02,video081,video081.mp4,video081_temporale,2,temporale,La ragazza con la felpa nera prende il quaderno dell'altra prima o dopo aver confrontato con lei il risultato?,La ragazza con la felpa nera prende il quaderno dell'altra dopo aver confrontato il risultato.,La ragazza con la felpa nera prende il quaderno dell'altra prima di confrontare il risultato.,La ragazza con la felpa nera prende il quaderno dell'altra dopo aver confrontato il risultato.,La ragazza con la felpa nera prende il quaderno dell'altra prima di confrontare il risultato.,0,gemma,video_audio,1,1,0,wrong,
video081_temporale_03,video081,video081.mp4,video081_temporale,3,temporale,La ragazza con la felpa nera prende il quaderno dell'altra prima o dopo aver confrontato con lei il risultato?,La ragazza con la felpa nera prende il quaderno dell'altra in un momento successivo al confronto del risultato.,La ragazza con la felpa nera prende il quaderno dell'altra prima del confronto del risultato.,La ragazza con la felpa nera prende il quaderno dell'altra in un momento successivo al confronto del risultato.,La ragazza con la felpa nera prende il quaderno dell'altra prima del confronto del risultato.,0,gemma,video_audio,1,1,0,wrong,
video081_temporale_04,video081,video081.mp4,video081_temporale,4,temporale,La ragazza con la felpa nera prende il quaderno dell'altra prima o dopo aver confrontato con lei il risultato?,"Nel video, la ragazza con la felpa nera prende il quaderno dell'altra dopo aver confrontato con lei il risultato.","Nel video, la ragazza con la felpa nera prende il quaderno dell'altra prima di confrontare con lei il risultato.","Nel video, la ragazza con la felpa nera prende il quaderno dell'altra dopo aver confrontato con lei il risultato.","Nel video, la ragazza con la felpa nera prende il quaderno dell'altra prima di confrontare con lei il risultato.",0,gemma,video_audio,1,1,0,wrong,
video082_causale_01,video082,video082.mp4,video082_causale,1,causale,Perché l'uomo con la camicia a quadri si fa allacciare la scarpa dal signore sulla panchina?,L'uomo con la camicia a quadri si fa allacciare la scarpa perché gli manca un braccio.,L'uomo con la camicia a quadri si fa allacciare la scarpa perché non sa come fare il nodo.,L'uomo con la camicia a quadri si fa allacciare la scarpa perché gli manca un braccio.,L'uomo con la camicia a quadri si fa allacciare la scarpa perché non sa come fare il nodo.,0,gemma,video_audio,0,0,1,correct,
video082_causale_02,video082,video082.mp4,video082_causale,2,causale,Perché l'uomo con la camicia a quadri si fa allacciare la scarpa dal signore sulla panchina?,L'uomo con la camicia a quadri si fa allacciare la scarpa perché non ha la mano.,L'uomo con la camicia a quadri si fa allacciare la scarpa perché non sa farlo da solo.,L'uomo con la camicia a quadri si fa allacciare la scarpa perché non sa farlo da solo.,L'uomo con la camicia a quadri si fa allacciare la scarpa perché non ha la mano.,1,gemma,video_audio,1,1,1,correct,
video082_causale_03,video082,video082.mp4,video082_causale,3,causale,Perché l'uomo con la camicia a quadri si fa allacciare la scarpa dal signore sulla panchina?,L'uomo con la camicia a quadri si fa allacciare la scarpa perché ha perso un braccio in un incidente e non riesce a farlo da solo.,L'uomo con la camicia a quadri si fa allacciare la scarpa perché si è fatto male alla schiena e non riesce a chinarsi.,L'uomo con la camicia a quadri si fa allacciare la scarpa perché si è fatto male alla schiena e non riesce a chinarsi.,L'uomo con la camicia a quadri si fa allacciare la scarpa perché ha perso un braccio in un incidente e non riesce a farlo da solo.,1,gemma,video_audio,1,1,1,correct,
video082_causale_04,video082,video082.mp4,video082_causale,4,causale,Perché l'uomo con la camicia a quadri si fa allacciare la scarpa dal signore sulla panchina?,L'uomo con la camicia a quadri si fa allacciare la scarpa dal signore sulla panchina perché ha perso il braccio in un incidente e non riesce da solo.,L'uomo con la camicia a quadri si fa allacciare la scarpa dal signore sulla panchina perché non sa come fare i nodi.,L'uomo con la camicia a quadri si fa allacciare la scarpa dal signore sulla panchina perché non sa come fare i nodi.,L'uomo con la camicia a quadri si fa allacciare la scarpa dal signore sulla panchina perché ha perso il braccio in un incidente e non riesce da solo.,1,gemma,video_audio,1,1,1,correct,
video082_spaziale_01,video082,video082.mp4,video082_spaziale,1,spaziale,Dove indica l'uomo senza un braccio quando chiede aiuto?,L'uomo senza un braccio indica la scarpa quando chiede aiuto.,L'uomo senza un braccio indica il muro quando chiede aiuto.,L'uomo senza un braccio indica la scarpa quando chiede aiuto.,L'uomo senza un braccio indica il muro quando chiede aiuto.,0,gemma,video_audio,0,0,1,correct,
video082_spaziale_02,video082,video082.mp4,video082_spaziale,2,spaziale,Dove indica l'uomo senza un braccio quando chiede aiuto?,L'uomo senza un braccio indica in basso verso la scarpa quando chiede aiuto.,L'uomo senza un braccio indica in alto verso il cielo quando chiede aiuto.,L'uomo senza un braccio indica in alto verso il cielo quando chiede aiuto.,L'uomo senza un braccio indica in basso verso la scarpa quando chiede aiuto.,1,gemma,video_audio,1,1,1,correct,
video082_spaziale_03,video082,video082.mp4,video082_spaziale,3,spaziale,Dove indica l'uomo senza un braccio quando chiede aiuto?,"L'uomo senza un braccio indica in basso, sui lacci della scarpa, quando chiede aiuto.","L'uomo senza un braccio indica in alto, verso il soffitto, quando chiede aiuto.","L'uomo senza un braccio indica in basso, sui lacci della scarpa, quando chiede aiuto.","L'uomo senza un braccio indica in alto, verso il soffitto, quando chiede aiuto.",0,gemma,video_audio,0,0,1,correct,
video082_spaziale_04,video082,video082.mp4,video082_spaziale,4,spaziale,Dove indica l'uomo senza un braccio quando chiede aiuto?,L'uomo senza un braccio indica sui lacci della scarpa quando chiede aiuto.,L'uomo senza un braccio indica verso la finestra quando chiede aiuto.,L'uomo senza un braccio indica verso la finestra quando chiede aiuto.,L'uomo senza un braccio indica sui lacci della scarpa quando chiede aiuto.,1,gemma,video_audio,1,1,1,correct,
video082_temporale_01,video082,video082.mp4,video082_temporale,1,temporale,Il signore con la maglietta nera chiede all'uomo con la camicia a quadri informazioni sul suo braccio prima o dopo avergli allacciato la scarpa?,Il signore con la maglietta nera chiede informazioni sul braccio dell'uomo con la camicia a quadri prima e durante avergli allacciato la scarpa.,Il signore con la maglietta nera chiede informazioni sul braccio dell'uomo con la camicia a quadri dopo avergli allacciato la scarpa.,Il signore con la maglietta nera chiede informazioni sul braccio dell'uomo con la camicia a quadri dopo avergli allacciato la scarpa.,Il signore con la maglietta nera chiede informazioni sul braccio dell'uomo con la camicia a quadri prima e durante avergli allacciato la scarpa.,1,gemma,video_audio,1,1,1,correct,
video082_temporale_02,video082,video082.mp4,video082_temporale,2,temporale,Il signore con la maglietta nera chiede all'uomo con la camicia a quadri informazioni sul suo braccio prima o dopo avergli allacciato la scarpa?,Il signore con la maglietta nera chiede informazioni sul braccio dell'uomo con la camicia a quadri prima di allacciargli la scarpa.,Il signore con la maglietta nera chiede informazioni sul braccio dell'uomo con la camicia a quadri dopo avergli allacciato la scarpa.,Il signore con la maglietta nera chiede informazioni sul braccio dell'uomo con la camicia a quadri prima di allacciargli la scarpa.,Il signore con la maglietta nera chiede informazioni sul braccio dell'uomo con la camicia a quadri dopo avergli allacciato la scarpa.,0,gemma,video_audio,0,0,1,correct,
video082_temporale_03,video082,video082.mp4,video082_temporale,3,temporale,Il signore con la maglietta nera chiede all'uomo con la camicia a quadri informazioni sul suo braccio prima o dopo avergli allacciato la scarpa?,"Il signore con la maglietta nera chiede informazioni sul braccio dell'uomo con la camicia a quadri mentre gli allaccia la scarpa, quindi prima della fase successiva.","Il signore con la maglietta nera chiede informazioni sul braccio dell'uomo con la camicia a quadri dopo avergli allacciato la scarpa, quindi dopo la fase successiva.","Il signore con la maglietta nera chiede informazioni sul braccio dell'uomo con la camicia a quadri mentre gli allaccia la scarpa, quindi prima della fase successiva.","Il signore con la maglietta nera chiede informazioni sul braccio dell'uomo con la camicia a quadri dopo avergli allacciato la scarpa, quindi dopo la fase successiva.",0,gemma,video_audio,0,0,1,correct,
video082_temporale_04,video082,video082.mp4,video082_temporale,4,temporale,Il signore con la maglietta nera chiede all'uomo con la camicia a quadri informazioni sul suo braccio prima o dopo avergli allacciato la scarpa?,Il signore con la maglietta nera chiede informazioni sul braccio mentre allaccia la scarpa all'uomo con la camicia a quadri.,"Dopo che il signore con la maglietta nera ha chiesto informazioni sul braccio, ha allacciato la scarpa all'uomo con la camicia a quadri.",Il signore con la maglietta nera chiede informazioni sul braccio mentre allaccia la scarpa all'uomo con la camicia a quadri.,"Dopo che il signore con la maglietta nera ha chiesto informazioni sul braccio, ha allacciato la scarpa all'uomo con la camicia a quadri.",0,gemma,video_audio,1,1,0,wrong,
video083_causale_01,video083,video083.mp4,video083_causale,1,causale,Perché Vanessa è sorpresa?,Vanessa è sorpresa perché non si aspettava che le sarebbe arrivato in faccia un piatto di panna.,Vanessa è sorpresa perché non si aspettava di ricevere un messaggio improvviso.,Vanessa è sorpresa perché non si aspettava che le sarebbe arrivato in faccia un piatto di panna.,Vanessa è sorpresa perché non si aspettava di ricevere un messaggio improvviso.,0,gemma,video_audio,0,0,1,correct,
video083_causale_02,video083,video083.mp4,video083_causale,2,causale,Perché Vanessa è sorpresa?,Vanessa è sorpresa a causa di uno scherzo della mamma.,Vanessa è sorpresa a causa di un errore al lavoro.,Vanessa è sorpresa a causa di un errore al lavoro.,Vanessa è sorpresa a causa di uno scherzo della mamma.,1,gemma,video_audio,1,1,1,correct,
video083_causale_03,video083,video083.mp4,video083_causale,3,causale,Perché Vanessa è sorpresa?,Vanessa è sorpresa perché la madre le fa uno scherzo; la bambina si aspettava che le portasse un panino.,Vanessa è sorpresa perché la madre le porta un panino; la bambina si aspettava che le facesse uno scherzo.,Vanessa è sorpresa perché la madre le porta un panino; la bambina si aspettava che le facesse uno scherzo.,Vanessa è sorpresa perché la madre le fa uno scherzo; la bambina si aspettava che le portasse un panino.,1,gemma,video_audio,1,1,1,correct,
video083_causale_04,video083,video083.mp4,video083_causale,4,causale,Perché Vanessa è sorpresa?,Vanessa è sorpresa perché si aspettava che la mamma le portasse un panino.,Vanessa è sorpresa perché ha ricevuto un regalo inaspettato.,Vanessa è sorpresa perché si aspettava che la mamma le portasse un panino.,Vanessa è sorpresa perché ha ricevuto un regalo inaspettato.,0,gemma,video_audio,0,0,1,correct,
video083_spaziale_01,video083,video083.mp4,video083_spaziale,1,spaziale,Dove porta la mamma il piatto?,La mamma porta il piatto nel muso a Vanessa.,La mamma porta il piatto in soggiorno a Vanessa.,La mamma porta il piatto nel muso a Vanessa.,La mamma porta il piatto in soggiorno a Vanessa.,0,gemma,video_audio,1,1,0,wrong,
video083_spaziale_02,video083,video083.mp4,video083_spaziale,2,spaziale,Dove porta la mamma il piatto?,La mamma porta il piatto in salotto.,La mamma porta il piatto in cucina.,La mamma porta il piatto in salotto.,La mamma porta il piatto in cucina.,0,gemma,video_audio,1,1,0,wrong,
video083_spaziale_03,video083,video083.mp4,video083_spaziale,3,spaziale,Dove porta la mamma il piatto?,"La mamma porta il piatto in salotto, davanti al volto della bambina.","La mamma porta il piatto in cucina, davanti al volto della bambina.","La mamma porta il piatto in salotto, davanti al volto della bambina.","La mamma porta il piatto in cucina, davanti al volto della bambina.",0,gemma,video_audio,1,1,0,wrong,
video083_spaziale_04,video083,video083.mp4,video083_spaziale,4,spaziale,Dove porta la mamma il piatto?,La mamma porta il piatto in faccia alla bambina.,La mamma porta il piatto nelle mani della bambina.,La mamma porta il piatto in faccia alla bambina.,La mamma porta il piatto nelle mani della bambina.,0,gemma,video_audio,1,1,0,wrong,
video083_temporale_01,video083,video083.mp4,video083_temporale,1,temporale,Vanessa piange prima o dopo che la mamma le dia la panna?,Vanessa piange prima che la mamma le dia la panna.,Vanessa piange dopo che la mamma le ha dato la panna.,Vanessa piange prima che la mamma le dia la panna.,Vanessa piange dopo che la mamma le ha dato la panna.,0,gemma,video_audio,0,0,1,correct,
video083_temporale_02,video083,video083.mp4,video083_temporale,2,temporale,Vanessa piange prima o dopo che la mamma le dia la panna?,Vanessa piange dopo che la mamma le dà la panna.,Vanessa piange prima che la mamma le dia la panna.,Vanessa piange dopo che la mamma le dà la panna.,Vanessa piange prima che la mamma le dia la panna.,0,gemma,video_audio,0,0,1,correct,
video083_temporale_03,video083,video083.mp4,video083_temporale,3,temporale,Vanessa piange prima o dopo che la mamma le dia la panna?,Vanessa piange successivamente al momento in cui la mamma le dà la panna.,Vanessa piange prima che la mamma le dia la panna.,Vanessa piange successivamente al momento in cui la mamma le dà la panna.,Vanessa piange prima che la mamma le dia la panna.,0,gemma,video_audio,0,0,1,correct,
video083_temporale_04,video083,video083.mp4,video083_temporale,4,temporale,Vanessa piange prima o dopo che la mamma le dia la panna?,Vanessa piange dopo che la mamma le dia la panna.,Vanessa piange prima che la mamma le dia la panna.,Vanessa piange dopo che la mamma le dia la panna.,Vanessa piange prima che la mamma le dia la panna.,0,gemma,video_audio,0,0,1,correct,
video084_causale_01,video084,video084.mp4,video084_causale,1,causale,Cosa ha causato il dolore della bambina con la maglia grigia?,Il dolore della bambina con la maglia grigia è stato causato dall'acqua bollente.,Il dolore della bambina con la maglia grigia è stato causato da una caduta.,Il dolore della bambina con la maglia grigia è stato causato dall'acqua bollente.,Il dolore della bambina con la maglia grigia è stato causato da una caduta.,0,gemma,video_audio,0,0,1,correct,
video084_causale_02,video084,video084.mp4,video084_causale,2,causale,Cosa ha causato il dolore della bambina con la maglia grigia?,Il dolore della bambina con la maglia grigia è stato causato dall'acqua bollente.,Il dolore della bambina con la maglia grigia è stato causato da una caduta.,Il dolore della bambina con la maglia grigia è stato causato dall'acqua bollente.,Il dolore della bambina con la maglia grigia è stato causato da una caduta.,0,gemma,video_audio,0,0,1,correct,
video084_causale_03,video084,video084.mp4,video084_causale,3,causale,Cosa ha causato il dolore della bambina con la maglia grigia?,Il dolore della bambina con la maglia grigia è stato causato perché l'altra bambina l'ha bruciata con acqua bollente o comunque molto calda.,Il dolore della bambina con la maglia grigia è stato causato perché è caduta dalla bicicletta.,Il dolore della bambina con la maglia grigia è stato causato perché l'altra bambina l'ha bruciata con acqua bollente o comunque molto calda.,Il dolore della bambina con la maglia grigia è stato causato perché è caduta dalla bicicletta.,0,gemma,video_audio,0,0,1,correct,
video084_causale_04,video084,video084.mp4,video084_causale,4,causale,Cosa ha causato il dolore della bambina con la maglia grigia?,Il dolore della bambina con la maglia grigia è stato causato dall'altra bambina che l'ha bruciata con l'acqua calda.,Il dolore della bambina con la maglia grigia è stato causato dall'altra bambina che l'ha colpita con una palla.,Il dolore della bambina con la maglia grigia è stato causato dall'altra bambina che l'ha bruciata con l'acqua calda.,Il dolore della bambina con la maglia grigia è stato causato dall'altra bambina che l'ha colpita con una palla.,0,gemma,video_audio,0,0,1,correct,
video084_spaziale_01,video084,video084.mp4,video084_spaziale,1,spaziale,Dove mette la bambina con la maglia grigia ciò che le dà la bambina con la maglia rosa?,La bambina con la maglia grigia mette ciò che le viene dato sulla mano ustionata.,La bambina con la maglia grigia mette ciò che le viene dato sulla gamba ustionata.,La bambina con la maglia grigia mette ciò che le viene dato sulla gamba ustionata.,La bambina con la maglia grigia mette ciò che le viene dato sulla mano ustionata.,1,gemma,video_audio,1,1,1,correct,
video084_spaziale_02,video084,video084.mp4,video084_spaziale,2,spaziale,Dove mette la bambina con la maglia grigia ciò che le dà la bambina con la maglia rosa?,La bambina con la maglia grigia mette ciò che le dà la bambina con la maglia rosa sulla mano.,La bambina con la maglia grigia mette ciò che le dà la bambina con la maglia rosa sulla testa.,La bambina con la maglia grigia mette ciò che le dà la bambina con la maglia rosa sulla mano.,La bambina con la maglia grigia mette ciò che le dà la bambina con la maglia rosa sulla testa.,0,gemma,video_audio,1,1,0,wrong,
video084_spaziale_03,video084,video084.mp4,video084_spaziale,3,spaziale,Dove mette la bambina con la maglia grigia ciò che le dà la bambina con la maglia rosa?,La bambina con la maglia grigia mette ciò che le dà la bambina con la maglia rosa sulla mano ustionata.,La bambina con la maglia grigia mette ciò che le dà la bambina con la maglia rosa sulla mano sinistra.,La bambina con la maglia grigia mette ciò che le dà la bambina con la maglia rosa sulla mano ustionata.,La bambina con la maglia grigia mette ciò che le dà la bambina con la maglia rosa sulla mano sinistra.,0,gemma,video_audio,1,1,0,wrong,
video084_spaziale_04,video084,video084.mp4,video084_spaziale,4,spaziale,Dove mette la bambina con la maglia grigia ciò che le dà la bambina con la maglia rosa?,La bambina con la maglia grigia pone ciò che le viene dato sulla mano bruciata della bambina.,La bambina con la maglia grigia pone ciò che le viene dato sulla spalla bruciata della bambina.,La bambina con la maglia grigia pone ciò che le viene dato sulla spalla bruciata della bambina.,La bambina con la maglia grigia pone ciò che le viene dato sulla mano bruciata della bambina.,1,gemma,video_audio,1,1,1,correct,
video084_temporale_01,video084,video084.mp4,video084_temporale,1,temporale,La bambina con la maglia grigia urla prima o dopo che quella con la maglia rosa inizi a correre?,La bambina con la maglia grigia urla prima e durante che la bambina con la maglia rosa inizi a correre.,La bambina con la maglia grigia urla dopo che la bambina con la maglia rosa inizi a correre.,La bambina con la maglia grigia urla prima e durante che la bambina con la maglia rosa inizi a correre.,La bambina con la maglia grigia urla dopo che la bambina con la maglia rosa inizi a correre.,0,gemma,video_audio,1,1,0,wrong,
video084_temporale_02,video084,video084.mp4,video084_temporale,2,temporale,La bambina con la maglia grigia urla prima o dopo che quella con la maglia rosa inizi a correre?,La bambina con la maglia grigia urla prima che quella con la maglia rosa inizi a correre.,La bambina con la maglia grigia urla dopo che quella con la maglia rosa ha iniziato a correre.,La bambina con la maglia grigia urla prima che quella con la maglia rosa inizi a correre.,La bambina con la maglia grigia urla dopo che quella con la maglia rosa ha iniziato a correre.,0,gemma,video_audio,1,1,0,wrong,
video084_temporale_03,video084,video084.mp4,video084_temporale,3,temporale,La bambina con la maglia grigia urla prima o dopo che quella con la maglia rosa inizi a correre?,La bambina con la maglia grigia urla in precedenza rispetto a quando quella con la maglia rosa inizia a correre.,La bambina con la maglia grigia urla dopo che quella con la maglia rosa inizia a correre.,La bambina con la maglia grigia urla dopo che quella con la maglia rosa inizia a correre.,La bambina con la maglia grigia urla in precedenza rispetto a quando quella con la maglia rosa inizia a correre.,1,gemma,video_audio,1,1,1,correct,
video084_temporale_04,video084,video084.mp4,video084_temporale,4,temporale,La bambina con la maglia grigia urla prima o dopo che quella con la maglia rosa inizi a correre?,La bambina con la maglia grigia urla prima che quella con la maglia rosa inizi a correre.,La bambina con la maglia grigia urla dopo che quella con la maglia rosa ha iniziato a correre.,La bambina con la maglia grigia urla dopo che quella con la maglia rosa ha iniziato a correre.,La bambina con la maglia grigia urla prima che quella con la maglia rosa inizi a correre.,1,gemma,video_audio,1,1,1,correct,
video085_causale_01,video085,video085.mp4,video085_causale,1,causale,Perché la bambina con i braccioli non riesce a salire sul gonfiabile?,La bambina con i braccioli non riesce a salire sul gonfiabile perché è piccolina ed è rimasta abbindolata.,La bambina con i braccioli non riesce a salire sul gonfiabile perché il gonfiabile è troppo scivoloso.,La bambina con i braccioli non riesce a salire sul gonfiabile perché il gonfiabile è troppo scivoloso.,La bambina con i braccioli non riesce a salire sul gonfiabile perché è piccolina ed è rimasta abbindolata.,1,gemma,video_audio,1,1,1,correct,
video085_causale_02,video085,video085.mp4,video085_causale,2,causale,Perché la bambina con i braccioli non riesce a salire sul gonfiabile?,La bambina con i braccioli non riesce a salire sul gonfiabile perché ride.,La bambina con i braccioli non riesce a salire sul gonfiabile perché è stanca.,La bambina con i braccioli non riesce a salire sul gonfiabile perché ride.,La bambina con i braccioli non riesce a salire sul gonfiabile perché è stanca.,0,gemma,video_audio,0,0,1,correct,
video085_causale_03,video085,video085.mp4,video085_causale,3,causale,Perché la bambina con i braccioli non riesce a salire sul gonfiabile?,"La bambina con i braccioli non riesce a salire sul gonfiabile perché è troppo bassa e ha le gambe troppo corte, il che rende la scena comica e la fa ridere.","La bambina con i braccioli non riesce a salire sul gonfiabile perché è troppo alto e scivoloso, il che rende la scena comica e la fa ridere.","La bambina con i braccioli non riesce a salire sul gonfiabile perché è troppo alto e scivoloso, il che rende la scena comica e la fa ridere.","La bambina con i braccioli non riesce a salire sul gonfiabile perché è troppo bassa e ha le gambe troppo corte, il che rende la scena comica e la fa ridere.",1,gemma,video_audio,1,1,1,correct,
video085_causale_04,video085,video085.mp4,video085_causale,4,causale,Perché la bambina con i braccioli non riesce a salire sul gonfiabile?,La bambina con i braccioli non riesce a salire sul gonfiabile perché è troppo bassa e ha le gambe troppo corte.,La bambina con i braccioli non riesce a salire sul gonfiabile perché è troppo alto e scivoloso.,La bambina con i braccioli non riesce a salire sul gonfiabile perché è troppo alto e scivoloso.,La bambina con i braccioli non riesce a salire sul gonfiabile perché è troppo bassa e ha le gambe troppo corte.,1,gemma,video_audio,1,1,1,correct,
video085_spaziale_01,video085,video085.mp4,video085_spaziale,1,spaziale,Dove stanno giocando le bambine?,Le bambine stanno giocando in piscina.,Le bambine stanno giocando in giardino.,Le bambine stanno giocando in piscina.,Le bambine stanno giocando in giardino.,0,gemma,video_audio,0,0,1,correct,
video085_spaziale_02,video085,video085.mp4,video085_spaziale,2,spaziale,Dove stanno giocando le bambine?,Le bambine stanno giocando in piscina.,Le bambine stanno giocando in giardino.,Le bambine stanno giocando in piscina.,Le bambine stanno giocando in giardino.,0,gemma,video_audio,0,0,1,correct,
video085_spaziale_03,video085,video085.mp4,video085_spaziale,3,spaziale,Dove stanno giocando le bambine?,Le bambine stanno giocando dentro l'acqua della piscina.,Le bambine stanno giocando sul prato accanto alla piscina.,Le bambine stanno giocando dentro l'acqua della piscina.,Le bambine stanno giocando sul prato accanto alla piscina.,0,gemma,video_audio,0,0,1,correct,
video085_spaziale_04,video085,video085.mp4,video085_spaziale,4,spaziale,Dove stanno giocando le bambine?,Le bambine stanno giocando dentro l'acqua.,Le bambine stanno giocando sulla sabbia.,Le bambine stanno giocando dentro l'acqua.,Le bambine stanno giocando sulla sabbia.,0,gemma,video_audio,0,0,1,correct,
video085_temporale_01,video085,video085.mp4,video085_temporale,1,temporale,La bambina con i braccioli cade in acqua prima o dopo che la donna l'aiuti?,La bambina con i braccioli cade in acqua dopo che la donna l'aiuti.,La bambina con i braccioli cade in acqua prima che la donna l'aiuti.,La bambina con i braccioli cade in acqua prima che la donna l'aiuti.,La bambina con i braccioli cade in acqua dopo che la donna l'aiuti.,1,gemma,video_audio,0,0,0,wrong,
video085_temporale_02,video085,video085.mp4,video085_temporale,2,temporale,La bambina con i braccioli cade in acqua prima o dopo che la donna l'aiuti?,La bambina con i braccioli cade in acqua prima che la donna l'aiuti.,La bambina con i braccioli cade in acqua dopo che la donna l'ha aiutata.,La bambina con i braccioli cade in acqua dopo che la donna l'ha aiutata.,La bambina con i braccioli cade in acqua prima che la donna l'aiuti.,1,gemma,video_audio,0,0,0,wrong,
video085_temporale_03,video085,video085.mp4,video085_temporale,3,temporale,La bambina con i braccioli cade in acqua prima o dopo che la donna l'aiuti?,La caduta della bambina con i braccioli avviene successivamente all'aiuto della donna.,La caduta della bambina con i braccioli avviene prima dell'aiuto della donna.,La caduta della bambina con i braccioli avviene prima dell'aiuto della donna.,La caduta della bambina con i braccioli avviene successivamente all'aiuto della donna.,1,gemma,video_audio,0,0,0,wrong,
video085_temporale_04,video085,video085.mp4,video085_temporale,4,temporale,La bambina con i braccioli cade in acqua prima o dopo che la donna l'aiuti?,La bambina con i braccioli cade in acqua dopo che la donna l'aiuti.,La bambina con i braccioli cade in acqua prima che la donna l'aiuti.,La bambina con i braccioli cade in acqua dopo che la donna l'aiuti.,La bambina con i braccioli cade in acqua prima che la donna l'aiuti.,0,gemma,video_audio,0,0,1,correct,
video086_causale_01,video086,video086.mp4,video086_causale,1,causale,Perché la bambina in piscina deve aiutare la sorella?,La bambina in piscina deve aiutare la sorella per ricambiare il favore d'aiuto di qualche giorno prima per una puntura d'ape.,La bambina in piscina deve aiutare la sorella perché le hanno chiesto di farlo.,La bambina in piscina deve aiutare la sorella per ricambiare il favore d'aiuto di qualche giorno prima per una puntura d'ape.,La bambina in piscina deve aiutare la sorella perché le hanno chiesto di farlo.,0,gemma,video_audio,0,0,1,correct,
video086_causale_02,video086,video086.mp4,video086_causale,2,causale,Perché la bambina in piscina deve aiutare la sorella?,La bambina in piscina deve aiutare la sorella perché le fa male la gamba.,La bambina in piscina deve aiutare la sorella perché ha perso gli occhiali.,La bambina in piscina deve aiutare la sorella perché ha perso gli occhiali.,La bambina in piscina deve aiutare la sorella perché le fa male la gamba.,1,gemma,video_audio,1,1,1,correct,
video086_causale_03,video086,video086.mp4,video086_causale,3,causale,Perché la bambina in piscina deve aiutare la sorella?,La bambina in piscina deve aiutare la sorella perché si è fatta male e avverte dolore alla gamba.,La bambina in piscina deve aiutare la sorella perché ha perso il suo giocattolo preferito.,La bambina in piscina deve aiutare la sorella perché si è fatta male e avverte dolore alla gamba.,La bambina in piscina deve aiutare la sorella perché ha perso il suo giocattolo preferito.,0,gemma,video_audio,0,0,1,correct,
video086_causale_04,video086,video086.mp4,video086_causale,4,causale,Perché la bambina in piscina deve aiutare la sorella?,La bambina in piscina deve aiutare la sorella perché si è fatta male.,La bambina in piscina deve aiutare la sorella perché ha dimenticato come nuotare.,La bambina in piscina deve aiutare la sorella perché si è fatta male.,La bambina in piscina deve aiutare la sorella perché ha dimenticato come nuotare.,0,gemma,video_audio,0,0,1,correct,
video086_spaziale_01,video086,video086.mp4,video086_spaziale,1,spaziale,Dove è inciampata la bambina?,La bambina è inciampata nel tubo dell'acqua.,La bambina è inciampata sul marciapiede.,La bambina è inciampata nel tubo dell'acqua.,La bambina è inciampata sul marciapiede.,0,gemma,video_audio,0,0,1,correct,
video086_spaziale_02,video086,video086.mp4,video086_spaziale,2,spaziale,Dove è inciampata la bambina?,La bambina è inciampata nella canna.,La bambina è inciampata sul marciapiede.,La bambina è inciampata sul marciapiede.,La bambina è inciampata nella canna.,1,gemma,video_audio,1,1,1,correct,
video086_spaziale_03,video086,video086.mp4,video086_spaziale,3,spaziale,Dove è inciampata la bambina?,"La bambina è inciampata sul tubo, cioè sulla canna verde davanti alla piscina.","La bambina è inciampata sul tubo, cioè sulla canna verde dietro la piscina.","La bambina è inciampata sul tubo, cioè sulla canna verde dietro la piscina.","La bambina è inciampata sul tubo, cioè sulla canna verde davanti alla piscina.",1,gemma,video_audio,0,0,0,wrong,
video086_spaziale_04,video086,video086.mp4,video086_spaziale,4,spaziale,Dove è inciampata la bambina?,La bambina è inciampata su un tubo verde davanti alla piscina.,La bambina è inciampata su un tubo verde dietro la piscina.,La bambina è inciampata su un tubo verde dietro la piscina.,La bambina è inciampata su un tubo verde davanti alla piscina.,1,gemma,video_audio,0,0,0,wrong,
video086_temporale_01,video086,video086.mp4,video086_temporale,1,temporale,La bambina con i braccioli cade prima o dopo che la sorella esca dalla piscina?,La bambina con i braccioli cade molto prima che la sorella esca dalla piscina.,La bambina con i braccioli cade molto dopo che la sorella esce dalla piscina.,La bambina con i braccioli cade molto dopo che la sorella esce dalla piscina.,La bambina con i braccioli cade molto prima che la sorella esca dalla piscina.,1,gemma,video_audio,1,1,1,correct,
video086_temporale_02,video086,video086.mp4,video086_temporale,2,temporale,La bambina con i braccioli cade prima o dopo che la sorella esca dalla piscina?,La bambina con i braccioli cade prima che la sorella esca dalla piscina.,La bambina con i braccioli cade dopo che la sorella esce dalla piscina.,La bambina con i braccioli cade prima che la sorella esca dalla piscina.,La bambina con i braccioli cade dopo che la sorella esce dalla piscina.,0,gemma,video_audio,0,0,1,correct,
video086_temporale_03,video086,video086.mp4,video086_temporale,3,temporale,La bambina con i braccioli cade prima o dopo che la sorella esca dalla piscina?,La bambina con i braccioli cade in un momento precedente rispetto a quando la sorella esce dalla piscina.,La bambina con i braccioli cade in un momento successivo rispetto a quando la sorella esce dalla piscina.,La bambina con i braccioli cade in un momento successivo rispetto a quando la sorella esce dalla piscina.,La bambina con i braccioli cade in un momento precedente rispetto a quando la sorella esce dalla piscina.,1,gemma,video_audio,1,1,1,correct,
video086_temporale_04,video086,video086.mp4,video086_temporale,4,temporale,La bambina con i braccioli cade prima o dopo che la sorella esca dalla piscina?,La bambina con i braccioli cade prima che la sorella esca dalla piscina.,La bambina con i braccioli cade dopo che la sorella esce dalla piscina.,La bambina con i braccioli cade dopo che la sorella esce dalla piscina.,La bambina con i braccioli cade prima che la sorella esca dalla piscina.,1,gemma,video_audio,0,0,0,wrong,
video087_causale_01,video087,video087.mp4,video087_causale,1,causale,Perché la bambina sta soffrendo?,La bambina sta soffrendo per il dente che sta per cadere.,La bambina sta soffrendo per il ginocchio sbucciato.,La bambina sta soffrendo per il dente che sta per cadere.,La bambina sta soffrendo per il ginocchio sbucciato.,0,gemma,video_audio,0,0,1,correct,
video087_causale_02,video087,video087.mp4,video087_causale,2,causale,Perché la bambina sta soffrendo?,La bambina sta soffrendo perché deve togliere un dente.,La bambina sta soffrendo perché ha mal di pancia.,La bambina sta soffrendo perché ha mal di pancia.,La bambina sta soffrendo perché deve togliere un dente.,1,gemma,video_audio,1,1,1,correct,
video087_causale_03,video087,video087.mp4,video087_causale,3,causale,Perché la bambina sta soffrendo?,"La bambina sta soffrendo perché il dente le dondola e deve essere tolto, quindi la donna lo sta tirando.","La bambina sta soffrendo perché ha mal di pancia, quindi la donna sta cercando una medicina.","La bambina sta soffrendo perché ha mal di pancia, quindi la donna sta cercando una medicina.","La bambina sta soffrendo perché il dente le dondola e deve essere tolto, quindi la donna lo sta tirando.",1,gemma,video_audio,1,1,1,correct,
video087_causale_04,video087,video087.mp4,video087_causale,4,causale,Perché la bambina sta soffrendo?,La bambina sta soffrendo perché ha un dente che le dondola e la donna lo sta tirando.,La bambina sta soffrendo perché ha mal di pancia e la donna le sta dando una medicina.,La bambina sta soffrendo perché ha un dente che le dondola e la donna lo sta tirando.,La bambina sta soffrendo perché ha mal di pancia e la donna le sta dando una medicina.,0,gemma,video_audio,0,0,1,correct,
video087_spaziale_01,video087,video087.mp4,video087_spaziale,1,spaziale,Dove mette il dito la bambina davanti allo specchio?,La bambina mette il dito sul tendone ciondoloni davanti allo specchio.,La bambina mette il dito sul tendone ciondoloni davanti alla finestra.,La bambina mette il dito sul tendone ciondoloni davanti alla finestra.,La bambina mette il dito sul tendone ciondoloni davanti allo specchio.,1,gemma,video_audio,1,1,1,correct,
video087_spaziale_02,video087,video087.mp4,video087_spaziale,2,spaziale,Dove mette il dito la bambina davanti allo specchio?,La bambina mette il dito sul dente davanti allo specchio.,La bambina mette il dito sul dente dietro allo specchio.,La bambina mette il dito sul dente davanti allo specchio.,La bambina mette il dito sul dente dietro allo specchio.,0,gemma,video_audio,1,1,0,wrong,
video087_spaziale_03,video087,video087.mp4,video087_spaziale,3,spaziale,Dove mette il dito la bambina davanti allo specchio?,"La bambina mette il dito in bocca, direttamente sul dente.","La bambina mette il dito in bocca, direttamente sulla lingua.","La bambina mette il dito in bocca, direttamente sul dente.","La bambina mette il dito in bocca, direttamente sulla lingua.",0,gemma,video_audio,0,0,1,correct,
video087_spaziale_04,video087,video087.mp4,video087_spaziale,4,spaziale,Dove mette il dito la bambina davanti allo specchio?,La bambina davanti allo specchio mette il dito in bocca.,La bambina dietro allo specchio mette il dito in bocca.,La bambina dietro allo specchio mette il dito in bocca.,La bambina davanti allo specchio mette il dito in bocca.,1,gemma,video_audio,1,1,1,correct,
video087_temporale_01,video087,video087.mp4,video087_temporale,1,temporale,La donna prova a togliere il dente alla bambina prima o dopo aver detto che ne sono già caduti altri?,La donna prova a togliere il dente alla bambina dopo aver detto che ne sono già caduti altri.,La donna prova a togliere il dente alla bambina prima di dire che ne sono già caduti altri.,La donna prova a togliere il dente alla bambina dopo aver detto che ne sono già caduti altri.,La donna prova a togliere il dente alla bambina prima di dire che ne sono già caduti altri.,0,gemma,video_audio,1,1,0,wrong,
video087_temporale_02,video087,video087.mp4,video087_temporale,2,temporale,La donna prova a togliere il dente alla bambina prima o dopo aver detto che ne sono già caduti altri?,La donna prova a togliere il dente alla bambina dopo aver detto che ne sono già caduti altri.,La donna prova a togliere il dente alla bambina prima di aver detto che ne sono già caduti altri.,La donna prova a togliere il dente alla bambina dopo aver detto che ne sono già caduti altri.,La donna prova a togliere il dente alla bambina prima di aver detto che ne sono già caduti altri.,0,gemma,video_audio,0,0,1,correct,
video087_temporale_03,video087,video087.mp4,video087_temporale,3,temporale,La donna prova a togliere il dente alla bambina prima o dopo aver detto che ne sono già caduti altri?,La donna prova a togliere il dente alla bambina in seguito a quando ha detto che ne sono già caduti altri.,La donna prova a togliere il dente alla bambina prima di quando ha detto che ne sono già caduti altri.,La donna prova a togliere il dente alla bambina in seguito a quando ha detto che ne sono già caduti altri.,La donna prova a togliere il dente alla bambina prima di quando ha detto che ne sono già caduti altri.,0,gemma,video_audio,0,0,1,correct,
video087_temporale_04,video087,video087.mp4,video087_temporale,4,temporale,La donna prova a togliere il dente alla bambina prima o dopo aver detto che ne sono già caduti altri?,La donna prova a togliere il dente alla bambina dopo aver detto che ne sono già caduti altri.,La donna prova a togliere il dente alla bambina prima di dire che ne sono già caduti altri.,La donna prova a togliere il dente alla bambina dopo aver detto che ne sono già caduti altri.,La donna prova a togliere il dente alla bambina prima di dire che ne sono già caduti altri.,0,gemma,video_audio,1,1,0,wrong,
video088_causale_01,video088,video088.mp4,video088_causale,1,causale,Perché si sente un botto?,Il botto si sente a causa dell'effetto di come è stato piegato il foglio dopo il movimento.,Il botto si sente a causa dell'effetto dell'urto con il pavimento.,Il botto si sente a causa dell'effetto di come è stato piegato il foglio dopo il movimento.,Il botto si sente a causa dell'effetto dell'urto con il pavimento.,0,gemma,video_audio,0,0,1,correct,
video088_causale_02,video088,video088.mp4,video088_causale,2,causale,Perché si sente un botto?,Si sente un botto perché la bambina lo agita.,Si sente un botto perché il temporale è vicino.,Si sente un botto perché il temporale è vicino.,Si sente un botto perché la bambina lo agita.,1,gemma,video_audio,1,1,1,correct,
video088_causale_03,video088,video088.mp4,video088_causale,3,causale,Perché si sente un botto?,Si sente un botto perché la bambina agita il foglio piegato e il movimento fa sì che si apra.,Si sente un botto perché la bambina lascia cadere il libro pesante sul pavimento.,Si sente un botto perché la bambina agita il foglio piegato e il movimento fa sì che si apra.,Si sente un botto perché la bambina lascia cadere il libro pesante sul pavimento.,0,gemma,video_audio,0,0,1,correct,
video088_causale_04,video088,video088.mp4,video088_causale,4,causale,Perché si sente un botto?,Si sente un botto perché la bambina agita il foglio di carta piegato che si apre.,Si sente un botto perché un petardo esplode nelle vicinanze.,Si sente un botto perché la bambina agita il foglio di carta piegato che si apre.,Si sente un botto perché un petardo esplode nelle vicinanze.,0,gemma,video_audio,0,0,1,correct,
video088_spaziale_01,video088,video088.mp4,video088_spaziale,1,spaziale,Dove va tenuto il foglio per fargli produrre il rumore?,Il foglio va tenuto per un lembo dopo che è stato piegato a dovere per produrre il rumore.,Il foglio va tenuto sopra un tavolo dopo che è stato piegato a dovere per produrre il rumore.,Il foglio va tenuto per un lembo dopo che è stato piegato a dovere per produrre il rumore.,Il foglio va tenuto sopra un tavolo dopo che è stato piegato a dovere per produrre il rumore.,0,gemma,video_audio,0,0,1,correct,
video088_spaziale_02,video088,video088.mp4,video088_spaziale,2,spaziale,Dove va tenuto il foglio per fargli produrre il rumore?,"Per fargli produrre il rumore, il foglio va tenuto sugli angoli.","Per fargli produrre il rumore, il foglio va tenuto al centro.","Per fargli produrre il rumore, il foglio va tenuto sugli angoli.","Per fargli produrre il rumore, il foglio va tenuto al centro.",0,gemma,video_audio,0,0,1,correct,
video088_spaziale_03,video088,video088.mp4,video088_spaziale,3,spaziale,Dove va tenuto il foglio per fargli produrre il rumore?,Il foglio va tenuto per l'angolo che non è stato piegato per produrre il rumore.,Il foglio va tenuto per l'angolo che è stato piegato per produrre il rumore.,Il foglio va tenuto per l'angolo che non è stato piegato per produrre il rumore.,Il foglio va tenuto per l'angolo che è stato piegato per produrre il rumore.,0,gemma,video_audio,0,0,1,correct,
video088_spaziale_04,video088,video088.mp4,video088_spaziale,4,spaziale,Dove va tenuto il foglio per fargli produrre il rumore?,Il foglio va tenuto in mano dall'angolo non piegato per produrre il rumore.,Il foglio va tenuto in mano dall'angolo piegato per produrre il rumore.,Il foglio va tenuto in mano dall'angolo non piegato per produrre il rumore.,Il foglio va tenuto in mano dall'angolo piegato per produrre il rumore.,0,gemma,video_audio,0,0,1,correct,
video088_temporale_01,video088,video088.mp4,video088_temporale,1,temporale,Il foglio di carta fa rumore prima o dopo essere stato piegato?,Il foglio di carta fa rumore dopo essere stato piegato.,Il foglio di carta fa rumore prima di essere piegato.,Il foglio di carta fa rumore dopo essere stato piegato.,Il foglio di carta fa rumore prima di essere piegato.,0,gemma,video_audio,0,0,1,correct,
video088_temporale_02,video088,video088.mp4,video088_temporale,2,temporale,Il foglio di carta fa rumore prima o dopo essere stato piegato?,Il foglio di carta fa rumore dopo essere stato piegato.,Il foglio di carta fa rumore prima di essere piegato.,Il foglio di carta fa rumore prima di essere piegato.,Il foglio di carta fa rumore dopo essere stato piegato.,1,gemma,video_audio,0,0,0,wrong,
video088_temporale_03,video088,video088.mp4,video088_temporale,3,temporale,Il foglio di carta fa rumore prima o dopo essere stato piegato?,Il foglio di carta fa rumore successivamente dopo essere stato piegato.,Il foglio di carta fa rumore prima di essere piegato.,Il foglio di carta fa rumore successivamente dopo essere stato piegato.,Il foglio di carta fa rumore prima di essere piegato.,0,gemma,video_audio,0,0,1,correct,
video088_temporale_04,video088,video088.mp4,video088_temporale,4,temporale,Il foglio di carta fa rumore prima o dopo essere stato piegato?,Il foglio di carta fa rumore dopo essere stato piegato.,Il foglio di carta fa rumore prima di essere piegato.,Il foglio di carta fa rumore prima di essere piegato.,Il foglio di carta fa rumore dopo essere stato piegato.,1,gemma,video_audio,0,0,0,wrong,
video089_causale_01,video089,video089.mp4,video089_causale,1,causale,Perché il 'Collega Bonanno' viene espulso dall'aula?,Il 'Collega Bonanno' viene espulso dall'aula per aver tirato fuori una spigola e per non aver obbedito a Di Maio.,Il 'Collega Bonanno' viene espulso dall'aula per essersi rifiutato di partecipare alla discussione.,Il 'Collega Bonanno' viene espulso dall'aula per aver tirato fuori una spigola e per non aver obbedito a Di Maio.,Il 'Collega Bonanno' viene espulso dall'aula per essersi rifiutato di partecipare alla discussione.,0,gemma,video_audio,0,0,1,correct,
video089_causale_02,video089,video089.mp4,video089_causale,2,causale,Perché il 'Collega Bonanno' viene espulso dall'aula?,Il 'Collega Bonanno' viene espulso dall'aula perché deve abbassare la voce e togliere la spigola.,Il 'Collega Bonanno' viene espulso dall'aula perché si è seduto al posto sbagliato.,Il 'Collega Bonanno' viene espulso dall'aula perché deve abbassare la voce e togliere la spigola.,Il 'Collega Bonanno' viene espulso dall'aula perché si è seduto al posto sbagliato.,0,gemma,video_audio,0,0,1,correct,
video089_causale_03,video089,video089.mp4,video089_causale,3,causale,Perché il 'Collega Bonanno' viene espulso dall'aula?,"Il 'Collega Bonanno' viene espulso dall'aula perché il pesce e le urla creano scompiglio, quindi gli viene chiesto di abbassare la voce e di togliere la spigola.","Il 'Collega Bonanno' viene espulso dall'aula perché interrompe continuamente il dibattito, quindi gli viene chiesto di restare in silenzio e di lasciare la sala.","Il 'Collega Bonanno' viene espulso dall'aula perché interrompe continuamente il dibattito, quindi gli viene chiesto di restare in silenzio e di lasciare la sala.","Il 'Collega Bonanno' viene espulso dall'aula perché il pesce e le urla creano scompiglio, quindi gli viene chiesto di abbassare la voce e di togliere la spigola.",1,gemma,video_audio,1,1,1,correct,
video089_causale_04,video089,video089.mp4,video089_causale,4,causale,Perché il 'Collega Bonanno' viene espulso dall'aula?,Il 'Collega Bonanno' viene espulso dall'aula perché crea scompiglio sia con il pesce che con le urla.,Il 'Collega Bonanno' viene espulso dall'aula perché arriva in ritardo.,Il 'Collega Bonanno' viene espulso dall'aula perché arriva in ritardo.,Il 'Collega Bonanno' viene espulso dall'aula perché crea scompiglio sia con il pesce che con le urla.,1,gemma,video_audio,1,1,1,correct,
video089_spaziale_01,video089,video089.mp4,video089_spaziale,1,spaziale,Dove si trova la spigola?,La spigola viene tirata fuori dal basso alla destra da Bonanno.,La spigola viene tirata fuori dall'alto alla sinistra da Bonanno.,La spigola viene tirata fuori dall'alto alla sinistra da Bonanno.,La spigola viene tirata fuori dal basso alla destra da Bonanno.,1,gemma,video_audio,1,1,1,correct,
video089_spaziale_02,video089,video089.mp4,video089_spaziale,2,spaziale,Dove si trova la spigola?,La spigola si trova nella camera dei deputati.,La spigola si trova in un ristorante di pesce.,La spigola si trova in un ristorante di pesce.,La spigola si trova nella camera dei deputati.,1,gemma,video_audio,1,1,1,correct,
video089_spaziale_03,video089,video089.mp4,video089_spaziale,3,spaziale,Dove si trova la spigola?,"La spigola si trova nella Camera dei Deputati, a terra dietro il deputato Buonanno.","La spigola si trova nel cortile di un ristorante, a terra dietro il cuoco.","La spigola si trova nel cortile di un ristorante, a terra dietro il cuoco.","La spigola si trova nella Camera dei Deputati, a terra dietro il deputato Buonanno.",1,gemma,video_audio,1,1,1,correct,
video089_spaziale_04,video089,video089.mp4,video089_spaziale,4,spaziale,Dove si trova la spigola?,La spigola si trova in terra dietro il deputato Buonanno.,La spigola si trova sul tavolo davanti al deputato Buonanno.,La spigola si trova in terra dietro il deputato Buonanno.,La spigola si trova sul tavolo davanti al deputato Buonanno.,0,gemma,video_audio,1,1,0,wrong,
video089_temporale_01,video089,video089.mp4,video089_temporale,1,temporale,Il 'Collega Bonanno' mostra una spigola prima o dopo aver iniziato a urlare?,Il 'Collega Bonanno' mostra una spigola dopo aver iniziato a urlare.,Il 'Collega Bonanno' mostra una spigola prima di iniziare a urlare.,Il 'Collega Bonanno' mostra una spigola dopo aver iniziato a urlare.,Il 'Collega Bonanno' mostra una spigola prima di iniziare a urlare.,0,gemma,video_audio,1,1,0,wrong,
video089_temporale_02,video089,video089.mp4,video089_temporale,2,temporale,Il 'Collega Bonanno' mostra una spigola prima o dopo aver iniziato a urlare?,Il 'Collega Bonanno' mostra una spigola dopo aver iniziato a urlare.,Il 'Collega Bonanno' mostra una spigola prima di iniziare a urlare.,Il 'Collega Bonanno' mostra una spigola dopo aver iniziato a urlare.,Il 'Collega Bonanno' mostra una spigola prima di iniziare a urlare.,0,gemma,video_audio,1,1,0,wrong,
video089_temporale_03,video089,video089.mp4,video089_temporale,3,temporale,Il 'Collega Bonanno' mostra una spigola prima o dopo aver iniziato a urlare?,Nel video Il 'Collega Bonanno' comincia a urlare dopo aver tirato fuori il pesce.,Il 'Collega Bonanno' comincia a urlare prima di tirare fuori il pesce.,Il 'Collega Bonanno' comincia a urlare prima di tirare fuori il pesce.,Nel video Il 'Collega Bonanno' comincia a urlare dopo aver tirato fuori il pesce.,1,gemma,video_audio,1,1,1,correct,
video089_temporale_04,video089,video089.mp4,video089_temporale,4,temporale,Il 'Collega Bonanno' mostra una spigola prima o dopo aver iniziato a urlare?,Il 'Collega Bonanno' inizia ad urlare solo dopo aver tirato fuori la spigola.,Il 'Collega Bonanno' inizia ad urlare appena tira fuori la spigola.,Il 'Collega Bonanno' inizia ad urlare appena tira fuori la spigola.,Il 'Collega Bonanno' inizia ad urlare solo dopo aver tirato fuori la spigola.,1,gemma,video_audio,1,1,1,correct,
video090_causale_01,video090,video090.mp4,video090_causale,1,causale,Perché l'uomo in costume si è congelato?,L'uomo in costume si è congelato perché ha aspettato al freddo il perito industriale.,L'uomo in costume si è congelato perché è caduto nel lago ghiacciato.,L'uomo in costume si è congelato perché ha aspettato al freddo il perito industriale.,L'uomo in costume si è congelato perché è caduto nel lago ghiacciato.,0,gemma,video_audio,0,0,1,correct,
video090_causale_02,video090,video090.mp4,video090_causale,2,causale,Perché l'uomo in costume si è congelato?,L'uomo in costume si è congelato perché fa freddo ed ha dovuto attendere molto.,L'uomo in costume si è congelato perché si è tuffato in acqua gelida.,L'uomo in costume si è congelato perché fa freddo ed ha dovuto attendere molto.,L'uomo in costume si è congelato perché si è tuffato in acqua gelida.,0,gemma,video_audio,1,1,0,wrong,
video090_causale_03,video090,video090.mp4,video090_causale,3,causale,Perché l'uomo in costume si è congelato?,L'uomo in costume si è congelato perché fa freddo e ha dovuto aspettare troppo a lungo l'amico che doveva passare a prenderlo.,L'uomo in costume si è congelato perché è stato colto da una tempesta di neve improvvisa mentre camminava verso casa.,L'uomo in costume si è congelato perché fa freddo e ha dovuto aspettare troppo a lungo l'amico che doveva passare a prenderlo.,L'uomo in costume si è congelato perché è stato colto da una tempesta di neve improvvisa mentre camminava verso casa.,0,gemma,video_audio,0,0,1,correct,
video090_causale_04,video090,video090.mp4,video090_causale,4,causale,Perché l'uomo in costume si è congelato?,L'uomo in costume si è congelato perché fa freddo e ha aspettato troppo l'amico che lo passasse a prendere.,L'uomo in costume si è congelato perché ha nuotato troppo a lungo in mare aperto.,L'uomo in costume si è congelato perché ha nuotato troppo a lungo in mare aperto.,L'uomo in costume si è congelato perché fa freddo e ha aspettato troppo l'amico che lo passasse a prendere.,1,gemma,video_audio,1,1,1,correct,
video090_spaziale_01,video090,video090.mp4,video090_spaziale,1,spaziale,Dove guarda l'uomo quando i musicisti gli chiedono il giorno?,"Al momento in cui i musicisti gli chiedono il giorno, l'uomo guarda l'orologio da polso.","Al momento in cui i musicisti gli chiedono il giorno, l'uomo guarda il calendario sulla scrivania.","Al momento in cui i musicisti gli chiedono il giorno, l'uomo guarda l'orologio da polso.","Al momento in cui i musicisti gli chiedono il giorno, l'uomo guarda il calendario sulla scrivania.",0,gemma,video_audio,0,0,1,correct,
video090_spaziale_02,video090,video090.mp4,video090_spaziale,2,spaziale,Dove guarda l'uomo quando i musicisti gli chiedono il giorno?,"Quando i musicisti gli chiedono il giorno, l'uomo guarda l'orologio.","Quando i musicisti gli chiedono il giorno, l'uomo guarda il calendario.","Quando i musicisti gli chiedono il giorno, l'uomo guarda il calendario.","Quando i musicisti gli chiedono il giorno, l'uomo guarda l'orologio.",1,gemma,video_audio,0,0,0,wrong,
video090_spaziale_03,video090,video090.mp4,video090_spaziale,3,spaziale,Dove guarda l'uomo quando i musicisti gli chiedono il giorno?,"L'uomo guarda al polso, nel punto in cui porta l'orologio, quando i musicisti gli chiedono il giorno.","L'uomo guarda al polso, nel punto in cui porta l'orologio, quando i musicisti gli chiedono l'ora.","L'uomo guarda al polso, nel punto in cui porta l'orologio, quando i musicisti gli chiedono il giorno.","L'uomo guarda al polso, nel punto in cui porta l'orologio, quando i musicisti gli chiedono l'ora.",0,gemma,video_audio,0,0,1,correct,
video090_spaziale_04,video090,video090.mp4,video090_spaziale,4,spaziale,Dove guarda l'uomo quando i musicisti gli chiedono il giorno?,L'uomo guarda sul suo polso quando i musicisti gli chiedono il giorno.,L'uomo guarda su un calendario quando i musicisti gli chiedono il giorno.,L'uomo guarda su un calendario quando i musicisti gli chiedono il giorno.,L'uomo guarda sul suo polso quando i musicisti gli chiedono il giorno.,1,gemma,video_audio,0,0,0,wrong,
video090_temporale_01,video090,video090.mp4,video090_temporale,1,temporale,Il perito industriale Gudo Colsi arriva prima o dopo l'appuntamento stabilito?,Il perito industriale Gudo Colsi arriva molto dopo l'appuntamento stabilito.,Il perito industriale Gudo Colsi arriva molto prima dell'appuntamento stabilito.,Il perito industriale Gudo Colsi arriva molto dopo l'appuntamento stabilito.,Il perito industriale Gudo Colsi arriva molto prima dell'appuntamento stabilito.,0,gemma,video_audio,0,0,1,correct,
video090_temporale_02,video090,video090.mp4,video090_temporale,2,temporale,Il perito industriale Gudo Colsi arriva prima o dopo l'appuntamento stabilito?,Il perito industriale Gudo Colsi arriva dopo l'appuntamento stabilito.,Il perito industriale Gudo Colsi arriva prima dell'appuntamento stabilito.,Il perito industriale Gudo Colsi arriva prima dell'appuntamento stabilito.,Il perito industriale Gudo Colsi arriva dopo l'appuntamento stabilito.,1,gemma,video_audio,1,1,1,correct,
video090_temporale_03,video090,video090.mp4,video090_temporale,3,temporale,Il perito industriale Gudo Colsi arriva prima o dopo l'appuntamento stabilito?,Il perito industriale Gudo Colsi arriva molto tempo più tardi rispetto all'appuntamento stabilito.,Il perito industriale Gudo Colsi arriva molto tempo prima rispetto all'appuntamento stabilito.,Il perito industriale Gudo Colsi arriva molto tempo prima rispetto all'appuntamento stabilito.,Il perito industriale Gudo Colsi arriva molto tempo più tardi rispetto all'appuntamento stabilito.,1,gemma,video_audio,1,1,1,correct,
video090_temporale_04,video090,video090.mp4,video090_temporale,4,temporale,Il perito industriale Gudo Colsi arriva prima o dopo l'appuntamento stabilito?,Il perito industriale Gudo Colsi arriva molto dopo l'appuntamento stabilito.,Il perito industriale Gudo Colsi arriva molto prima dell'appuntamento stabilito.,Il perito industriale Gudo Colsi arriva molto prima dell'appuntamento stabilito.,Il perito industriale Gudo Colsi arriva molto dopo l'appuntamento stabilito.,1,gemma,video_audio,1,1,1,correct,
video091_causale_01,video091,video091.mp4,video091_causale,1,causale,Cosa causa l'ira della donna?,L'ira della donna è causata dal fatto che siano lenti e poi salgano in massa.,L'ira della donna è causata dal fatto che siano veloci e poi se ne vadano tutti insieme.,L'ira della donna è causata dal fatto che siano lenti e poi salgano in massa.,L'ira della donna è causata dal fatto che siano veloci e poi se ne vadano tutti insieme.,0,gemma,video_audio,0,0,1,correct,
video091_causale_02,video091,video091.mp4,video091_causale,2,causale,Cosa causa l'ira della donna?,L'ira della donna è causata dal fatto che salgono di corsa.,L'ira della donna è causata dal fatto che parlano a voce alta.,L'ira della donna è causata dal fatto che parlano a voce alta.,L'ira della donna è causata dal fatto che salgono di corsa.,1,gemma,video_audio,1,1,1,correct,
video091_causale_03,video091,video091.mp4,video091_causale,3,causale,Cosa causa l'ira della donna?,L'ira della donna è causata dal fatto che i passeggeri sono in ritardo e devono salire di corsa sull'aereo.,L'ira della donna è causata dal fatto che i passeggeri stanno facendo troppo rumore in aeroporto.,L'ira della donna è causata dal fatto che i passeggeri stanno facendo troppo rumore in aeroporto.,L'ira della donna è causata dal fatto che i passeggeri sono in ritardo e devono salire di corsa sull'aereo.,1,gemma,video_audio,1,1,1,correct,
video091_causale_04,video091,video091.mp4,video091_causale,4,causale,Cosa causa l'ira della donna?,L'ira della donna è causata dai passeggeri dell'aereo che fanno ritardo.,L'ira della donna è causata dal cattivo tempo che ha causato il ritardo dell'aereo.,L'ira della donna è causata dai passeggeri dell'aereo che fanno ritardo.,L'ira della donna è causata dal cattivo tempo che ha causato il ritardo dell'aereo.,0,gemma,video_audio,0,0,1,correct,
video091_spaziale_01,video091,video091.mp4,video091_spaziale,1,spaziale,Dove salgono i passeggeri?,I passeggeri salgono da una scaletta di legno.,I passeggeri salgono da una scaletta di metallo.,I passeggeri salgono da una scaletta di legno.,I passeggeri salgono da una scaletta di metallo.,0,gemma,video_audio,0,0,1,correct,
video091_spaziale_02,video091,video091.mp4,video091_spaziale,2,spaziale,Dove salgono i passeggeri?,I passeggeri salgono su una scala di legno.,I passeggeri salgono su una scala di metallo.,I passeggeri salgono su una scala di legno.,I passeggeri salgono su una scala di metallo.,0,gemma,video_audio,1,1,0,wrong,
video091_spaziale_03,video091,video091.mp4,video091_spaziale,3,spaziale,Dove salgono i passeggeri?,I passeggeri salgono sulla scaletta di legno che conduce all'aereo.,I passeggeri salgono sulla scaletta di legno che conduce alla nave.,I passeggeri salgono sulla scaletta di legno che conduce all'aereo.,I passeggeri salgono sulla scaletta di legno che conduce alla nave.,0,gemma,video_audio,1,1,0,wrong,
video091_spaziale_04,video091,video091.mp4,video091_spaziale,4,spaziale,Dove salgono i passeggeri?,I passeggeri salgono sulla scaletta per arrivare all'aereo.,I passeggeri salgono sulla scaletta per arrivare al treno.,I passeggeri salgono sulla scaletta per arrivare all'aereo.,I passeggeri salgono sulla scaletta per arrivare al treno.,0,gemma,video_audio,1,1,0,wrong,
video091_temporale_01,video091,video091.mp4,video091_temporale,1,temporale,La donna urla agli uomini prima o dopo che inizino a correre?,La donna urla agli uomini prima che inizino a correre.,La donna urla agli uomini dopo che iniziano a correre.,La donna urla agli uomini prima che inizino a correre.,La donna urla agli uomini dopo che iniziano a correre.,0,gemma,video_audio,1,1,0,wrong,
video091_temporale_02,video091,video091.mp4,video091_temporale,2,temporale,La donna urla agli uomini prima o dopo che inizino a correre?,La donna urla agli uomini prima che inizino a correre.,La donna urla agli uomini dopo che hanno iniziato a correre.,La donna urla agli uomini dopo che hanno iniziato a correre.,La donna urla agli uomini prima che inizino a correre.,1,gemma,video_audio,1,1,1,correct,
video091_temporale_03,video091,video091.mp4,video091_temporale,3,temporale,La donna urla agli uomini prima o dopo che inizino a correre?,"La donna urla agli uomini in precedenza, dicendo loro di sbrigarsi, prima che inizino a correre.","La donna urla agli uomini in seguito, dicendo loro di sbrigarsi, dopo che iniziano a correre.","La donna urla agli uomini in seguito, dicendo loro di sbrigarsi, dopo che iniziano a correre.","La donna urla agli uomini in precedenza, dicendo loro di sbrigarsi, prima che inizino a correre.",1,gemma,video_audio,1,1,1,correct,
video091_temporale_04,video091,video091.mp4,video091_temporale,4,temporale,La donna urla agli uomini prima o dopo che inizino a correre?,La donna urla di sbrigarsi prima che gli uomini inizino a correre.,La donna urla di sbrigarsi dopo che gli uomini iniziano a correre.,La donna urla di sbrigarsi prima che gli uomini inizino a correre.,La donna urla di sbrigarsi dopo che gli uomini iniziano a correre.,0,gemma,video_audio,1,1,0,wrong,
video092_causale_01,video092,video092.mp4,video092_causale,1,causale,Perché l'hostess si arrabbia?,L'hostess si arrabbia perché il passeggero con i pantaloni blu deve tornare al suo posto.,L'hostess si arrabbia perché il passeggero con i pantaloni blu non ascolta le istruzioni di sicurezza.,L'hostess si arrabbia perché il passeggero con i pantaloni blu deve tornare al suo posto.,L'hostess si arrabbia perché il passeggero con i pantaloni blu non ascolta le istruzioni di sicurezza.,0,gemma,video_audio,0,0,1,correct,
video092_causale_02,video092,video092.mp4,video092_causale,2,causale,Perché l'hostess si arrabbia?,L'hostess si arrabbia perché l'uomo si era alzato.,L'hostess si arrabbia perché l'uomo non si era presentato.,L'hostess si arrabbia perché l'uomo si era alzato.,L'hostess si arrabbia perché l'uomo non si era presentato.,0,gemma,video_audio,0,0,1,correct,
video092_causale_03,video092,video092.mp4,video092_causale,3,causale,Perché l'hostess si arrabbia?,L'hostess si arrabbia perché l'uomo in camicia rossa a maniche corte si è alzato dal posto per andare a parlare con il capitano.,L'hostess si arrabbia perché l'uomo in camicia rossa a maniche corte ha iniziato a urlare.,L'hostess si arrabbia perché l'uomo in camicia rossa a maniche corte ha iniziato a urlare.,L'hostess si arrabbia perché l'uomo in camicia rossa a maniche corte si è alzato dal posto per andare a parlare con il capitano.,1,gemma,video_audio,1,1,1,correct,
video092_causale_04,video092,video092.mp4,video092_causale,4,causale,Perché l'hostess si arrabbia?,L'hostess si arrabbia perché l'uomo con la camicia a maniche corte rossa si è alzato dal suo posto per andare a parlare con il capitano.,L'hostess si arrabbia perché l'uomo con la camicia a maniche corte rossa ha urlato ad alta voce nel corridoio.,L'hostess si arrabbia perché l'uomo con la camicia a maniche corte rossa ha urlato ad alta voce nel corridoio.,L'hostess si arrabbia perché l'uomo con la camicia a maniche corte rossa si è alzato dal suo posto per andare a parlare con il capitano.,1,gemma,video_audio,1,1,1,correct,
video092_spaziale_01,video092,video092.mp4,video092_spaziale,1,spaziale,Dove va l'uomo con i pantaloncini blu dopo che si è alzato?,L'uomo con i pantaloncini blu va a vedere chi c'è nella cabina di pilotaggio.,L'uomo con i pantaloncini blu va a vedere chi c'è nella sala d'attesa.,L'uomo con i pantaloncini blu va a vedere chi c'è nella cabina di pilotaggio.,L'uomo con i pantaloncini blu va a vedere chi c'è nella sala d'attesa.,0,gemma,video_audio,1,1,0,wrong,
video092_spaziale_02,video092,video092.mp4,video092_spaziale,2,spaziale,Dove va l'uomo con i pantaloncini blu dopo che si è alzato?,L'uomo con i pantaloncini blu va a vedere chi pilota l'aereo.,L'uomo con i pantaloncini blu va a vedere chi guida il trattore.,L'uomo con i pantaloncini blu va a vedere chi pilota l'aereo.,L'uomo con i pantaloncini blu va a vedere chi guida il trattore.,0,gemma,video_audio,1,1,0,wrong,
video092_spaziale_03,video092,video092.mp4,video092_spaziale,3,spaziale,Dove va l'uomo con i pantaloncini blu dopo che si è alzato?,"Dopo che si è alzato, l'uomo con i pantaloncini blu va verso la parte anteriore dell'aereo per vedere chi lo sta pilotando.","Dopo che si è alzato, l'uomo con i pantaloncini blu va verso la parte posteriore dell'aereo per vedere chi lo sta pilotando.","Dopo che si è alzato, l'uomo con i pantaloncini blu va verso la parte anteriore dell'aereo per vedere chi lo sta pilotando.","Dopo che si è alzato, l'uomo con i pantaloncini blu va verso la parte posteriore dell'aereo per vedere chi lo sta pilotando.",0,gemma,video_audio,1,1,0,wrong,
video092_spaziale_04,video092,video092.mp4,video092_spaziale,4,spaziale,Dove va l'uomo con i pantaloncini blu dopo che si è alzato?,"Dopo che si è alzato, l'uomo con i pantaloncini blu va verso la testa dell'aereo.","Dopo che si è alzato, l'uomo con i pantaloncini blu va verso la coda dell'aereo.","Dopo che si è alzato, l'uomo con i pantaloncini blu va verso la coda dell'aereo.","Dopo che si è alzato, l'uomo con i pantaloncini blu va verso la testa dell'aereo.",1,gemma,video_audio,1,1,1,correct,
video092_temporale_01,video092,video092.mp4,video092_temporale,1,temporale,La donna con la scopa si arrabbia prima o dopo essere caduta nel buco?,La donna con la scopa si arrabbia prima di cadere nel buco.,La donna con la scopa si arrabbia dopo essere caduta nel buco.,La donna con la scopa si arrabbia prima di cadere nel buco.,La donna con la scopa si arrabbia dopo essere caduta nel buco.,0,gemma,video_audio,1,1,0,wrong,
video092_temporale_02,video092,video092.mp4,video092_temporale,2,temporale,La donna con la scopa si arrabbia prima o dopo essere caduta nel buco?,La donna con la scopa si arrabbia prima di cadere nel buco.,La donna con la scopa si arrabbia dopo essere caduta nel buco.,La donna con la scopa si arrabbia dopo essere caduta nel buco.,La donna con la scopa si arrabbia prima di cadere nel buco.,1,gemma,video_audio,1,1,1,correct,
video092_temporale_03,video092,video092.mp4,video092_temporale,3,temporale,La donna con la scopa si arrabbia prima o dopo essere caduta nel buco?,"La donna con la scopa si arrabbia prima di cadere nel buco, quando intima all'uomo con il cappello di tornare a sedersi mentre agita la scopa.","La donna con la scopa si arrabbia dopo essere caduta nel buco, quando intima all'uomo con il cappello di tornare a sedersi mentre agita la scopa.","La donna con la scopa si arrabbia dopo essere caduta nel buco, quando intima all'uomo con il cappello di tornare a sedersi mentre agita la scopa.","La donna con la scopa si arrabbia prima di cadere nel buco, quando intima all'uomo con il cappello di tornare a sedersi mentre agita la scopa.",1,gemma,video_audio,1,1,1,correct,
video092_temporale_04,video092,video092.mp4,video092_temporale,4,temporale,La donna con la scopa si arrabbia prima o dopo essere caduta nel buco?,La donna con la scopa intima all'uomo con il cappello di tornare a sedersi agitando la scopa prima di cadere nel buco.,La donna con la scopa intima all'uomo con il cappello di tornare a sedersi agitando la scopa dopo essere caduta nel buco.,La donna con la scopa intima all'uomo con il cappello di tornare a sedersi agitando la scopa prima di cadere nel buco.,La donna con la scopa intima all'uomo con il cappello di tornare a sedersi agitando la scopa dopo essere caduta nel buco.,0,gemma,video_audio,1,1,0,wrong,
video093_causale_01,video093,video093.mp4,video093_causale,1,causale,Perché la donna dice alla bambina di andare piano?,"La donna dice alla bambina di andare piano perché, in senso ironico, altrimenti le tolgono la patente.",La donna dice alla bambina di andare piano perché altrimenti rischia di inciampare.,"La donna dice alla bambina di andare piano perché, in senso ironico, altrimenti le tolgono la patente.",La donna dice alla bambina di andare piano perché altrimenti rischia di inciampare.,0,gemma,video_audio,0,0,1,correct,
video093_causale_02,video093,video093.mp4,video093_causale,2,causale,Perché la donna dice alla bambina di andare piano?,La donna dice alla bambina di andare piano perchè guida la Ferrari.,La donna dice alla bambina di andare piano perchè si è fatto buio.,La donna dice alla bambina di andare piano perchè si è fatto buio.,La donna dice alla bambina di andare piano perchè guida la Ferrari.,1,gemma,video_audio,1,1,1,correct,
video093_causale_03,video093,video093.mp4,video093_causale,3,causale,Perché la donna dice alla bambina di andare piano?,La donna dice alla bambina di andare piano per scherzare sul fatto che la giostra venga trattata come una Ferrari.,La donna dice alla bambina di andare piano perchè la giostra si muove velocemente.,La donna dice alla bambina di andare piano perchè la giostra si muove velocemente.,La donna dice alla bambina di andare piano per scherzare sul fatto che la giostra venga trattata come una Ferrari.,1,gemma,video_audio,1,1,1,correct,
video093_causale_04,video093,video093.mp4,video093_causale,4,causale,Perché la donna dice alla bambina di andare piano?,La donna dice alla bambina di andare piano per scherzare sul fatto che la giostra sia una Ferrari.,La donna dice alla bambina di andare piano perché la giostra è pericolosa.,La donna dice alla bambina di andare piano perché la giostra è pericolosa.,La donna dice alla bambina di andare piano per scherzare sul fatto che la giostra sia una Ferrari.,1,gemma,video_audio,1,1,1,correct,
video093_spaziale_01,video093,video093.mp4,video093_spaziale,1,spaziale,Dove indica la bambina con la maglietta gialla?,La bambina con la maglietta gialla indica alla macchinetta delle merendine.,La bambina con la maglietta gialla indica verso la finestra.,La bambina con la maglietta gialla indica alla macchinetta delle merendine.,La bambina con la maglietta gialla indica verso la finestra.,0,gemma,video_audio,0,0,1,correct,
video093_spaziale_02,video093,video093.mp4,video093_spaziale,2,spaziale,Dove indica la bambina con la maglietta gialla?,La bambina con la maglietta gialla indica il distributore automatico.,La bambina con la maglietta gialla indica la lavagna.,La bambina con la maglietta gialla indica la lavagna.,La bambina con la maglietta gialla indica il distributore automatico.,1,gemma,video_audio,1,1,1,correct,
video093_spaziale_03,video093,video093.mp4,video093_spaziale,3,spaziale,Dove indica la bambina con la maglietta gialla?,La bambina con la maglietta gialla indica presso il distributore automatico di merendine.,La bambina con la maglietta gialla indica presso la fontana nel parco.,La bambina con la maglietta gialla indica presso la fontana nel parco.,La bambina con la maglietta gialla indica presso il distributore automatico di merendine.,1,gemma,video_audio,1,1,1,correct,
video093_spaziale_04,video093,video093.mp4,video093_spaziale,4,spaziale,Dove indica la bambina con la maglietta gialla?,La bambina con la maglietta gialla indica al distributore di merendine.,La bambina con la maglietta gialla indica alla libreria.,La bambina con la maglietta gialla indica al distributore di merendine.,La bambina con la maglietta gialla indica alla libreria.,0,gemma,video_audio,0,0,1,correct,
video093_temporale_01,video093,video093.mp4,video093_temporale,1,temporale,La bambina con la maglia gialla chiede alla mamma di comprare le patatine prima o dopo che la bambina con la coroncina salga sulla Ferrari?,La bambina con la maglia gialla chiede alla mamma di comprare le patatine dopo che la bambina con la coroncina sale sulla Ferrari.,La bambina con la maglia gialla chiede alla mamma di comprare le patatine prima che la bambina con la coroncina salga sulla Ferrari.,La bambina con la maglia gialla chiede alla mamma di comprare le patatine dopo che la bambina con la coroncina sale sulla Ferrari.,La bambina con la maglia gialla chiede alla mamma di comprare le patatine prima che la bambina con la coroncina salga sulla Ferrari.,0,gemma,video_audio,0,0,1,correct,
video093_temporale_02,video093,video093.mp4,video093_temporale,2,temporale,La bambina con la maglia gialla chiede alla mamma di comprare le patatine prima o dopo che la bambina con la coroncina salga sulla Ferrari?,La bambina con la maglia gialla chiede alla mamma di comprare le patatine dopo che la bambina con la coroncina sale sulla Ferrari.,La bambina con la maglia gialla chiede alla mamma di comprare le patatine prima che la bambina con la coroncina salga sulla Ferrari.,La bambina con la maglia gialla chiede alla mamma di comprare le patatine dopo che la bambina con la coroncina sale sulla Ferrari.,La bambina con la maglia gialla chiede alla mamma di comprare le patatine prima che la bambina con la coroncina salga sulla Ferrari.,0,gemma,video_audio,0,0,1,correct,
video093_temporale_03,video093,video093.mp4,video093_temporale,3,temporale,La bambina con la maglia gialla chiede alla mamma di comprare le patatine prima o dopo che la bambina con la coroncina salga sulla Ferrari?,La richiesta delle patatine al mais avviene dopo che la bambina con la coroncina è già sulla giostra chiamata Ferrari.,La richiesta delle patatine al mais avviene prima che la bambina con la coroncina sia sulla giostra chiamata Ferrari.,La richiesta delle patatine al mais avviene dopo che la bambina con la coroncina è già sulla giostra chiamata Ferrari.,La richiesta delle patatine al mais avviene prima che la bambina con la coroncina sia sulla giostra chiamata Ferrari.,0,gemma,video_audio,0,0,1,correct,
video093_temporale_04,video093,video093.mp4,video093_temporale,4,temporale,La bambina con la maglia gialla chiede alla mamma di comprare le patatine prima o dopo che la bambina con la coroncina salga sulla Ferrari?,La bambina con la maglia gialla chiede le patatine al mais dopo che la bambina con la coroncina è salita sulla Ferrari.,La bambina con la maglia gialla chiede le patatine al mais mentre la bambina con la coroncina sta salendo sulla Ferrari.,La bambina con la maglia gialla chiede le patatine al mais mentre la bambina con la coroncina sta salendo sulla Ferrari.,La bambina con la maglia gialla chiede le patatine al mais dopo che la bambina con la coroncina è salita sulla Ferrari.,1,gemma,video_audio,1,1,1,correct,
video094_causale_01,video094,video094.mp4,video094_causale,1,causale,Perché la folla ride?,La folla ride perché la donna chiede al cavaliere di essere la sua dama in un momento non del tutto ameno.,La folla ride perché la donna racconta una barzelletta al cavaliere.,La folla ride perché la donna racconta una barzelletta al cavaliere.,La folla ride perché la donna chiede al cavaliere di essere la sua dama in un momento non del tutto ameno.,1,gemma,video_audio,1,1,1,correct,
video094_causale_02,video094,video094.mp4,video094_causale,2,causale,Perché la folla ride?,La folla ride per le domande della donna.,La folla ride per i vestiti della donna.,La folla ride per i vestiti della donna.,La folla ride per le domande della donna.,1,gemma,video_audio,0,0,0,wrong,
video094_causale_03,video094,video094.mp4,video094_causale,3,causale,Perché la folla ride?,"La folla ride perché la donna rivolge una domanda indiscreta a un uomo appena conosciuto, mettendolo in difficoltà.",La folla ride perché la donna racconta una barzelletta esilarante.,"La folla ride perché la donna rivolge una domanda indiscreta a un uomo appena conosciuto, mettendolo in difficoltà.",La folla ride perché la donna racconta una barzelletta esilarante.,0,gemma,video_audio,0,0,1,correct,
video094_causale_04,video094,video094.mp4,video094_causale,4,causale,Perché la folla ride?,La folla ride perché la donna ha posto una domanda indiscreta a un uomo appena conosciuto.,La folla ride perché l'uomo ha raccontato una barzelletta esilarante.,La folla ride perché l'uomo ha raccontato una barzelletta esilarante.,La folla ride perché la donna ha posto una domanda indiscreta a un uomo appena conosciuto.,1,gemma,video_audio,1,1,1,correct,
video094_spaziale_01,video094,video094.mp4,video094_spaziale,1,spaziale,Dove inciampa la donna col vestito verde?,La donna col vestito verde inciampa sulle scale.,La donna col vestito verde inciampa sul marciapiede.,La donna col vestito verde inciampa sulle scale.,La donna col vestito verde inciampa sul marciapiede.,0,gemma,video_audio,1,1,0,wrong,
video094_spaziale_02,video094,video094.mp4,video094_spaziale,2,spaziale,Dove inciampa la donna col vestito verde?,La donna col vestito verde inciampa sulle scale.,La donna col vestito verde inciampa sul marciapiede.,La donna col vestito verde inciampa sul marciapiede.,La donna col vestito verde inciampa sulle scale.,1,gemma,video_audio,1,1,1,correct,
video094_spaziale_03,video094,video094.mp4,video094_spaziale,3,spaziale,Dove inciampa la donna col vestito verde?,La donna col vestito verde inciampa sui gradini che conducono all'ingresso.,La donna col vestito verde inciampa sui gradini che conducono al giardino.,La donna col vestito verde inciampa sui gradini che conducono all'ingresso.,La donna col vestito verde inciampa sui gradini che conducono al giardino.,0,gemma,video_audio,0,0,1,correct,
video094_spaziale_04,video094,video094.mp4,video094_spaziale,4,spaziale,Dove inciampa la donna col vestito verde?,La donna col vestito verde inciampa sugli scalini dell'ingresso.,La donna col vestito verde inciampa nel corridoio dell'ingresso.,La donna col vestito verde inciampa nel corridoio dell'ingresso.,La donna col vestito verde inciampa sugli scalini dell'ingresso.,1,gemma,video_audio,1,1,1,correct,
video094_temporale_01,video094,video094.mp4,video094_temporale,1,temporale,La folla ride prima o dopo che la donna urti l'uomo?,La folla ride dopo che la donna urta l'uomo.,La folla ride prima che la donna urti l'uomo.,La folla ride prima che la donna urti l'uomo.,La folla ride dopo che la donna urta l'uomo.,1,gemma,video_audio,1,1,1,correct,
video094_temporale_02,video094,video094.mp4,video094_temporale,2,temporale,La folla ride prima o dopo che la donna urti l'uomo?,La folla ride dopo che la donna urta l'uomo.,La folla ride prima che la donna urti l'uomo.,La folla ride prima che la donna urti l'uomo.,La folla ride dopo che la donna urta l'uomo.,1,gemma,video_audio,1,1,1,correct,
video094_temporale_03,video094,video094.mp4,video094_temporale,3,temporale,La folla ride prima o dopo che la donna urti l'uomo?,La folla ride in un momento successivo all'urto della donna con l'uomo.,La folla ride in un momento precedente all'urto della donna con l'uomo.,La folla ride in un momento precedente all'urto della donna con l'uomo.,La folla ride in un momento successivo all'urto della donna con l'uomo.,1,gemma,video_audio,0,0,0,wrong,
video094_temporale_04,video094,video094.mp4,video094_temporale,4,temporale,La folla ride prima o dopo che la donna urti l'uomo?,La folla ride dopo che la donna urta l'uomo.,La folla ride prima che la donna urti l'uomo.,La folla ride prima che la donna urti l'uomo.,La folla ride dopo che la donna urta l'uomo.,1,gemma,video_audio,1,1,1,correct,
video095_causale_01,video095,video095.mp4,video095_causale,1,causale,Perché il professore esce dalla classe?,Il professore esce dalla classe perché il preside vuole parlare con lui.,Il professore esce dalla classe perché ha finito la lezione.,Il professore esce dalla classe perché il preside vuole parlare con lui.,Il professore esce dalla classe perché ha finito la lezione.,0,gemma,video_audio,0,0,1,correct,
video095_causale_02,video095,video095.mp4,video095_causale,2,causale,Perché il professore esce dalla classe?,Il professore esce dalla classe perché è stato chiamato dal bidello per andare in presidenza.,Il professore esce dalla classe perché è finita l'ora di lezione.,Il professore esce dalla classe perché è finita l'ora di lezione.,Il professore esce dalla classe perché è stato chiamato dal bidello per andare in presidenza.,1,gemma,video_audio,1,1,1,correct,
video095_causale_03,video095,video095.mp4,video095_causale,3,causale,Perché il professore esce dalla classe?,Il professore esce dalla classe perché il bidello lo convoca per andare nell'ufficio del preside.,Il professore esce dalla classe perché la lezione è terminata.,Il professore esce dalla classe perché la lezione è terminata.,Il professore esce dalla classe perché il bidello lo convoca per andare nell'ufficio del preside.,1,gemma,video_audio,1,1,1,correct,
video095_causale_04,video095,video095.mp4,video095_causale,4,causale,Perché il professore esce dalla classe?,Il professore esce dalla classe perché è stato chiamato nell'ufficio del preside.,Il professore esce dalla classe perché ha finito la lezione.,Il professore esce dalla classe perché è stato chiamato nell'ufficio del preside.,Il professore esce dalla classe perché ha finito la lezione.,0,gemma,video_audio,0,0,1,correct,
video095_spaziale_01,video095,video095.mp4,video095_spaziale,1,spaziale,Dov'era il professore prima di andare dal preside?,"Prima di andare dal preside, il professore era in aula a fare lezione.","Prima di andare dal preside, il professore era in giardino a fare lezione.","Prima di andare dal preside, il professore era in aula a fare lezione.","Prima di andare dal preside, il professore era in giardino a fare lezione.",0,gemma,video_audio,0,0,1,correct,
video095_spaziale_02,video095,video095.mp4,video095_spaziale,2,spaziale,Dov'era il professore prima di andare dal preside?,"Prima di andare dal preside, il professore era in aula.","Prima di andare dal preside, il professore era in mensa.","Prima di andare dal preside, il professore era in aula.","Prima di andare dal preside, il professore era in mensa.",0,gemma,video_audio,0,0,1,correct,
video095_spaziale_03,video095,video095.mp4,video095_spaziale,3,spaziale,Dov'era il professore prima di andare dal preside?,Il professore era in fondo alla propria aula scolastica prima di andare dal preside.,Il professore era all'ingresso della propria aula scolastica prima di andare dal preside.,Il professore era in fondo alla propria aula scolastica prima di andare dal preside.,Il professore era all'ingresso della propria aula scolastica prima di andare dal preside.,0,gemma,video_audio,1,1,0,wrong,
video095_spaziale_04,video095,video095.mp4,video095_spaziale,4,spaziale,Dov'era il professore prima di andare dal preside?,Il professore era nella sua classe in fondo prima di andare dal preside.,Il professore era nell'ufficio del preside prima di andare nella sua classe in fondo.,Il professore era nell'ufficio del preside prima di andare nella sua classe in fondo.,Il professore era nella sua classe in fondo prima di andare dal preside.,1,gemma,video_audio,1,1,1,correct,
video095_temporale_01,video095,video095.mp4,video095_temporale,1,temporale,Il professore va nell'ufficio del preside prima o dopo aver parlato con il bidello?,Il professore va nell'ufficio del preside dopo aver parlato con il bidello.,Il professore va nell'ufficio del preside prima di parlare con il bidello.,Il professore va nell'ufficio del preside prima di parlare con il bidello.,Il professore va nell'ufficio del preside dopo aver parlato con il bidello.,1,gemma,video_audio,0,0,0,wrong,
video095_temporale_02,video095,video095.mp4,video095_temporale,2,temporale,Il professore va nell'ufficio del preside prima o dopo aver parlato con il bidello?,Il professore va nell'ufficio del preside dopo aver parlato con il bidello.,Il professore va nell'ufficio del preside prima di parlare con il bidello.,Il professore va nell'ufficio del preside prima di parlare con il bidello.,Il professore va nell'ufficio del preside dopo aver parlato con il bidello.,1,gemma,video_audio,0,0,0,wrong,
video095_temporale_03,video095,video095.mp4,video095_temporale,3,temporale,Il professore va nell'ufficio del preside prima o dopo aver parlato con il bidello?,Il professore va nell'ufficio del preside dopo che il bidello lo chiama.,Il professore va nell'ufficio del preside prima che il bidello lo chiami.,Il professore va nell'ufficio del preside prima che il bidello lo chiami.,Il professore va nell'ufficio del preside dopo che il bidello lo chiama.,1,gemma,video_audio,1,1,1,correct,
video095_temporale_04,video095,video095.mp4,video095_temporale,4,temporale,Il professore va nell'ufficio del preside prima o dopo aver parlato con il bidello?,Il professore va nell'ufficio del preside dopo che il bidello lo chiami.,Il professore va nell'ufficio del preside prima che il bidello lo chiami.,Il professore va nell'ufficio del preside prima che il bidello lo chiami.,Il professore va nell'ufficio del preside dopo che il bidello lo chiami.,1,gemma,video_audio,1,1,1,correct,
video096_causale_01,video096,video096.mp4,video096_causale,1,causale,Perché l'uomo dà un biscotto alla cagnolina?,L'uomo dà un biscotto alla cagnolina perché ha risposto correttamente al comando di seguirlo.,L'uomo dà un biscotto alla cagnolina perché era particolarmente affamato.,L'uomo dà un biscotto alla cagnolina perché ha risposto correttamente al comando di seguirlo.,L'uomo dà un biscotto alla cagnolina perché era particolarmente affamato.,0,gemma,video_audio,0,0,1,correct,
video096_causale_02,video096,video096.mp4,video096_causale,2,causale,Perché l'uomo dà un biscotto alla cagnolina?,L'uomo dà un biscotto alla cagnolina perché ha risposto al suo comando.,L'uomo dà un biscotto alla cagnolina perché l'ha vista abbaiando.,L'uomo dà un biscotto alla cagnolina perché ha risposto al suo comando.,L'uomo dà un biscotto alla cagnolina perché l'ha vista abbaiando.,0,gemma,video_audio,0,0,1,correct,
video096_causale_03,video096,video096.mp4,video096_causale,3,causale,Perché l'uomo dà un biscotto alla cagnolina?,L'uomo dà un biscotto alla cagnolina perché ha eseguito correttamente il comando ricevuto e viene considerata brava.,L'uomo dà un biscotto alla cagnolina perché vuole che smetta di abbaiare.,L'uomo dà un biscotto alla cagnolina perché ha eseguito correttamente il comando ricevuto e viene considerata brava.,L'uomo dà un biscotto alla cagnolina perché vuole che smetta di abbaiare.,0,gemma,video_audio,0,0,1,correct,
video096_causale_04,video096,video096.mp4,video096_causale,4,causale,Perché l'uomo dà un biscotto alla cagnolina?,L'uomo dà un biscotto alla cagnolina perché ha eseguito i comandi ed è stata brava.,L'uomo dà un biscotto alla cagnolina perché sperava che smettesse di abbaiare.,L'uomo dà un biscotto alla cagnolina perché ha eseguito i comandi ed è stata brava.,L'uomo dà un biscotto alla cagnolina perché sperava che smettesse di abbaiare.,0,gemma,video_audio,0,0,1,correct,
video096_spaziale_01,video096,video096.mp4,video096_spaziale,1,spaziale,Dove si trova la cagnolina?,Nel video la cagnolina si trova davanti alla cam e poi segue il cameraman.,Nel video la cagnolina si trova dietro alla cam e poi segue il cameraman.,Nel video la cagnolina si trova dietro alla cam e poi segue il cameraman.,Nel video la cagnolina si trova davanti alla cam e poi segue il cameraman.,1,gemma,video_audio,1,1,1,correct,
video096_spaziale_02,video096,video096.mp4,video096_spaziale,2,spaziale,Dove si trova la cagnolina?,La cagnolina si trova in un parco.,La cagnolina si trova in un giardino.,La cagnolina si trova in un giardino.,La cagnolina si trova in un parco.,1,gemma,video_audio,0,0,0,wrong,
video096_spaziale_03,video096,video096.mp4,video096_spaziale,3,spaziale,Dove si trova la cagnolina?,"La cagnolina si trova nel parco, davanti alla persona che sta riprendendo.","La cagnolina si trova in una casa, davanti alla persona che sta riprendendo.","La cagnolina si trova in una casa, davanti alla persona che sta riprendendo.","La cagnolina si trova nel parco, davanti alla persona che sta riprendendo.",1,gemma,video_audio,1,1,1,correct,
video096_spaziale_04,video096,video096.mp4,video096_spaziale,4,spaziale,Dove si trova la cagnolina?,La cagnolina si trova davanti alla persona che riprende.,La cagnolina si trova dietro alla persona che riprende.,La cagnolina si trova dietro alla persona che riprende.,La cagnolina si trova davanti alla persona che riprende.,1,gemma,video_audio,1,1,1,correct,
video096_temporale_01,video096,video096.mp4,video096_temporale,1,temporale,L'animale mangia il biscotto prima o dopo il comando?,L'animale mangia il biscotto dopo il comando.,L'animale mangia il biscotto prima del comando.,L'animale mangia il biscotto prima del comando.,L'animale mangia il biscotto dopo il comando.,1,gemma,video_audio,1,1,1,correct,
video096_temporale_02,video096,video096.mp4,video096_temporale,2,temporale,L'animale mangia il biscotto prima o dopo il comando?,L'animale mangia il biscotto dopo il comando.,L'animale mangia il biscotto prima del comando.,L'animale mangia il biscotto prima del comando.,L'animale mangia il biscotto dopo il comando.,1,gemma,video_audio,1,1,1,correct,
video096_temporale_03,video096,video096.mp4,video096_temporale,3,temporale,L'animale mangia il biscotto prima o dopo il comando?,L'animale mangia il biscotto in un momento seguente al comando.,L'animale mangia il biscotto prima di ricevere il comando.,L'animale mangia il biscotto in un momento seguente al comando.,L'animale mangia il biscotto prima di ricevere il comando.,0,gemma,video_audio,0,0,1,correct,
video096_temporale_04,video096,video096.mp4,video096_temporale,4,temporale,L'animale mangia il biscotto prima o dopo il comando?,L'animale mangia il biscotto dopo il comando.,L'animale mangia il biscotto prima del comando.,L'animale mangia il biscotto dopo il comando.,L'animale mangia il biscotto prima del comando.,0,gemma,video_audio,0,0,1,correct,
video097_causale_01,video097,video097.mp4,video097_causale,1,causale,Perché le ragazze si sono appese alle sbarre?,Le ragazze si sono appese alle sbarre per fare l'esercizio indicato dall'insegnante.,Le ragazze si sono appese alle sbarre per evitare di cadere.,Le ragazze si sono appese alle sbarre per evitare di cadere.,Le ragazze si sono appese alle sbarre per fare l'esercizio indicato dall'insegnante.,1,gemma,video_audio,1,1,1,correct,
video097_causale_02,video097,video097.mp4,video097_causale,2,causale,Perché le ragazze si sono appese alle sbarre?,Le ragazze si sono appese alle sbarre per una sfida.,Le ragazze si sono appese alle sbarre per evitare una punizione.,Le ragazze si sono appese alle sbarre per evitare una punizione.,Le ragazze si sono appese alle sbarre per una sfida.,1,gemma,video_audio,1,1,1,correct,
video097_causale_03,video097,video097.mp4,video097_causale,3,causale,Perché le ragazze si sono appese alle sbarre?,Le ragazze si sono appese alle sbarre perché l'istruttrice propone una sfida e ordina loro di salire sulle parallele.,Le ragazze si sono appese alle sbarre perché volevano provare un esercizio nuovo senza che nessuno glielo chiedesse.,Le ragazze si sono appese alle sbarre perché l'istruttrice propone una sfida e ordina loro di salire sulle parallele.,Le ragazze si sono appese alle sbarre perché volevano provare un esercizio nuovo senza che nessuno glielo chiedesse.,0,gemma,video_audio,0,0,1,correct,
video097_causale_04,video097,video097.mp4,video097_causale,4,causale,Perché le ragazze si sono appese alle sbarre?,Le ragazze si sono appese alle sbarre perché l'istruttrice ordina loro di salire.,Le ragazze si sono appese alle sbarre perché volevano fare uno scherzo.,Le ragazze si sono appese alle sbarre perché volevano fare uno scherzo.,Le ragazze si sono appese alle sbarre perché l'istruttrice ordina loro di salire.,1,gemma,video_audio,1,1,1,correct,
video097_spaziale_01,video097,video097.mp4,video097_spaziale,1,spaziale,Dove si sono appese le ragazze?,Le ragazze si sono appese alla sbarra.,Le ragazze si sono appese alla trave.,Le ragazze si sono appese alla trave.,Le ragazze si sono appese alla sbarra.,1,gemma,video_audio,1,1,1,correct,
video097_spaziale_02,video097,video097.mp4,video097_spaziale,2,spaziale,Dove si sono appese le ragazze?,Le ragazze sono appese alle parallele.,Le ragazze sono sedute sul prato.,Le ragazze sono appese alle parallele.,Le ragazze sono sedute sul prato.,0,gemma,video_audio,0,0,1,correct,
video097_spaziale_03,video097,video097.mp4,video097_spaziale,3,spaziale,Dove si sono appese le ragazze?,Le ragazze si sono appese alle parallele utilizzate nella ginnastica artistica.,Le ragazze si sono appese a una rete da pallavolo.,Le ragazze si sono appese alle parallele utilizzate nella ginnastica artistica.,Le ragazze si sono appese a una rete da pallavolo.,0,gemma,video_audio,0,0,1,correct,
video097_spaziale_04,video097,video097.mp4,video097_spaziale,4,spaziale,Dove si sono appese le ragazze?,Le ragazze si sono appese alle parallele di ginnastica artistica.,Le ragazze si sono appese alle corde di arrampicata.,Le ragazze si sono appese alle corde di arrampicata.,Le ragazze si sono appese alle parallele di ginnastica artistica.,1,gemma,video_audio,1,1,1,correct,
video097_temporale_01,video097,video097.mp4,video097_temporale,1,temporale,Le ragazze si sono appese prima o dopo aver alzato le ginocchia?,Le ragazze si sono appese prima di alzare le ginocchia.,Le ragazze si sono appese dopo aver alzato le ginocchia.,Le ragazze si sono appese prima di alzare le ginocchia.,Le ragazze si sono appese dopo aver alzato le ginocchia.,0,gemma,video_audio,0,0,1,correct,
video097_temporale_02,video097,video097.mp4,video097_temporale,2,temporale,Le ragazze si sono appese prima o dopo aver alzato le ginocchia?,Le ragazze si sono appese prima di alzare le ginocchia.,Le ragazze si sono appese dopo aver alzato le ginocchia.,Le ragazze si sono appese dopo aver alzato le ginocchia.,Le ragazze si sono appese prima di alzare le ginocchia.,1,gemma,video_audio,0,0,0,wrong,
video097_temporale_03,video097,video097.mp4,video097_temporale,3,temporale,Le ragazze si sono appese prima o dopo aver alzato le ginocchia?,"All'inizio, quando le ragazze sono appese, la prima cosa che fanno è sollevare le ginocchia fino al petto.","Alla fine, quando le ragazze sono appese, la prima cosa che fanno è sollevare le ginocchia fino al petto.","All'inizio, quando le ragazze sono appese, la prima cosa che fanno è sollevare le ginocchia fino al petto.","Alla fine, quando le ragazze sono appese, la prima cosa che fanno è sollevare le ginocchia fino al petto.",0,gemma,video_audio,0,0,1,correct,
video097_temporale_04,video097,video097.mp4,video097_temporale,4,temporale,Le ragazze si sono appese prima o dopo aver alzato le ginocchia?,Le ragazze sono appese e la prima cosa che devono fare è alzare le ginocchia e portarle al petto.,Le ragazze sono appese e l'ultima cosa che devono fare è alzare le ginocchia e portarle al petto.,Le ragazze sono appese e l'ultima cosa che devono fare è alzare le ginocchia e portarle al petto.,Le ragazze sono appese e la prima cosa che devono fare è alzare le ginocchia e portarle al petto.,1,gemma,video_audio,1,1,1,correct,
video098_causale_01,video098,video098.mp4,video098_causale,1,causale,Perché la donna è sorpresa di trovare il jack di picche?,La donna è sorpresa perché non si aspettava che sbucasse esattamente la carta che aveva pensato.,La donna è sorpresa perché la carta che aveva pensato non è uscita.,La donna è sorpresa perché la carta che aveva pensato non è uscita.,La donna è sorpresa perché non si aspettava che sbucasse esattamente la carta che aveva pensato.,1,gemma,video_audio,1,1,1,correct,
video098_causale_02,video098,video098.mp4,video098_causale,2,causale,Perché la donna è sorpresa di trovare il jack di picche?,La donna è sorpresa di trovare il jack di picche perché il trucco di magia è riuscito.,La donna è sorpresa di trovare il jack di picche perché il mazzo era truccato.,La donna è sorpresa di trovare il jack di picche perché il mazzo era truccato.,La donna è sorpresa di trovare il jack di picche perché il trucco di magia è riuscito.,1,gemma,video_audio,1,1,1,correct,
video098_causale_03,video098,video098.mp4,video098_causale,3,causale,Perché la donna è sorpresa di trovare il jack di picche?,La donna è sorpresa di trovare il jack di picche perché il trucco è riuscito e quella è la carta scelta.,La donna è sorpresa di trovare il jack di picche perché il mazzo è stato mescolato male.,La donna è sorpresa di trovare il jack di picche perché il trucco è riuscito e quella è la carta scelta.,La donna è sorpresa di trovare il jack di picche perché il mazzo è stato mescolato male.,0,gemma,video_audio,0,0,1,correct,
video098_causale_04,video098,video098.mp4,video098_causale,4,causale,Perché la donna è sorpresa di trovare il jack di picche?,"La donna è sorpresa di trovare il jack di picche perché l'uomo le sta facendo un trucco con le carte e deve ritrovare quella scelta, che è proprio il jack di picche.",La donna è sorpresa di trovare il jack di picche perché stava cercando di barare e ha avuto fortuna.,La donna è sorpresa di trovare il jack di picche perché stava cercando di barare e ha avuto fortuna.,"La donna è sorpresa di trovare il jack di picche perché l'uomo le sta facendo un trucco con le carte e deve ritrovare quella scelta, che è proprio il jack di picche.",1,gemma,video_audio,1,1,1,correct,
video098_spaziale_01,video098,video098.mp4,video098_spaziale,1,spaziale,Dove si trova il jack di picche?,Il jack di picche si trova dopo le 22 carte che sono state scartate.,Il jack di picche si trova prima delle 22 carte che sono state scartate.,Il jack di picche si trova dopo le 22 carte che sono state scartate.,Il jack di picche si trova prima delle 22 carte che sono state scartate.,0,gemma,video_audio,0,0,1,correct,
video098_spaziale_02,video098,video098.mp4,video098_spaziale,2,spaziale,Dove si trova il jack di picche?,Il jack di picche si trova nel mazzo.,Il jack di picche si trova sul tavolo.,Il jack di picche si trova nel mazzo.,Il jack di picche si trova sul tavolo.,0,gemma,video_audio,1,1,0,wrong,
video098_spaziale_03,video098,video098.mp4,video098_spaziale,3,spaziale,Dove si trova il jack di picche?,Il jack di picche si trova all'interno del mazzo di carte.,Il jack di picche si trova al di fuori del mazzo di carte.,Il jack di picche si trova all'interno del mazzo di carte.,Il jack di picche si trova al di fuori del mazzo di carte.,0,gemma,video_audio,1,1,0,wrong,
video098_spaziale_04,video098,video098.mp4,video098_spaziale,4,spaziale,Dove si trova il jack di picche?,Il jack di picche si trova nel mazzo di carte.,Il jack di picche si trova sul tavolo.,Il jack di picche si trova nel mazzo di carte.,Il jack di picche si trova sul tavolo.,0,gemma,video_audio,1,1,0,wrong,
video098_temporale_01,video098,video098.mp4,video098_temporale,1,temporale,Dopo quante carte viene estratta la carta corretta?,La carta corretta viene estratta dopo 22 carte.,La carta corretta viene estratta prima di 22 carte.,La carta corretta viene estratta dopo 22 carte.,La carta corretta viene estratta prima di 22 carte.,0,gemma,video_audio,0,0,1,correct,
video098_temporale_02,video098,video098.mp4,video098_temporale,2,temporale,Dopo quante carte viene estratta la carta corretta?,La carta corretta viene estratta dopo 22 carte.,La carta corretta viene estratta prima di 22 carte.,La carta corretta viene estratta prima di 22 carte.,La carta corretta viene estratta dopo 22 carte.,1,gemma,video_audio,0,0,0,wrong,
video098_temporale_03,video098,video098.mp4,video098_temporale,3,temporale,Dopo quante carte viene estratta la carta corretta?,La carta corretta viene estratta alla posizione numero ventidue.,La carta corretta viene estratta alla posizione numero dieci.,La carta corretta viene estratta alla posizione numero dieci.,La carta corretta viene estratta alla posizione numero ventidue.,1,gemma,video_audio,1,1,1,correct,
video098_temporale_04,video098,video098.mp4,video098_temporale,4,temporale,Dopo quante carte viene estratta la carta corretta?,La carta corretta viene estratta alla ventiduesima.,La carta corretta viene estratta alla quindicesima.,La carta corretta viene estratta alla ventiduesima.,La carta corretta viene estratta alla quindicesima.,0,gemma,video_audio,0,0,1,correct,
video099_causale_01,video099,video099.mp4,video099_causale,1,causale,Perché la leccia non entra nel guadino?,La leccia non entra nel guadino perché è più grande di esso.,La leccia non entra nel guadino perché si è rotta la rete.,La leccia non entra nel guadino perché è più grande di esso.,La leccia non entra nel guadino perché si è rotta la rete.,0,gemma,video_audio,0,0,1,correct,
video099_causale_02,video099,video099.mp4,video099_causale,2,causale,Perché la leccia non entra nel guadino?,La leccia non entra nel guadino perché è grande.,La leccia non entra nel guadino perché si è rotta la rete.,La leccia non entra nel guadino perché è grande.,La leccia non entra nel guadino perché si è rotta la rete.,0,gemma,video_audio,0,0,1,correct,
video099_causale_03,video099,video099.mp4,video099_causale,3,causale,Perché la leccia non entra nel guadino?,"La leccia non entra nel guadino perché, secondo i pescatori, il pesce è di dimensioni molto grandi.","La leccia non entra nel guadino perché, secondo i pescatori, il pesce è troppo veloce.","La leccia non entra nel guadino perché, secondo i pescatori, il pesce è di dimensioni molto grandi.","La leccia non entra nel guadino perché, secondo i pescatori, il pesce è troppo veloce.",0,gemma,video_audio,0,0,1,correct,
video099_causale_04,video099,video099.mp4,video099_causale,4,causale,Perché la leccia non entra nel guadino?,"La leccia non entra nel guadino perché, secondo i pescatori, è molto grande.","La leccia non entra nel guadino perché, secondo i pescatori, il guadino è rotto.","La leccia non entra nel guadino perché, secondo i pescatori, è molto grande.","La leccia non entra nel guadino perché, secondo i pescatori, il guadino è rotto.",0,gemma,video_audio,0,0,1,correct,
video099_spaziale_01,video099,video099.mp4,video099_spaziale,1,spaziale,Dove si trova la leccia?,La leccia si trova in acqua.,La leccia si trova sulla spiaggia.,La leccia si trova in acqua.,La leccia si trova sulla spiaggia.,0,gemma,video_audio,0,0,1,correct,
video099_spaziale_02,video099,video099.mp4,video099_spaziale,2,spaziale,Dove si trova la leccia?,La leccia si trova in mare.,La leccia si trova in un lago.,La leccia si trova in un lago.,La leccia si trova in mare.,1,gemma,video_audio,1,1,1,correct,
video099_spaziale_03,video099,video099.mp4,video099_spaziale,3,spaziale,Dove si trova la leccia?,"La leccia si trova in mare, agganciata alla lenza collegata alla canna da pesca.","La leccia si trova in un lago, agganciata alla lenza collegata alla canna da pesca.","La leccia si trova in un lago, agganciata alla lenza collegata alla canna da pesca.","La leccia si trova in mare, agganciata alla lenza collegata alla canna da pesca.",1,gemma,video_audio,1,1,1,correct,
video099_spaziale_04,video099,video099.mp4,video099_spaziale,4,spaziale,Dove si trova la leccia?,La leccia si trova appesa alla canna da pesca.,La leccia si trova sdraiata sulla spiaggia.,La leccia si trova appesa alla canna da pesca.,La leccia si trova sdraiata sulla spiaggia.,0,gemma,video_audio,0,0,1,correct,
video099_temporale_01,video099,video099.mp4,video099_temporale,1,temporale,Il pescatore capisce che la leccia è grossa prima o dopo averla pescata?,Il pescatore capisce che la leccia è grossa dopo averla pescata.,Il pescatore capisce che la leccia è grossa prima di pescarla.,Il pescatore capisce che la leccia è grossa dopo averla pescata.,Il pescatore capisce che la leccia è grossa prima di pescarla.,0,gemma,video_audio,0,0,1,correct,
video099_temporale_02,video099,video099.mp4,video099_temporale,2,temporale,Il pescatore capisce che la leccia è grossa prima o dopo averla pescata?,Il pescatore capisce che la leccia è grossa dopo che ha abboccato.,Il pescatore capisce che la leccia è grossa prima che abbocchi.,Il pescatore capisce che la leccia è grossa dopo che ha abboccato.,Il pescatore capisce che la leccia è grossa prima che abbocchi.,0,gemma,video_audio,0,0,1,correct,
video099_temporale_03,video099,video099.mp4,video099_temporale,3,temporale,Il pescatore capisce che la leccia è grossa prima o dopo averla pescata?,"Prima di pescare la leccia, la tensione della canna si nota e subito si capisce che il pesce ha abboccato.","Dopo che la leccia è stata pescata, la tensione della canna si nota e subito si capisce che il pesce ha abboccato.","Prima di pescare la leccia, la tensione della canna si nota e subito si capisce che il pesce ha abboccato.","Dopo che la leccia è stata pescata, la tensione della canna si nota e subito si capisce che il pesce ha abboccato.",0,gemma,video_audio,0,0,1,correct,
video099_temporale_04,video099,video099.mp4,video099_temporale,4,temporale,Il pescatore capisce che la leccia è grossa prima o dopo averla pescata?,Il pescatore capisce che la leccia è grossa dalla tensione della canna prima di pescarla.,"Dopo aver pescato la leccia, il pescatore capisce che è grossa dalla tensione della canna.",Il pescatore capisce che la leccia è grossa dalla tensione della canna prima di pescarla.,"Dopo aver pescato la leccia, il pescatore capisce che è grossa dalla tensione della canna.",0,gemma,video_audio,1,1,0,wrong,
video100_causale_01,video100,video100.mp4,video100_causale,1,causale,Perché la mamma dice alla bambina che da grande farà l'artistico?,La mamma dice alla bambina che da grande farà l'artistico perché ironicamente ha disegnato un escremento rappresentante la sorella e il proprio ritratto non è eccelso.,La mamma dice alla bambina che da grande farà l'artistico perché ha disegnato un bellissimo ritratto di famiglia.,La mamma dice alla bambina che da grande farà l'artistico perché ha disegnato un bellissimo ritratto di famiglia.,La mamma dice alla bambina che da grande farà l'artistico perché ironicamente ha disegnato un escremento rappresentante la sorella e il proprio ritratto non è eccelso.,1,gemma,video_audio,1,1,1,correct,
video100_causale_02,video100,video100.mp4,video100_causale,2,causale,Perché la mamma dice alla bambina che da grande farà l'artistico?,La mamma dice alla bambina che da grande farà l'artistico perché è brava.,La mamma dice alla bambina che da grande farà l'artistico perché non è brava.,La mamma dice alla bambina che da grande farà l'artistico perché è brava.,La mamma dice alla bambina che da grande farà l'artistico perché non è brava.,0,gemma,video_audio,0,0,1,correct,
video100_causale_03,video100,video100.mp4,video100_causale,3,causale,Perché la mamma dice alla bambina che da grande farà l'artistico?,La mamma dice alla bambina che da grande farà l'artistico perché si ironizza sulla sua bravura e sui disegni che realizza.,La mamma dice alla bambina che da grande farà l'artistico perché si lodano la sua bravura e i disegni che realizza.,La mamma dice alla bambina che da grande farà l'artistico perché si ironizza sulla sua bravura e sui disegni che realizza.,La mamma dice alla bambina che da grande farà l'artistico perché si lodano la sua bravura e i disegni che realizza.,0,gemma,video_audio,1,1,0,wrong,
video100_causale_04,video100,video100.mp4,video100_causale,4,causale,Perché la mamma dice alla bambina che da grande farà l'artistico?,La mamma ironizza sui disegni che la bambina crea.,La mamma si arrabbia per i disegni che la bambina crea.,La mamma si arrabbia per i disegni che la bambina crea.,La mamma ironizza sui disegni che la bambina crea.,1,gemma,video_audio,1,1,1,correct,
video100_spaziale_01,video100,video100.mp4,video100_spaziale,1,spaziale,Dove si trova il cartello con le istruzioni per entrare?,Il cartello con le istruzioni per entrare è appeso alla porta di camera.,Il cartello con le istruzioni per entrare è appeso al muro del corridoio.,Il cartello con le istruzioni per entrare è appeso alla porta di camera.,Il cartello con le istruzioni per entrare è appeso al muro del corridoio.,0,gemma,video_audio,1,1,0,wrong,
video100_spaziale_02,video100,video100.mp4,video100_spaziale,2,spaziale,Dove si trova il cartello con le istruzioni per entrare?,Il cartello con le istruzioni per entrare si trova sulla porta.,Il cartello con le istruzioni per entrare si trova sul tavolo.,Il cartello con le istruzioni per entrare si trova sulla porta.,Il cartello con le istruzioni per entrare si trova sul tavolo.,0,gemma,video_audio,1,1,0,wrong,
video100_spaziale_03,video100,video100.mp4,video100_spaziale,3,spaziale,Dove si trova il cartello con le istruzioni per entrare?,Il cartello con le istruzioni è appeso alla porta d'ingresso della cameretta della bambina.,Il cartello con le istruzioni è appeso alla porta dell'ufficio.,Il cartello con le istruzioni è appeso alla porta dell'ufficio.,Il cartello con le istruzioni è appeso alla porta d'ingresso della cameretta della bambina.,1,gemma,video_audio,1,1,1,correct,
video100_spaziale_04,video100,video100.mp4,video100_spaziale,4,spaziale,Dove si trova il cartello con le istruzioni per entrare?,Il cartello con le istruzioni per entrare è appeso sulla porta d'ingresso della cameretta della bambina.,Il cartello con le istruzioni per entrare è appeso sulla parete del corridoio della cameretta della bambina.,Il cartello con le istruzioni per entrare è appeso sulla parete del corridoio della cameretta della bambina.,Il cartello con le istruzioni per entrare è appeso sulla porta d'ingresso della cameretta della bambina.,1,gemma,video_audio,1,1,1,correct,
video100_temporale_01,video100,video100.mp4,video100_temporale,1,temporale,Cosa mostra prima la bambina: il disegno che ritrae lei o quello che ritrae Vanessa?,Prima la bambina mostra il disegno che ritrae lei.,Dopo la bambina mostra il disegno che ritrae lei.,Dopo la bambina mostra il disegno che ritrae lei.,Prima la bambina mostra il disegno che ritrae lei.,1,gemma,video_audio,1,1,1,correct,
video100_temporale_02,video100,video100.mp4,video100_temporale,2,temporale,Cosa mostra prima la bambina: il disegno che ritrae lei o quello che ritrae Vanessa?,La bambina mostra prima il disegno che ritrae lei.,La bambina mostra dopo il disegno che ritrae lei.,La bambina mostra prima il disegno che ritrae lei.,La bambina mostra dopo il disegno che ritrae lei.,0,gemma,video_audio,1,1,0,wrong,
video100_temporale_03,video100,video100.mp4,video100_temporale,3,temporale,Cosa mostra prima la bambina: il disegno che ritrae lei o quello che ritrae Vanessa?,Nel video viene mostrato per primo il suo autoritratto.,Nel video viene mostrato per ultimo il suo autoritratto.,Nel video viene mostrato per primo il suo autoritratto.,Nel video viene mostrato per ultimo il suo autoritratto.,0,gemma,video_audio,1,1,0,wrong,
video100_temporale_04,video100,video100.mp4,video100_temporale,4,temporale,Cosa mostra prima la bambina: il disegno che ritrae lei o quello che ritrae Vanessa?,La bambina mostra prima il suo autoritratto.,La bambina mostra dopo il suo autoritratto.,La bambina mostra dopo il suo autoritratto.,La bambina mostra prima il suo autoritratto.,1,gemma,video_audio,0,0,0,wrong,
