id_video,id_traccia,nome_classe,prima_comparsa,ultima_comparsa,durata_traccia,numero_osservazioni,confidenza_media
video001,1,person,0.0,14.0,14.0,43,0.89
video001,2,clock,0.0,17.5,17.5,57,0.5171
video001,3,remote,0.0,0.0,0.0,1,0.3221
video001,5,person,0.75,20.25,19.5,79,0.9069
video001,7,refrigerator,1.0,6.75,5.75,10,0.4651
video001,11,person,2.0,2.75,0.75,4,0.3627
video001,13,tie,2.5,2.75,0.25,2,0.7591
video001,29,tie,6.75,13.0,6.25,26,0.5705
video001,30,tie,6.75,9.5,2.75,11,0.5549
video001,56,person,17.5,29.75,12.25,19,0.7707
video001,58,book,17.5,17.75,0.25,2,0.4114
video001,64,bottle,18.75,19.0,0.25,2,0.3666
video001,66,person,19.5,29.75,10.25,42,0.9179
video001,73,book,21.25,23.75,2.5,10,0.3855
video001,80,person,24.25,29.75,5.5,15,0.8588
video001,81,clock,24.25,29.5,5.25,13,0.4068
video001,82,tie,24.25,25.5,1.25,6,0.4828
video001,83,book,24.25,29.0,4.75,11,0.3887
video001,89,book,25.75,26.25,0.5,3,0.3306
video001,94,book,27.25,28.25,1.0,5,0.396
video001,104,tie,28.75,29.75,1.0,5,0.5429
video001,105,tie,28.75,29.25,0.5,3,0.3124
video002,1,person,0.0,38.75,38.75,155,0.9099
video002,2,person,0.0,34.5,34.5,137,0.8827
video002,3,tie,0.0,12.25,12.25,18,0.6085
video002,14,tie,4.25,7.5,3.25,6,0.6889
video002,16,tie,6.0,6.25,0.25,2,0.7116
video002,20,cell phone,7.25,7.25,0.0,1,0.7878
video002,23,cell phone,8.25,9.25,1.0,5,0.769
video002,26,potted plant,8.75,10.25,1.5,7,0.4628
video002,41,tie,12.75,22.75,10.0,31,0.6364
video002,52,tie,19.25,28.0,8.75,16,0.5987
video002,54,cell phone,19.75,19.75,0.0,1,0.3976
video002,62,cell phone,23.75,29.75,6.0,2,0.727
video002,63,person,23.75,32.75,9.0,37,0.8371
video002,73,potted plant,26.0,26.25,0.25,2,0.4755
video002,75,tie,26.25,34.0,7.75,5,0.6127
video002,79,handbag,27.0,28.75,1.75,6,0.4618
video002,84,potted plant,27.75,28.0,0.25,2,0.4199
video002,92,handbag,29.25,30.25,1.0,5,0.4108
video002,93,tie,29.25,29.5,0.25,2,0.5116
video002,98,potted plant,30.25,30.75,0.5,3,0.4925
video002,105,handbag,31.5,32.75,1.25,6,0.6356
video002,106,potted plant,31.5,38.75,7.25,11,0.6662
video002,138,potted plant,37.0,37.25,0.25,2,0.8036
video002,141,person,37.25,37.75,0.5,3,0.7968
video002,142,person,37.25,37.75,0.5,3,0.6819
video003,1,person,0.0,2.25,2.25,8,0.8164
video003,2,person,0.0,20.0,20.0,35,0.6872
video003,3,person,0.0,3.75,3.75,9,0.6634
video003,4,person,0.0,10.25,10.25,24,0.5963
video003,5,tie,0.0,1.25,1.25,6,0.2864
video003,6,chair,0.0,2.75,2.75,10,0.6185
video003,9,person,2.0,4.0,2.0,9,0.8173
video003,20,car,5.0,5.5,0.5,3,0.8757
video003,21,person,5.0,5.5,0.5,3,0.6908
video003,22,person,5.0,5.5,0.5,3,0.6478
video003,23,person,5.0,5.5,0.5,3,0.6498
video003,26,person,5.25,5.5,0.25,2,0.3526
video003,28,car,9.0,10.25,1.25,6,0.4204
video003,31,car,18.25,36.75,18.5,75,0.8002
video003,32,person,18.25,36.75,18.5,74,0.899
video003,35,potted plant,18.25,19.25,1.0,4,0.3597
video003,39,person,18.75,35.0,16.25,66,0.8984
video003,43,car,19.0,23.0,4.0,16,0.6608
video003,45,car,19.25,19.5,0.25,2,0.846
video003,56,bus,19.75,20.25,0.5,2,0.4691
video003,64,bus,20.25,24.5,4.25,16,0.581
video003,65,person,20.5,20.5,0.0,1,0.741
video003,67,refrigerator,20.5,24.5,4.0,10,0.4783
video003,77,person,21.75,22.25,0.5,2,0.6394
video003,83,person,22.75,26.25,3.5,5,0.7862
video003,84,person,22.75,22.75,0.0,1,0.7072
video003,87,person,23.0,23.5,0.5,2,0.7336
video003,90,person,23.5,23.5,0.0,1,0.7715
video003,92,car,23.75,34.0,10.25,42,0.6002
video003,95,car,24.5,25.0,0.5,3,0.6896
video003,96,person,24.75,25.25,0.5,3,0.5439
video003,104,refrigerator,26.5,29.75,3.25,12,0.5921
video003,105,car,26.5,29.5,3.0,5,0.6581
video003,107,car,26.75,27.5,0.75,4,0.5908
video003,115,car,31.5,34.25,2.75,3,0.4288
video003,117,car,32.75,32.75,0.0,1,0.6275
video003,134,potted plant,36.25,36.25,0.0,1,0.3402
video003,135,bottle,36.5,36.5,0.0,1,0.477
video004,1,dog,0.0,19.0,19.0,71,0.8152
video004,12,person,5.5,6.25,0.75,4,0.8261
video004,15,person,7.5,7.5,0.0,1,0.5848
video004,24,person,17.0,17.25,0.25,2,0.4128
video004,26,person,20.0,20.25,0.25,2,0.5525
video005,1,person,0.0,11.75,11.75,48,0.507
video005,2,remote,0.0,0.0,0.0,1,0.3411
video005,7,dog,2.25,29.25,27.0,64,0.5322
video005,9,dog,3.75,3.75,0.0,1,0.3563
video005,13,person,10.25,11.75,1.5,7,0.384
video005,16,person,13.5,27.75,14.25,28,0.4228
video005,17,cat,13.75,15.0,1.25,5,0.4007
video005,29,person,18.5,20.75,2.25,6,0.3965
video005,30,person,19.75,21.25,1.5,7,0.4639
video005,39,person,26.25,27.0,0.75,4,0.4542
video005,47,oven,28.25,29.25,1.0,5,0.375
video005,49,person,29.0,29.0,0.0,1,0.3211
video006,1,person,0.0,19.75,19.75,59,0.8716
video006,2,suitcase,0.0,0.0,0.0,1,0.3346
video006,8,person,1.5,1.75,0.25,2,0.5695
video006,14,microwave,3.25,10.5,7.25,30,0.4684
video006,18,person,13.0,15.25,2.25,10,0.903
video006,26,suitcase,17.75,29.75,12.0,47,0.8512
video006,28,person,18.25,18.25,0.0,1,0.4265
video006,29,person,18.5,18.5,0.0,1,0.3866
video006,34,suitcase,19.25,24.25,5.0,21,0.6704
video006,35,tv,20.25,25.0,4.75,20,0.3239
video007,1,person,0.0,6.25,6.25,26,0.8638
video007,2,bed,0.0,4.0,4.0,15,0.6502
video007,3,remote,0.0,0.0,0.0,1,0.7224
video007,4,tv,0.0,0.25,0.25,2,0.4494
video007,18,bed,5.0,13.75,8.75,23,0.616
video007,25,chair,6.75,7.5,0.75,4,0.6333
video007,34,remote,8.0,9.5,1.5,7,0.8693
video007,35,person,8.25,10.0,1.75,7,0.5775
video007,37,bed,8.75,13.0,4.25,10,0.5719
video007,40,person,10.0,12.0,2.0,3,0.5055
video008,1,person,0.0,6.5,6.5,27,0.8188
video008,2,person,0.0,46.75,46.75,188,0.844
video008,5,bottle,1.0,14.0,13.0,21,0.3501
video008,7,person,1.5,1.75,0.25,2,0.2999
video008,18,bottle,5.0,6.0,1.0,5,0.3565
video008,26,refrigerator,7.25,44.25,37.0,123,0.7776
video008,50,tie,18.5,21.75,3.25,12,0.393
video008,59,donut,25.75,26.0,0.25,2,0.5345
video008,64,dog,27.5,27.75,0.25,2,0.5034
video008,66,person,28.0,46.5,18.5,75,0.8529
video008,82,bottle,30.0,46.5,16.5,63,0.3918
video008,83,bottle,30.0,46.0,16.0,62,0.4111
video008,84,bottle,30.0,36.25,6.25,13,0.3377
video008,93,person,30.5,33.25,2.75,9,0.6218
video008,112,bottle,31.75,33.25,1.5,7,0.3314
video008,116,person,32.25,36.75,4.5,3,0.3288
video008,118,bottle,32.5,33.25,0.75,4,0.3116
video008,131,dog,35.25,41.5,6.25,16,0.4738
video008,134,bottle,35.5,36.25,0.75,4,0.3476
video008,142,bottle,36.25,36.25,0.0,1,0.3479
video008,145,bottle,36.75,40.25,3.5,9,0.2909
video009,1,person,0.0,34.75,34.75,120,0.9027
video009,2,person,0.0,34.75,34.75,140,0.872
video009,3,tie,1.25,5.5,4.25,18,0.7852
video009,4,person,1.25,34.5,33.25,84,0.5718
video009,6,person,1.75,3.25,1.5,5,0.5411
video009,8,laptop,3.5,5.75,2.25,10,0.4931
video009,10,person,6.25,6.25,0.0,1,0.8042
video009,11,person,6.25,27.5,21.25,86,0.8445
video009,17,clock,8.25,13.5,5.25,15,0.4619
video009,24,potted plant,10.75,10.75,0.0,1,0.4269
video009,25,potted plant,10.75,10.75,0.0,1,0.426
video009,32,person,13.75,14.75,1.0,5,0.7593
video009,35,laptop,17.25,24.0,6.75,4,0.4254
video009,48,cup,20.75,21.0,0.25,2,0.4858
video009,49,person,21.75,24.0,2.25,9,0.3247
video009,51,person,22.0,28.25,6.25,3,0.6584
video009,53,tie,22.25,26.75,4.5,13,0.331
video009,62,person,28.0,28.0,0.0,1,0.4659
video009,63,tie,28.25,30.5,2.25,9,0.5537
video009,75,tie,33.0,33.25,0.25,2,0.5685
video011,1,person,0.0,22.75,22.75,92,0.8639
video011,3,cup,2.5,19.0,16.5,21,0.5358
video011,7,person,7.25,22.75,15.5,63,0.8536
video011,13,cell phone,14.5,17.25,2.75,12,0.7122
video011,28,person,22.75,22.75,0.0,1,0.4811
video012,1,toothbrush,0.0,0.25,0.25,2,0.6692
video012,2,person,0.5,0.75,0.25,2,0.8543
video012,3,person,1.75,28.25,26.5,80,0.5747
video012,9,person,5.25,7.25,2.0,9,0.7892
video012,10,cell phone,5.5,6.5,1.0,5,0.6109
video012,15,person,10.25,10.25,0.0,1,0.736
video012,18,toothbrush,11.75,12.25,0.5,3,0.3976
video012,31,keyboard,16.75,26.75,10.0,23,0.58
video012,33,person,17.25,25.75,8.5,14,0.7703
video012,40,person,21.0,21.25,0.25,2,0.6179
video012,46,person,26.5,27.0,0.5,2,0.5927
video012,48,person,27.5,28.25,0.75,4,0.6964
video013,1,person,0.0,8.5,8.5,8,0.6075
video013,3,spoon,0.5,2.5,2.0,7,0.4409
video013,5,cake,0.5,29.25,28.75,55,0.4573
video013,13,person,3.0,9.25,6.25,16,0.7498
video013,14,fork,3.0,11.25,8.25,27,0.6032
video013,16,bowl,3.0,26.5,23.5,60,0.7309
video013,17,orange,3.0,8.25,5.25,21,0.3989
video013,18,orange,3.0,8.5,5.5,18,0.3768
video013,19,orange,3.0,8.5,5.5,19,0.3417
video013,21,person,4.0,9.25,5.25,19,0.513
video013,27,cup,5.5,8.25,2.75,9,0.7067
video013,28,wine glass,5.5,6.0,0.5,2,0.4407
video013,30,person,6.0,6.75,0.75,2,0.5945
video013,33,person,7.0,9.25,2.25,6,0.3396
video013,34,person,7.25,8.25,1.0,5,0.5692
video013,38,person,9.0,9.0,0.0,1,0.7464
video013,41,orange,9.75,9.75,0.0,1,0.4055
video013,47,person,11.5,11.75,0.25,2,0.4558
video013,50,person,13.25,13.5,0.25,2,0.3313
video013,54,bowl,18.0,32.75,14.75,39,0.4597
video013,55,cup,19.5,20.5,1.0,5,0.3089
video013,57,person,20.75,35.0,14.25,33,0.6417
video013,59,person,21.25,22.0,0.75,4,0.5141
video013,60,cup,21.25,22.5,1.25,6,0.3979
video013,63,person,23.5,24.5,1.0,3,0.4287
video013,64,cup,23.75,23.75,0.0,1,0.3849
video013,89,dining table,33.25,35.0,1.75,8,0.5036
video014,1,person,0.0,27.25,27.25,85,0.6403
video015,1,person,0.0,0.75,0.75,4,0.809
video015,2,person,0.0,0.0,0.0,1,0.5929
video015,3,person,0.0,8.0,8.0,13,0.6153
video015,7,person,1.25,11.25,10.0,30,0.8385
video015,39,person,7.25,7.75,0.5,3,0.5954
video015,51,person,8.5,9.0,0.5,3,0.7891
video015,53,person,8.75,10.5,1.75,8,0.7688
video015,55,person,8.75,8.75,0.0,1,0.5245
video015,57,person,9.25,12.75,3.5,8,0.6693
video015,66,suitcase,10.0,10.25,0.25,2,0.6129
video015,70,chair,10.0,11.0,1.0,5,0.4584
video015,84,person,11.5,24.25,12.75,17,0.7549
video015,99,snowboard,13.0,16.5,3.5,2,0.42
video015,103,person,13.75,18.0,4.25,11,0.6722
video015,104,person,13.75,25.25,11.5,31,0.7124
video015,106,chair,13.75,14.25,0.5,3,0.4522
video015,126,person,16.75,23.5,6.75,5,0.7688
video015,134,person,18.5,18.75,0.25,2,0.3973
video015,146,person,19.75,21.75,2.0,7,0.6479
video015,152,person,20.5,21.75,1.25,4,0.4738
video015,155,person,20.5,28.5,8.0,21,0.7349
video015,164,person,21.5,22.25,0.75,3,0.5966
video015,168,person,21.5,22.25,0.75,4,0.6598
video015,193,person,23.5,23.5,0.0,1,0.4969
video015,203,person,24.5,27.0,2.5,11,0.8378
video015,218,person,26.75,28.5,1.75,8,0.8996
video015,219,person,27.75,28.25,0.5,3,0.7924
video016,1,person,0.0,29.0,29.0,111,0.8991
video016,2,bowl,0.0,10.5,10.5,43,0.8379
video016,3,bowl,0.0,10.5,10.5,43,0.7787
video016,4,refrigerator,0.0,4.0,4.0,10,0.5107
video016,5,bottle,0.0,1.0,1.0,5,0.4255
video016,6,bottle,0.0,4.75,4.75,18,0.4758
video016,7,banana,0.0,0.0,0.0,1,0.33
video016,8,microwave,0.0,0.0,0.0,1,0.2881
video016,14,oven,1.5,1.5,0.0,1,0.3676
video016,16,cake,2.0,2.25,0.25,2,0.348
video016,19,bottle,2.5,2.75,0.25,2,0.3096
video016,20,microwave,2.5,3.5,1.0,5,0.3083
video016,21,oven,2.5,2.75,0.25,2,0.3551
video016,28,dining table,4.5,28.5,24.0,40,0.3497
video016,32,spoon,5.25,10.5,5.25,20,0.4836
video016,35,oven,5.5,8.0,2.5,7,0.5017
video016,37,bowl,6.25,7.25,1.0,4,0.3555
video016,44,bowl,6.75,9.25,2.5,9,0.3448
video016,51,refrigerator,7.5,14.25,6.75,9,0.594
video016,53,bowl,8.0,29.0,21.0,58,0.8336
video016,65,oven,9.5,10.25,0.75,3,0.5293
video016,84,bowl,12.5,14.25,1.75,8,0.881
video016,85,bowl,12.5,14.25,1.75,8,0.8424
video016,86,refrigerator,12.5,29.0,16.5,67,0.8119
video016,98,dining table,14.75,16.5,1.75,6,0.3239
video016,113,bowl,16.75,17.25,0.5,3,0.4677
video016,119,bottle,18.0,18.5,0.5,3,0.6092
video016,124,oven,18.5,23.25,4.75,16,0.4701
video016,133,refrigerator,19.25,29.0,9.75,40,0.6379
video016,134,bottle,19.25,27.0,7.75,31,0.6218
video016,139,cup,20.0,22.75,2.75,10,0.4432
video016,142,bottle,20.25,29.0,8.75,33,0.5559
video016,144,bottle,20.25,22.75,2.5,10,0.4422
video016,150,clock,22.0,27.0,5.0,14,0.3451
video016,152,bottle,22.5,29.0,6.5,10,0.6125
video016,156,bowl,23.5,23.5,0.0,1,0.3582
video016,164,cup,24.5,29.0,4.5,14,0.3904
video016,167,oven,24.75,29.0,4.25,18,0.4281
video016,168,bottle,25.0,27.0,2.0,7,0.3544
video016,175,bottle,26.75,29.0,2.25,9,0.6152
video016,184,bottle,28.5,29.0,0.5,3,0.3757
video016,189,microwave,29.0,29.0,0.0,1,0.5131
video017,1,person,0.0,17.0,17.0,50,0.7975
video017,2,person,0.0,2.75,2.75,2,0.7511
video017,42,person,6.0,11.25,5.25,11,0.8002
video017,47,person,8.0,15.25,7.25,21,0.7951
video017,53,umbrella,9.75,9.75,0.0,1,0.3549
video017,56,cup,9.75,26.25,16.5,18,0.5211
video017,67,surfboard,10.5,10.5,0.0,1,0.6554
video017,77,person,11.25,11.25,0.0,1,0.7686
video017,81,person,11.75,32.75,21.0,50,0.8104
video017,82,person,11.75,34.25,22.5,58,0.8331
video017,83,person,11.75,17.75,6.0,22,0.6588
video017,84,person,12.25,14.0,1.75,6,0.5505
video017,85,kite,12.75,12.75,0.0,1,0.3346
video017,93,person,16.75,17.25,0.5,3,0.7101
video017,98,handbag,17.25,27.75,10.5,5,0.4677
video017,103,apple,17.75,17.75,0.0,1,0.377
video017,104,person,18.25,19.25,1.0,5,0.6521
video017,105,person,18.25,19.25,1.0,5,0.7696
video017,108,cup,18.25,19.0,0.75,3,0.391
video017,109,person,18.5,28.0,9.5,6,0.4754
video017,110,vase,18.75,19.25,0.5,3,0.3494
video017,111,bottle,18.75,19.0,0.25,2,0.3614
video017,115,person,19.75,34.75,15.0,26,0.7995
video017,116,person,22.0,22.5,0.5,2,0.5667
video017,117,person,22.5,23.75,1.25,6,0.542
video017,128,person,32.75,34.75,2.0,8,0.5471
video017,135,person,34.0,34.25,0.25,2,0.3757
video017,137,person,34.25,34.25,0.0,1,0.3415
video018,1,person,0.5,6.5,6.0,25,0.8848
video018,2,chair,0.5,2.75,2.25,10,0.7815
video018,3,person,0.75,3.5,2.75,12,0.8173
video018,17,chair,7.0,8.75,1.75,8,0.7017
video018,18,person,7.0,29.5,22.5,77,0.6358
video018,19,chair,7.0,29.75,22.75,82,0.7965
video018,20,person,7.0,12.0,5.0,20,0.7244
video018,21,chair,7.0,7.25,0.25,2,0.3189
video018,26,person,8.0,9.25,1.25,6,0.4032
video018,32,person,9.5,9.5,0.0,1,0.3829
video018,46,person,11.75,14.75,3.0,7,0.2978
video018,49,person,12.5,13.0,0.5,3,0.3562
video018,52,chair,12.75,14.75,2.0,7,0.3574
video018,59,potted plant,14.5,14.75,0.25,2,0.3626
video019,1,car,0.0,1.5,1.5,7,0.5861
video019,2,car,0.0,0.25,0.25,2,0.3294
video019,10,person,2.0,23.25,21.25,83,0.7369
video019,11,person,2.0,23.75,21.75,87,0.8183
video019,12,couch,2.0,7.5,5.5,22,0.5408
video019,13,cup,2.0,4.25,2.25,10,0.4007
video019,14,bed,2.25,2.25,0.0,1,0.7321
video019,15,bed,3.0,3.0,0.0,1,0.4459
video019,25,person,8.0,8.0,0.0,1,0.5402
video019,27,book,8.0,8.0,0.0,1,0.385
video019,28,book,8.0,8.25,0.25,2,0.3294
video019,29,book,8.0,8.0,0.0,1,0.4663
video019,34,book,9.0,17.75,8.75,34,0.3328
video019,36,couch,9.25,23.75,14.5,42,0.4378
video019,55,tv,21.5,21.5,0.0,1,0.4674
video019,58,couch,22.25,22.75,0.5,3,0.3787
video019,59,tv,23.75,23.75,0.0,1,0.5639
video020,1,person,0.5,17.75,17.25,52,0.8325
video020,8,person,5.5,8.5,3.0,13,0.8462
video020,9,person,5.5,18.0,12.5,44,0.7551
video020,10,person,5.5,9.0,3.5,15,0.8458
video020,11,person,5.5,8.5,3.0,13,0.8288
video020,12,person,5.5,6.0,0.5,3,0.6
video020,16,chair,6.0,6.0,0.0,1,0.3781
video020,23,person,6.75,7.0,0.25,2,0.4618
video020,26,person,7.25,7.25,0.0,1,0.3525
video020,34,dining table,8.25,8.5,0.25,2,0.3666
video020,35,person,8.5,14.75,6.25,7,0.5157
video020,43,person,9.0,10.25,1.25,6,0.5333
video020,48,person,9.25,42.0,32.75,121,0.8875
video020,53,person,10.0,17.75,7.75,31,0.8413
video020,54,person,10.25,10.5,0.25,2,0.462
video020,61,person,13.75,17.75,4.0,16,0.8114
video020,67,person,14.0,15.5,1.5,3,0.5116
video020,71,person,14.0,18.0,4.0,13,0.6654
video020,73,chair,14.25,14.5,0.25,2,0.3599
video020,81,person,15.0,30.0,15.0,25,0.8445
video020,87,person,16.0,17.75,1.75,8,0.6632
video020,89,person,16.5,16.75,0.25,2,0.4679
video020,92,person,16.75,17.5,0.75,3,0.3629
video020,102,person,22.5,25.0,2.5,11,0.8626
video020,103,person,22.5,36.75,14.25,42,0.8354
video020,105,person,24.25,24.25,0.0,1,0.7145
video020,107,person,26.25,26.75,0.5,3,0.8965
video020,112,person,28.0,28.5,0.5,3,0.7512
video020,122,person,38.0,41.75,3.75,11,0.4581
video021,1,person,0.0,29.25,29.25,85,0.9374
video021,2,person,0.0,0.25,0.25,2,0.6632
video021,3,refrigerator,0.0,25.75,25.75,101,0.9167
video021,4,refrigerator,0.0,0.75,0.75,4,0.4311
video021,5,bicycle,0.0,1.0,1.0,5,0.4182
video021,6,book,0.0,0.0,0.0,1,0.254
video021,13,person,3.75,26.0,22.25,33,0.8861
video022,1,person,0.0,5.25,5.25,20,0.859
video022,2,tie,0.0,0.75,0.75,4,0.8534
video022,3,person,0.0,7.75,7.75,22,0.5849
video022,4,tie,1.25,1.75,0.5,3,0.7094
video022,5,person,1.75,11.25,9.5,31,0.8493
video022,6,tie,2.25,9.0,6.75,12,0.7552
video022,7,tie,4.75,7.75,3.0,13,0.8902
video022,14,person,11.0,35.25,24.25,48,0.8212
video022,15,person,13.5,22.75,9.25,29,0.904
video022,16,bowl,13.5,15.5,2.0,5,0.4851
video022,25,person,17.0,17.5,0.5,3,0.8397
video022,30,person,23.5,35.0,11.5,25,0.8894
video022,31,tie,23.5,23.75,0.25,2,0.8915
video022,36,person,25.5,27.25,1.75,3,0.4185
video022,37,tie,26.0,27.75,1.75,4,0.7663
video022,38,tie,26.75,31.0,4.25,8,0.7986
video022,40,person,27.75,33.75,6.0,25,0.8195
video022,45,tie,29.0,29.25,0.25,2,0.6779
video022,46,person,30.5,35.25,4.75,9,0.7162
video022,47,bottle,32.5,33.75,1.25,6,0.5144
video022,52,person,34.25,35.5,1.25,6,0.8721
video022,55,tv,34.75,35.5,0.75,4,0.5294
video023,1,person,0.0,2.0,2.0,5,0.8596
video023,2,boat,0.0,0.75,0.75,4,0.6436
video023,3,person,0.0,0.0,0.0,1,0.3554
video023,4,potted plant,0.0,4.75,4.75,11,0.6393
video023,5,boat,0.0,14.0,14.0,47,0.7913
video023,9,surfboard,0.75,1.25,0.5,3,0.4711
video023,20,person,1.75,2.25,0.5,2,0.7821
video023,41,bed,8.5,19.25,10.75,36,0.6668
video023,48,surfboard,12.5,13.25,0.75,4,0.4853
video023,63,boat,16.75,34.25,17.5,71,0.7765
video023,73,surfboard,20.75,22.5,1.75,8,0.5087
video023,77,surfboard,22.0,25.0,3.0,11,0.5372
video023,87,surfboard,25.0,34.75,9.75,17,0.4425
video023,97,surfboard,28.5,34.5,6.0,3,0.465
video023,105,surfboard,31.75,34.75,3.0,5,0.7093
video024,1,person,0.0,8.5,8.5,29,0.9135
video024,2,person,0.0,10.0,10.0,26,0.4656
video024,3,person,0.0,5.25,5.25,22,0.3934
video024,4,couch,0.0,5.0,5.0,21,0.2888
video024,6,person,6.25,29.0,22.75,86,0.8946
video024,11,cell phone,7.75,8.25,0.5,3,0.5047
video024,24,person,15.75,17.25,1.5,7,0.8393
video024,31,person,19.25,24.0,4.75,17,0.7599
video024,41,person,23.5,29.0,5.5,7,0.8802
video024,49,bed,25.75,25.75,0.0,1,0.7145
video024,52,bed,25.75,26.0,0.25,2,0.4961
video024,61,bed,28.0,28.25,0.25,2,0.4944
video025,1,person,0.0,9.75,9.75,40,0.8938
video025,2,person,0.0,5.0,5.0,21,0.252
video025,24,person,5.5,9.25,3.75,16,0.7695
video025,26,person,6.5,18.0,11.5,17,0.8394
video025,30,person,7.25,8.0,0.75,3,0.6248
video025,46,person,10.25,13.25,3.0,10,0.6527
video025,54,person,12.25,37.25,25.0,98,0.8641
video025,67,dog,14.5,14.5,0.0,1,0.476
video025,72,person,18.75,19.25,0.5,3,0.8111
video025,108,person,21.5,23.25,1.75,8,0.8538
video025,112,person,23.75,23.75,0.0,1,0.6967
video025,140,person,26.5,27.25,0.75,4,0.8095
video025,176,person,28.5,29.25,0.75,3,0.776
video025,193,dog,31.5,31.5,0.0,1,0.4473
video025,195,person,32.0,33.5,1.5,7,0.7428
video025,203,person,35.0,35.25,0.25,2,0.5701
video025,218,person,38.75,42.5,3.75,16,0.8862
video025,253,surfboard,41.5,41.5,0.0,1,0.6746
video026,1,person,0.0,31.75,31.75,118,0.8698
video026,2,person,0.0,19.0,19.0,77,0.7481
video026,3,person,0.0,4.0,4.0,10,0.3529
video026,4,person,0.0,7.0,7.0,7,0.4223
video026,9,airplane,1.5,30.5,29.0,72,0.4961
video026,43,chair,12.75,16.75,4.0,3,0.4283
video026,46,cell phone,13.0,16.75,3.75,2,0.4468
video026,60,person,16.0,31.75,15.75,52,0.6881
video026,72,cell phone,19.0,19.0,0.0,1,0.4612
video026,73,cell phone,19.0,19.0,0.0,1,0.4036
video026,74,cell phone,19.0,19.75,0.75,3,0.4105
video026,79,person,21.0,21.0,0.0,1,0.4941
video026,87,chair,23.0,29.0,6.0,4,0.3724
video026,91,person,23.25,23.25,0.0,1,0.517
video026,112,person,25.25,26.75,1.5,3,0.3227
video026,115,person,25.75,25.75,0.0,1,0.3382
video026,128,airplane,29.0,29.25,0.25,2,0.4167
video027,1,person,0.0,34.75,34.75,128,0.896
video027,2,person,0.0,34.75,34.75,127,0.8698
video027,3,chair,0.0,11.0,11.0,45,0.633
video027,4,potted plant,0.0,1.25,1.25,4,0.3669
video027,5,potted plant,0.0,10.25,10.25,38,0.4104
video027,6,chair,0.0,11.0,11.0,5,0.3949
video027,7,bowl,1.25,7.5,6.25,10,0.2977
video027,11,vase,5.75,7.5,1.75,3,0.389
video027,14,potted plant,6.5,15.0,8.5,18,0.4039
video027,36,dining table,14.0,27.0,13.0,53,0.5698
video027,37,oven,14.0,26.75,12.75,52,0.647
video027,56,potted plant,17.0,18.0,1.0,5,0.3784
video027,65,cup,18.5,25.75,7.25,20,0.3313
video027,75,potted plant,21.25,25.75,4.5,9,0.2859
video027,78,potted plant,21.5,26.5,5.0,19,0.5286
video027,86,chair,22.75,23.5,0.75,3,0.2806
video027,87,chair,23.0,30.25,7.25,17,0.5251
video027,120,potted plant,28.75,30.25,1.5,7,0.4962
video027,121,tie,28.75,28.75,0.0,1,0.4982
video027,123,vase,29.25,30.5,1.25,4,0.4557
video027,127,umbrella,31.0,34.75,3.75,9,0.471
video027,128,person,31.0,32.75,1.75,4,0.6465
video027,130,person,32.75,34.75,2.0,9,0.7608
video027,140,chair,34.75,34.75,0.0,1,0.3287
video027,141,tie,34.75,34.75,0.0,1,0.45
video028,1,person,0.0,18.5,18.5,43,0.8513
video028,2,person,0.0,12.5,12.5,50,0.8742
video028,3,orange,0.0,2.0,2.0,8,0.3749
video028,4,orange,0.0,1.25,1.25,6,0.3971
video028,5,person,0.0,0.0,0.0,1,0.3942
video028,6,person,0.0,0.0,0.0,1,0.366
video028,7,banana,0.0,0.0,0.0,1,0.348
video028,8,orange,0.0,8.25,8.25,3,0.3875
video028,9,banana,0.0,1.0,1.0,5,0.3811
video028,10,orange,0.0,0.0,0.0,1,0.3404
video028,11,person,0.0,0.0,0.0,1,0.2981
video028,45,person,2.75,7.25,4.5,19,0.6679
video028,47,person,2.75,7.25,4.5,17,0.4477
video028,48,person,3.0,3.0,0.0,1,0.8103
video028,49,person,3.0,4.75,1.75,8,0.4698
video028,50,tie,3.0,3.5,0.5,3,0.3854
video028,64,tie,8.5,29.25,20.75,60,0.8245
video028,72,bed,9.75,11.5,1.75,4,0.3475
video028,73,couch,9.75,18.25,8.5,4,0.3553
video028,77,person,12.0,12.25,0.25,2,0.3753
video028,83,banana,15.75,27.75,12.0,25,0.8354
video028,86,person,16.5,17.5,1.0,5,0.658
video028,87,person,16.5,17.5,1.0,5,0.4902
video028,91,person,17.25,17.5,0.25,2,0.5087
video028,103,person,22.0,29.75,7.75,19,0.8392
video028,104,banana,22.0,22.25,0.25,2,0.3958
video028,105,orange,22.0,23.75,1.75,8,0.4928
video028,106,person,22.0,24.0,2.0,8,0.3288
video028,107,person,22.0,24.0,2.0,9,0.3469
video028,115,banana,23.75,23.75,0.0,1,0.4497
video028,139,person,26.0,26.25,0.25,2,0.7181
video028,140,banana,26.0,26.0,0.0,1,0.6166
video028,141,person,26.0,26.5,0.5,3,0.4177
video028,143,orange,26.0,27.5,1.5,7,0.4532
video028,150,person,26.25,27.5,1.25,6,0.3838
video028,156,orange,26.5,27.25,0.75,4,0.3103
video028,170,apple,27.25,27.25,0.0,1,0.3643
video028,181,person,29.5,29.75,0.25,2,0.8686
video029,1,person,0.0,3.0,3.0,13,0.8681
video029,2,person,0.0,3.75,3.75,16,0.8215
video029,3,person,0.0,29.75,29.75,111,0.9121
video029,4,person,0.0,2.0,2.0,9,0.8359
video029,5,person,0.0,15.25,15.25,54,0.863
video029,6,chair,0.0,5.25,5.25,12,0.4009
video029,10,person,1.75,16.75,15.0,57,0.8198
video029,15,person,2.75,14.25,11.5,38,0.4415
video029,22,chair,15.5,16.75,1.25,6,0.4887
video029,23,person,16.5,16.75,0.25,2,0.5134
video029,24,person,17.25,21.75,4.5,15,0.8683
video029,25,remote,17.25,21.75,4.5,15,0.4934
video029,26,microwave,17.25,19.5,2.25,5,0.5153
video029,29,book,25.5,29.25,3.75,15,0.4466
video029,30,book,25.5,28.75,3.25,6,0.4052
video029,31,book,25.5,29.0,3.5,11,0.3275
video029,32,book,25.5,26.5,1.0,5,0.3523
video029,33,book,25.5,25.75,0.25,2,0.3399
video029,34,book,25.5,26.0,0.5,3,0.3427
video029,35,book,25.5,29.25,3.75,7,0.3069
video029,37,book,25.5,26.5,1.0,2,0.3615
video029,49,book,28.0,28.75,0.75,4,0.5795
video029,50,book,28.0,29.25,1.25,5,0.4469
video030,1,person,0.0,25.5,25.5,102,0.8532
video030,2,chair,0.0,0.25,0.25,2,0.3855
video030,3,umbrella,0.0,0.0,0.0,1,0.3958
video030,4,bench,0.0,0.0,0.0,1,0.2758
video030,12,chair,1.5,2.0,0.5,3,0.6743
video030,22,bench,3.5,6.5,3.0,7,0.3702
video030,23,car,4.0,6.0,2.0,7,0.3922
video030,30,person,7.0,7.25,0.25,2,0.4647
video030,33,bench,7.25,7.5,0.25,2,0.5473
video030,39,person,8.5,23.5,15.0,51,0.7724
video030,46,person,10.5,10.5,0.0,1,0.5135
video030,58,frisbee,13.5,15.25,1.75,7,0.7036
video030,60,surfboard,14.25,16.0,1.75,8,0.7349
video030,63,bench,16.5,17.25,0.75,4,0.3674
video030,66,frisbee,17.0,27.25,10.25,16,0.6037
video030,68,frisbee,17.25,19.25,2.0,9,0.6437
video030,76,umbrella,18.25,23.75,5.5,22,0.4591
video030,81,frisbee,20.0,20.25,0.25,2,0.4234
video030,89,frisbee,22.5,23.75,1.25,6,0.6175
video030,105,person,26.0,27.5,1.5,7,0.7722
video030,106,person,26.75,29.75,3.0,13,0.8759
video030,113,frisbee,28.0,29.0,1.0,4,0.5915
video030,114,frisbee,28.25,28.25,0.0,1,0.4705
video030,115,frisbee,29.0,29.0,0.0,1,0.4103
video031,1,person,0.0,0.25,0.25,2,0.7693
video031,2,knife,0.0,0.5,0.5,3,0.635
video031,7,person,1.75,12.5,10.75,44,0.9256
video031,15,tv,11.5,11.5,0.0,1,0.5456
video032,1,person,0.0,8.0,8.0,33,0.835
video032,2,refrigerator,0.0,2.25,2.25,10,0.5911
video032,3,dining table,0.0,22.0,22.0,88,0.7205
video032,4,bowl,0.0,1.5,1.5,6,0.4781
video032,16,book,3.75,20.0,16.25,6,0.3677
video032,18,refrigerator,5.25,17.75,12.5,47,0.8173
video032,42,refrigerator,8.25,16.0,7.75,7,0.6667
video032,55,person,15.0,24.75,9.75,27,0.7992
video032,59,fork,15.75,16.0,0.25,2,0.4701
video032,63,bowl,16.0,16.5,0.5,3,0.5225
video032,92,person,19.0,23.0,4.0,13,0.7445
video032,95,bowl,19.75,20.5,0.75,3,0.3963
video032,96,bench,19.75,24.75,5.0,17,0.6567
video032,120,book,24.25,24.5,0.25,2,0.4822
video033,1,person,0.0,2.0,2.0,8,0.7864
video033,2,person,0.0,12.0,12.0,40,0.8191
video033,5,person,1.25,3.5,2.25,4,0.8011
video033,13,person,3.75,12.75,9.0,35,0.8548
video033,31,person,16.5,17.75,1.25,4,0.7623
video033,32,person,16.75,23.25,6.5,11,0.7221
video033,35,person,18.5,27.5,9.0,8,0.7998
video033,43,person,20.25,30.75,10.5,16,0.74
video033,69,person,25.0,33.25,8.25,18,0.7074
video033,85,person,32.25,32.25,0.0,1,0.7891
video033,90,person,33.25,33.5,0.25,2,0.7103
video033,92,person,33.75,35.5,1.75,5,0.6845
video033,95,person,34.5,34.75,0.25,2,0.664
video033,104,person,35.5,37.25,1.75,7,0.788
video033,107,person,37.0,37.75,0.75,3,0.7154
video033,110,person,37.75,37.75,0.0,1,0.4146
video034,1,person,0.0,8.25,8.25,33,0.8592
video034,2,potted plant,0.0,0.5,0.5,3,0.4344
video034,6,potted plant,1.25,10.25,9.0,23,0.6475
video034,28,sports ball,2.75,8.0,5.25,22,0.8694
video034,29,person,2.75,4.25,1.5,5,0.7353
video034,30,sports ball,3.0,3.5,0.5,3,0.5897
video034,31,sports ball,3.25,3.75,0.5,3,0.4367
video034,33,sports ball,4.0,8.25,4.25,15,0.6628
video034,37,person,4.75,33.25,28.5,106,0.896
video034,62,bicycle,9.25,9.75,0.5,3,0.6029
video034,70,motorcycle,12.0,14.25,2.25,10,0.5232
video034,72,potted plant,12.5,24.0,11.5,42,0.7712
video034,88,motorcycle,16.0,24.0,8.0,33,0.6541
video034,93,sports ball,16.5,18.0,1.5,3,0.5253
video034,114,sports ball,18.75,18.75,0.0,1,0.3609
video034,123,person,20.5,20.5,0.0,1,0.4581
video034,129,sports ball,21.25,21.25,0.0,1,0.6687
video034,135,person,21.75,23.75,2.0,7,0.4363
video034,141,potted plant,23.0,29.0,6.0,24,0.7978
video034,154,bicycle,25.0,25.5,0.5,3,0.7605
video034,159,sports ball,25.75,27.25,1.5,7,0.8693
video034,162,sports ball,26.0,26.75,0.75,4,0.6779
video034,173,person,26.75,29.5,2.75,8,0.7525
video034,177,refrigerator,28.0,28.0,0.0,1,0.3476
video034,181,potted plant,28.75,29.75,1.0,5,0.6188
video034,187,person,29.75,34.75,5.0,21,0.8665
video034,189,potted plant,30.0,31.75,1.75,3,0.3912
video034,190,sports ball,30.25,30.75,0.5,3,0.8333
video034,193,car,30.75,32.25,1.5,7,0.5091
video034,199,sports ball,33.0,34.75,1.75,5,0.6473
video034,200,bicycle,33.25,34.75,1.5,7,0.599
video035,1,person,0.0,20.5,20.5,66,0.5332
video035,2,potted plant,0.0,4.75,4.75,19,0.7647
video035,3,potted plant,0.0,4.75,4.75,19,0.4516
video035,4,potted plant,0.0,4.5,4.5,13,0.3564
video035,5,chair,0.0,3.25,3.25,2,0.3077
video035,6,chair,0.0,0.75,0.75,4,0.2751
video035,25,chair,4.0,4.0,0.0,1,0.3805
video035,30,potted plant,4.5,4.75,0.25,2,0.5059
video035,34,person,7.5,24.0,16.5,56,0.6822
video035,35,person,7.5,32.0,24.5,77,0.7772
video035,44,person,9.25,9.75,0.5,3,0.5096
video035,48,person,10.75,19.0,8.25,31,0.4218
video035,51,handbag,11.25,11.5,0.25,2,0.2928
video035,58,person,16.0,18.75,2.75,6,0.4234
video035,61,person,17.0,20.75,3.75,7,0.389
video035,66,person,18.75,32.0,13.25,26,0.5469
video035,68,person,20.0,24.0,4.0,4,0.6794
video035,71,bottle,21.25,28.75,7.5,31,0.3643
video035,72,bottle,21.25,28.75,7.5,29,0.4358
video035,95,bowl,23.25,26.75,3.5,6,0.2972
video035,103,person,23.75,28.75,5.0,15,0.4038
video035,121,cup,29.5,31.0,1.5,7,0.3495
video035,122,bottle,29.75,32.0,2.25,3,0.3239
video035,126,bottle,30.0,30.0,0.0,1,0.3297
video035,128,person,30.25,30.75,0.5,3,0.8205
video036,1,person,0.0,9.25,9.25,38,0.9317
video036,2,car,3.75,34.75,31.0,84,0.7693
video036,3,car,3.75,16.0,12.25,29,0.7297
video036,4,car,3.75,34.25,30.5,42,0.7343
video036,5,stop sign,3.75,13.75,10.0,12,0.2872
video036,6,car,4.0,15.5,11.5,25,0.5404
video036,9,car,5.0,15.5,10.5,21,0.3575
video036,13,person,10.75,22.5,11.75,23,0.8883
video036,14,car,11.0,11.5,0.5,3,0.336
video036,30,car,14.5,15.75,1.25,6,0.3524
video036,41,car,15.5,15.5,0.0,1,0.3986
video036,46,car,15.75,15.75,0.0,1,0.3469
video036,47,person,18.25,34.75,16.5,53,0.7716
video036,48,car,18.25,34.75,16.5,57,0.4674
video036,49,truck,18.25,26.0,7.75,15,0.7472
video036,50,person,18.5,18.5,0.0,1,0.6176
video036,55,car,20.25,34.75,14.5,51,0.5884
video036,56,car,20.5,20.75,0.25,2,0.7387
video036,75,person,28.0,33.0,5.0,4,0.7089
video036,80,person,28.5,28.5,0.0,1,0.5555
video036,125,car,34.0,34.5,0.5,2,0.7633
video037,1,person,0.0,17.25,17.25,57,0.9017
video037,2,tie,0.0,1.5,1.5,4,0.2934
video037,4,tie,6.5,10.0,3.5,8,0.5946
video037,6,person,8.25,21.25,13.0,47,0.8781
video037,8,person,8.75,23.75,15.0,55,0.8638
video037,18,person,15.0,15.0,0.0,1,0.858
video037,21,person,15.5,30.5,15.0,59,0.8245
video037,24,person,16.25,20.75,4.5,19,0.828
video037,31,suitcase,17.5,30.5,13.0,32,0.7279
video037,33,person,18.0,19.25,1.25,6,0.8363
video037,51,handbag,20.0,20.5,0.5,3,0.5025
video037,52,person,20.0,28.0,8.0,26,0.8457
video037,57,person,20.5,30.5,10.0,22,0.8083
video037,70,handbag,23.0,23.5,0.5,3,0.5812
video037,72,person,23.5,24.5,1.0,4,0.8287
video037,74,person,23.75,30.5,6.75,25,0.7787
video037,84,handbag,24.5,24.75,0.25,2,0.4923
video037,86,person,25.0,30.5,5.5,18,0.79
video037,87,person,26.0,31.25,5.25,21,0.8592
video037,88,person,26.0,30.5,4.5,19,0.7656
video037,90,handbag,26.0,28.0,2.0,8,0.4914
video037,92,person,26.0,32.0,6.0,21,0.8307
video037,95,cup,26.25,28.5,2.25,8,0.5344
video037,110,frisbee,30.25,30.25,0.0,1,0.6597
video038,1,person,0.0,26.75,26.75,108,0.8824
video038,2,person,0.0,7.25,7.25,5,0.6853
video038,3,dog,0.0,27.25,27.25,108,0.731
video038,4,person,0.0,16.0,16.0,52,0.7006
video038,23,dog,11.0,11.0,0.0,1,0.5348
video038,35,dog,20.75,20.75,0.0,1,0.4183
video038,57,dog,30.0,33.0,3.0,13,0.6863
video039,1,person,0.0,29.75,29.75,103,0.8371
video039,2,chair,0.0,8.0,8.0,26,0.5856
video039,3,person,0.0,24.25,24.25,98,0.8788
video039,4,chair,0.0,24.25,24.25,98,0.8027
video039,5,dining table,0.0,29.75,29.75,90,0.7754
video039,6,person,0.0,7.0,7.0,18,0.6243
video039,7,cup,0.0,24.25,24.25,98,0.6962
video039,8,cup,0.0,24.25,24.25,96,0.6296
video039,9,chair,0.0,0.25,0.25,2,0.3841
video039,21,chair,1.75,15.0,13.25,22,0.5082
video039,28,person,2.5,3.5,1.0,5,0.5028
video039,29,chair,2.75,24.25,21.5,50,0.457
video039,33,cell phone,3.25,7.5,4.25,16,0.4483
video039,45,laptop,5.25,24.25,19.0,49,0.6898
video039,56,dining table,6.0,24.25,18.25,41,0.5577
video039,71,person,8.0,13.5,5.5,20,0.6716
video039,72,bottle,8.0,9.25,1.25,3,0.536
video039,73,cell phone,8.0,9.75,1.75,7,0.4632
video039,77,person,8.25,14.25,6.0,6,0.5785
video039,81,chair,8.75,24.25,15.5,38,0.4959
video039,82,person,9.0,24.0,15.0,36,0.5134
video039,84,cell phone,9.25,9.25,0.0,1,0.3966
video039,94,person,10.25,14.75,4.5,3,0.8584
video039,103,wine glass,11.75,23.0,11.25,16,0.3822
video039,108,cup,13.75,24.25,10.5,28,0.3666
video039,111,person,14.0,24.25,10.25,33,0.5633
video039,114,person,14.0,15.25,1.25,5,0.5389
video039,128,laptop,15.5,15.75,0.25,2,0.7793
video039,143,laptop,17.0,22.5,5.5,20,0.4837
video039,144,wine glass,17.25,20.0,2.75,9,0.3909
video039,145,person,17.25,24.25,7.0,22,0.4263
video039,149,chair,17.5,21.75,4.25,18,0.4229
video039,167,laptop,21.25,21.5,0.25,2,0.2959
video039,180,laptop,22.75,24.25,1.5,7,0.458
video039,181,potted plant,23.5,24.0,0.5,2,0.3076
video039,187,bottle,24.25,24.25,0.0,1,0.3666
video039,192,laptop,26.0,27.5,1.5,7,0.6147
video039,194,laptop,26.75,27.25,0.5,3,0.3982
video039,195,cup,28.0,28.5,0.5,3,0.3501
video039,197,dining table,29.0,29.5,0.5,3,0.4593
video039,199,chair,29.5,29.75,0.25,2,0.3531
video040,1,person,0.0,39.75,39.75,141,0.7268
video040,2,donut,0.0,0.0,0.0,1,0.4186
video040,3,donut,0.0,0.0,0.0,1,0.3903
video040,4,donut,0.0,0.0,0.0,1,0.3719
video040,5,donut,0.0,0.0,0.0,1,0.3494
video040,6,donut,0.0,0.0,0.0,1,0.3308
video040,7,donut,0.0,0.0,0.0,1,0.3298
video040,8,donut,0.0,0.0,0.0,1,0.2944
video040,9,donut,0.0,0.0,0.0,1,0.2624
video040,12,person,1.0,6.75,5.75,17,0.4628
video040,13,person,1.0,14.0,13.0,45,0.577
video040,19,cell phone,3.75,3.75,0.0,1,0.4408
video040,24,person,7.5,28.0,20.5,80,0.8204
video040,43,person,27.25,28.0,0.75,4,0.3998
video040,48,person,28.0,35.5,7.5,3,0.6798
video040,53,person,29.5,33.25,3.75,4,0.5074
video040,57,person,30.5,30.5,0.0,1,0.6028
video040,64,bottle,32.0,34.0,2.0,9,0.4411
video040,68,person,33.75,35.5,1.75,7,0.5082
video040,70,person,34.75,35.0,0.25,2,0.87
video040,75,bottle,36.0,36.0,0.0,1,0.3633
video040,76,person,36.0,39.75,3.75,16,0.6602
video041,1,person,0.0,1.0,1.0,5,0.765
video041,2,person,0.0,1.0,1.0,5,0.7547
video041,3,person,0.0,0.75,0.75,4,0.6031
video041,4,person,0.0,1.0,1.0,5,0.7383
video041,5,person,0.0,1.0,1.0,4,0.5222
video041,6,donut,0.5,0.5,0.0,1,0.6107
video041,10,person,1.0,1.0,0.0,1,0.4529
video041,13,person,1.5,6.0,4.5,19,0.6985
video041,14,person,1.5,6.0,4.5,19,0.4611
video041,15,person,1.5,24.75,23.25,37,0.6163
video041,16,person,1.5,22.25,20.75,41,0.5515
video041,17,person,1.5,19.0,17.5,26,0.4477
video041,18,person,1.5,6.0,4.5,19,0.4515
video041,23,person,1.75,2.25,0.5,3,0.356
video041,48,person,3.25,6.0,2.75,12,0.3312
video041,59,person,4.5,6.0,1.5,7,0.5218
video041,97,person,8.75,10.0,1.25,2,0.5456
video041,101,person,9.25,9.25,0.0,1,0.814
video041,114,person,10.25,14.25,4.0,4,0.5244
video041,135,person,11.25,11.75,0.5,3,0.5388
video041,150,person,12.25,13.0,0.75,4,0.5475
video041,154,person,12.5,13.75,1.25,5,0.4318
video041,155,person,12.5,21.75,9.25,16,0.5187
video041,235,person,17.5,20.5,3.0,3,0.5877
video041,268,person,19.5,24.75,5.25,17,0.6702
video041,269,person,19.5,23.75,4.25,17,0.6061
video041,276,person,19.75,24.75,5.0,8,0.6606
video041,279,person,19.75,23.75,4.0,11,0.6416
video041,281,person,20.0,21.5,1.5,6,0.6077
video041,282,person,20.0,20.75,0.75,3,0.7359
video041,315,cell phone,22.0,23.75,1.75,3,0.5987
video041,328,person,22.75,23.25,0.5,2,0.4933
video041,340,person,23.0,24.75,1.75,8,0.6831
video041,351,person,23.5,23.75,0.25,2,0.757
video041,370,person,24.25,24.75,0.5,3,0.7318
video041,371,person,24.25,24.75,0.5,3,0.4357
video041,372,person,24.25,24.5,0.25,2,0.3643
video041,373,person,24.25,24.75,0.5,3,0.4844
video042,1,person,0.0,0.75,0.75,4,0.8443
video042,2,umbrella,0.75,0.75,0.0,1,0.4705
video042,3,person,1.25,11.5,10.25,25,0.8759
video042,4,person,1.25,13.5,12.25,32,0.792
video042,6,person,2.5,10.5,8.0,33,0.8961
video042,16,boat,8.75,10.25,1.5,7,0.4951
video042,20,person,11.25,11.25,0.0,1,0.8041
video042,23,person,12.0,13.5,1.5,7,0.8151
video042,27,person,14.25,21.25,7.0,29,0.8779
video042,28,person,14.25,18.5,4.25,18,0.8606
video042,29,donut,19.0,20.0,1.0,2,0.5955
video042,30,umbrella,19.75,27.0,7.25,11,0.463
video042,37,person,21.25,21.5,0.25,2,0.6573
video042,39,person,21.25,29.75,8.5,35,0.8452
video042,53,donut,24.5,26.75,2.25,8,0.5001
video043,1,person,0.0,17.75,17.75,72,0.8714
video043,2,person,0.0,14.0,14.0,57,0.8671
video043,3,frisbee,0.0,0.0,0.0,1,0.2839
video043,23,baseball glove,2.0,6.0,4.0,2,0.583
video043,33,baseball glove,4.75,4.75,0.0,1,0.4828
video043,46,person,7.25,8.75,1.5,7,0.6888
video043,52,bench,8.0,8.75,0.75,4,0.3821
video043,58,tennis racket,9.25,9.25,0.0,1,0.5334
video043,68,person,10.5,14.0,3.5,15,0.8731
video043,70,tennis racket,14.5,15.25,0.75,2,0.5817
video043,73,tennis racket,14.75,15.25,0.5,3,0.4435
video043,78,bench,15.5,17.75,2.25,10,0.5039
video044,1,person,0.0,6.0,6.0,12,0.823
video044,2,person,0.0,0.5,0.5,3,0.7134
video044,3,person,0.0,13.0,13.0,19,0.7521
video044,4,bus,0.0,0.5,0.5,3,0.4288
video044,5,tv,0.0,20.75,20.75,24,0.676
video044,20,person,6.5,7.5,1.0,5,0.6229
video044,29,person,8.25,19.25,11.0,7,0.6589
video044,34,person,8.75,25.0,16.25,31,0.707
video044,43,teddy bear,11.75,12.0,0.25,2,0.3429
video044,45,teddy bear,11.75,12.0,0.25,2,0.3981
video044,48,person,12.5,22.5,10.0,25,0.5616
video044,49,person,12.5,14.75,2.25,6,0.5571
video044,51,person,12.5,12.75,0.25,2,0.574
video044,80,person,15.25,15.25,0.0,1,0.363
video044,103,person,21.25,22.0,0.75,4,0.3666
video044,113,donut,24.5,25.0,0.5,3,0.5777
video044,114,car,25.5,29.0,3.5,15,0.909
video044,115,person,25.5,26.0,0.5,3,0.5603
video044,132,car,30.75,31.0,0.25,2,0.5394
video045,1,car,0.5,26.0,25.5,58,0.6737
video045,9,person,1.25,10.0,8.75,18,0.6216
video045,24,person,2.5,9.5,7.0,9,0.6593
video045,28,person,3.0,10.25,7.25,6,0.6587
video045,36,person,3.5,6.0,2.5,3,0.6313
video045,77,person,6.0,9.5,3.5,7,0.6386
video045,105,person,7.25,9.25,2.0,8,0.6987
video045,121,person,8.0,8.25,0.25,2,0.428
video045,123,person,8.25,28.25,20.0,10,0.7321
video045,129,person,8.75,9.25,0.5,3,0.5535
video045,131,person,9.0,9.0,0.0,1,0.4165
video045,135,person,9.0,25.0,16.0,8,0.4734
video045,141,person,10.0,10.25,0.25,2,0.4264
video045,143,person,10.25,10.25,0.0,1,0.574
video045,147,orange,11.25,11.25,0.0,1,0.3739
video045,151,person,12.0,13.0,1.0,5,0.4934
video045,169,person,14.0,25.25,11.25,9,0.7753
video045,170,person,14.0,14.5,0.5,2,0.6663
video045,179,person,14.25,14.5,0.25,2,0.6912
video045,191,person,15.0,15.0,0.0,1,0.5791
video045,192,person,15.25,15.25,0.0,1,0.486
video045,197,person,15.5,15.5,0.0,1,0.4709
video045,199,car,15.5,17.25,1.75,3,0.591
video045,227,person,18.5,31.75,13.25,20,0.6903
video045,232,person,18.75,24.75,6.0,6,0.7255
video045,233,car,18.75,18.75,0.0,1,0.5541
video045,242,person,19.25,31.75,12.5,24,0.6753
video045,252,person,20.25,21.25,1.0,3,0.5087
video045,253,person,20.25,20.25,0.0,1,0.4932
video045,261,car,20.75,24.0,3.25,12,0.6179
video045,264,person,21.0,23.0,2.0,6,0.4678
video045,282,person,22.25,22.25,0.0,1,0.515
video045,292,person,22.75,23.25,0.5,3,0.4403
video045,327,person,24.5,25.25,0.75,3,0.5661
video045,334,person,24.5,25.0,0.5,2,0.4814
video045,369,person,26.75,30.5,3.75,7,0.5738
video045,370,car,27.0,31.75,4.75,20,0.7037
video045,387,person,27.5,31.75,4.25,15,0.5999
video045,389,car,27.75,28.25,0.5,3,0.6226
video045,390,person,27.75,28.0,0.25,2,0.5501
video045,402,person,29.0,31.75,2.75,6,0.5729
video045,414,car,29.75,30.0,0.25,2,0.5838
video045,425,person,30.5,30.75,0.25,2,0.5837
video046,1,cell phone,0.0,8.5,8.5,32,0.7737
video046,2,person,0.0,0.0,0.0,1,0.2547
video046,5,laptop,1.0,1.5,0.5,3,0.6401
video046,12,person,2.5,8.0,5.5,9,0.4673
video046,21,person,4.0,33.75,29.75,69,0.7176
video046,27,laptop,6.5,7.75,1.25,6,0.5713
video046,28,mouse,6.75,14.0,7.25,13,0.3934
video046,34,keyboard,7.75,8.0,0.25,2,0.3808
video046,39,cell phone,9.75,10.0,0.25,2,0.3614
video046,41,keyboard,10.25,10.25,0.0,1,0.4466
video046,43,keyboard,13.0,20.25,7.25,7,0.5672
video046,47,keyboard,13.75,16.5,2.75,12,0.7525
video046,55,mouse,14.5,17.0,2.5,7,0.5889
video046,57,tv,14.75,17.0,2.25,9,0.5858
video046,58,tv,14.75,16.75,2.0,5,0.6111
video046,59,person,14.75,15.25,0.5,3,0.5225
video046,60,laptop,15.0,15.25,0.25,2,0.4549
video046,61,tv,15.25,15.75,0.5,3,0.4161
video046,79,laptop,21.0,26.75,5.75,19,0.6836
video046,80,keyboard,21.0,22.5,1.5,5,0.531
video046,86,tv,22.75,29.75,7.0,29,0.8187
video046,87,keyboard,22.75,22.75,0.0,1,0.4195
video046,88,keyboard,22.75,23.0,0.25,2,0.6375
video046,96,keyboard,25.75,26.25,0.5,3,0.5931
video046,102,tv,26.5,27.0,0.5,3,0.5405
video046,108,tv,29.5,33.75,4.25,18,0.7544
video046,111,keyboard,30.5,30.5,0.0,1,0.3701
video046,118,keyboard,33.0,33.75,0.75,4,0.7702
video046,121,keyboard,33.75,33.75,0.0,1,0.3576
video047,1,person,0.0,3.0,3.0,13,0.6973
video047,2,dining table,0.0,2.5,2.5,11,0.5054
video047,3,dining table,0.0,0.5,0.5,3,0.4694
video047,4,book,0.0,1.5,1.5,5,0.3891
video047,5,mouse,0.0,1.0,1.0,5,0.411
video047,14,person,3.0,34.0,31.0,125,0.8608
video047,15,chair,3.25,3.5,0.25,2,0.5506
video047,25,cell phone,4.75,7.75,3.0,9,0.4648
video047,31,chair,7.0,10.75,3.75,6,0.3137
video047,34,cell phone,8.75,16.75,8.0,30,0.3631
video047,36,person,17.25,24.75,7.5,30,0.4115
video047,37,cell phone,19.75,21.25,1.5,4,0.3314
video047,44,remote,22.0,22.75,0.75,4,0.3066
video048,1,person,0.0,4.0,4.0,17,0.7747
video048,2,person,0.0,39.0,39.0,157,0.8734
video048,3,person,0.0,7.5,7.5,29,0.7696
video048,4,person,0.0,11.0,11.0,35,0.7831
video048,5,person,0.0,16.0,16.0,51,0.7022
video048,6,person,0.0,5.25,5.25,8,0.737
video048,7,person,0.0,3.75,3.75,5,0.5599
video048,8,person,0.0,6.5,6.5,12,0.5503
video048,9,person,0.0,3.5,3.5,4,0.3491
video048,10,person,0.0,0.0,0.0,1,0.3395
video048,11,person,0.0,0.75,0.75,3,0.4034
video048,12,person,0.0,7.75,7.75,7,0.6075
video048,17,chair,1.0,2.0,1.0,5,0.5913
video048,27,person,1.5,4.0,2.5,2,0.5524
video048,41,person,2.5,11.0,8.5,21,0.737
video048,49,person,3.0,40.75,37.75,100,0.8003
video048,53,handbag,3.0,7.75,4.75,5,0.6099
video048,79,handbag,4.25,7.5,3.25,12,0.4133
video048,80,chair,4.5,5.25,0.75,3,0.3754
video048,93,laptop,5.5,6.5,1.0,5,0.5049
video048,97,person,6.0,7.0,1.0,5,0.6179
video048,100,chair,6.25,6.25,0.0,1,0.5602
video048,110,book,7.25,7.25,0.0,1,0.4348
video048,123,tie,8.5,9.25,0.75,4,0.5988
video048,124,tie,8.75,9.25,0.5,3,0.4446
video048,125,person,9.75,11.0,1.25,6,0.8481
video048,127,handbag,10.0,10.25,0.25,2,0.3544
video048,133,person,14.25,44.75,30.5,92,0.76
video048,134,tie,14.25,19.25,5.0,9,0.3692
video048,138,tie,16.5,19.0,2.5,3,0.334
video048,143,person,19.75,40.75,21.0,69,0.8197
video048,144,person,19.75,31.25,11.5,45,0.7775
video048,145,person,19.75,31.25,11.5,47,0.8213
video048,146,person,19.75,31.25,11.5,43,0.7035
video048,147,person,19.75,31.25,11.5,44,0.7817
video048,148,person,19.75,44.75,25.0,82,0.7964
video048,149,person,19.75,34.25,14.5,43,0.6031
video048,150,keyboard,19.75,31.25,11.5,47,0.4988
video048,151,chair,19.75,31.25,11.5,22,0.3831
video048,152,handbag,19.75,31.25,11.5,33,0.3185
video048,153,person,20.5,30.25,9.75,13,0.4214
video048,163,person,23.0,23.75,0.75,4,0.5727
video048,165,person,24.25,44.75,20.5,50,0.7337
video048,166,person,24.25,31.25,7.0,26,0.5446
video048,183,person,26.75,28.0,1.25,6,0.6996
video048,188,person,27.0,34.25,7.25,13,0.7809
video048,195,person,29.0,29.0,0.0,1,0.4547
video048,201,laptop,30.0,31.25,1.25,4,0.323
video048,208,person,31.0,31.25,0.25,2,0.4006
video048,215,cake,33.25,34.0,0.75,4,0.3237
video048,217,person,37.5,39.0,1.5,7,0.5673
video049,1,person,0.0,1.0,1.0,5,0.8609
video049,6,person,1.5,5.0,3.5,15,0.8442
video049,7,person,1.5,1.5,0.0,1,0.6905
video049,20,person,4.0,6.75,2.75,12,0.6762
video049,24,person,5.0,6.75,1.75,4,0.4508
video049,26,person,5.5,23.0,17.5,40,0.7756
video049,31,person,6.5,6.75,0.25,2,0.4771
video049,33,person,8.0,29.5,21.5,45,0.8811
video049,37,bowl,15.75,16.25,0.5,3,0.4827
video049,48,person,19.0,25.25,6.25,14,0.8829
video049,52,person,23.5,24.0,0.5,3,0.6364
video049,54,sports ball,29.0,30.0,1.0,3,0.6443
video049,62,person,30.25,32.0,1.75,2,0.6644
video049,66,person,30.5,32.25,1.75,2,0.7406
video049,73,person,30.75,31.0,0.25,2,0.6797
video049,76,person,31.0,32.75,1.75,2,0.7476
video049,81,person,31.5,31.75,0.25,2,0.7686
video049,114,person,33.75,34.75,1.0,5,0.8513
video049,115,bowl,33.75,33.75,0.0,1,0.4734
video050,1,car,0.0,2.75,2.75,4,0.6256
video050,2,person,0.0,14.75,14.75,47,0.765
video050,3,car,0.0,0.0,0.0,1,0.386
video050,4,person,0.0,0.0,0.0,1,0.353
video050,5,person,0.0,0.0,0.0,1,0.2975
video050,6,person,0.0,10.5,10.5,23,0.6463
video050,7,person,0.0,0.0,0.0,1,0.2825
video050,20,person,1.5,2.75,1.25,6,0.8071
video050,22,car,1.5,9.5,8.0,11,0.6085
video050,23,suitcase,1.5,1.75,0.25,2,0.7148
video050,25,person,1.75,11.75,10.0,24,0.6845
video050,27,person,1.75,5.25,3.5,13,0.6136
video050,32,person,2.0,15.5,13.5,25,0.6904
video050,39,person,2.25,4.0,1.75,4,0.5654
video050,40,person,2.25,14.25,12.0,42,0.7114
video050,45,person,2.5,9.25,6.75,20,0.6004
video050,53,person,3.0,4.5,1.5,7,0.6299
video050,64,person,3.5,13.5,10.0,10,0.7217
video050,65,person,3.5,5.25,1.75,2,0.5588
video050,85,bus,4.25,4.25,0.0,1,0.5228
video050,97,backpack,5.0,10.75,5.75,14,0.6402
video050,135,person,6.25,10.0,3.75,14,0.6676
video050,137,person,6.25,7.75,1.5,3,0.6448
video050,138,person,6.25,7.25,1.0,5,0.5538
video050,151,backpack,6.5,15.75,9.25,11,0.7953
video050,155,person,6.5,13.75,7.25,16,0.6238
video050,160,person,6.75,9.5,2.75,9,0.6625
video050,180,person,7.5,13.25,5.75,18,0.629
video050,194,person,8.0,8.25,0.25,2,0.8341
video050,196,person,8.0,9.25,1.25,6,0.6316
video050,214,person,9.5,15.75,6.25,3,0.6474
video050,229,person,10.0,10.25,0.25,2,0.6307
video050,230,person,10.0,11.25,1.25,2,0.5374
video050,234,person,10.0,10.25,0.25,2,0.7971
video050,238,person,10.25,10.25,0.0,1,0.608
video050,250,person,11.0,15.25,4.25,3,0.6943
video050,262,person,11.5,15.0,3.5,11,0.7912
video050,265,person,11.5,14.75,3.25,8,0.7289
video050,267,backpack,11.5,15.25,3.75,9,0.7932
video050,271,person,11.75,12.0,0.25,2,0.6065
video050,275,backpack,12.0,15.25,3.25,5,0.6603
video050,281,person,12.25,12.25,0.0,1,0.6026
video050,284,car,12.5,15.75,3.25,7,0.7038
video050,300,person,13.25,15.25,2.0,7,0.8054
video050,301,person,13.25,13.5,0.25,2,0.6319
video050,313,person,13.75,15.75,2.0,6,0.5916
video050,314,person,13.75,15.75,2.0,3,0.5053
video050,332,person,14.5,15.0,0.5,2,0.6099
video050,333,person,14.5,15.25,0.75,4,0.6846
video050,363,person,15.75,15.75,0.0,1,0.6858
video050,364,person,15.75,15.75,0.0,1,0.73
video050,366,person,15.75,15.75,0.0,1,0.4565
video050,368,person,15.75,15.75,0.0,1,0.4278
video050,370,person,15.75,15.75,0.0,1,0.6699
video050,382,book,16.5,19.75,3.25,14,0.7179
video050,386,book,17.75,19.5,1.75,8,0.5209
video051,1,person,0.0,19.75,19.75,79,0.8346
video051,2,person,0.0,16.5,16.5,63,0.6298
video051,3,person,0.0,19.75,19.75,80,0.8713
video051,4,person,0.0,2.25,2.25,10,0.8264
video051,5,person,0.0,19.75,19.75,62,0.7284
video051,6,person,0.0,3.5,3.5,12,0.6181
video051,7,person,0.0,12.0,12.0,18,0.6515
video051,8,tv,0.0,2.25,2.25,10,0.4812
video051,9,chair,0.0,2.25,2.25,10,0.5543
video051,10,person,0.0,1.25,1.25,5,0.3556
video051,11,dining table,0.0,2.75,2.75,5,0.4426
video051,12,tv,0.0,0.0,0.0,1,0.2958
video051,13,person,1.0,11.75,10.75,40,0.6373
video051,18,person,2.75,17.25,14.5,50,0.5429
video051,21,chair,3.0,13.25,10.25,32,0.5379
video051,29,tv,3.5,3.5,0.0,1,0.4747
video051,33,dining table,4.0,5.0,1.0,4,0.3589
video051,44,chair,4.5,6.0,1.5,7,0.5484
video051,49,tv,4.75,6.0,1.25,5,0.568
video051,64,dining table,7.0,8.75,1.75,5,0.4119
video051,83,chair,8.75,11.75,3.0,2,0.3886
video051,85,tv,9.25,12.25,3.0,13,0.4582
video051,116,person,13.0,19.75,6.75,28,0.7283
video051,124,chair,13.75,15.5,1.75,6,0.5214
video051,127,oven,13.75,13.75,0.0,1,0.3212
video051,137,tv,16.0,17.75,1.75,5,0.4204
video051,138,chair,16.0,19.75,3.75,16,0.6053
video051,148,tv,17.5,18.25,0.75,4,0.3733
video051,153,frisbee,18.5,18.5,0.0,1,0.4586
video051,157,couch,19.5,19.5,0.0,1,0.4044
video052,1,person,0.0,25.5,25.5,65,0.8933
video052,2,person,0.0,29.75,29.75,94,0.8995
video052,3,car,0.0,9.75,9.75,40,0.6057
video052,4,person,0.0,0.75,0.75,4,0.64
video052,5,car,0.0,0.25,0.25,2,0.4252
video052,6,person,0.0,0.0,0.0,1,0.3215
video052,11,person,0.75,0.75,0.0,1,0.6771
video052,12,car,0.75,9.75,9.0,35,0.3879
video052,15,car,1.0,25.0,24.0,75,0.4693
video052,19,car,1.75,13.5,11.75,44,0.5098
video052,20,person,2.25,2.25,0.0,1,0.4393
video052,22,clock,3.5,3.5,0.0,1,0.3268
video052,30,car,6.5,6.5,0.0,1,0.4008
video052,31,tie,7.25,14.25,7.0,2,0.4682
video052,36,stop sign,9.0,9.5,0.5,3,0.4283
video052,38,person,10.25,13.0,2.75,12,0.872
video052,43,stop sign,12.0,14.5,2.5,6,0.3468
video052,44,car,13.5,27.25,13.75,24,0.6081
video052,45,car,13.5,22.0,8.5,14,0.5929
video052,49,tie,14.0,14.0,0.0,1,0.6081
video052,51,person,14.25,29.75,15.5,57,0.8225
video052,88,person,20.5,20.75,0.25,2,0.4956
video052,113,car,22.5,23.25,0.75,4,0.5282
video052,123,truck,23.25,23.25,0.0,1,0.5304
video052,133,car,24.0,24.0,0.0,1,0.4561
video052,138,car,24.25,24.5,0.25,2,0.4649
video052,144,car,24.75,27.25,2.5,5,0.5154
video052,145,person,24.75,29.75,5.0,21,0.8006
video052,150,person,25.25,29.75,4.5,14,0.6446
video052,167,car,27.25,29.75,2.5,11,0.519
video052,177,tie,28.5,29.75,1.25,5,0.4972
video052,180,person,29.0,29.75,0.75,4,0.3308
video052,185,stop sign,29.75,29.75,0.0,1,0.4508
video053,1,person,0.0,29.75,29.75,114,0.8959
video053,2,person,0.0,23.0,23.0,92,0.8347
video053,3,person,0.0,27.0,27.0,80,0.8454
video053,4,clock,0.0,23.0,23.0,67,0.6469
video053,5,dining table,0.0,27.75,27.75,103,0.5181
video053,6,person,0.0,15.5,15.5,38,0.7103
video053,7,person,0.0,5.75,5.75,24,0.7633
video053,8,cell phone,0.0,0.0,0.0,1,0.2519
video053,9,person,0.5,8.25,7.75,18,0.481
video053,15,wine glass,2.0,9.75,7.75,18,0.2978
video053,16,handbag,2.25,5.25,3.0,12,0.3735
video053,24,tie,6.25,6.5,0.25,2,0.3256
video053,30,handbag,7.25,11.0,3.75,3,0.3323
video053,32,person,7.75,8.0,0.25,2,0.4546
video053,64,clock,11.75,12.25,0.5,3,0.7191
video053,70,chair,12.25,12.25,0.0,1,0.3861
video053,84,person,14.25,21.25,7.0,28,0.6778
video053,91,cell phone,15.0,22.75,7.75,11,0.3554
video053,95,cup,15.5,18.75,3.25,12,0.3027
video053,100,cup,16.0,19.0,3.0,10,0.3978
video053,102,potted plant,16.0,23.0,7.0,29,0.689
video053,108,chair,17.5,17.5,0.0,1,0.334
video053,113,person,20.0,20.25,0.25,2,0.4213
video053,120,potted plant,21.0,23.0,2.0,3,0.3925
video053,124,cup,21.5,23.0,1.5,6,0.4171
video054,1,person,0.0,11.0,11.0,37,0.9049
video054,2,person,0.75,1.0,0.25,2,0.7145
video054,4,bus,0.75,9.5,8.75,25,0.674
video054,20,car,1.0,1.0,0.0,1,0.3816
video054,38,person,1.5,2.75,1.25,6,0.7363
video054,43,truck,1.5,6.0,4.5,11,0.5251
video054,46,car,1.5,1.75,0.25,2,0.4753
video054,48,car,1.5,1.75,0.25,2,0.5183
video054,59,person,2.0,2.25,0.25,2,0.6761
video054,74,person,2.5,8.0,5.5,21,0.8554
video054,85,handbag,2.5,16.25,13.75,16,0.7053
video054,87,car,2.75,32.75,30.0,84,0.8255
video054,104,car,3.0,7.25,4.25,18,0.77
video054,105,car,3.0,3.25,0.25,2,0.6821
video054,107,handbag,3.0,3.0,0.0,1,0.7001
video054,118,car,3.25,3.5,0.25,2,0.6136
video054,120,truck,3.25,4.25,1.0,5,0.5846
video054,148,car,4.0,6.25,2.25,10,0.6559
video054,150,car,4.25,6.0,1.75,8,0.6843
video054,152,car,4.25,5.5,1.25,6,0.4626
video054,153,car,4.25,6.0,1.75,8,0.6114
video054,156,car,4.25,8.25,4.0,14,0.65
video054,171,car,4.75,5.25,0.5,3,0.4696
video054,173,handbag,5.0,5.5,0.5,3,0.5047
video054,183,car,5.25,5.25,0.0,1,0.4798
video054,196,car,5.75,6.25,0.5,3,0.7674
video054,211,car,6.75,11.5,4.75,3,0.7057
video054,220,handbag,7.0,7.0,0.0,1,0.5746
video054,259,person,10.25,12.5,2.25,6,0.8749
video054,267,person,10.5,12.5,2.0,4,0.8609
video054,268,car,10.5,13.0,2.5,7,0.7731
video054,269,car,10.5,10.5,0.0,1,0.6129
video054,271,car,10.5,10.5,0.0,1,0.7114
video054,322,car,11.5,12.5,1.0,4,0.8746
video054,353,car,12.25,12.75,0.5,3,0.8506
video054,359,car,12.5,12.75,0.25,2,0.8996
video054,360,car,12.5,12.5,0.0,1,0.8419
video054,361,car,12.5,12.5,0.0,1,0.6908
video054,396,sports ball,15.0,17.0,2.0,5,0.7751
video054,397,person,15.25,17.0,1.75,2,0.7426
video054,403,banana,16.25,25.25,9.0,3,0.577
video054,465,person,18.0,18.25,0.25,2,0.9169
video054,466,car,18.0,18.25,0.25,2,0.5747
video054,474,person,18.75,18.75,0.0,1,0.5876
video054,488,car,21.0,21.25,0.25,2,0.5558
video054,499,toothbrush,24.0,32.75,8.75,15,0.8831
video054,504,person,29.25,29.5,0.25,2,0.9181
video054,505,car,30.25,32.75,2.5,11,0.8114
video054,512,car,30.5,32.75,2.25,10,0.8206
video054,514,car,30.75,32.75,2.0,9,0.8059
video054,515,car,30.75,31.0,0.25,2,0.7297
video054,523,car,31.0,31.75,0.75,4,0.7625
video054,526,car,31.0,31.5,0.5,3,0.6238
video054,534,car,31.5,32.75,1.25,3,0.6543
video054,539,car,31.5,31.5,0.0,1,0.4559
video055,1,person,0.0,5.75,5.75,18,0.8602
video055,2,person,0.0,1.0,1.0,5,0.8992
video055,3,person,0.0,18.5,18.5,42,0.8597
video055,4,person,0.0,1.75,1.75,6,0.7037
video055,5,frisbee,0.0,0.0,0.0,1,0.6182
video055,6,frisbee,0.0,0.0,0.0,1,0.4018
video055,7,frisbee,0.0,0.0,0.0,1,0.2654
video055,8,frisbee,0.0,0.0,0.0,1,0.2519
video055,26,person,1.25,1.25,0.0,1,0.793
video055,30,person,1.5,3.75,2.25,10,0.8695
video055,45,person,2.75,2.75,0.0,1,0.8438
video055,57,person,3.75,5.5,1.75,8,0.8128
video055,65,person,4.25,5.25,1.0,5,0.7497
video055,66,person,4.25,12.0,7.75,5,0.7272
video055,69,kite,4.5,12.75,8.25,3,0.7479
video055,93,person,6.5,6.5,0.0,1,0.8377
video055,110,person,7.25,15.25,8.0,24,0.8272
video055,113,person,7.75,12.25,4.5,2,0.8152
video055,130,person,11.75,12.0,0.25,2,0.827
video055,133,person,11.75,18.0,6.25,2,0.7591
video055,178,person,17.75,18.0,0.25,2,0.9163
video055,179,person,17.75,17.75,0.0,1,0.7292
video055,208,person,19.0,19.0,0.0,1,0.6609
video055,209,person,19.0,20.5,1.5,7,0.8248
video055,211,person,19.0,20.5,1.5,7,0.8488
video055,214,person,19.25,19.25,0.0,1,0.5795
video055,218,person,21.25,21.5,0.25,2,0.8458
video055,220,person,21.25,29.75,8.5,31,0.8492
video055,233,person,22.25,22.5,0.25,2,0.6974
video055,258,person,23.5,23.5,0.0,1,0.7652
video055,279,person,24.5,25.25,0.75,4,0.6525
video055,285,person,25.0,28.25,3.25,3,0.6828
video055,286,person,25.0,29.75,4.75,8,0.7964
video055,299,person,25.75,27.0,1.25,4,0.5589
video055,303,person,26.0,28.0,2.0,9,0.6986
video055,304,person,26.0,27.25,1.25,6,0.7273
video055,344,person,28.75,29.75,1.0,5,0.7109
video055,350,person,29.0,29.75,0.75,4,0.5974
video056,1,cat,0.0,7.25,7.25,8,0.5558
video056,2,person,1.25,8.0,6.75,20,0.8634
video056,25,dining table,6.25,15.25,9.0,29,0.8508
video056,34,sink,7.5,13.0,5.5,9,0.6861
video056,51,chair,11.75,12.75,1.0,5,0.6163
video056,53,bowl,12.25,20.5,8.25,4,0.4448
video056,59,cup,14.25,20.75,6.5,2,0.7366
video056,73,dining table,15.25,29.75,14.5,48,0.8027
video056,75,bowl,15.25,20.5,5.25,5,0.4727
video056,78,bowl,15.5,20.0,4.5,7,0.6197
video056,79,cup,15.5,19.0,3.5,3,0.4733
video056,80,bowl,15.5,17.25,1.75,4,0.5852
video056,83,person,15.75,19.0,3.25,14,0.6889
video056,88,bowl,17.0,17.25,0.25,2,0.3647
video056,94,cup,17.75,20.0,2.25,4,0.61
video056,109,cup,19.5,19.75,0.25,2,0.6872
video056,118,person,20.25,20.5,0.25,2,0.8042
video056,128,dining table,22.0,29.75,7.75,32,0.4324
video057,1,person,0.0,12.5,12.5,43,0.8535
video057,2,wine glass,0.0,0.75,0.75,4,0.8197
video057,3,chair,0.0,13.75,13.75,48,0.6881
video057,4,person,0.0,9.75,9.75,21,0.5872
video057,5,chair,0.0,0.75,0.75,4,0.5482
video057,6,person,0.0,8.0,8.0,11,0.4468
video057,7,chair,0.0,9.0,9.0,23,0.4338
video057,8,chair,0.0,9.0,9.0,37,0.6048
video057,9,dining table,0.0,11.0,11.0,32,0.4137
video057,10,wine glass,0.0,0.0,0.0,1,0.4409
video057,11,chair,0.0,7.25,7.25,28,0.4711
video057,12,chair,0.0,0.0,0.0,1,0.342
video057,13,chair,0.0,0.0,0.0,1,0.3151
video057,14,person,0.0,5.5,5.5,2,0.3994
video057,15,chair,0.0,7.75,7.75,3,0.3561
video057,16,chair,0.0,9.0,9.0,18,0.3885
video057,17,person,0.0,6.0,6.0,19,0.5208
video057,19,chair,0.75,12.25,11.5,34,0.6928
video057,25,wine glass,1.0,4.25,3.25,14,0.4677
video057,26,wine glass,1.25,21.0,19.75,47,0.8079
video057,32,cup,1.75,21.25,19.5,21,0.7704
video057,43,chair,2.5,7.5,5.0,8,0.5079
video057,50,chair,3.5,3.75,0.25,2,0.5034
video057,58,person,4.25,14.75,10.5,12,0.5133
video057,62,wine glass,4.5,6.25,1.75,7,0.5409
video057,65,wine glass,4.75,5.0,0.25,2,0.4115
video057,67,chair,4.75,4.75,0.0,1,0.3752
video057,72,chair,5.0,6.0,1.0,4,0.4623
video057,77,person,5.25,5.25,0.0,1,0.543
video057,81,chair,5.5,7.0,1.5,3,0.3893
video057,93,wine glass,6.25,7.25,1.0,5,0.4032
video057,99,chair,6.75,17.25,10.5,22,0.537
video057,108,wine glass,7.75,8.0,0.25,2,0.6943
video057,119,chair,8.5,8.5,0.0,1,0.4341
video057,120,person,8.5,9.0,0.5,3,0.5902
video057,144,chair,9.75,10.0,0.25,2,0.4563
video057,147,dining table,9.75,25.5,15.75,41,0.6348
video057,153,dining table,10.5,12.0,1.5,6,0.6091
video057,154,knife,10.5,11.25,0.75,4,0.6009
video057,162,person,12.0,26.75,14.75,48,0.8122
video057,172,chair,12.5,20.25,7.75,31,0.7808
video057,182,person,12.5,16.0,3.5,14,0.6125
video057,185,dining table,12.75,20.75,8.0,20,0.5844
video057,196,wine glass,13.0,14.0,1.0,5,0.4062
video057,197,person,13.0,14.0,1.0,5,0.6044
video057,199,chair,13.0,34.75,21.75,19,0.5921
video057,200,person,13.0,14.25,1.25,6,0.5083
video057,202,chair,13.0,14.0,1.0,5,0.413
video057,206,pizza,13.0,20.0,7.0,26,0.5242
video057,211,chair,13.25,14.0,0.75,4,0.4226
video057,212,person,13.25,13.75,0.5,3,0.3631
video057,231,chair,14.25,15.25,1.0,4,0.387
video057,251,person,15.0,15.25,0.25,2,0.4809
video057,262,chair,15.75,20.5,4.75,18,0.5861
video057,285,dining table,17.0,19.5,2.5,11,0.6826
video057,305,dining table,17.75,25.75,8.0,12,0.4979
video057,310,person,18.0,19.5,1.5,3,0.4248
video057,311,chair,18.0,18.75,0.75,4,0.5101
video057,314,chair,18.0,25.25,7.25,11,0.5188
video057,318,chair,18.25,33.75,15.5,11,0.691
video057,321,wine glass,18.25,18.75,0.5,3,0.4429
video057,332,bowl,19.0,33.25,14.25,5,0.6736
video057,348,bowl,20.25,33.25,13.0,35,0.7089
video057,356,person,20.75,21.25,0.5,2,0.4915
video057,366,cup,21.75,27.5,5.75,20,0.7724
video057,380,person,24.25,24.25,0.0,1,0.7403
video057,383,bowl,24.25,26.0,1.75,2,0.4594
video057,445,cell phone,27.0,34.75,7.75,11,0.6723
video057,454,chair,28.0,28.25,0.25,2,0.535
video057,485,chair,29.5,31.75,2.25,3,0.4557
video057,487,chair,29.5,34.75,5.25,10,0.8202
video057,490,chair,29.75,33.75,4.0,16,0.7097
video057,492,chair,30.0,31.0,1.0,5,0.7831
video057,493,person,30.25,30.25,0.0,1,0.487
video057,498,chair,30.5,32.25,1.75,8,0.4479
video057,501,person,30.5,31.5,1.0,5,0.7368
video057,508,person,31.0,32.5,1.5,7,0.724
video057,509,person,31.0,31.5,0.5,3,0.4434
video057,518,person,31.5,31.75,0.25,2,0.4111
video057,538,dining table,33.0,33.5,0.5,3,0.4979
video057,551,chair,34.75,34.75,0.0,1,0.6795
video057,552,dining table,34.75,34.75,0.0,1,0.4573
video058,1,person,0.0,33.75,33.75,136,0.8912
video058,15,cup,13.25,16.0,2.75,11,0.716
video058,17,laptop,13.25,15.5,2.25,9,0.6195
video058,18,person,13.25,14.75,1.5,7,0.7535
video058,19,bottle,13.25,21.25,8.0,32,0.8165
video058,24,bottle,13.75,33.75,20.0,81,0.8822
video058,33,person,15.25,16.0,0.75,4,0.5214
video058,35,chair,15.5,16.0,0.5,3,0.3466
video058,36,cup,16.0,16.0,0.0,1,0.5442
video058,44,bottle,17.5,19.0,1.5,4,0.4253
video058,45,person,18.0,27.25,9.25,27,0.5114
video058,58,bottle,20.75,22.25,1.5,7,0.4794
video058,60,bottle,21.75,23.0,1.25,6,0.3203
video058,61,bottle,21.75,23.0,1.25,6,0.4658
video058,70,bottle,23.75,30.75,7.0,17,0.3988
video058,71,bottle,23.75,24.0,0.25,2,0.5329
video058,78,person,26.75,33.75,7.0,25,0.6847
video058,85,tie,31.25,33.25,2.0,7,0.4226
video058,88,cup,32.5,32.5,0.0,1,0.563
video059,1,person,0.0,0.0,0.0,1,0.2646
video059,2,person,0.5,9.75,9.25,33,0.8395
video059,3,person,0.75,6.5,5.75,23,0.8655
video059,10,person,3.25,3.5,0.25,2,0.4239
video059,13,chair,3.5,16.5,13.0,33,0.7212
video059,26,person,7.75,28.25,20.5,53,0.692
video059,32,person,8.5,12.25,3.75,15,0.707
video059,34,chair,8.75,10.75,2.0,7,0.563
video059,46,person,12.75,35.75,23.0,81,0.8278
video059,63,chair,19.75,20.75,1.0,4,0.5436
video059,71,person,22.5,25.5,3.0,5,0.4671
video059,80,cake,27.5,28.0,0.5,3,0.3733
video059,84,person,29.0,35.75,6.75,28,0.8418
video060,1,person,0.0,31.5,31.5,82,0.8137
video060,2,person,0.0,5.0,5.0,10,0.8232
video060,3,person,0.0,1.5,1.5,6,0.7441
video060,4,person,0.0,6.75,6.75,4,0.6281
video060,5,person,0.0,3.25,3.25,3,0.695
video060,6,person,0.0,0.5,0.5,3,0.5035
video060,7,person,0.0,5.25,5.25,2,0.6493
video060,8,person,0.0,2.0,2.0,3,0.5198
video060,9,person,0.0,0.0,0.0,1,0.2918
video060,10,person,0.0,5.75,5.75,2,0.4897
video060,11,person,0.0,4.75,4.75,8,0.7578
video060,16,person,0.75,1.25,0.5,3,0.6666
video060,43,person,2.0,3.5,1.5,2,0.6195
video060,67,person,4.0,5.25,1.25,5,0.8169
video060,77,person,4.5,4.75,0.25,2,0.5283
video060,78,person,4.5,4.5,0.0,1,0.4306
video060,79,surfboard,4.5,4.5,0.0,1,0.5254
video060,81,person,4.75,4.75,0.0,1,0.6848
video060,87,person,5.0,5.5,0.5,3,0.7675
video060,111,person,5.75,5.75,0.0,1,0.678
video060,130,bed,8.0,31.75,23.75,57,0.6283
video060,131,person,8.25,11.75,3.5,15,0.7082
video060,133,person,8.75,11.5,2.75,12,0.7537
video060,135,skateboard,9.5,10.25,0.75,4,0.631
video060,144,person,14.0,17.0,3.0,12,0.4947
video060,145,person,14.0,17.0,3.0,12,0.4819
video060,146,person,14.75,15.75,1.0,5,0.6709
video060,148,person,14.75,27.25,12.5,29,0.8611
video060,149,skateboard,15.25,15.25,0.0,1,0.4349
video060,155,person,17.25,18.0,0.75,3,0.6095
video060,156,person,17.5,20.25,2.75,5,0.7433
video060,163,person,18.25,21.75,3.5,4,0.6373
video060,168,person,20.0,20.75,0.75,4,0.7176
video060,169,person,20.25,20.25,0.0,1,0.5726
video060,179,person,21.25,21.5,0.25,2,0.617
video060,200,person,23.5,26.75,3.25,2,0.42
video060,213,person,28.5,28.5,0.0,1,0.6976
video061,7,person,3.75,11.0,7.25,26,0.6874
video061,10,couch,4.0,7.5,3.5,10,0.4714
video061,13,person,4.5,4.75,0.25,2,0.7414
video061,21,couch,5.5,28.75,23.25,77,0.6814
video061,29,person,6.75,7.5,0.75,4,0.6827
video061,33,couch,8.25,18.5,10.25,32,0.5118
video061,37,chair,10.25,10.5,0.25,2,0.5373
video061,49,person,14.5,15.0,0.5,3,0.5599
video061,55,cell phone,15.0,16.25,1.25,5,0.8248
video061,59,cell phone,16.75,17.5,0.75,2,0.6345
video061,65,person,18.0,26.5,8.5,32,0.7282
video061,68,couch,18.75,29.75,11.0,35,0.5574
video061,76,couch,21.0,21.75,0.75,4,0.3782
video061,81,couch,23.5,23.5,0.0,1,0.3228
video061,86,person,25.25,25.5,0.25,2,0.5383
video061,97,couch,27.75,29.75,2.0,5,0.3155
video061,98,person,28.0,29.75,1.75,7,0.5096
video061,99,chair,28.0,28.25,0.25,2,0.4242
video061,103,couch,28.75,28.75,0.0,1,0.3679
video062,1,person,0.0,24.0,24.0,66,0.8828
video062,2,person,0.0,22.75,22.75,61,0.7801
video062,3,person,0.0,26.0,26.0,39,0.5758
video062,4,person,0.0,21.75,21.75,56,0.682
video062,5,person,0.0,0.0,0.0,1,0.4716
video062,6,person,0.0,0.0,0.0,1,0.4684
video062,7,person,0.0,0.0,0.0,1,0.45
video062,8,person,0.0,5.0,5.0,6,0.6294
video062,9,person,0.0,29.75,29.75,60,0.8517
video062,10,person,0.0,0.5,0.5,3,0.504
video062,26,person,3.5,6.0,2.5,4,0.6362
video062,36,person,5.0,6.0,1.0,2,0.3697
video062,40,person,5.5,5.5,0.0,1,0.5634
video062,49,person,9.75,11.25,1.5,6,0.5683
video062,50,person,9.75,13.25,3.5,15,0.5739
video062,54,person,10.25,29.25,19.0,32,0.5808
video062,55,person,10.5,10.75,0.25,2,0.416
video062,71,umbrella,13.0,16.75,3.75,6,0.4241
video062,76,person,15.5,26.25,10.75,13,0.5083
video062,78,person,15.75,17.25,1.5,4,0.6459
video062,97,person,19.5,27.75,8.25,10,0.71
video062,100,chair,19.75,29.75,10.0,8,0.4226
video062,101,umbrella,20.0,20.0,0.0,1,0.3864
video062,109,person,20.75,21.0,0.25,2,0.3365
video062,124,person,22.0,24.75,2.75,5,0.6473
video062,131,person,24.5,26.75,2.25,10,0.5813
video062,135,person,24.75,29.75,5.0,21,0.527
video062,139,person,25.25,29.75,4.5,14,0.6969
video062,144,book,25.5,25.75,0.25,2,0.4403
video062,155,suitcase,26.75,27.5,0.75,2,0.5054
video062,157,person,27.0,29.25,2.25,10,0.5056
video062,162,person,27.25,27.25,0.0,1,0.4547
video062,174,handbag,28.5,29.0,0.5,3,0.5157
video062,182,person,29.5,29.5,0.0,1,0.3906
video063,1,person,0.0,27.25,27.25,71,0.8752
video063,2,person,0.0,29.75,29.75,95,0.9194
video063,7,tie,2.0,2.0,0.0,1,0.497
video063,8,person,2.5,6.0,3.5,15,0.791
video063,9,person,2.5,6.0,3.5,15,0.6605
video063,10,person,2.5,6.0,3.5,15,0.6873
video063,11,person,2.5,6.0,3.5,15,0.6771
video063,12,person,2.5,6.0,3.5,15,0.6348
video063,14,person,2.5,6.0,3.5,11,0.4338
video063,17,person,2.5,3.5,1.0,5,0.3767
video063,18,person,2.5,5.25,2.75,11,0.3494
video063,29,person,3.0,3.25,0.25,2,0.5449
video063,32,person,3.25,6.0,2.75,12,0.5266
video063,33,person,3.25,6.0,2.75,12,0.4288
video063,37,person,3.5,4.25,0.75,4,0.5079
video063,39,skateboard,3.5,4.0,0.5,3,0.3025
video063,41,skateboard,3.75,6.0,2.25,10,0.4217
video063,42,person,3.75,6.0,2.25,10,0.4936
video063,46,person,4.75,5.75,1.0,5,0.5791
video063,47,person,4.75,6.0,1.25,6,0.6061
video063,58,tie,9.0,11.5,2.5,11,0.4826
video063,66,tie,10.75,11.5,0.75,4,0.361
video063,74,person,12.75,13.5,0.75,3,0.4182
video063,91,tie,17.5,17.75,0.25,2,0.3437
video063,104,bench,19.25,20.0,0.75,4,0.3372
video063,105,tie,20.0,21.0,1.0,5,0.3676
video063,115,tie,27.0,27.0,0.0,1,0.5049
video064,7,person,1.5,3.25,1.75,7,0.7652
video064,10,person,3.25,3.25,0.0,1,0.624
video064,11,person,3.75,4.0,0.25,2,0.6655
video064,16,person,4.75,4.75,0.0,1,0.5124
video064,28,person,7.25,12.0,4.75,19,0.5221
video064,34,person,7.75,10.25,2.5,10,0.5512
video064,40,person,9.0,11.0,2.0,8,0.4544
video064,49,bed,11.5,26.0,14.5,49,0.7373
video064,52,person,11.75,29.0,17.25,59,0.8499
video064,53,chair,11.75,12.5,0.75,4,0.3642
video064,58,couch,13.5,15.25,1.75,4,0.5353
video064,59,teddy bear,14.75,14.75,0.0,1,0.5528
video064,65,tv,15.5,18.75,3.25,9,0.5329
video064,66,couch,15.5,29.75,14.25,45,0.6169
video064,67,couch,15.75,17.5,1.75,5,0.5304
video064,68,person,16.0,18.0,2.0,4,0.5525
video064,73,person,17.25,17.5,0.25,2,0.7965
video064,85,potted plant,21.75,28.25,6.5,16,0.5079
video064,88,person,22.25,24.0,1.75,4,0.3756
video064,91,couch,23.75,29.75,6.0,20,0.6574
video064,102,vase,25.75,26.5,0.75,3,0.3815
video064,108,bed,27.5,29.75,2.25,10,0.4241
video065,1,person,1.5,6.25,4.75,20,0.718
video065,2,person,1.5,19.0,17.5,71,0.8463
video065,3,person,1.5,6.25,4.75,18,0.7003
video065,4,person,1.5,6.25,4.75,20,0.8846
video065,5,person,1.5,12.5,11.0,45,0.8237
video065,6,person,1.5,8.0,6.5,22,0.6118
video065,7,person,1.5,6.25,4.75,19,0.6059
video065,8,person,1.5,15.25,13.75,31,0.5794
video065,10,chair,1.5,6.25,4.75,19,0.3865
video065,11,person,1.5,6.25,4.75,20,0.6283
video065,14,cup,2.0,2.0,0.0,1,0.6485
video065,15,person,2.0,6.25,4.25,14,0.4842
video065,22,tie,3.0,3.0,0.0,1,0.328
video065,27,person,4.0,4.25,0.25,2,0.3962
video065,31,person,4.75,5.25,0.5,3,0.3044
video065,32,person,5.0,19.0,14.0,32,0.7383
video065,46,person,6.75,24.5,17.75,72,0.8718
video065,47,tie,6.75,7.25,0.5,3,0.5136
video065,49,tv,6.75,7.0,0.25,2,0.3813
video065,54,tie,7.0,7.0,0.0,1,0.4078
video065,66,tv,8.0,12.5,4.5,19,0.6726
video065,76,tie,8.75,9.75,1.0,5,0.5631
video065,78,umbrella,8.75,10.75,2.0,8,0.4159
video065,81,person,9.0,19.0,10.0,39,0.6779
video065,82,umbrella,9.0,11.5,2.5,3,0.4432
video065,87,tie,10.25,10.5,0.25,2,0.3864
video065,88,dining table,10.25,10.25,0.0,1,0.3912
video065,102,tie,11.5,11.5,0.0,1,0.3772
video065,117,umbrella,12.5,16.5,4.0,6,0.6722
video065,123,tie,13.0,15.25,2.25,10,0.6922
video065,125,laptop,13.0,15.25,2.25,5,0.3562
video065,126,person,13.25,33.75,20.5,67,0.8678
video065,133,dining table,14.5,24.25,9.75,22,0.4501
video065,138,person,15.75,17.5,1.75,7,0.6281
video065,139,person,15.75,17.0,1.25,3,0.6415
video065,140,person,15.75,33.75,18.0,64,0.7804
video065,151,person,16.25,16.5,0.25,2,0.5042
video065,154,person,16.75,19.0,2.25,10,0.4117
video065,158,person,16.75,19.0,2.25,10,0.5393
video065,175,chair,18.5,19.0,0.5,3,0.3716
video065,182,tie,19.5,23.0,3.5,15,0.751
video065,186,couch,24.0,24.5,0.5,3,0.7506
video065,191,chair,25.0,26.75,1.75,8,0.6232
video065,192,person,25.0,26.75,1.75,8,0.3283
video065,199,potted plant,28.75,33.75,5.0,21,0.6656
video065,200,dining table,28.75,28.75,0.0,1,0.4136
video065,205,backpack,30.25,33.5,3.25,13,0.3033
video065,210,tie,32.75,33.5,0.75,2,0.3583
video066,1,chair,0.0,3.75,3.75,16,0.3711
video066,2,person,0.0,34.75,34.75,130,0.8355
video066,3,dining table,0.0,2.25,2.25,9,0.3795
video066,4,chair,0.0,3.75,3.75,16,0.3977
video066,5,chair,0.0,3.75,3.75,12,0.4004
video066,6,person,0.0,34.75,34.75,140,0.8964
video066,7,chair,0.0,1.0,1.0,2,0.3159
video066,8,tie,0.0,0.0,0.0,1,0.2956
video066,9,tie,0.0,0.0,0.0,1,0.2525
video066,15,tie,1.0,1.0,0.0,1,0.41
video066,16,chair,1.25,3.75,2.5,10,0.4807
video066,20,tie,1.5,1.5,0.0,1,0.6711
video066,30,tie,3.0,3.25,0.25,2,0.5026
video066,34,chair,3.75,3.75,0.0,1,0.3867
video066,54,chair,7.25,7.75,0.5,3,0.7523
video066,59,tie,7.75,8.25,0.5,3,0.7094
video066,67,tie,10.0,11.5,1.5,7,0.6349
video066,70,tie,10.25,10.25,0.0,1,0.5134
video066,72,tie,10.75,12.5,1.75,7,0.4733
video066,76,tie,12.0,15.0,3.0,13,0.7402
video066,82,tie,15.75,16.0,0.25,2,0.3895
video066,83,tie,15.75,21.0,5.25,4,0.4907
video066,84,tie,15.75,16.25,0.5,3,0.663
video066,85,tie,16.0,27.0,11.0,29,0.7386
video066,87,potted plant,16.75,18.5,1.75,8,0.4076
video066,88,potted plant,16.75,18.5,1.75,8,0.3625
video066,89,tie,19.0,20.0,1.0,5,0.7646
video066,92,tie,21.25,21.5,0.25,2,0.5054
video066,104,tie,27.75,34.75,7.0,29,0.8002
video066,107,person,30.5,30.5,0.0,1,0.3494
video067,1,person,0.0,29.75,29.75,120,0.8779
video067,2,person,0.0,29.75,29.75,120,0.9006
video067,3,tie,0.0,3.5,3.5,9,0.8112
video067,4,tie,0.0,2.5,2.5,3,0.5604
video067,5,tie,0.0,2.5,2.5,8,0.5624
video067,6,chair,0.0,0.75,0.75,2,0.4349
video067,10,tie,1.0,14.75,13.75,34,0.8558
video067,14,tie,1.75,9.0,7.25,6,0.8377
video067,15,tie,1.75,7.75,6.0,25,0.5517
video067,22,tie,4.5,6.5,2.0,3,0.4732
video067,33,tie,7.25,7.25,0.0,1,0.4907
video067,41,tie,8.75,9.5,0.75,4,0.4914
video067,46,tie,9.75,15.0,5.25,3,0.4328
video067,47,tie,10.0,11.0,1.0,4,0.4409
video067,57,tie,12.75,19.0,6.25,7,0.8783
video067,64,tie,13.5,17.75,4.25,12,0.8732
video067,78,tie,16.0,19.25,3.25,3,0.4085
video067,84,tie,17.5,19.25,1.75,8,0.6179
video067,85,chair,17.75,17.75,0.0,1,0.3198
video067,90,tie,18.5,23.0,4.5,17,0.8723
video067,101,tie,21.0,29.75,8.75,25,0.3981
video067,106,tie,23.5,29.5,6.0,25,0.8437
video067,109,tie,24.75,29.5,4.75,15,0.3726
video067,117,tie,28.0,29.5,1.5,4,0.3181
video068,1,person,0.0,8.75,8.75,36,0.8918
video068,15,dining table,3.25,8.0,4.75,12,0.4872
video068,38,person,4.5,30.0,25.5,91,0.864
video068,39,laptop,4.75,5.25,0.5,3,0.7045
video068,63,book,8.25,8.5,0.25,2,0.6629
video068,68,laptop,8.75,13.5,4.75,15,0.8707
video068,83,chair,9.75,11.25,1.5,7,0.6253
video068,88,keyboard,10.25,10.75,0.5,3,0.3818
video068,100,person,11.5,30.0,18.5,75,0.9191
video068,121,dining table,12.75,27.25,14.5,44,0.3521
video068,133,potted plant,13.25,27.25,14.0,57,0.793
video068,135,potted plant,13.25,17.0,3.75,15,0.5063
video068,137,vase,13.5,14.5,1.0,5,0.7446
video068,138,vase,13.5,14.25,0.75,4,0.6671
video068,153,vase,15.0,16.25,1.25,6,0.59
video068,168,cup,15.75,17.5,1.75,2,0.578
video068,173,vase,16.25,17.75,1.5,7,0.789
video068,202,vase,18.75,19.5,0.75,4,0.5066
video068,203,vase,18.75,19.75,1.0,5,0.7204
video068,204,potted plant,18.75,27.25,8.5,32,0.531
video068,208,book,19.0,19.0,0.0,1,0.496
video068,221,vase,20.75,27.25,6.5,26,0.5777
video068,226,book,21.25,26.25,5.0,13,0.2834
video068,228,vase,21.5,27.25,5.75,24,0.6715
video068,231,book,22.25,27.25,5.0,19,0.3587
video068,237,book,26.5,26.5,0.0,1,0.4157
video068,239,potted plant,27.75,30.0,2.25,10,0.7043
video068,241,potted plant,28.0,29.0,1.0,2,0.3712
video068,244,dining table,28.5,29.75,1.25,6,0.3312
video069,1,person,1.0,17.75,16.75,68,0.8895
video069,2,person,1.0,24.5,23.5,95,0.9155
video069,12,potted plant,4.0,5.25,1.25,6,0.4848
video069,16,bench,4.5,5.5,1.0,4,0.3837
video069,19,vase,6.0,6.25,0.25,2,0.5165
video069,39,person,17.75,18.75,1.0,5,0.7089
video069,42,bed,18.75,19.75,1.0,5,0.5181
video069,43,bench,19.0,24.5,5.5,3,0.4066
video069,48,person,19.5,20.25,0.75,4,0.7819
video069,51,person,20.75,30.0,9.25,29,0.8727
video069,53,person,21.0,21.25,0.25,2,0.4961
video069,61,person,23.5,30.0,6.5,27,0.9311
video069,62,bench,23.5,24.5,1.0,4,0.542
video069,80,bench,29.5,30.0,0.5,3,0.7885
video069,83,potted plant,30.0,30.0,0.0,1,0.66
video070,1,person,0.0,17.75,17.75,40,0.7946
video070,2,bench,0.0,8.0,8.0,21,0.3489
video070,5,person,5.75,9.0,3.25,13,0.7475
video070,23,horse,10.5,22.0,11.5,34,0.6986
video070,25,person,10.5,17.5,7.0,25,0.637
video070,28,horse,11.75,18.25,6.5,6,0.5028
video070,29,truck,11.75,21.5,9.75,29,0.5742
video070,33,horse,13.0,15.0,2.0,9,0.3815
video070,47,person,17.0,31.75,14.75,35,0.7553
video070,51,person,17.5,17.75,0.25,2,0.8656
video070,55,person,18.5,30.0,11.5,31,0.453
video070,56,chair,18.5,29.5,11.0,40,0.464
video070,61,person,19.75,19.75,0.0,1,0.4589
video070,70,chair,22.5,26.5,4.0,4,0.3384
video070,71,chair,22.5,22.75,0.25,2,0.336
video070,78,person,26.25,31.75,5.5,14,0.7085
video070,81,horse,26.5,29.5,3.0,6,0.4013
video070,84,bicycle,27.0,29.0,2.0,8,0.4476
video070,90,bus,29.75,29.75,0.0,1,0.3195
video071,1,person,0.0,13.25,13.25,50,0.8862
video071,2,person,0.0,14.5,14.5,59,0.8956
video071,3,person,0.0,5.25,5.25,20,0.6922
video071,4,chair,0.0,2.75,2.75,9,0.526
video071,5,chair,0.0,0.5,0.5,3,0.4365
video071,22,person,2.25,3.5,1.25,5,0.3694
video071,27,chair,3.5,4.25,0.75,3,0.7219
video071,34,chair,4.25,5.0,0.75,4,0.6554
video071,39,chair,4.75,15.5,10.75,40,0.7437
video071,54,couch,6.25,13.75,7.5,15,0.4365
video071,58,bench,6.5,6.75,0.25,2,0.4221
video071,70,suitcase,7.25,29.75,22.5,62,0.8537
video071,76,chair,7.5,14.0,6.5,24,0.5595
video071,81,chair,7.75,9.0,1.25,5,0.4982
video071,82,suitcase,7.75,11.0,3.25,8,0.4208
video071,83,bench,7.75,8.75,1.0,4,0.3425
video071,85,bench,7.75,9.25,1.5,6,0.349
video071,86,chair,8.0,14.0,6.0,5,0.491
video071,87,chair,8.0,13.75,5.75,8,0.5299
video071,97,chair,9.75,10.75,1.0,5,0.4546
video071,98,chair,10.0,11.5,1.5,6,0.5731
video071,102,person,10.75,16.5,5.75,4,0.5248
video071,106,chair,11.0,14.0,3.0,10,0.5338
video071,114,bench,12.25,13.25,1.0,4,0.3339
video071,115,bench,12.25,12.25,0.0,1,0.3569
video071,117,chair,12.5,14.25,1.75,7,0.3923
video071,139,person,15.0,29.75,14.75,60,0.9014
video071,140,person,15.0,15.0,0.0,1,0.6342
video071,166,chair,16.5,17.5,1.0,4,0.5907
video071,167,chair,16.5,29.75,13.25,20,0.7248
video071,168,chair,16.5,17.0,0.5,3,0.4812
video071,181,chair,17.75,21.25,3.5,2,0.5079
video071,185,chair,18.5,22.0,3.5,4,0.4723
video071,194,chair,20.0,20.5,0.5,3,0.3906
video071,196,chair,20.5,20.5,0.0,1,0.6582
video071,201,person,21.75,22.75,1.0,5,0.5846
video071,212,chair,25.0,28.75,3.75,2,0.515
video071,216,chair,25.5,27.25,1.75,8,0.6334
video071,219,chair,25.75,28.25,2.5,10,0.6
video071,222,chair,26.25,28.0,1.75,8,0.5781
video071,231,chair,27.5,27.5,0.0,1,0.6435
video071,248,bench,29.5,29.75,0.25,2,0.4393
video071,249,chair,29.5,29.75,0.25,2,0.3716
video072,1,person,0.75,16.0,15.25,39,0.7891
video072,8,person,8.75,29.25,20.5,80,0.8819
video072,11,bed,9.25,11.5,2.25,10,0.4281
video072,25,bed,12.25,13.75,1.5,5,0.3219
video072,26,bottle,12.5,12.75,0.25,2,0.4318
video072,34,bed,15.5,16.25,0.75,4,0.3376
video072,48,person,27.5,29.75,2.25,10,0.8149
video072,50,mouse,28.25,29.75,1.5,7,0.6704
video072,51,laptop,28.75,29.75,1.0,5,0.6276
video073,1,person,0.0,35.0,35.0,141,0.7597
video073,2,person,0.0,6.75,6.75,25,0.8205
video073,3,person,0.0,35.0,35.0,68,0.3816
video073,4,person,0.0,5.25,5.25,20,0.7421
video073,5,person,0.0,35.0,35.0,117,0.8533
video073,11,bed,3.25,4.75,1.5,3,0.3836
video073,12,bed,3.25,6.5,3.25,4,0.4632
video073,20,dog,6.5,35.0,28.5,115,0.8078
video073,25,bed,8.5,23.0,14.5,33,0.3964
video073,29,remote,11.75,13.25,1.5,7,0.3121
video073,49,bed,21.25,30.25,9.0,21,0.3008
video074,1,person,0.0,24.75,24.75,100,0.8744
video074,2,toothbrush,0.0,0.0,0.0,1,0.5489
video074,33,toothbrush,14.5,23.5,9.0,22,0.7207
video074,34,toothbrush,14.5,17.5,3.0,2,0.5698
video074,50,toothbrush,16.5,16.75,0.25,2,0.7378
video074,57,toothbrush,17.5,19.75,2.25,4,0.5675
video074,58,toothbrush,18.25,18.75,0.5,3,0.374
video074,61,toothbrush,19.25,19.25,0.0,1,0.3835
video074,68,toothbrush,20.75,21.25,0.5,3,0.3441
video074,71,toothbrush,21.25,22.0,0.75,4,0.6326
video074,78,person,24.0,24.75,0.75,4,0.8213
video074,79,toothbrush,24.0,24.5,0.5,3,0.7392
video075,1,person,0.0,2.25,2.25,10,0.8404
video075,2,person,0.0,7.25,7.25,30,0.9134
video075,3,person,0.0,26.75,26.75,61,0.8553
video075,4,person,0.0,0.25,0.25,2,0.7936
video075,5,umbrella,0.0,7.25,7.25,28,0.7152
video075,6,person,0.0,6.25,6.25,8,0.5392
video075,7,person,0.0,0.0,0.0,1,0.4041
video075,8,person,0.0,1.25,1.25,2,0.4132
video075,9,cell phone,0.0,5.5,5.5,15,0.6466
video075,10,person,0.0,0.0,0.0,1,0.2858
video075,14,person,0.5,2.5,2.0,6,0.5397
video075,27,person,1.25,29.75,28.5,58,0.8414
video075,39,person,1.75,16.5,14.75,41,0.8168
video075,107,person,4.5,7.0,2.5,11,0.649
video075,117,person,4.75,5.5,0.75,4,0.5327
video075,118,person,4.75,6.75,2.0,4,0.4849
video075,148,cell phone,6.0,6.25,0.25,2,0.7181
video075,172,cell phone,7.25,7.25,0.0,1,0.854
video075,200,person,11.0,11.75,0.75,3,0.4783
video075,205,person,12.25,19.0,6.75,28,0.908
video075,206,person,12.25,29.75,17.5,40,0.8476
video075,207,person,12.25,17.5,5.25,5,0.8155
video075,208,umbrella,12.25,29.75,17.5,37,0.7753
video075,221,person,13.0,13.75,0.75,4,0.7765
video075,222,person,13.0,13.25,0.25,2,0.4471
video075,227,person,13.5,17.5,4.0,4,0.6787
video075,241,person,14.75,19.0,4.25,16,0.5697
video075,242,person,15.0,27.25,12.25,21,0.7597
video075,251,person,16.0,18.25,2.25,9,0.5272
video075,253,potted plant,16.25,16.5,0.25,2,0.3229
video075,254,person,16.25,19.0,2.75,7,0.4491
video075,267,person,18.75,19.0,0.25,2,0.388
video075,273,car,19.5,19.5,0.0,1,0.8391
video075,274,person,19.5,19.75,0.25,2,0.7365
video075,281,suitcase,19.5,19.5,0.0,1,0.5844
video075,299,person,20.25,20.75,0.5,3,0.5996
video075,311,person,20.5,23.5,3.0,13,0.6357
video075,314,person,20.5,20.75,0.25,2,0.4949
video075,319,person,20.75,29.75,9.0,16,0.7663
video075,338,person,21.25,23.5,2.25,10,0.5823
video075,347,person,21.25,25.5,4.25,2,0.39
video075,349,umbrella,21.5,22.5,1.0,5,0.5169
video075,359,person,21.75,22.25,0.5,3,0.5392
video075,361,person,21.75,23.5,1.75,8,0.5534
video075,368,person,22.25,22.75,0.5,2,0.4563
video075,381,person,23.0,23.5,0.5,3,0.6788
video075,382,person,23.0,23.5,0.5,3,0.4093
video075,392,umbrella,23.5,23.5,0.0,1,0.5641
video075,399,umbrella,24.0,27.75,3.75,16,0.7575
video075,400,person,24.0,25.0,1.0,5,0.62
video075,401,person,24.0,29.25,5.25,14,0.8443
video075,406,person,24.25,26.25,2.0,9,0.6574
video075,407,person,24.25,24.75,0.5,3,0.5566
video075,415,handbag,24.5,24.5,0.0,1,0.6081
video075,429,person,25.5,26.75,1.25,2,0.4964
video075,430,person,25.5,27.75,2.25,9,0.8106
video075,431,person,25.5,26.5,1.0,5,0.5359
video075,438,person,26.0,26.5,0.5,3,0.6153
video075,451,person,26.5,26.5,0.0,1,0.4522
video075,453,person,26.5,26.5,0.0,1,0.4636
video075,457,person,27.0,27.75,0.75,3,0.5551
video075,468,person,27.25,27.25,0.0,1,0.5718
video075,473,person,27.5,27.75,0.25,2,0.8685
video075,480,person,27.75,27.75,0.0,1,0.8284
video075,482,person,27.75,27.75,0.0,1,0.4194
video075,494,umbrella,28.25,29.25,1.0,5,0.6461
video075,497,person,28.5,29.0,0.5,3,0.8048
video075,498,person,28.5,29.5,1.0,5,0.7637
video075,499,person,28.5,29.5,1.0,5,0.6717
video075,513,person,29.75,29.75,0.0,1,0.4314
video076,4,bowl,2.25,11.0,8.75,34,0.8174
video076,5,person,2.75,2.75,0.0,1,0.8162
video076,15,person,3.25,10.5,7.25,26,0.6903
video076,28,book,6.25,6.25,0.0,1,0.4175
video076,30,person,7.75,8.5,0.75,4,0.6155
video076,37,bowl,8.25,8.5,0.25,2,0.8671
video076,40,person,8.5,34.75,26.25,99,0.8969
video076,43,chair,9.25,9.5,0.25,2,0.5521
video076,46,person,11.0,26.0,15.0,29,0.6864
video076,50,person,11.25,14.0,2.75,11,0.7389
video076,51,dining table,11.5,34.75,23.25,51,0.5114
video076,55,bowl,12.25,34.75,22.5,46,0.4121
video076,57,dining table,13.0,34.75,21.75,59,0.626
video076,61,person,14.0,34.75,20.75,79,0.693
video076,74,person,17.25,27.75,10.5,35,0.5951
video076,78,person,17.75,18.25,0.5,3,0.628
video076,80,bowl,18.5,34.75,16.25,21,0.3742
video076,83,bench,19.25,33.0,13.75,32,0.3057
video076,97,dining table,23.75,24.25,0.5,3,0.2936
video076,108,person,28.5,34.5,6.0,9,0.59
video076,110,person,29.25,32.25,3.0,12,0.5222
video076,114,chair,30.75,30.75,0.0,1,0.4231
video077,7,person,3.5,6.0,2.5,4,0.5186
video077,10,chair,4.25,5.0,0.75,4,0.4787
video077,13,potted plant,5.0,5.0,0.0,1,0.4225
video077,17,person,7.0,7.0,0.0,1,0.3614
video077,18,dog,7.0,11.0,4.0,14,0.6277
video077,26,dog,9.5,9.5,0.0,1,0.527
video077,27,person,9.5,9.5,0.0,1,0.6676
video077,28,person,10.25,30.75,20.5,78,0.7643
video077,37,carrot,27.5,29.5,2.0,7,0.5221
video077,42,cup,29.5,30.25,0.75,3,0.5593
video077,44,cup,30.75,30.75,0.0,1,0.3823
video078,1,person,0.0,12.0,12.0,29,0.5807
video078,2,laptop,0.0,23.75,23.75,96,0.7495
video078,3,microwave,0.0,0.0,0.0,1,0.3363
video078,5,mouse,1.0,1.0,0.0,1,0.4744
video078,7,person,1.75,3.0,1.25,3,0.4313
video078,12,person,4.0,9.25,5.25,5,0.4375
video078,13,refrigerator,4.0,4.0,0.0,1,0.3254
video078,15,person,4.75,12.0,7.25,27,0.7065
video078,23,laptop,7.75,7.75,0.0,1,0.337
video078,26,person,9.25,21.0,11.75,39,0.7184
video078,33,book,13.0,13.25,0.25,2,0.4481
video078,36,dining table,15.0,23.5,8.5,32,0.4469
video078,42,book,23.5,23.75,0.25,2,0.3633
video079,1,person,0.0,13.5,13.5,44,0.5736
video079,2,person,0.0,0.0,0.0,1,0.9006
video079,3,person,0.0,0.0,0.0,1,0.8642
video079,4,backpack,0.0,0.0,0.0,1,0.7544
video079,5,person,0.0,0.0,0.0,1,0.6996
video079,6,person,2.5,3.5,1.0,5,0.709
video079,7,car,2.5,13.5,11.0,45,0.7672
video079,8,car,2.5,13.5,11.0,45,0.7806
video079,9,person,2.5,12.5,10.0,41,0.7798
video079,10,person,2.5,13.5,11.0,45,0.7586
video079,12,person,2.5,3.25,0.75,4,0.7628
video079,13,car,2.5,13.5,11.0,44,0.4691
video079,34,car,3.5,6.0,2.5,6,0.3152
video079,50,person,4.5,12.5,8.0,33,0.7198
video079,55,person,5.5,8.5,3.0,8,0.3535
video079,57,person,5.5,7.75,2.25,10,0.4861
video079,58,person,5.75,7.25,1.5,6,0.6572
video079,71,person,7.75,11.0,3.25,3,0.5076
video079,80,car,8.5,9.25,0.75,4,0.3312
video079,85,person,8.75,10.5,1.75,4,0.3682
video079,88,person,9.0,13.5,4.5,17,0.4178
video079,108,person,11.5,13.25,1.75,7,0.3312
video079,111,person,11.75,13.5,1.75,8,0.5957
video079,114,person,11.75,12.0,0.25,2,0.3283
video079,120,person,12.0,13.5,1.5,7,0.5342
video079,139,boat,14.0,16.5,2.5,11,0.5309
video079,140,person,17.0,32.75,15.75,64,0.8846
video079,141,person,17.0,20.25,3.25,14,0.7504
video079,144,person,24.0,27.75,3.75,16,0.851
video079,147,person,28.75,30.75,2.0,6,0.5274
video079,153,person,31.25,32.75,1.5,7,0.9351
video080,1,person,0.0,32.75,32.75,107,0.8128
video080,2,person,0.0,2.5,2.5,11,0.9186
video080,3,book,0.0,0.5,0.5,3,0.3496
video080,4,cell phone,0.0,0.0,0.0,1,0.3124
video080,8,book,1.0,2.0,1.0,5,0.3681
video080,32,person,3.0,3.0,0.0,1,0.7448
video080,36,person,4.5,9.5,5.0,21,0.8295
video080,37,person,4.5,28.0,23.5,68,0.6519
video080,38,person,4.5,9.5,5.0,21,0.7716
video080,39,person,4.5,28.0,23.5,72,0.827
video080,40,book,4.5,9.5,5.0,21,0.3464
video080,41,book,4.5,9.5,5.0,21,0.2889
video080,42,person,5.0,9.5,4.5,17,0.468
video080,48,person,10.0,10.0,0.0,1,0.649
video080,66,person,12.75,20.25,7.5,16,0.4596
video080,70,cell phone,13.25,14.5,1.25,5,0.5958
video080,73,person,13.5,14.75,1.25,5,0.5895
video080,79,person,14.75,32.75,18.0,73,0.8462
video080,84,person,15.75,32.75,17.0,69,0.8507
video080,89,person,17.0,24.5,7.5,31,0.5623
video080,92,person,18.25,18.75,0.5,3,0.3573
video080,102,person,23.25,28.25,5.0,21,0.4634
video080,113,cell phone,28.75,29.25,0.5,3,0.8079
video080,114,person,29.0,29.0,0.0,1,0.6313
video080,124,cell phone,29.75,30.0,0.25,2,0.5292
video080,131,book,31.75,32.75,1.0,5,0.342
video080,134,cell phone,32.5,32.75,0.25,2,0.561
video081,1,person,0.0,23.75,23.75,55,0.8682
video081,2,person,0.0,23.75,23.75,55,0.8139
video081,3,laptop,0.0,14.5,14.5,37,0.513
video081,4,chair,0.0,13.5,13.5,36,0.5699
video081,5,backpack,0.0,6.5,6.5,27,0.2868
video081,6,chair,0.0,13.5,13.5,29,0.3495
video081,17,person,7.0,11.0,4.0,17,0.8714
video081,18,person,7.0,32.75,25.75,73,0.8523
video081,19,book,9.5,11.25,1.75,8,0.5731
video081,21,book,9.5,10.25,0.75,4,0.292
video081,25,book,9.75,10.0,0.25,2,0.3331
video081,32,book,10.5,10.75,0.25,2,0.305
video081,33,book,10.5,11.25,0.75,4,0.4199
video081,37,book,10.75,11.25,0.5,3,0.3512
video081,42,book,11.0,11.25,0.25,2,0.3414
video081,45,book,11.25,11.25,0.0,1,0.4439
video081,57,remote,13.5,23.75,10.25,11,0.3127
video081,59,person,14.0,14.25,0.25,2,0.4011
video081,60,book,14.0,14.25,0.25,2,0.3223
video081,64,chair,15.0,19.0,4.0,17,0.4893
video081,70,book,16.75,16.75,0.0,1,0.3101
video081,76,book,18.25,19.0,0.75,4,0.3002
video081,80,chair,19.5,23.75,4.25,18,0.521
video081,81,laptop,19.5,23.75,4.25,18,0.5431
video081,86,backpack,20.75,23.75,3.0,13,0.2845
video081,87,person,24.25,29.5,5.25,22,0.819
video081,88,book,24.25,29.5,5.25,22,0.5747
video081,89,book,24.25,29.5,5.25,22,0.3754
video081,93,book,24.25,29.5,5.25,12,0.3633
video081,96,book,24.5,28.0,3.5,15,0.3004
video081,100,book,24.75,27.5,2.75,8,0.4131
video081,101,book,24.75,26.25,1.5,7,0.3661
video081,104,book,24.75,25.75,1.0,5,0.2945
video081,141,book,27.25,29.5,2.25,10,0.3079
video081,143,book,27.5,29.5,2.0,9,0.3249
video081,146,book,27.75,28.0,0.25,2,0.326
video081,160,book,31.25,32.75,1.5,6,0.3075
video082,1,person,0.0,0.0,0.0,1,0.6635
video082,2,person,0.0,3.25,3.25,8,0.6898
video082,3,car,0.0,0.75,0.75,4,0.7759
video082,4,car,0.0,1.25,1.25,5,0.7527
video082,5,car,0.5,3.0,2.5,8,0.5917
video082,15,person,1.0,2.0,1.0,5,0.8926
video082,20,person,1.0,10.5,9.5,27,0.6883
video082,30,person,1.75,29.75,28.0,110,0.8491
video082,32,car,1.75,2.25,0.5,3,0.69
video082,48,car,2.25,7.75,5.5,3,0.4514
video082,49,car,2.25,16.25,14.0,24,0.5766
video082,51,bench,2.25,16.75,14.5,25,0.5396
video082,53,car,2.5,12.0,9.5,24,0.5793
video082,55,person,2.75,29.75,27.0,109,0.8892
video082,68,bench,4.0,13.25,9.25,20,0.5422
video082,70,car,4.25,4.75,0.5,3,0.766
video082,73,car,4.25,10.75,6.5,23,0.5287
video082,97,car,5.75,12.5,6.75,19,0.505
video082,111,bird,6.75,7.25,0.5,3,0.69
video082,125,car,8.75,17.0,8.25,32,0.6127
video082,126,bench,8.75,24.0,15.25,25,0.5294
video082,149,car,11.5,13.0,1.5,2,0.41
video082,151,car,11.5,12.25,0.75,4,0.5144
video082,166,car,12.25,15.75,3.5,8,0.4326
video082,167,car,12.5,12.5,0.0,1,0.4649
video082,169,car,12.5,12.5,0.0,1,0.4216
video082,175,person,13.0,14.75,1.75,8,0.5594
video082,176,car,13.0,15.75,2.75,2,0.4765
video082,189,car,14.75,16.25,1.5,3,0.5443
video082,198,car,15.25,16.5,1.25,4,0.509
video082,209,car,17.0,20.0,3.0,13,0.6056
video082,221,car,17.75,29.75,12.0,40,0.6009
video082,234,bench,18.75,20.25,1.5,5,0.3769
video082,245,car,19.5,24.75,5.25,6,0.4933
video082,265,car,21.0,29.5,8.5,33,0.5022
video082,270,motorcycle,21.5,26.75,5.25,17,0.6325
video082,273,car,21.5,21.5,0.0,1,0.3593
video082,276,person,21.75,26.75,5.0,18,0.5415
video082,281,car,22.75,29.75,7.0,23,0.6945
video082,283,car,22.75,23.0,0.25,2,0.4204
video082,323,person,28.0,29.0,1.0,5,0.5477
video082,326,motorcycle,28.25,29.25,1.0,5,0.5752
video083,1,person,0.0,3.0,3.0,13,0.9101
video083,2,chair,0.0,3.25,3.25,7,0.5186
video083,3,cake,0.0,1.25,1.25,6,0.5962
video083,26,person,5.25,11.5,6.25,22,0.6172
video083,28,chair,5.5,25.75,20.25,71,0.7209
video083,30,cup,5.75,7.5,1.75,4,0.338
video083,31,chair,5.75,16.5,10.75,15,0.5506
video083,40,chair,9.5,9.75,0.25,2,0.6426
video083,41,chair,9.5,9.5,0.0,1,0.4916
video083,70,person,12.0,12.25,0.25,2,0.4042
video083,79,couch,13.0,16.25,3.25,2,0.5544
video083,81,person,13.25,15.5,2.25,7,0.6156
video083,86,frisbee,13.75,18.25,4.5,4,0.6605
video083,90,microwave,14.0,19.0,5.0,12,0.5714
video083,92,person,14.5,15.0,0.5,3,0.6192
video083,98,oven,15.25,15.25,0.0,1,0.42
video083,118,bed,18.0,23.5,5.5,5,0.4929
video083,125,chair,18.75,19.0,0.25,2,0.5024
video083,137,chair,20.75,24.5,3.75,2,0.462
video083,173,tv,25.75,25.75,0.0,1,0.4265
video084,1,person,0.0,3.75,3.75,15,0.6556
video084,2,cup,0.0,1.0,1.0,5,0.7179
video084,3,person,0.0,0.0,0.0,1,0.6817
video084,8,person,1.0,4.75,3.75,5,0.746
video084,11,cup,1.5,14.75,13.25,32,0.7753
video084,16,person,2.5,9.5,7.0,5,0.742
video084,22,person,5.25,6.75,1.5,2,0.7364
video085,1,person,0.0,5.5,5.5,12,0.7314
video085,2,person,0.0,10.0,10.0,27,0.7178
video085,3,surfboard,0.0,0.0,0.0,1,0.2812
video085,16,umbrella,2.0,21.25,19.25,22,0.5937
video085,36,person,8.5,22.5,14.0,50,0.6581
video085,43,person,10.75,12.75,2.0,4,0.6155
video085,67,banana,19.25,29.75,10.5,20,0.7448
video085,76,frisbee,20.5,21.0,0.5,2,0.5621
video085,81,person,21.75,24.25,2.5,3,0.6172
video085,86,person,25.0,26.5,1.5,5,0.5681
video085,99,surfboard,28.0,29.75,1.75,6,0.7459
video085,105,boat,29.75,29.75,0.0,1,0.3461
video086,1,person,0.0,0.5,0.5,3,0.9009
video086,2,cup,0.0,0.75,0.75,2,0.5866
video086,6,person,1.25,10.75,9.5,29,0.7549
video086,9,person,2.5,2.5,0.0,1,0.8848
video086,18,person,8.75,24.0,15.25,41,0.6113
video086,24,bottle,11.25,12.75,1.5,2,0.5599
video086,36,person,18.75,32.25,13.5,31,0.6719
video086,40,person,21.5,24.75,3.25,10,0.8175
video086,49,dining table,23.5,23.75,0.25,2,0.4495
video086,59,chair,24.75,33.0,8.25,3,0.6254
video086,79,book,31.0,35.75,4.75,18,0.7518
video086,88,person,35.0,35.25,0.25,2,0.4247
video087,1,person,0.0,0.0,0.0,1,0.8133
video087,2,person,0.0,2.0,2.0,9,0.7743
video087,3,person,0.0,31.75,31.75,128,0.8066
video087,9,couch,1.25,1.5,0.25,2,0.4276
video087,20,person,3.5,7.0,3.5,15,0.7325
video087,29,refrigerator,9.5,9.5,0.0,1,0.4524
video087,40,toothbrush,31.0,31.5,0.5,2,0.5799
video088,1,person,0.0,41.5,41.5,167,0.9203
video088,12,book,16.5,16.75,0.25,2,0.51
video089,1,person,0.0,25.25,25.25,102,0.8163
video089,2,person,0.0,25.25,25.25,101,0.7307
video089,3,person,0.0,25.25,25.25,99,0.6648
video089,4,tie,0.0,0.25,0.25,2,0.3497
video089,5,tie,0.0,6.5,6.5,14,0.3882
video089,8,chair,1.25,7.75,6.5,10,0.2975
video089,21,tie,6.5,10.75,4.25,8,0.6021
video089,36,tie,10.5,12.5,2.0,5,0.4481
video089,38,tie,11.25,31.75,20.5,76,0.729
video089,48,tie,13.75,24.5,10.75,31,0.3236
video089,55,chair,14.75,31.75,17.0,41,0.6719
video089,63,tie,16.5,22.5,6.0,25,0.5238
video089,64,person,16.5,31.75,15.25,29,0.759
video089,65,person,16.75,25.25,8.5,14,0.316
video089,74,person,21.25,22.0,0.75,4,0.6581
video089,79,tie,22.0,24.75,2.75,8,0.5381
video089,84,tie,24.25,25.25,1.0,2,0.5963
video089,86,person,24.25,25.25,1.0,5,0.651
video089,98,person,25.75,31.75,6.0,25,0.758
video089,99,person,26.0,31.75,5.75,24,0.8805
video089,100,chair,26.0,26.5,0.5,3,0.4558
video089,101,tie,26.0,31.75,5.75,24,0.4394
video089,102,person,26.0,26.75,0.75,4,0.3411
video089,103,tie,26.0,31.75,5.75,24,0.3476
video089,125,chair,27.75,31.75,4.0,14,0.3511
video089,131,tie,28.25,31.75,3.5,15,0.7458
video090,1,person,0.0,10.75,10.75,41,0.8544
video090,2,potted plant,0.0,27.25,27.25,93,0.6668
video090,3,potted plant,0.0,5.75,5.75,24,0.6613
video090,4,person,0.0,3.5,3.5,13,0.5559
video090,5,person,0.0,34.5,34.5,130,0.8231
video090,6,person,0.0,9.5,9.5,33,0.7105
video090,7,person,0.5,34.5,34.0,45,0.554
video090,11,person,1.25,3.5,2.25,10,0.3207
video090,13,chair,2.0,10.25,8.25,15,0.3365
video090,16,potted plant,3.0,5.75,2.75,9,0.3173
video090,21,sports ball,4.75,4.75,0.0,1,0.5906
video090,25,person,5.5,26.75,21.25,23,0.6471
video090,27,person,5.5,16.5,11.0,37,0.5198
video090,32,person,6.75,7.5,0.75,4,0.4538
video090,46,potted plant,8.75,14.0,5.25,2,0.3528
video090,71,person,11.25,26.5,15.25,14,0.7406
video090,80,chair,11.75,25.75,14.0,22,0.7584
video090,85,potted plant,12.0,22.5,10.5,20,0.3392
video090,90,person,12.5,13.75,1.25,5,0.7497
video090,93,potted plant,12.75,29.5,16.75,33,0.5404
video090,107,potted plant,14.5,19.75,5.25,19,0.545
video090,131,dog,16.75,24.75,8.0,21,0.5197
video090,143,person,19.5,22.5,3.0,4,0.44
video090,144,person,19.75,24.25,4.5,6,0.5151
video090,146,person,20.0,22.5,2.5,11,0.8452
video090,152,potted plant,20.5,29.75,9.25,12,0.5259
video090,157,person,21.0,23.0,2.0,9,0.828
video090,161,person,21.5,21.5,0.0,1,0.3346
video090,169,potted plant,21.75,22.25,0.5,3,0.3542
video090,173,handbag,22.5,22.5,0.0,1,0.5407
video090,175,person,23.0,23.75,0.75,4,0.7227
video090,188,person,23.75,24.25,0.5,3,0.8899
video090,192,car,23.75,25.0,1.25,6,0.5652
video090,211,car,25.75,26.25,0.5,3,0.6932
video090,217,car,26.0,31.0,5.0,20,0.7584
video090,235,car,27.0,27.25,0.25,2,0.6103
video090,250,car,28.0,28.0,0.0,1,0.4186
video090,255,truck,28.5,31.0,2.5,11,0.4238
video090,256,car,28.75,29.5,0.75,4,0.6083
video090,257,car,28.75,29.75,1.0,5,0.5268
video090,260,car,29.25,31.0,1.75,7,0.6006
video090,261,car,29.25,30.5,1.25,5,0.4679
video090,263,tie,30.0,30.0,0.0,1,0.38
video090,283,truck,33.25,34.25,1.0,5,0.3234
video091,1,airplane,0.0,1.75,1.75,8,0.8141
video091,2,person,1.5,2.5,1.0,5,0.5288
video091,4,tie,1.5,1.75,0.25,2,0.5086
video091,5,person,1.5,5.25,3.75,14,0.5598
video091,11,person,2.0,2.0,0.0,1,0.4764
video091,14,person,2.0,3.25,1.25,5,0.4241
video091,17,person,2.0,29.75,27.75,54,0.712
video091,18,person,2.25,3.5,1.25,6,0.5513
video091,19,person,2.25,12.75,10.5,18,0.6846
video091,35,person,3.25,5.25,2.0,9,0.5162
video091,38,person,3.5,5.75,2.25,10,0.4969
video091,40,suitcase,3.5,3.5,0.0,1,0.5908
video091,43,person,3.75,5.75,2.0,9,0.6289
video091,46,person,4.0,5.25,1.25,3,0.61
video091,52,teddy bear,4.25,4.5,0.25,2,0.3802
video091,53,person,4.25,34.75,30.5,67,0.7072
video091,56,person,4.5,5.0,0.5,3,0.4821
video091,60,person,4.5,4.5,0.0,1,0.4969
video091,67,person,4.75,5.5,0.75,4,0.5463
video091,68,handbag,4.75,5.75,1.0,5,0.3644
video091,84,person,5.75,5.75,0.0,1,0.4222
video091,92,airplane,6.25,10.25,4.0,12,0.6163
video091,95,airplane,7.75,8.5,0.75,4,0.5969
video091,102,person,13.25,26.0,12.75,30,0.7221
video091,103,person,13.25,19.75,6.5,27,0.7436
video091,104,person,13.25,25.0,11.75,42,0.7682
video091,105,person,13.25,19.75,6.5,26,0.6001
video091,106,person,13.25,25.5,12.25,33,0.7455
video091,107,person,13.25,34.75,21.5,61,0.745
video091,108,person,13.25,27.75,14.5,20,0.6104
video091,109,suitcase,13.25,19.25,6.0,23,0.3559
video091,110,person,13.25,26.25,13.0,37,0.5561
video091,111,handbag,13.25,14.75,1.5,6,0.3488
video091,114,person,13.5,25.5,12.0,21,0.4365
video091,117,person,13.75,14.5,0.75,4,0.3649
video091,123,person,14.25,18.5,4.25,18,0.4462
video091,125,person,15.0,25.75,10.75,9,0.4313
video091,133,person,16.0,16.0,0.0,1,0.3707
video091,138,person,16.25,18.0,1.75,7,0.3643
video091,140,person,16.5,24.5,8.0,20,0.6193
video091,153,suitcase,17.75,17.75,0.0,1,0.4227
video091,154,person,17.75,29.5,11.75,15,0.5404
video091,155,person,17.75,26.0,8.25,3,0.4187
video091,162,person,18.25,19.0,0.75,3,0.4493
video091,164,handbag,18.25,18.25,0.0,1,0.3983
video091,168,handbag,18.5,19.75,1.25,5,0.5226
video091,174,person,18.75,18.75,0.0,1,0.4219
video091,180,person,19.0,26.0,7.0,13,0.6282
video091,201,tie,20.75,22.75,2.0,2,0.3395
video091,210,person,23.5,23.75,0.25,2,0.6684
video091,211,suitcase,23.5,34.75,11.25,38,0.7449
video091,238,person,24.75,26.0,1.25,3,0.5812
video091,239,person,24.75,26.75,2.0,7,0.6737
video091,249,person,25.25,26.25,1.0,5,0.5595
video091,259,person,25.75,32.0,6.25,19,0.7138
video091,263,person,25.75,25.75,0.0,1,0.5053
video091,305,person,27.75,34.75,7.0,25,0.7602
video091,311,airplane,28.0,28.75,0.75,2,0.4208
video091,313,person,28.0,34.75,6.75,17,0.731
video091,336,person,29.5,29.75,0.25,2,0.7075
video091,368,person,31.75,34.75,3.0,13,0.7816
video091,374,person,32.75,34.5,1.75,6,0.5078
video091,376,person,33.5,34.75,1.25,2,0.4124
video091,379,person,34.0,34.75,0.75,4,0.4481
video091,381,person,34.25,34.5,0.25,2,0.4501
video091,384,person,34.75,34.75,0.0,1,0.5338
video091,385,person,34.75,34.75,0.0,1,0.3785
video092,1,person,0.0,20.25,20.25,71,0.7737
video092,2,person,0.0,20.25,20.25,58,0.8438
video092,3,person,0.0,23.0,23.0,77,0.6951
video092,4,person,0.0,2.5,2.5,6,0.4796
video092,5,person,0.0,29.75,29.75,99,0.6384
video092,11,person,4.75,21.5,16.75,42,0.6477
video092,12,chair,5.5,8.25,2.75,12,0.3514
video092,19,person,12.5,29.75,17.25,52,0.8925
video092,26,person,15.25,21.5,6.25,13,0.5049
video092,38,person,19.5,21.5,2.0,9,0.5725
video092,40,person,20.0,20.0,0.0,1,0.4288
video092,41,person,20.75,20.75,0.0,1,0.8409
video092,42,person,20.75,21.5,0.75,4,0.4016
video092,43,chair,20.75,29.75,9.0,35,0.7599
video092,50,person,21.25,21.5,0.25,2,0.4643
video092,54,person,21.5,21.5,0.0,1,0.4599
video092,56,chair,21.5,29.75,8.25,24,0.4694
video092,77,chair,27.25,27.5,0.25,2,0.3569
video093,1,person,0.0,19.0,19.0,61,0.7998
video093,2,person,0.0,13.25,13.25,13,0.4871
video093,3,cell phone,0.0,0.0,0.0,1,0.2585
video093,8,car,2.0,3.0,1.0,4,0.3373
video093,11,car,3.0,7.25,4.25,12,0.4288
video093,42,refrigerator,10.0,27.75,17.75,36,0.7849
video093,70,bottle,12.0,13.25,1.25,6,0.5251
video093,78,bottle,12.5,13.5,1.0,3,0.5224
video093,84,bottle,13.0,13.25,0.25,2,0.4823
video093,123,person,16.5,16.5,0.0,1,0.7271
video093,124,bottle,16.5,25.75,9.25,11,0.4777
video093,129,bottle,16.5,26.75,10.25,5,0.4903
video093,132,bottle,16.75,17.0,0.25,2,0.4831
video093,137,bottle,17.0,25.0,8.0,3,0.4309
video093,173,refrigerator,18.5,27.5,9.0,23,0.7414
video093,195,banana,19.75,29.75,10.0,10,0.7431
video093,196,bottle,19.75,26.75,7.0,6,0.4727
video093,208,banana,21.0,23.5,2.5,10,0.6259
video093,254,bottle,22.5,22.5,0.0,1,0.3913
video093,295,banana,24.25,24.5,0.25,2,0.7569
video093,299,bottle,24.5,24.75,0.25,2,0.4685
video093,310,refrigerator,25.25,28.0,2.75,4,0.4924
video093,320,bottle,25.5,26.0,0.5,3,0.4349
video093,321,bottle,25.75,27.0,1.25,3,0.4641
video093,322,bottle,25.75,25.75,0.0,1,0.6081
video093,375,car,29.25,29.75,0.5,3,0.3398
video094,1,person,0.0,29.75,29.75,119,0.8289
video094,2,person,0.0,9.0,9.0,18,0.5981
video094,3,person,0.0,3.5,3.5,15,0.5349
video094,4,person,0.0,14.0,14.0,52,0.6977
video094,5,person,0.0,29.75,29.75,112,0.6698
video094,6,person,0.0,3.5,3.5,15,0.4258
video094,7,person,0.0,1.25,1.25,3,0.392
video094,8,person,0.0,1.75,1.75,7,0.637
video094,9,person,0.0,3.5,3.5,5,0.3472
video094,10,person,0.0,0.0,0.0,1,0.308
video094,11,person,0.0,0.0,0.0,1,0.2582
video094,16,person,1.0,1.5,0.5,2,0.3446
video094,21,person,2.25,27.0,24.75,56,0.4331
video094,27,person,2.75,29.75,27.0,70,0.5693
video094,30,person,4.0,29.75,25.75,98,0.7394
video094,31,person,4.0,8.5,4.5,19,0.7947
video094,48,person,5.25,9.0,3.75,13,0.5577
video094,59,person,6.5,8.0,1.5,2,0.3175
video094,63,person,7.0,7.75,0.75,4,0.3821
video094,64,person,7.5,8.25,0.75,4,0.6833
video094,71,person,8.0,29.75,21.75,83,0.4754
video094,84,person,9.0,27.25,18.25,37,0.5151
video094,92,person,9.5,14.5,5.0,21,0.4864
video094,98,person,9.75,29.75,20.0,81,0.5351
video094,100,person,10.0,12.0,2.0,8,0.3211
video094,104,person,10.75,11.0,0.25,2,0.3656
video094,113,person,12.0,12.0,0.0,1,0.4327
video094,119,person,13.75,29.75,16.0,65,0.6124
video094,122,person,13.75,21.5,7.75,30,0.378
video094,123,person,14.0,29.75,15.75,64,0.4787
video094,140,person,22.5,23.75,1.25,6,0.4332
video094,141,horse,22.75,22.75,0.0,1,0.3355
video094,162,person,27.25,27.25,0.0,1,0.3134
video094,166,person,27.75,29.75,2.0,9,0.4433
video094,168,person,28.25,29.75,1.5,6,0.3384
video095,1,person,0.0,1.5,1.5,7,0.7418
video095,2,person,0.0,30.75,30.75,119,0.7188
video095,3,person,0.0,0.25,0.25,2,0.3994
video095,4,person,0.0,15.25,15.25,36,0.3663
video095,5,person,0.0,0.5,0.5,3,0.4207
video095,6,tie,0.0,0.0,0.0,1,0.2575
video095,16,person,0.75,15.0,14.25,33,0.4146
video095,17,person,1.0,1.0,0.0,1,0.4562
video095,27,person,1.5,2.25,0.75,2,0.3371
video095,28,person,1.5,7.75,6.25,24,0.4355
video095,29,person,1.5,15.25,13.75,50,0.4525
video095,36,person,2.0,4.5,2.5,3,0.4153
video095,44,person,2.75,15.25,12.5,46,0.4904
video095,45,person,3.0,14.0,11.0,36,0.4583
video095,48,person,3.75,12.75,9.0,5,0.3673
video095,60,person,7.0,7.0,0.0,1,0.3079
video095,66,person,9.5,12.0,2.5,11,0.5146
video095,78,person,10.75,15.0,4.25,11,0.4262
video095,110,person,13.5,13.75,0.25,2,0.4194
video095,130,person,14.5,26.25,11.75,29,0.5072
video095,134,person,14.75,28.75,14.0,40,0.8299
video095,144,person,15.25,15.25,0.0,1,0.3288
video095,148,person,15.75,30.75,15.0,61,0.7934
video095,150,chair,15.75,24.25,8.5,31,0.4112
video095,159,chair,18.75,18.75,0.0,1,0.3733
video095,174,tie,22.5,26.5,4.0,8,0.501
video095,177,tie,23.25,28.75,5.5,10,0.6564
video095,179,dining table,23.5,23.75,0.25,2,0.2969
video095,194,tie,29.25,30.0,0.75,4,0.4631
video095,197,chair,29.75,30.5,0.75,4,0.3445
video095,200,bottle,30.25,30.75,0.5,3,0.3762
video096,1,horse,0.0,0.0,0.0,1,0.4666
video096,2,dog,0.0,5.5,5.5,21,0.6609
video096,9,dog,5.25,21.25,16.0,46,0.699
video096,17,cow,12.0,14.75,2.75,12,0.4082
video096,19,dog,13.75,13.75,0.0,1,0.3974
video096,20,dog,15.25,21.5,6.25,13,0.6913
video096,32,cow,22.0,22.5,0.5,2,0.5302
video096,39,bear,24.5,27.25,2.75,2,0.5427
video096,42,cow,28.0,31.5,3.5,12,0.5209
video096,44,cow,31.25,34.75,3.5,14,0.6556
video097,1,person,0.0,22.75,22.75,85,0.8338
video097,2,person,0.0,0.25,0.25,2,0.7663
video097,3,person,0.0,19.0,19.0,44,0.7851
video097,18,person,1.75,22.25,20.5,81,0.76
video097,36,person,2.75,7.0,4.25,16,0.7828
video097,42,person,3.25,7.0,3.75,11,0.7727
video097,61,person,4.75,4.75,0.0,1,0.6655
video097,78,person,6.25,6.75,0.5,2,0.6342
video097,85,person,7.5,10.5,3.0,13,0.7003
video097,87,person,7.75,9.5,1.75,8,0.6018
video097,89,person,8.5,21.75,13.25,32,0.6049
video097,106,person,10.25,10.5,0.25,2,0.5253
video097,108,chair,10.25,11.0,0.75,3,0.5531
video097,125,chair,11.75,13.0,1.25,4,0.3699
video097,138,bench,14.0,16.5,2.5,4,0.4066
video097,140,person,14.25,15.0,0.75,4,0.4964
video097,151,bench,15.0,15.25,0.25,2,0.4086
video097,155,person,15.5,21.0,5.5,23,0.6783
video097,159,person,15.75,17.75,2.0,7,0.6277
video097,163,chair,17.0,18.75,1.75,8,0.4643
video097,168,chair,18.5,19.0,0.5,2,0.6118
video097,182,person,21.5,29.75,8.25,10,0.5549
video097,188,person,23.5,29.0,5.5,15,0.5934
video097,196,person,25.75,29.75,4.0,16,0.587
video097,199,person,26.25,29.75,3.5,13,0.7294
video097,203,person,27.25,27.5,0.25,2,0.5858
video097,206,person,27.75,29.75,2.0,9,0.5753
video097,213,chair,29.25,29.25,0.0,1,0.6179
video098,1,person,0.0,40.25,40.25,157,0.8156
video098,2,person,0.0,40.75,40.75,155,0.7424
video098,3,bottle,0.0,40.75,40.75,164,0.4873
video098,28,dining table,21.0,40.75,19.75,64,0.3863
video098,32,person,21.75,23.0,1.25,3,0.4069
video098,47,person,33.75,40.75,7.0,14,0.5249
video099,1,frisbee,0.0,0.0,0.0,1,0.8044
video099,2,person,0.0,0.0,0.0,1,0.769
video099,3,person,0.0,0.0,0.0,1,0.345
video099,4,person,0.0,0.25,0.25,2,0.4421
video099,5,kite,0.0,0.0,0.0,1,0.2726
video099,6,person,0.0,0.0,0.0,1,0.2671
video099,22,person,13.75,15.25,1.5,4,0.7327
video099,32,person,15.75,26.75,11.0,35,0.762
video099,33,surfboard,16.5,16.5,0.0,1,0.6056
video099,49,person,24.25,31.25,7.0,13,0.757
video100,1,clock,2.0,2.5,0.5,3,0.6378
video100,2,person,3.25,8.5,5.25,11,0.6982
video100,7,person,8.0,17.5,9.5,20,0.6852
video100,14,person,10.0,14.5,4.5,14,0.7869
video100,22,bottle,12.0,12.75,0.75,3,0.5648
video100,40,person,16.0,17.75,1.75,8,0.662
video100,45,book,17.0,25.0,8.0,31,0.7603
video100,53,bottle,22.75,23.25,0.5,3,0.42
video100,54,cake,23.0,23.25,0.25,2,0.4974
video100,70,dining table,24.5,28.0,3.5,6,0.4165
video100,79,person,25.5,35.5,10.0,36,0.6984
video100,84,cup,27.25,27.25,0.0,1,0.5227
video100,87,person,28.0,30.0,2.0,3,0.3843
video100,91,person,30.25,30.25,0.0,1,0.531
